{
  "type": "FeatureCollection",
  "generator": "overpass-turbo",
  "copyright": "The data included in this document is from www.openstreetmap.org. The data is made available under ODbL.",
  "timestamp": "2026-08-17T11:17:06Z",
  "features": [
    {
      "type": "Feature",
      "properties": {
        "@id": "way/111215278",
        "access": "private",
        "highway": "service"
      },
      "geometry": {
        "type": "LineString",
        "coordinates": [
          [
            77.115779,
            28.7549591
          ],
          [
            77.113457,
            28.7526839
          ],
          [
            77.1134124,
            28.7526366
          ],
          [
            77.1123123,
            28.7514264
          ],
          [
            77.1123079,
            28.7514142
          ],
          [
            77.112309,
            28.7514021
          ],
          [
            77.1123116,
            28.7513908
          ],
          [
            77.1123178,
            28.7513803
          ],
          [
            77.1135744,
            28.7504323
          ],
          [
            77.1137799,
            28.7502797
          ],
          [
            77.1137951,
            28.7502636
          ]
        ]
      },
      "id": "way/111215278"
    },
    {
      "type": "Feature",
      "properties": {
        "@id": "way/111215279",
        "access": "private",
        "highway": "service"
      },
      "geometry": {
        "type": "LineString",
        "coordinates": [
          [
            77.1186112,
            28.7519842
          ],
          [
            77.1189333,
            28.7517329
          ],
          [
            77.1190909,
            28.7515941
          ],
          [
            77.1192893,
            28.7514066
          ],
          [
            77.1194704,
            28.751182
          ],
          [
            77.1196082,
            28.7509696
          ],
          [
            77.1196355,
            28.7509181
          ],
          [
            77.1196689,
            28.7508551
          ],
          [
            77.119697,
            28.7508022
          ],
          [
            77.1197635,
            28.7506358
          ],
          [
            77.1197923,
            28.7504859
          ],
          [
            77.1198352,
            28.7501132
          ],
          [
            77.1198345,
            28.7499739
          ],
          [
            77.1198218,
            28.7498557
          ],
          [
            77.1197809,
            28.7496794
          ],
          [
            77.1197306,
            28.7495189
          ],
          [
            77.1196803,
            28.749369
          ],
          [
            77.1196467,
            28.7492855
          ],
          [
            77.1196027,
            28.7492112
          ],
          [
            77.1195596,
            28.7491385
          ],
          [
            77.1194845,
            28.7490186
          ],
          [
            77.1193711,
            28.7488692
          ],
          [
            77.1191851,
            28.7487248
          ],
          [
            77.11905,
            28.74862
          ],
          [
            77.1183746,
            28.7482364
          ],
          [
            77.1181951,
            28.7481735
          ],
          [
            77.1175483,
            28.7480204
          ],
          [
            77.1175184,
            28.7480133
          ],
          [
            77.1174873,
            28.7480093
          ],
          [
            77.1174449,
            28.7480077
          ],
          [
            77.1173186,
            28.7480121
          ],
          [
            77.1171704,
            28.7480297
          ],
          [
            77.1167491,
            28.7481539
          ],
          [
            77.1164068,
            28.7482548
          ],
          [
            77.116109,
            28.7483819
          ]
        ]
      },
      "id": "way/111215279"
    },
    {
      "type": "Feature",
      "properties": {
        "@id": "way/111215285",
        "access": "private",
        "highway": "service"
      },
      "geometry": {
        "type": "LineString",
        "coordinates": [
          [
            77.1169855,
            28.7507816
          ],
          [
            77.1175905,
            28.7513964
          ],
          [
            77.1181109,
            28.7519606
          ]
        ]
      },
      "id": "way/111215285"
    },
    {
      "type": "Feature",
      "properties": {
        "@id": "way/111287131",
        "highway": "residential",
        "surface": "asphalt"
      },
      "geometry": {
        "type": "LineString",
        "coordinates": [
          [
            77.1088986,
            28.7394393
          ],
          [
            77.1089736,
            28.7394572
          ],
          [
            77.1090399,
            28.7394725
          ],
          [
            77.1093241,
            28.7395227
          ],
          [
            77.1100904,
            28.7395763
          ],
          [
            77.1108148,
            28.7396381
          ],
          [
            77.1109125,
            28.7396503
          ],
          [
            77.1110221,
            28.7396885
          ],
          [
            77.111085,
            28.7397397
          ],
          [
            77.1111186,
            28.7398251
          ],
          [
            77.1112508,
            28.7403591
          ],
          [
            77.1113419,
            28.7409143
          ],
          [
            77.1114296,
            28.7413036
          ],
          [
            77.1117902,
            28.7428461
          ],
          [
            77.1123334,
            28.7438212
          ],
          [
            77.1123394,
            28.743849
          ],
          [
            77.1125126,
            28.7440985
          ],
          [
            77.1127796,
            28.7445731
          ],
          [
            77.1129039,
            28.7447942
          ],
          [
            77.1129871,
            28.7450374
          ]
        ]
      },
      "id": "way/111287131"
    },
    {
      "type": "Feature",
      "properties": {
        "@id": "way/172290123",
        "highway": "residential",
        "lanes": "2",
        "name": "Western Yamuna Canal Link Road",
        "surface": "asphalt"
      },
      "geometry": {
        "type": "LineString",
        "coordinates": [
          [
            77.1259996,
            28.7477863
          ],
          [
            77.1257378,
            28.7480511
          ],
          [
            77.1246936,
            28.7488969
          ],
          [
            77.1225718,
            28.7505434
          ],
          [
            77.1201242,
            28.7524987
          ],
          [
            77.1179814,
            28.7541505
          ],
          [
            77.1160745,
            28.7556203
          ],
          [
            77.115928,
            28.7557332
          ],
          [
            77.1134886,
            28.7576419
          ],
          [
            77.1113138,
            28.7592772
          ],
          [
            77.1108417,
            28.7597046
          ],
          [
            77.1096385,
            28.7608629
          ],
          [
            77.1077389,
            28.7627123
          ],
          [
            77.1067966,
            28.7636357
          ],
          [
            77.1062159,
            28.764169
          ],
          [
            77.1051741,
            28.765181
          ],
          [
            77.1047303,
            28.7655656
          ],
          [
            77.1042661,
            28.7659412
          ],
          [
            77.1038504,
            28.7662449
          ],
          [
            77.1031628,
            28.7667374
          ],
          [
            77.1025445,
            28.7671535
          ],
          [
            77.102034,
            28.7674683
          ],
          [
            77.1010231,
            28.7680058
          ],
          [
            77.0996351,
            28.768694
          ],
          [
            77.0967725,
            28.7701678
          ],
          [
            77.095912,
            28.7706106
          ],
          [
            77.0942608,
            28.7714139
          ],
          [
            77.092965,
            28.7720737
          ],
          [
            77.0916672,
            28.7727318
          ],
          [
            77.0909424,
            28.7731125
          ]
        ]
      },
      "id": "way/172290123"
    },
    {
      "type": "Feature",
      "properties": {
        "@id": "way/297398750",
        "highway": "residential",
        "oneway": "no",
        "surface": "unpaved"
      },
      "geometry": {
        "type": "LineString",
        "coordinates": [
          [
            77.0998339,
            28.7457392
          ],
          [
            77.0998534,
            28.7458201
          ],
          [
            77.1005396,
            28.7474051
          ],
          [
            77.1007823,
            28.7479614
          ],
          [
            77.1009066,
            28.7482464
          ],
          [
            77.1010774,
            28.7486599
          ],
          [
            77.1011433,
            28.7488129
          ],
          [
            77.1012043,
            28.7489264
          ],
          [
            77.1014713,
            28.7493556
          ],
          [
            77.1018361,
            28.7500214
          ],
          [
            77.1018715,
            28.7500775
          ],
          [
            77.1019152,
            28.7501113
          ],
          [
            77.1019739,
            28.7501337
          ],
          [
            77.1027651,
            28.7501271
          ],
          [
            77.1040723,
            28.7501164
          ],
          [
            77.1041197,
            28.750109
          ],
          [
            77.1051654,
            28.7496607
          ],
          [
            77.105511,
            28.7495197
          ],
          [
            77.1056329,
            28.7494905
          ],
          [
            77.1059033,
            28.7494456
          ],
          [
            77.1062394,
            28.7494465
          ],
          [
            77.1065279,
            28.7494588
          ],
          [
            77.1067562,
            28.7494661
          ],
          [
            77.1070485,
            28.7494755
          ],
          [
            77.1073699,
            28.7494763
          ],
          [
            77.1074928,
            28.7494766
          ],
          [
            77.1079195,
            28.749498
          ],
          [
            77.1083019,
            28.749498
          ],
          [
            77.108889,
            28.7494805
          ],
          [
            77.1092461,
            28.7494698
          ],
          [
            77.1092933,
            28.7494692
          ],
          [
            77.1098886,
            28.7494521
          ],
          [
            77.110276,
            28.7494415
          ],
          [
            77.1106172,
            28.7494249
          ],
          [
            77.1106896,
            28.7494124
          ],
          [
            77.1111773,
            28.7493193
          ],
          [
            77.1113576,
            28.7492866
          ],
          [
            77.111692,
            28.7492259
          ],
          [
            77.1118482,
            28.7491942
          ],
          [
            77.1122962,
            28.7491043
          ],
          [
            77.1124326,
            28.7490755
          ],
          [
            77.1127217,
            28.7490272
          ],
          [
            77.1132993,
            28.7489123
          ],
          [
            77.1134914,
            28.7488816
          ],
          [
            77.1136961,
            28.7488646
          ],
          [
            77.1138903,
            28.7488675
          ],
          [
            77.1148668,
            28.7488819
          ],
          [
            77.1149918,
            28.7488838
          ],
          [
            77.1150256,
            28.748878
          ],
          [
            77.1150556,
            28.7488619
          ],
          [
            77.1150835,
            28.7488327
          ],
          [
            77.115303,
            28.7479609
          ],
          [
            77.1155006,
            28.7471761
          ],
          [
            77.1157074,
            28.7463548
          ],
          [
            77.1159085,
            28.7453494
          ]
        ]
      },
      "id": "way/297398750"
    },
    {
      "type": "Feature",
      "properties": {
        "@id": "way/297398804",
        "highway": "service"
      },
      "geometry": {
        "type": "LineString",
        "coordinates": [
          [
            77.1106172,
            28.7494249
          ],
          [
            77.1107629,
            28.7498472
          ],
          [
            77.1107753,
            28.7498639
          ],
          [
            77.1107923,
            28.7498769
          ],
          [
            77.1108151,
            28.7498852
          ],
          [
            77.1121687,
            28.7498746
          ],
          [
            77.1121791,
            28.7498697
          ],
          [
            77.1121888,
            28.7498591
          ],
          [
            77.1121925,
            28.7498475
          ],
          [
            77.1121927,
            28.7498351
          ],
          [
            77.1121149,
            28.7495297
          ],
          [
            77.1121109,
            28.7495146
          ],
          [
            77.1121058,
            28.7495045
          ],
          [
            77.1120951,
            28.7494991
          ],
          [
            77.1119426,
            28.7494852
          ],
          [
            77.1119176,
            28.7494733
          ],
          [
            77.1119001,
            28.7494473
          ],
          [
            77.111891,
            28.7494187
          ],
          [
            77.1118482,
            28.7491942
          ]
        ]
      },
      "id": "way/297398804"
    },
    {
      "type": "Feature",
      "properties": {
        "@id": "way/297400283",
        "highway": "service"
      },
      "geometry": {
        "type": "LineString",
        "coordinates": [
          [
            77.1104523,
            28.7488674
          ],
          [
            77.1110415,
            28.7487396
          ],
          [
            77.1112135,
            28.7487108
          ],
          [
            77.1114606,
            28.7486694
          ],
          [
            77.1115167,
            28.7486602
          ],
          [
            77.1119535,
            28.7485884
          ],
          [
            77.1123954,
            28.7485485
          ],
          [
            77.1124403,
            28.7485451
          ],
          [
            77.1129443,
            28.7485343
          ],
          [
            77.1129681,
            28.7485318
          ],
          [
            77.1129843,
            28.7485214
          ],
          [
            77.1129926,
            28.7485035
          ]
        ]
      },
      "id": "way/297400283"
    },
    {
      "type": "Feature",
      "properties": {
        "@id": "way/297400486",
        "highway": "residential"
      },
      "geometry": {
        "type": "LineString",
        "coordinates": [
          [
            77.1145539,
            28.7448754
          ],
          [
            77.1145474,
            28.7449014
          ],
          [
            77.1145494,
            28.7449306
          ],
          [
            77.1145835,
            28.7450597
          ],
          [
            77.1147142,
            28.7454484
          ],
          [
            77.1147111,
            28.7454665
          ],
          [
            77.1146999,
            28.745482
          ],
          [
            77.1145561,
            28.745601
          ],
          [
            77.1145413,
            28.7456198
          ],
          [
            77.1145402,
            28.7456348
          ],
          [
            77.1145529,
            28.7457577
          ]
        ]
      },
      "id": "way/297400486"
    },
    {
      "type": "Feature",
      "properties": {
        "@id": "way/297400510",
        "highway": "residential"
      },
      "geometry": {
        "type": "LineString",
        "coordinates": [
          [
            77.1156673,
            28.745314
          ],
          [
            77.1156218,
            28.7453494
          ],
          [
            77.1155483,
            28.7453898
          ],
          [
            77.1154561,
            28.7454345
          ],
          [
            77.1151679,
            28.7455454
          ],
          [
            77.1147679,
            28.7457307
          ],
          [
            77.1146866,
            28.7457539
          ],
          [
            77.1146045,
            28.7457615
          ],
          [
            77.1145529,
            28.7457577
          ],
          [
            77.1143698,
            28.7457444
          ],
          [
            77.1140812,
            28.7457444
          ],
          [
            77.1140346,
            28.7458681
          ],
          [
            77.1139658,
            28.7460567
          ],
          [
            77.1139467,
            28.7461306
          ],
          [
            77.113948,
            28.746195
          ],
          [
            77.1139355,
            28.7462637
          ],
          [
            77.1138707,
            28.7464644
          ],
          [
            77.1138557,
            28.746511
          ],
          [
            77.1137918,
            28.7467471
          ]
        ]
      },
      "id": "way/297400510"
    },
    {
      "type": "Feature",
      "properties": {
        "@id": "way/297400643",
        "highway": "residential"
      },
      "geometry": {
        "type": "LineString",
        "coordinates": [
          [
            77.1121053,
            28.7452296
          ],
          [
            77.1122811,
            28.7455229
          ],
          [
            77.1123059,
            28.7455687
          ],
          [
            77.1123235,
            28.7456264
          ],
          [
            77.1123592,
            28.7461338
          ],
          [
            77.1123537,
            28.7465508
          ],
          [
            77.1123604,
            28.7466443
          ],
          [
            77.1123761,
            28.7467442
          ],
          [
            77.1124454,
            28.7469578
          ],
          [
            77.1124735,
            28.7470282
          ],
          [
            77.1125113,
            28.7470828
          ],
          [
            77.1125563,
            28.7471295
          ],
          [
            77.1126277,
            28.7471859
          ],
          [
            77.1128746,
            28.7473168
          ],
          [
            77.1129103,
            28.7472628
          ],
          [
            77.1129774,
            28.7471358
          ],
          [
            77.1129959,
            28.7470904
          ],
          [
            77.1130694,
            28.7467989
          ],
          [
            77.1133013,
            28.7460399
          ],
          [
            77.1133274,
            28.7459563
          ],
          [
            77.1133332,
            28.7459378
          ],
          [
            77.1133711,
            28.745848
          ],
          [
            77.1134022,
            28.74578
          ],
          [
            77.1134172,
            28.7457163
          ],
          [
            77.1134446,
            28.7455083
          ],
          [
            77.1134358,
            28.745467
          ],
          [
            77.1134131,
            28.7454316
          ],
          [
            77.1133738,
            28.7453915
          ],
          [
            77.1132017,
            28.7453232
          ],
          [
            77.1131808,
            28.7453107
          ],
          [
            77.1131688,
            28.7452877
          ],
          [
            77.1130643,
            28.74502
          ]
        ]
      },
      "id": "way/297400643"
    },
    {
      "type": "Feature",
      "properties": {
        "@id": "way/297400673",
        "highway": "residential"
      },
      "geometry": {
        "type": "LineString",
        "coordinates": [
          [
            77.1140253,
            28.7478252
          ],
          [
            77.1140627,
            28.747492
          ],
          [
            77.1141185,
            28.7469957
          ],
          [
            77.1141425,
            28.7468186
          ],
          [
            77.1141799,
            28.7466066
          ],
          [
            77.1141966,
            28.7465525
          ],
          [
            77.1142221,
            28.7464906
          ],
          [
            77.114321,
            28.7463396
          ],
          [
            77.1147027,
            28.7457953
          ]
        ]
      },
      "id": "way/297400673"
    },
    {
      "type": "Feature",
      "properties": {
        "@id": "way/297400779",
        "access": "private",
        "highway": "service"
      },
      "geometry": {
        "type": "LineString",
        "coordinates": [
          [
            77.1171465,
            28.7462498
          ],
          [
            77.1162171,
            28.7464677
          ],
          [
            77.116192,
            28.7464755
          ],
          [
            77.116171,
            28.7464901
          ],
          [
            77.116162,
            28.7465061
          ],
          [
            77.116028,
            28.746852
          ],
          [
            77.1159023,
            28.7474558
          ],
          [
            77.1158506,
            28.748061
          ]
        ]
      },
      "id": "way/297400779"
    },
    {
      "type": "Feature",
      "properties": {
        "@id": "way/297400806",
        "access": "private",
        "highway": "service"
      },
      "geometry": {
        "type": "LineString",
        "coordinates": [
          [
            77.1174873,
            28.7480093
          ],
          [
            77.117461,
            28.7473344
          ],
          [
            77.1174436,
            28.7466822
          ],
          [
            77.1174432,
            28.7466009
          ],
          [
            77.1172786,
            28.7462998
          ]
        ]
      },
      "id": "way/297400806"
    },
    {
      "type": "Feature",
      "properties": {
        "@id": "way/297400847",
        "access": "private",
        "highway": "service"
      },
      "geometry": {
        "type": "LineString",
        "coordinates": [
          [
            77.1183746,
            28.7482364
          ],
          [
            77.1186291,
            28.7478461
          ],
          [
            77.1187516,
            28.7476779
          ],
          [
            77.1188513,
            28.747612
          ],
          [
            77.1189246,
            28.7475418
          ],
          [
            77.1192421,
            28.7472782
          ],
          [
            77.1194717,
            28.7471011
          ],
          [
            77.119806,
            28.7468473
          ],
          [
            77.119812,
            28.7468445
          ],
          [
            77.1198185,
            28.7468454
          ],
          [
            77.1198232,
            28.7468486
          ],
          [
            77.1206835,
            28.7476684
          ],
          [
            77.1216802,
            28.748629
          ],
          [
            77.1217682,
            28.7487138
          ],
          [
            77.1226931,
            28.7496053
          ],
          [
            77.1207136,
            28.7511326
          ],
          [
            77.1202895,
            28.7514586
          ],
          [
            77.1202254,
            28.7515078
          ],
          [
            77.1187554,
            28.7526376
          ]
        ]
      },
      "id": "way/297400847"
    },
    {
      "type": "Feature",
      "properties": {
        "@id": "way/297400875",
        "access": "private",
        "highway": "service",
        "name": "Mall Rd"
      },
      "geometry": {
        "type": "LineString",
        "coordinates": [
          [
            77.1174432,
            28.7466009
          ],
          [
            77.1176495,
            28.7467397
          ],
          [
            77.1178182,
            28.7468526
          ],
          [
            77.1187516,
            28.7476779
          ]
        ]
      },
      "id": "way/297400875"
    },
    {
      "type": "Feature",
      "properties": {
        "@id": "way/297400918",
        "access": "private",
        "highway": "service"
      },
      "geometry": {
        "type": "LineString",
        "coordinates": [
          [
            77.1152608,
            28.7513346
          ],
          [
            77.1175905,
            28.7513964
          ]
        ]
      },
      "id": "way/297400918"
    },
    {
      "type": "Feature",
      "properties": {
        "@id": "way/297402941",
        "highway": "residential"
      },
      "geometry": {
        "type": "LineString",
        "coordinates": [
          [
            77.1145539,
            28.7448754
          ],
          [
            77.1148111,
            28.7446521
          ],
          [
            77.1149285,
            28.7445502
          ],
          [
            77.1151444,
            28.7443627
          ],
          [
            77.1152017,
            28.7443129
          ],
          [
            77.1155099,
            28.7440877
          ],
          [
            77.1158639,
            28.7438145
          ],
          [
            77.1161757,
            28.7435566
          ],
          [
            77.1162311,
            28.7435306
          ],
          [
            77.1163197,
            28.7435314
          ],
          [
            77.1163735,
            28.7435569
          ],
          [
            77.1166233,
            28.7437574
          ]
        ]
      },
      "id": "way/297402941"
    },
    {
      "type": "Feature",
      "properties": {
        "@id": "way/300016774",
        "access": "private",
        "highway": "service"
      },
      "geometry": {
        "type": "LineString",
        "coordinates": [
          [
            77.117162,
            28.7462743
          ],
          [
            77.1171856,
            28.7462931
          ],
          [
            77.1172148,
            28.7463044
          ],
          [
            77.1172467,
            28.7463068
          ],
          [
            77.1172786,
            28.7462998
          ],
          [
            77.1173062,
            28.746284
          ],
          [
            77.1173262,
            28.7462611
          ],
          [
            77.1173366,
            28.7462336
          ],
          [
            77.117336,
            28.7462048
          ],
          [
            77.1173246,
            28.7461777
          ],
          [
            77.1173036,
            28.7461554
          ],
          [
            77.1172754,
            28.7461404
          ],
          [
            77.1172432,
            28.7461344
          ],
          [
            77.1172115,
            28.7461379
          ],
          [
            77.1171827,
            28.74615
          ],
          [
            77.1171599,
            28.7461696
          ],
          [
            77.1171454,
            28.7461945
          ],
          [
            77.1171407,
            28.7462222
          ],
          [
            77.1171465,
            28.7462498
          ],
          [
            77.117162,
            28.7462743
          ]
        ]
      },
      "id": "way/300016774"
    },
    {
      "type": "Feature",
      "properties": {
        "@id": "way/423128424",
        "highway": "residential"
      },
      "geometry": {
        "type": "LineString",
        "coordinates": [
          [
            77.1108967,
            28.7435296
          ],
          [
            77.1111247,
            28.7439274
          ],
          [
            77.1113269,
            28.7442801
          ],
          [
            77.1114095,
            28.7444243
          ],
          [
            77.1116368,
            28.7448207
          ],
          [
            77.1118841,
            28.7452522
          ]
        ]
      },
      "id": "way/423128424"
    },
    {
      "type": "Feature",
      "properties": {
        "@id": "way/423284229",
        "highway": "residential"
      },
      "geometry": {
        "type": "LineString",
        "coordinates": [
          [
            77.1147949,
            28.7464983
          ],
          [
            77.1152464,
            28.7465991
          ]
        ]
      },
      "id": "way/423284229"
    },
    {
      "type": "Feature",
      "properties": {
        "@id": "way/423284231",
        "highway": "residential"
      },
      "geometry": {
        "type": "LineString",
        "coordinates": [
          [
            77.1122811,
            28.7455229
          ],
          [
            77.1118467,
            28.7456855
          ]
        ]
      },
      "id": "way/423284231"
    },
    {
      "type": "Feature",
      "properties": {
        "@id": "way/423284238",
        "highway": "residential"
      },
      "geometry": {
        "type": "LineString",
        "coordinates": [
          [
            77.1148455,
            28.7459012
          ],
          [
            77.1143706,
            28.7466217
          ]
        ]
      },
      "id": "way/423284238"
    },
    {
      "type": "Feature",
      "properties": {
        "@id": "way/423284274",
        "highway": "residential"
      },
      "geometry": {
        "type": "LineString",
        "coordinates": [
          [
            77.1125491,
            28.7451459
          ],
          [
            77.1126938,
            28.7454951
          ],
          [
            77.112733,
            28.7455896
          ],
          [
            77.1127433,
            28.7456099
          ],
          [
            77.1127543,
            28.7456195
          ],
          [
            77.1127723,
            28.7456261
          ],
          [
            77.112791,
            28.7456373
          ],
          [
            77.1128062,
            28.7456505
          ],
          [
            77.1129508,
            28.7458426
          ],
          [
            77.1129795,
            28.7458623
          ],
          [
            77.1130133,
            28.745876
          ],
          [
            77.1131648,
            28.7459092
          ],
          [
            77.1132661,
            28.7459366
          ],
          [
            77.1133274,
            28.7459563
          ]
        ]
      },
      "id": "way/423284274"
    },
    {
      "type": "Feature",
      "properties": {
        "@id": "way/423284279",
        "highway": "residential"
      },
      "geometry": {
        "type": "LineString",
        "coordinates": [
          [
            77.1151289,
            28.7460492
          ],
          [
            77.1149942,
            28.7462303
          ],
          [
            77.1147949,
            28.7464983
          ],
          [
            77.1146255,
            28.7467261
          ]
        ]
      },
      "id": "way/423284279"
    },
    {
      "type": "Feature",
      "properties": {
        "@id": "way/423284283",
        "highway": "residential"
      },
      "geometry": {
        "type": "LineString",
        "coordinates": [
          [
            77.1141185,
            28.7469957
          ],
          [
            77.1148709,
            28.7471198
          ],
          [
            77.1155006,
            28.7471761
          ]
        ]
      },
      "id": "way/423284283"
    },
    {
      "type": "Feature",
      "properties": {
        "@id": "way/423284291",
        "highway": "residential"
      },
      "geometry": {
        "type": "LineString",
        "coordinates": [
          [
            77.1140812,
            28.7457444
          ],
          [
            77.1140025,
            28.7454133
          ],
          [
            77.1139618,
            28.7452394
          ],
          [
            77.1139393,
            28.7452023
          ],
          [
            77.1139098,
            28.7451786
          ],
          [
            77.1138551,
            28.7451617
          ],
          [
            77.1136613,
            28.7451167
          ],
          [
            77.113584,
            28.7451077
          ],
          [
            77.1135191,
            28.7451026
          ],
          [
            77.113467,
            28.7450999
          ],
          [
            77.1133867,
            28.7450824
          ],
          [
            77.1133666,
            28.7450753
          ],
          [
            77.11335,
            28.7450601
          ],
          [
            77.1133396,
            28.7450358
          ],
          [
            77.1133101,
            28.7449583
          ]
        ]
      },
      "id": "way/423284291"
    },
    {
      "type": "Feature",
      "properties": {
        "@id": "way/423284295",
        "highway": "residential"
      },
      "geometry": {
        "type": "LineString",
        "coordinates": [
          [
            77.1138707,
            28.7464644
          ],
          [
            77.1140075,
            28.7465014
          ],
          [
            77.1141966,
            28.7465525
          ],
          [
            77.1143706,
            28.7466217
          ],
          [
            77.1146255,
            28.7467261
          ],
          [
            77.1146872,
            28.7467449
          ],
          [
            77.1152241,
            28.7468303
          ]
        ]
      },
      "id": "way/423284295"
    },
    {
      "type": "Feature",
      "properties": {
        "@id": "way/423284304",
        "highway": "residential"
      },
      "geometry": {
        "type": "LineString",
        "coordinates": [
          [
            77.1131769,
            28.7477278
          ],
          [
            77.1130539,
            28.7477418
          ],
          [
            77.1130087,
            28.7477436
          ],
          [
            77.1129555,
            28.7477353
          ],
          [
            77.1128375,
            28.7476954
          ],
          [
            77.1127511,
            28.747661
          ],
          [
            77.1126612,
            28.747636
          ],
          [
            77.1124348,
            28.7475915
          ],
          [
            77.1123301,
            28.7475527
          ],
          [
            77.1122371,
            28.7475019
          ],
          [
            77.1120502,
            28.7473776
          ],
          [
            77.1118979,
            28.7472684
          ],
          [
            77.111785,
            28.7471526
          ],
          [
            77.1117268,
            28.7470728
          ],
          [
            77.1115445,
            28.7467042
          ],
          [
            77.1114615,
            28.7465288
          ],
          [
            77.111454,
            28.7464942
          ],
          [
            77.1114594,
            28.7464614
          ],
          [
            77.1114787,
            28.7464323
          ],
          [
            77.112108,
            28.7459851
          ]
        ]
      },
      "id": "way/423284304"
    },
    {
      "type": "Feature",
      "properties": {
        "@id": "way/423344486",
        "highway": "tertiary",
        "oneway": "yes"
      },
      "geometry": {
        "type": "LineString",
        "coordinates": [
          [
            77.110503,
            28.7502388
          ],
          [
            77.1105783,
            28.7503572
          ],
          [
            77.1108668,
            28.7506514
          ],
          [
            77.1119374,
            28.7517198
          ],
          [
            77.1126893,
            28.7524774
          ],
          [
            77.1128806,
            28.7526603
          ],
          [
            77.1153481,
            28.7551486
          ],
          [
            77.1154725,
            28.7551835
          ]
        ]
      },
      "id": "way/423344486"
    },
    {
      "type": "Feature",
      "properties": {
        "@id": "way/423344488",
        "highway": "residential"
      },
      "geometry": {
        "type": "LineString",
        "coordinates": [
          [
            77.114314,
            28.7551276
          ],
          [
            77.1141698,
            28.7549813
          ],
          [
            77.1140592,
            28.7548689
          ],
          [
            77.1135013,
            28.7543281
          ],
          [
            77.1133714,
            28.7542022
          ],
          [
            77.1132495,
            28.754084
          ],
          [
            77.1131788,
            28.7540155
          ],
          [
            77.112638,
            28.7534915
          ],
          [
            77.1125229,
            28.75338
          ],
          [
            77.1124821,
            28.7533517
          ],
          [
            77.112451,
            28.753348
          ],
          [
            77.1124199,
            28.7533503
          ],
          [
            77.1122057,
            28.7534132
          ],
          [
            77.1120522,
            28.7534582
          ],
          [
            77.1117585,
            28.7535443
          ],
          [
            77.111651,
            28.7535746
          ],
          [
            77.111489,
            28.7536203
          ],
          [
            77.1113491,
            28.7536597
          ],
          [
            77.110623,
            28.7538642
          ]
        ]
      },
      "id": "way/423344488"
    },
    {
      "type": "Feature",
      "properties": {
        "@id": "way/423344515",
        "highway": "residential"
      },
      "geometry": {
        "type": "LineString",
        "coordinates": [
          [
            77.1121265,
            28.7539174
          ],
          [
            77.1123972,
            28.7536987
          ],
          [
            77.112638,
            28.7534915
          ]
        ]
      },
      "id": "way/423344515"
    },
    {
      "type": "Feature",
      "properties": {
        "@id": "way/423344536",
        "highway": "residential"
      },
      "geometry": {
        "type": "LineString",
        "coordinates": [
          [
            77.1131492,
            28.7543796
          ],
          [
            77.1130389,
            28.7542797
          ],
          [
            77.1129463,
            28.7541958
          ],
          [
            77.1127665,
            28.7540331
          ],
          [
            77.1126712,
            28.7539468
          ],
          [
            77.1125849,
            28.7538686
          ],
          [
            77.112495,
            28.7537873
          ],
          [
            77.1123972,
            28.7536987
          ],
          [
            77.1123101,
            28.753614
          ],
          [
            77.1122178,
            28.7535166
          ],
          [
            77.1119525,
            28.7537411
          ]
        ]
      },
      "id": "way/423344536"
    },
    {
      "type": "Feature",
      "properties": {
        "@id": "way/423538472",
        "highway": "residential"
      },
      "geometry": {
        "type": "LineString",
        "coordinates": [
          [
            77.1193317,
            28.745796
          ],
          [
            77.1196014,
            28.745603
          ]
        ]
      },
      "id": "way/423538472"
    },
    {
      "type": "Feature",
      "properties": {
        "@id": "way/423538478",
        "highway": "residential"
      },
      "geometry": {
        "type": "LineString",
        "coordinates": [
          [
            77.1187685,
            28.7448501
          ],
          [
            77.1191577,
            28.7452607
          ]
        ]
      },
      "id": "way/423538478"
    },
    {
      "type": "Feature",
      "properties": {
        "@id": "way/423538484",
        "highway": "residential"
      },
      "geometry": {
        "type": "LineString",
        "coordinates": [
          [
            77.1189578,
            28.7454171
          ],
          [
            77.1191577,
            28.7452607
          ],
          [
            77.119473,
            28.7450141
          ]
        ]
      },
      "id": "way/423538484"
    },
    {
      "type": "Feature",
      "properties": {
        "@id": "way/423538503",
        "highway": "residential"
      },
      "geometry": {
        "type": "LineString",
        "coordinates": [
          [
            77.1191533,
            28.7456152
          ],
          [
            77.1196689,
            28.7452119
          ],
          [
            77.1198806,
            28.7450464
          ]
        ]
      },
      "id": "way/423538503"
    },
    {
      "type": "Feature",
      "properties": {
        "@id": "way/423538534",
        "highway": "residential"
      },
      "geometry": {
        "type": "LineString",
        "coordinates": [
          [
            77.1182685,
            28.7447185
          ],
          [
            77.1184641,
            28.7449167
          ],
          [
            77.1189578,
            28.7454171
          ],
          [
            77.1191533,
            28.7456152
          ],
          [
            77.1193317,
            28.745796
          ],
          [
            77.1195335,
            28.7459928
          ],
          [
            77.1195434,
            28.745998
          ],
          [
            77.1195576,
            28.7459972
          ],
          [
            77.1195727,
            28.7459911
          ],
          [
            77.120051,
            28.745592
          ]
        ]
      },
      "id": "way/423538534"
    },
    {
      "type": "Feature",
      "properties": {
        "@id": "way/423538536",
        "highway": "residential"
      },
      "geometry": {
        "type": "LineString",
        "coordinates": [
          [
            77.1192202,
            28.7447899
          ],
          [
            77.119473,
            28.7450141
          ],
          [
            77.1196689,
            28.7452119
          ],
          [
            77.1200131,
            28.7455543
          ],
          [
            77.120051,
            28.745592
          ],
          [
            77.1203342,
            28.7453731
          ],
          [
            77.1205915,
            28.7451701
          ],
          [
            77.1206045,
            28.7451517
          ],
          [
            77.1206078,
            28.7451344
          ],
          [
            77.1206025,
            28.7451183
          ],
          [
            77.1205699,
            28.7450735
          ],
          [
            77.1201083,
            28.7445609
          ],
          [
            77.1200688,
            28.7444937
          ]
        ]
      },
      "id": "way/423538536"
    },
    {
      "type": "Feature",
      "properties": {
        "@id": "way/734289304",
        "access": "no",
        "foot": "yes",
        "highway": "path",
        "incline": "0%",
        "surface": "concrete",
        "width": "2"
      },
      "geometry": {
        "type": "LineString",
        "coordinates": [
          [
            77.1159544,
            28.7544525
          ],
          [
            77.1162145,
            28.7544525
          ],
          [
            77.1164748,
            28.7543384
          ],
          [
            77.1166618,
            28.7541745
          ],
          [
            77.1167594,
            28.7540105
          ],
          [
            77.1168326,
            28.7537396
          ],
          [
            77.1168407,
            28.7534688
          ],
          [
            77.1167702,
            28.7532335
          ],
          [
            77.1165886,
            28.752984
          ],
          [
            77.1163203,
            28.7528272
          ],
          [
            77.116174,
            28.7528058
          ],
          [
            77.1160032,
            28.7528201
          ],
          [
            77.1157999,
            28.7528628
          ],
          [
            77.1155794,
            28.7530375
          ],
          [
            77.1154869,
            28.7531578
          ],
          [
            77.1154116,
            28.7533101
          ],
          [
            77.115369,
            28.7536113
          ],
          [
            77.1153609,
            28.7538038
          ],
          [
            77.1154178,
            28.7540105
          ],
          [
            77.1155316,
            28.7541958
          ],
          [
            77.1156577,
            28.7543126
          ],
          [
            77.1157674,
            28.7543883
          ],
          [
            77.1159544,
            28.7544525
          ]
        ]
      },
      "id": "way/734289304"
    },
    {
      "type": "Feature",
      "properties": {
        "@id": "way/791216493",
        "highway": "footway",
        "width": "2"
      },
      "geometry": {
        "type": "LineString",
        "coordinates": [
          [
            77.1149471,
            28.7525948
          ],
          [
            77.115101,
            28.7525722
          ],
          [
            77.1152079,
            28.7525302
          ],
          [
            77.1156795,
            28.7522308
          ],
          [
            77.115647,
            28.7526014
          ],
          [
            77.1157999,
            28.7528628
          ]
        ]
      },
      "id": "way/791216493"
    },
    {
      "type": "Feature",
      "properties": {
        "@id": "way/791216494",
        "highway": "footway",
        "width": "2"
      },
      "geometry": {
        "type": "LineString",
        "coordinates": [
          [
            77.1156795,
            28.7522308
          ],
          [
            77.1168452,
            28.7522835
          ],
          [
            77.1175986,
            28.7523161
          ],
          [
            77.1175822,
            28.7532715
          ],
          [
            77.1173259,
            28.7532472
          ],
          [
            77.1167967,
            28.7532378
          ],
          [
            77.1167702,
            28.7532335
          ]
        ]
      },
      "id": "way/791216494"
    },
    {
      "type": "Feature",
      "properties": {
        "@id": "way/791216495",
        "highway": "footway"
      },
      "geometry": {
        "type": "LineString",
        "coordinates": [
          [
            77.1167967,
            28.7532378
          ],
          [
            77.116793,
            28.7531997
          ],
          [
            77.1168452,
            28.7522835
          ]
        ]
      },
      "id": "way/791216495"
    },
    {
      "type": "Feature",
      "properties": {
        "@id": "way/1073011484",
        "highway": "tertiary",
        "oneway": "yes",
        "source": "maxar"
      },
      "geometry": {
        "type": "LineString",
        "coordinates": [
          [
            77.1154725,
            28.7551835
          ],
          [
            77.1154317,
            28.7550789
          ],
          [
            77.1153351,
            28.7549604
          ],
          [
            77.1148029,
            28.7544487
          ],
          [
            77.1140476,
            28.7536643
          ],
          [
            77.1134211,
            28.7530491
          ],
          [
            77.1130091,
            28.7526277
          ],
          [
            77.1129863,
            28.752605
          ],
          [
            77.112537,
            28.7521593
          ],
          [
            77.1119791,
            28.7516156
          ],
          [
            77.111286,
            28.7509087
          ],
          [
            77.1107073,
            28.7503409
          ],
          [
            77.110503,
            28.7502388
          ]
        ]
      },
      "id": "way/1073011484"
    },
    {
      "type": "Feature",
      "properties": {
        "@id": "way/1073714229",
        "highway": "residential",
        "source": "maxar"
      },
      "geometry": {
        "type": "LineString",
        "coordinates": [
          [
            77.1102769,
            28.7534159
          ],
          [
            77.1118275,
            28.7529704
          ],
          [
            77.1124493,
            28.7527918
          ],
          [
            77.1128806,
            28.7526603
          ],
          [
            77.1129863,
            28.752605
          ]
        ]
      },
      "id": "way/1073714229"
    },
    {
      "type": "Feature",
      "properties": {
        "@id": "way/1073715315",
        "highway": "residential",
        "source": "maxar"
      },
      "geometry": {
        "type": "LineString",
        "coordinates": [
          [
            77.1118275,
            28.7529704
          ],
          [
            77.1119705,
            28.7532646
          ],
          [
            77.1120269,
            28.7533866
          ],
          [
            77.1120522,
            28.7534582
          ]
        ]
      },
      "id": "way/1073715315"
    },
    {
      "type": "Feature",
      "properties": {
        "@id": "way/1073799088",
        "highway": "residential",
        "source": "maxar"
      },
      "geometry": {
        "type": "LineString",
        "coordinates": [
          [
            77.1122178,
            28.7535166
          ],
          [
            77.1122057,
            28.7534132
          ]
        ]
      },
      "id": "way/1073799088"
    },
    {
      "type": "Feature",
      "properties": {
        "@id": "way/1073827449",
        "access": "private",
        "highway": "service",
        "junction": "roundabout",
        "source": "maxar"
      },
      "geometry": {
        "type": "LineString",
        "coordinates": [
          [
            77.1182199,
            28.7523127
          ],
          [
            77.1182537,
            28.7523331
          ],
          [
            77.1183007,
            28.7523493
          ],
          [
            77.1183511,
            28.7523538
          ],
          [
            77.1184009,
            28.7523462
          ],
          [
            77.1184287,
            28.7523359
          ],
          [
            77.1184465,
            28.7523271
          ],
          [
            77.1184846,
            28.752298
          ],
          [
            77.1185123,
            28.7522609
          ],
          [
            77.1185276,
            28.7522186
          ],
          [
            77.1185292,
            28.7521743
          ],
          [
            77.1185215,
            28.7521425
          ],
          [
            77.1184924,
            28.7520926
          ],
          [
            77.1184833,
            28.7520832
          ],
          [
            77.1184566,
            28.7520613
          ]
        ]
      },
      "id": "way/1073827449"
    },
    {
      "type": "Feature",
      "properties": {
        "@id": "way/1073827450",
        "access": "private",
        "highway": "service"
      },
      "geometry": {
        "type": "LineString",
        "coordinates": [
          [
            77.1179409,
            28.7527893
          ],
          [
            77.1179523,
            28.7526035
          ],
          [
            77.1179643,
            28.7525065
          ],
          [
            77.1179724,
            28.7524847
          ],
          [
            77.1179945,
            28.7524636
          ],
          [
            77.1182199,
            28.7523127
          ]
        ]
      },
      "id": "way/1073827450"
    },
    {
      "type": "Feature",
      "properties": {
        "@id": "way/1073827451",
        "access": "private",
        "highway": "service"
      },
      "geometry": {
        "type": "LineString",
        "coordinates": [
          [
            77.1185964,
            28.7524426
          ],
          [
            77.1187554,
            28.7526376
          ]
        ]
      },
      "id": "way/1073827451"
    },
    {
      "type": "Feature",
      "properties": {
        "@id": "way/1073830075",
        "access": "private",
        "highway": "service",
        "oneway": "yes",
        "source": "maxar"
      },
      "geometry": {
        "type": "LineString",
        "coordinates": [
          [
            77.1182837,
            28.7520388
          ],
          [
            77.1181109,
            28.7519606
          ]
        ]
      },
      "id": "way/1073830075"
    },
    {
      "type": "Feature",
      "properties": {
        "@id": "way/1073830076",
        "access": "private",
        "highway": "service",
        "oneway": "yes"
      },
      "geometry": {
        "type": "LineString",
        "coordinates": [
          [
            77.1181109,
            28.7519606
          ],
          [
            77.1181858,
            28.7521055
          ]
        ]
      },
      "id": "way/1073830076"
    },
    {
      "type": "Feature",
      "properties": {
        "@id": "way/1073830077",
        "highway": "service",
        "oneway": "yes"
      },
      "geometry": {
        "type": "LineString",
        "coordinates": [
          [
            77.1186112,
            28.7519842
          ],
          [
            77.1184459,
            28.752056
          ]
        ]
      },
      "id": "way/1073830077"
    },
    {
      "type": "Feature",
      "properties": {
        "@id": "way/1073830078",
        "highway": "service",
        "oneway": "yes",
        "source": "maxar"
      },
      "geometry": {
        "type": "LineString",
        "coordinates": [
          [
            77.1185215,
            28.7521425
          ],
          [
            77.1185712,
            28.7520601
          ],
          [
            77.1186112,
            28.7519842
          ]
        ]
      },
      "id": "way/1073830078"
    },
    {
      "type": "Feature",
      "properties": {
        "@id": "way/1073830079",
        "access": "private",
        "highway": "service",
        "oneway": "yes",
        "source": "maxar"
      },
      "geometry": {
        "type": "LineString",
        "coordinates": [
          [
            77.1185964,
            28.7524426
          ],
          [
            77.1185123,
            28.7522609
          ]
        ]
      },
      "id": "way/1073830079"
    },
    {
      "type": "Feature",
      "properties": {
        "@id": "way/1073830080",
        "access": "private",
        "highway": "service",
        "oneway": "yes"
      },
      "geometry": {
        "type": "LineString",
        "coordinates": [
          [
            77.1184287,
            28.7523359
          ],
          [
            77.1185964,
            28.7524426
          ]
        ]
      },
      "id": "way/1073830080"
    },
    {
      "type": "Feature",
      "properties": {
        "@id": "way/1073831993",
        "access": "private",
        "highway": "service",
        "oneway": "yes",
        "source": "maxar"
      },
      "geometry": {
        "type": "LineString",
        "coordinates": [
          [
            77.1151879,
            28.7513915
          ],
          [
            77.115213,
            28.7513857
          ],
          [
            77.1152348,
            28.7513734
          ],
          [
            77.1152513,
            28.7513558
          ],
          [
            77.1152608,
            28.7513346
          ],
          [
            77.1152624,
            28.7513119
          ],
          [
            77.115256,
            28.7512899
          ],
          [
            77.1152421,
            28.7512706
          ],
          [
            77.1152222,
            28.7512561
          ],
          [
            77.1151981,
            28.7512476
          ],
          [
            77.1151694,
            28.7512462
          ]
        ]
      },
      "id": "way/1073831993"
    },
    {
      "type": "Feature",
      "properties": {
        "@id": "way/1073831994",
        "access": "private",
        "highway": "service",
        "name": "Yamuna Marg"
      },
      "geometry": {
        "type": "LineString",
        "coordinates": [
          [
            77.1151592,
            28.7513897
          ],
          [
            77.1149754,
            28.7515081
          ],
          [
            77.1148887,
            28.7515659
          ],
          [
            77.1148212,
            28.7516225
          ],
          [
            77.114726,
            28.7516934
          ],
          [
            77.1142002,
            28.7520857
          ],
          [
            77.1141538,
            28.752123
          ],
          [
            77.113457,
            28.7526839
          ]
        ]
      },
      "id": "way/1073831994"
    },
    {
      "type": "Feature",
      "properties": {
        "@id": "way/1073834439",
        "access": "private",
        "highway": "service",
        "source": "maxar"
      },
      "geometry": {
        "type": "LineString",
        "coordinates": [
          [
            77.1141538,
            28.752123
          ],
          [
            77.1137836,
            28.751768
          ]
        ]
      },
      "id": "way/1073834439"
    },
    {
      "type": "Feature",
      "properties": {
        "@id": "way/1073834440",
        "access": "private",
        "highway": "service",
        "source": "maxar"
      },
      "geometry": {
        "type": "LineString",
        "coordinates": [
          [
            77.1148887,
            28.7515659
          ],
          [
            77.1148141,
            28.7514828
          ],
          [
            77.1147901,
            28.7514658
          ],
          [
            77.1147611,
            28.7514499
          ],
          [
            77.1146416,
            28.7514032
          ],
          [
            77.1144116,
            28.7513066
          ],
          [
            77.1142528,
            28.7512494
          ],
          [
            77.114187,
            28.7512106
          ],
          [
            77.1141333,
            28.7511717
          ],
          [
            77.1140701,
            28.75112
          ],
          [
            77.114018,
            28.7510666
          ],
          [
            77.1139482,
            28.7509828
          ],
          [
            77.1138845,
            28.7508844
          ],
          [
            77.1137995,
            28.7506928
          ]
        ]
      },
      "id": "way/1073834440"
    },
    {
      "type": "Feature",
      "properties": {
        "@id": "way/1073834441",
        "access": "private",
        "highway": "service",
        "source": "maxar"
      },
      "geometry": {
        "type": "LineString",
        "coordinates": [
          [
            77.115779,
            28.7549591
          ],
          [
            77.115804,
            28.7549651
          ],
          [
            77.1158259,
            28.7549625
          ],
          [
            77.1158645,
            28.7549501
          ],
          [
            77.1163098,
            28.7546397
          ],
          [
            77.1165432,
            28.7544519
          ],
          [
            77.1169739,
            28.7541315
          ],
          [
            77.1173371,
            28.7538534
          ],
          [
            77.1177413,
            28.7535519
          ],
          [
            77.1181449,
            28.7532406
          ],
          [
            77.1187691,
            28.7527372
          ],
          [
            77.1187937,
            28.7527047
          ],
          [
            77.1187913,
            28.7526802
          ],
          [
            77.1187554,
            28.7526376
          ]
        ]
      },
      "id": "way/1073834441"
    },
    {
      "type": "Feature",
      "properties": {
        "@id": "way/1073845329",
        "access": "private",
        "highway": "service",
        "oneway": "yes",
        "source": "maxar"
      },
      "geometry": {
        "type": "LineString",
        "coordinates": [
          [
            77.1196082,
            28.7509696
          ],
          [
            77.1202254,
            28.7515078
          ]
        ]
      },
      "id": "way/1073845329"
    },
    {
      "type": "Feature",
      "properties": {
        "@id": "way/1073845330",
        "access": "private",
        "highway": "service",
        "oneway": "yes",
        "source": "maxar"
      },
      "geometry": {
        "type": "LineString",
        "coordinates": [
          [
            77.1202895,
            28.7514586
          ],
          [
            77.1196689,
            28.7508551
          ]
        ]
      },
      "id": "way/1073845330"
    },
    {
      "type": "Feature",
      "properties": {
        "@id": "way/1073857920",
        "access": "private",
        "highway": "service",
        "oneway": "yes",
        "source": "maxar"
      },
      "geometry": {
        "type": "LineString",
        "coordinates": [
          [
            77.1151694,
            28.7512462
          ],
          [
            77.1151419,
            28.7512536
          ],
          [
            77.1151238,
            28.7512654
          ],
          [
            77.1151188,
            28.7512686
          ],
          [
            77.115103,
            28.7512897
          ],
          [
            77.1150963,
            28.7513142
          ],
          [
            77.1150994,
            28.7513393
          ],
          [
            77.1151122,
            28.7513619
          ],
          [
            77.1151329,
            28.7513794
          ],
          [
            77.1151592,
            28.7513897
          ],
          [
            77.1151879,
            28.7513915
          ]
        ]
      },
      "id": "way/1073857920"
    },
    {
      "type": "Feature",
      "properties": {
        "@id": "way/1073860850",
        "access": "private",
        "highway": "service",
        "junction": "roundabout",
        "source": "maxar"
      },
      "geometry": {
        "type": "LineString",
        "coordinates": [
          [
            77.1184566,
            28.7520613
          ],
          [
            77.1184459,
            28.752056
          ],
          [
            77.1184125,
            28.7520396
          ],
          [
            77.1183633,
            28.7520291
          ],
          [
            77.1183128,
            28.7520307
          ],
          [
            77.1182837,
            28.7520388
          ],
          [
            77.1182646,
            28.7520441
          ],
          [
            77.1182223,
            28.7520685
          ],
          [
            77.1181858,
            28.7521055
          ],
          [
            77.1181675,
            28.752142
          ],
          [
            77.1181589,
            28.7521857
          ],
          [
            77.1181641,
            28.7522298
          ],
          [
            77.1181828,
            28.752271
          ],
          [
            77.1182134,
            28.7523063
          ],
          [
            77.1182199,
            28.7523127
          ]
        ]
      },
      "id": "way/1073860850"
    },
    {
      "type": "Feature",
      "properties": {
        "@id": "way/1073864511",
        "highway": "tertiary",
        "source": "maxar",
        "surface": "unpaved"
      },
      "geometry": {
        "type": "LineString",
        "coordinates": [
          [
            77.1158392,
            28.7554181
          ],
          [
            77.1160311,
            28.755274
          ],
          [
            77.1163908,
            28.7549826
          ],
          [
            77.1168629,
            28.7546556
          ],
          [
            77.1171799,
            28.7544142
          ],
          [
            77.1172436,
            28.7543633
          ],
          [
            77.1173282,
            28.7542836
          ],
          [
            77.1174563,
            28.7541826
          ],
          [
            77.1178595,
            28.7538851
          ],
          [
            77.1181743,
            28.7536346
          ],
          [
            77.1184867,
            28.7534061
          ],
          [
            77.1186375,
            28.7533023
          ],
          [
            77.118715,
            28.7532399
          ],
          [
            77.1187818,
            28.7531701
          ],
          [
            77.1189046,
            28.7530398
          ],
          [
            77.1190015,
            28.7529416
          ],
          [
            77.1191458,
            28.7528396
          ],
          [
            77.1192707,
            28.7527565
          ],
          [
            77.1193978,
            28.7526923
          ],
          [
            77.1195163,
            28.7526186
          ],
          [
            77.119624,
            28.7525374
          ],
          [
            77.1198265,
            28.7523845
          ],
          [
            77.1201302,
            28.7521522
          ],
          [
            77.1204339,
            28.7519105
          ],
          [
            77.1217099,
            28.750933
          ],
          [
            77.1227569,
            28.7501073
          ],
          [
            77.1242026,
            28.7489785
          ],
          [
            77.1249519,
            28.7483749
          ],
          [
            77.125348,
            28.7480624
          ],
          [
            77.1255764,
            28.7478808
          ],
          [
            77.1257257,
            28.7477313
          ],
          [
            77.1258095,
            28.7476237
          ],
          [
            77.1259127,
            28.7475093
          ],
          [
            77.126054,
            28.747368
          ],
          [
            77.1262619,
            28.7471403
          ]
        ]
      },
      "id": "way/1073864511"
    },
    {
      "type": "Feature",
      "properties": {
        "@id": "way/1073865324",
        "highway": "track",
        "source": "maxar",
        "surface": "unpaved"
      },
      "geometry": {
        "type": "LineString",
        "coordinates": [
          [
            77.1070134,
            28.7638065
          ],
          [
            77.1075324,
            28.7632779
          ],
          [
            77.1080701,
            28.7627766
          ],
          [
            77.1082981,
            28.7625516
          ],
          [
            77.1089916,
            28.7618575
          ],
          [
            77.1094959,
            28.7613683
          ],
          [
            77.1096139,
            28.7612554
          ],
          [
            77.1097189,
            28.7611548
          ],
          [
            77.1098016,
            28.761072
          ],
          [
            77.1098714,
            28.7610015
          ],
          [
            77.1099679,
            28.7609074
          ],
          [
            77.1106117,
            28.7602959
          ],
          [
            77.1107297,
            28.7601831
          ],
          [
            77.1107833,
            28.760136
          ],
          [
            77.1112071,
            28.7597503
          ],
          [
            77.111706,
            28.7593364
          ],
          [
            77.1119294,
            28.7591694
          ],
          [
            77.1121246,
            28.7590185
          ],
          [
            77.1124496,
            28.7587474
          ],
          [
            77.1125459,
            28.7586837
          ],
          [
            77.1126259,
            28.758647
          ],
          [
            77.1127512,
            28.7585499
          ],
          [
            77.1130074,
            28.7583492
          ],
          [
            77.1132472,
            28.7581453
          ],
          [
            77.1138405,
            28.7576955
          ],
          [
            77.1142078,
            28.7574151
          ],
          [
            77.1146097,
            28.7571045
          ],
          [
            77.1149748,
            28.7568071
          ],
          [
            77.1154329,
            28.7564661
          ],
          [
            77.1156857,
            28.7562464
          ],
          [
            77.1160163,
            28.7560021
          ],
          [
            77.1163015,
            28.7557785
          ],
          [
            77.1173704,
            28.7549539
          ],
          [
            77.1178764,
            28.7545599
          ],
          [
            77.1192583,
            28.7534718
          ],
          [
            77.1196645,
            28.753182
          ],
          [
            77.1200621,
            28.7528761
          ],
          [
            77.1206248,
            28.752435
          ],
          [
            77.1208733,
            28.7522408
          ],
          [
            77.1214341,
            28.7518171
          ],
          [
            77.1218738,
            28.7514682
          ],
          [
            77.1224443,
            28.7510286
          ],
          [
            77.1230329,
            28.7505682
          ],
          [
            77.1232928,
            28.750358
          ],
          [
            77.1236035,
            28.7501238
          ],
          [
            77.1237888,
            28.7499613
          ],
          [
            77.1239014,
            28.749845
          ],
          [
            77.1240849,
            28.7496379
          ],
          [
            77.1242921,
            28.7494643
          ],
          [
            77.1249371,
            28.7489371
          ],
          [
            77.1252732,
            28.7486471
          ]
        ]
      },
      "id": "way/1073865324"
    },
    {
      "type": "Feature",
      "properties": {
        "@id": "way/1074094456",
        "highway": "service",
        "source": "maxar"
      },
      "geometry": {
        "type": "LineString",
        "coordinates": [
          [
            77.1256791,
            28.7437847
          ],
          [
            77.1255209,
            28.744397
          ],
          [
            77.1253229,
            28.7452394
          ],
          [
            77.1253076,
            28.7452798
          ],
          [
            77.1252789,
            28.7453152
          ],
          [
            77.1252453,
            28.7453293
          ],
          [
            77.1252018,
            28.7453288
          ],
          [
            77.1244595,
            28.745216
          ],
          [
            77.1232859,
            28.7450582
          ],
          [
            77.1230786,
            28.7450426
          ],
          [
            77.1228461,
            28.7450326
          ],
          [
            77.1225949,
            28.7450294
          ],
          [
            77.1219091,
            28.7450356
          ]
        ]
      },
      "id": "way/1074094456"
    },
    {
      "type": "Feature",
      "properties": {
        "@id": "way/1074147572",
        "access": "private",
        "highway": "service",
        "source": "maxar"
      },
      "geometry": {
        "type": "LineString",
        "coordinates": [
          [
            77.1191851,
            28.7487248
          ],
          [
            77.1199754,
            28.7481676
          ],
          [
            77.1202139,
            28.7479995
          ],
          [
            77.1206835,
            28.7476684
          ]
        ]
      },
      "id": "way/1074147572"
    },
    {
      "type": "Feature",
      "properties": {
        "@id": "way/1074147573",
        "access": "private",
        "highway": "service",
        "source": "maxar"
      },
      "geometry": {
        "type": "LineString",
        "coordinates": [
          [
            77.1202139,
            28.7479995
          ],
          [
            77.1206329,
            28.7484256
          ],
          [
            77.1211126,
            28.7489074
          ],
          [
            77.1211758,
            28.7489543
          ],
          [
            77.1212349,
            28.7489788
          ],
          [
            77.1212861,
            28.7489772
          ],
          [
            77.1213652,
            28.7489399
          ],
          [
            77.1217682,
            28.7487138
          ]
        ]
      },
      "id": "way/1074147573"
    },
    {
      "type": "Feature",
      "properties": {
        "@id": "way/1074147574",
        "access": "private",
        "highway": "service",
        "source": "maxar"
      },
      "geometry": {
        "type": "LineString",
        "coordinates": [
          [
            77.1206329,
            28.7484256
          ],
          [
            77.1196027,
            28.7492112
          ]
        ]
      },
      "id": "way/1074147574"
    },
    {
      "type": "Feature",
      "properties": {
        "@id": "way/1074977780",
        "access": "private",
        "highway": "service"
      },
      "geometry": {
        "type": "LineString",
        "coordinates": [
          [
            77.1176495,
            28.7467397
          ],
          [
            77.1182547,
            28.7466864
          ],
          [
            77.1183339,
            28.7466733
          ],
          [
            77.1183868,
            28.7466511
          ],
          [
            77.1184375,
            28.7466164
          ],
          [
            77.1185709,
            28.7464966
          ],
          [
            77.1187492,
            28.7462908
          ],
          [
            77.1183031,
            28.7459986
          ],
          [
            77.1175629,
            28.7453627
          ]
        ]
      },
      "id": "way/1074977780"
    },
    {
      "type": "Feature",
      "properties": {
        "@id": "way/1074977781",
        "access": "private",
        "highway": "service"
      },
      "geometry": {
        "type": "LineString",
        "coordinates": [
          [
            77.1177162,
            28.7448681
          ],
          [
            77.1177671,
            28.7449929
          ],
          [
            77.1178181,
            28.7451176
          ],
          [
            77.1178197,
            28.7451494
          ],
          [
            77.1178062,
            28.7451841
          ],
          [
            77.1177792,
            28.7452115
          ],
          [
            77.1175629,
            28.7453627
          ],
          [
            77.1170643,
            28.7456494
          ]
        ]
      },
      "id": "way/1074977781"
    },
    {
      "type": "Feature",
      "properties": {
        "@id": "way/1074977782",
        "access": "private",
        "highway": "service"
      },
      "geometry": {
        "type": "LineString",
        "coordinates": [
          [
            77.1185709,
            28.7464966
          ],
          [
            77.1188312,
            28.746758
          ],
          [
            77.11887,
            28.7467908
          ],
          [
            77.118916,
            28.7468057
          ],
          [
            77.1189638,
            28.7468073
          ],
          [
            77.1191038,
            28.7468078
          ],
          [
            77.1194717,
            28.7471011
          ]
        ]
      },
      "id": "way/1074977782"
    },
    {
      "type": "Feature",
      "properties": {
        "@id": "way/1074977783",
        "access": "private",
        "highway": "service"
      },
      "geometry": {
        "type": "LineString",
        "coordinates": [
          [
            77.1191038,
            28.7468078
          ],
          [
            77.1191887,
            28.7466513
          ],
          [
            77.1191983,
            28.7466174
          ],
          [
            77.1191957,
            28.7465811
          ],
          [
            77.1191813,
            28.7465596
          ],
          [
            77.1187492,
            28.7462908
          ]
        ]
      },
      "id": "way/1074977783"
    },
    {
      "type": "Feature",
      "properties": {
        "@id": "way/1075745209",
        "highway": "service",
        "source": "maxar"
      },
      "geometry": {
        "type": "LineString",
        "coordinates": [
          [
            77.1113762,
            28.7480979
          ],
          [
            77.1120039,
            28.7479885
          ],
          [
            77.1122538,
            28.747949
          ],
          [
            77.1124909,
            28.7479189
          ],
          [
            77.1126862,
            28.7479076
          ],
          [
            77.1128824,
            28.7479085
          ],
          [
            77.1128952,
            28.7479128
          ],
          [
            77.1129044,
            28.7479212
          ],
          [
            77.112907,
            28.7479321
          ],
          [
            77.1129926,
            28.7485035
          ]
        ]
      },
      "id": "way/1075745209"
    },
    {
      "type": "Feature",
      "properties": {
        "@id": "way/1075745210",
        "highway": "service",
        "source": "maxar"
      },
      "geometry": {
        "type": "LineString",
        "coordinates": [
          [
            77.1111949,
            28.7475141
          ],
          [
            77.1120502,
            28.7473776
          ]
        ]
      },
      "id": "way/1075745210"
    },
    {
      "type": "Feature",
      "properties": {
        "@id": "way/1075745211",
        "highway": "residential",
        "source": "maxar"
      },
      "geometry": {
        "type": "LineString",
        "coordinates": [
          [
            77.1133957,
            28.7485747
          ],
          [
            77.1134914,
            28.7488816
          ]
        ]
      },
      "id": "way/1075745211"
    },
    {
      "type": "Feature",
      "properties": {
        "@id": "way/1075745212",
        "highway": "residential"
      },
      "geometry": {
        "type": "LineString",
        "coordinates": [
          [
            77.1133957,
            28.7485747
          ],
          [
            77.1131769,
            28.7477278
          ],
          [
            77.1131263,
            28.7476154
          ],
          [
            77.1130721,
            28.747515
          ],
          [
            77.112966,
            28.7473907
          ],
          [
            77.1128746,
            28.7473168
          ]
        ]
      },
      "id": "way/1075745212"
    },
    {
      "type": "Feature",
      "properties": {
        "@id": "way/1075752622",
        "highway": "residential",
        "source": "maxar"
      },
      "geometry": {
        "type": "LineString",
        "coordinates": [
          [
            77.1115445,
            28.7467042
          ],
          [
            77.1119063,
            28.7466214
          ],
          [
            77.1123537,
            28.7465508
          ]
        ]
      },
      "id": "way/1075752622"
    },
    {
      "type": "Feature",
      "properties": {
        "@id": "way/1075752623",
        "highway": "residential",
        "source": "maxar"
      },
      "geometry": {
        "type": "LineString",
        "coordinates": [
          [
            77.1130721,
            28.747515
          ],
          [
            77.1131372,
            28.7474965
          ],
          [
            77.1132057,
            28.7474925
          ],
          [
            77.1135704,
            28.747512
          ],
          [
            77.1135888,
            28.7475108
          ],
          [
            77.1136051,
            28.7475034
          ],
          [
            77.1136136,
            28.7474908
          ],
          [
            77.1136751,
            28.747193
          ]
        ]
      },
      "id": "way/1075752623"
    },
    {
      "type": "Feature",
      "properties": {
        "@id": "way/1075752624",
        "highway": "residential",
        "source": "maxar"
      },
      "geometry": {
        "type": "LineString",
        "coordinates": [
          [
            77.1131769,
            28.7477278
          ],
          [
            77.1140253,
            28.7478252
          ],
          [
            77.1146653,
            28.7478932
          ],
          [
            77.115303,
            28.7479609
          ]
        ]
      },
      "id": "way/1075752624"
    },
    {
      "type": "Feature",
      "properties": {
        "@id": "way/1075752625",
        "highway": "residential",
        "source": "maxar"
      },
      "geometry": {
        "type": "LineString",
        "coordinates": [
          [
            77.1123537,
            28.7465508
          ],
          [
            77.1127041,
            28.7465519
          ],
          [
            77.1127547,
            28.7465663
          ],
          [
            77.1127912,
            28.7465956
          ],
          [
            77.1128325,
            28.7466509
          ],
          [
            77.1128893,
            28.7467
          ],
          [
            77.1129632,
            28.7467457
          ],
          [
            77.1130694,
            28.7467989
          ]
        ]
      },
      "id": "way/1075752625"
    },
    {
      "type": "Feature",
      "properties": {
        "@id": "way/1075752626",
        "highway": "residential",
        "source": "maxar"
      },
      "geometry": {
        "type": "LineString",
        "coordinates": [
          [
            77.1129774,
            28.7471358
          ],
          [
            77.1135337,
            28.7472002
          ]
        ]
      },
      "id": "way/1075752626"
    },
    {
      "type": "Feature",
      "properties": {
        "@id": "way/1075752627",
        "highway": "residential",
        "source": "maxar"
      },
      "geometry": {
        "type": "LineString",
        "coordinates": [
          [
            77.1134172,
            28.7457163
          ],
          [
            77.1140346,
            28.7458681
          ]
        ]
      },
      "id": "way/1075752627"
    },
    {
      "type": "Feature",
      "properties": {
        "@id": "way/1075752628",
        "highway": "residential"
      },
      "geometry": {
        "type": "LineString",
        "coordinates": [
          [
            77.1146866,
            28.7457539
          ],
          [
            77.1147027,
            28.7457953
          ],
          [
            77.1147423,
            28.7458351
          ],
          [
            77.1148455,
            28.7459012
          ],
          [
            77.1151289,
            28.7460492
          ],
          [
            77.1152073,
            28.7460901
          ],
          [
            77.1157074,
            28.7463548
          ]
        ]
      },
      "id": "way/1075752628"
    },
    {
      "type": "Feature",
      "properties": {
        "@id": "way/1075752629",
        "highway": "residential",
        "source": "maxar"
      },
      "geometry": {
        "type": "LineString",
        "coordinates": [
          [
            77.1149942,
            28.7462303
          ],
          [
            77.1153402,
            28.7463554
          ]
        ]
      },
      "id": "way/1075752629"
    },
    {
      "type": "Feature",
      "properties": {
        "@id": "way/1075752630",
        "highway": "residential",
        "source": "maxar"
      },
      "geometry": {
        "type": "LineString",
        "coordinates": [
          [
            77.1146653,
            28.7478932
          ],
          [
            77.1146293,
            28.7482468
          ]
        ]
      },
      "id": "way/1075752630"
    },
    {
      "type": "Feature",
      "properties": {
        "@id": "way/1075767302",
        "access": "private",
        "highway": "service",
        "source": "maxar"
      },
      "geometry": {
        "type": "LineString",
        "coordinates": [
          [
            77.114722,
            28.7489843
          ],
          [
            77.1141779,
            28.7493073
          ]
        ]
      },
      "id": "way/1075767302"
    },
    {
      "type": "Feature",
      "properties": {
        "@id": "way/1075767303",
        "access": "private",
        "highway": "service"
      },
      "geometry": {
        "type": "LineString",
        "coordinates": [
          [
            77.115274,
            28.7493718
          ],
          [
            77.1141779,
            28.7493073
          ],
          [
            77.1136363,
            28.7492754
          ],
          [
            77.1135941,
            28.7492859
          ],
          [
            77.1135731,
            28.7493115
          ],
          [
            77.1135731,
            28.7493513
          ],
          [
            77.1136326,
            28.7495486
          ],
          [
            77.1136652,
            28.7496089
          ],
          [
            77.1137142,
            28.7496743
          ],
          [
            77.1137768,
            28.7497434
          ],
          [
            77.1137993,
            28.7497878
          ],
          [
            77.1138121,
            28.7498522
          ],
          [
            77.1138147,
            28.7501904
          ],
          [
            77.1138104,
            28.7502233
          ],
          [
            77.1137951,
            28.7502636
          ]
        ]
      },
      "id": "way/1075767303"
    },
    {
      "type": "Feature",
      "properties": {
        "@id": "way/1075767304",
        "access": "private",
        "highway": "service",
        "source": "maxar"
      },
      "geometry": {
        "type": "LineString",
        "coordinates": [
          [
            77.1123178,
            28.7513803
          ],
          [
            77.1121064,
            28.7511405
          ],
          [
            77.112078,
            28.7510992
          ],
          [
            77.1120594,
            28.7510417
          ],
          [
            77.1120378,
            28.7509462
          ],
          [
            77.1120121,
            28.7507635
          ]
        ]
      },
      "id": "way/1075767304"
    },
    {
      "type": "Feature",
      "properties": {
        "@id": "way/1075767305",
        "access": "private",
        "highway": "service",
        "source": "maxar"
      },
      "geometry": {
        "type": "LineString",
        "coordinates": [
          [
            77.1151126,
            28.7501893
          ],
          [
            77.1158228,
            28.7502014
          ],
          [
            77.115893,
            28.7501954
          ],
          [
            77.1160216,
            28.7501427
          ],
          [
            77.116114,
            28.7500855
          ],
          [
            77.1161618,
            28.7500377
          ],
          [
            77.1161878,
            28.7500055
          ],
          [
            77.1161846,
            28.7499642
          ],
          [
            77.1161519,
            28.7499171
          ],
          [
            77.1160864,
            28.7498898
          ],
          [
            77.1160154,
            28.7499046
          ],
          [
            77.1159497,
            28.7499382
          ],
          [
            77.1159336,
            28.750002
          ],
          [
            77.1159497,
            28.750061
          ],
          [
            77.1160216,
            28.7501427
          ]
        ]
      },
      "id": "way/1075767305"
    },
    {
      "type": "Feature",
      "properties": {
        "@id": "way/1075767306",
        "highway": "residential",
        "source": "maxar"
      },
      "geometry": {
        "type": "LineString",
        "coordinates": [
          [
            77.1140253,
            28.7478252
          ],
          [
            77.1139974,
            28.7481683
          ]
        ]
      },
      "id": "way/1075767306"
    },
    {
      "type": "Feature",
      "properties": {
        "@id": "way/1075767307",
        "highway": "residential",
        "source": "maxar"
      },
      "geometry": {
        "type": "LineString",
        "coordinates": [
          [
            77.1138903,
            28.7488675
          ],
          [
            77.1139052,
            28.7485174
          ]
        ]
      },
      "id": "way/1075767307"
    },
    {
      "type": "Feature",
      "properties": {
        "@id": "way/1075767308",
        "highway": "residential",
        "source": "maxar"
      },
      "geometry": {
        "type": "LineString",
        "coordinates": [
          [
            77.1140627,
            28.747492
          ],
          [
            77.114654,
            28.7475537
          ]
        ]
      },
      "id": "way/1075767308"
    },
    {
      "type": "Feature",
      "properties": {
        "@id": "way/1075767309",
        "access": "private",
        "highway": "service",
        "source": "maxar"
      },
      "geometry": {
        "type": "LineString",
        "coordinates": [
          [
            77.1191851,
            28.7487248
          ],
          [
            77.1189511,
            28.7488628
          ],
          [
            77.1181402,
            28.7495712
          ],
          [
            77.1180583,
            28.7496256
          ],
          [
            77.1179623,
            28.7496633
          ],
          [
            77.1180212,
            28.7498063
          ],
          [
            77.1180301,
            28.7499394
          ],
          [
            77.1180008,
            28.7500781
          ],
          [
            77.1179395,
            28.7501833
          ],
          [
            77.1178579,
            28.7502705
          ],
          [
            77.1177622,
            28.7503332
          ],
          [
            77.1176384,
            28.7503824
          ]
        ]
      },
      "id": "way/1075767309"
    },
    {
      "type": "Feature",
      "properties": {
        "@id": "way/1075767310",
        "access": "private",
        "highway": "service",
        "source": "maxar"
      },
      "geometry": {
        "type": "LineString",
        "coordinates": [
          [
            77.1179623,
            28.7496633
          ],
          [
            77.1178755,
            28.7495828
          ],
          [
            77.1177708,
            28.7495016
          ],
          [
            77.1176372,
            28.7494524
          ],
          [
            77.1174764,
            28.7494351
          ],
          [
            77.1173156,
            28.7494617
          ],
          [
            77.1171927,
            28.7495123
          ],
          [
            77.1170819,
            28.7495934
          ],
          [
            77.1170076,
            28.7496879
          ],
          [
            77.1169074,
            28.7498967
          ]
        ]
      },
      "id": "way/1075767310"
    },
    {
      "type": "Feature",
      "properties": {
        "@id": "way/1075767311",
        "access": "private",
        "highway": "service"
      },
      "geometry": {
        "type": "LineString",
        "coordinates": [
          [
            77.1168805,
            28.7450985
          ],
          [
            77.116959,
            28.7453338
          ],
          [
            77.1170643,
            28.7456494
          ],
          [
            77.1172115,
            28.7461379
          ]
        ]
      },
      "id": "way/1075767311"
    },
    {
      "type": "Feature",
      "properties": {
        "@id": "way/1075767312",
        "access": "private",
        "highway": "service"
      },
      "geometry": {
        "type": "LineString",
        "coordinates": [
          [
            77.1158907,
            28.7485371
          ],
          [
            77.1154893,
            28.7489151
          ],
          [
            77.1154095,
            28.7490415
          ],
          [
            77.11537,
            28.749115
          ],
          [
            77.1153317,
            28.7492208
          ],
          [
            77.115274,
            28.7493718
          ],
          [
            77.1151654,
            28.7496561
          ],
          [
            77.1151333,
            28.7497429
          ],
          [
            77.1151212,
            28.7498534
          ],
          [
            77.1151126,
            28.7501893
          ],
          [
            77.1151085,
            28.7503312
          ],
          [
            77.1151238,
            28.7512654
          ]
        ]
      },
      "id": "way/1075767312"
    },
    {
      "type": "Feature",
      "properties": {
        "@id": "way/1075767313",
        "access": "private",
        "highway": "service",
        "source": "maxar"
      },
      "geometry": {
        "type": "LineString",
        "coordinates": [
          [
            77.1160497,
            28.7483106
          ],
          [
            77.1160053,
            28.7482923
          ],
          [
            77.1159566,
            28.7482873
          ],
          [
            77.1159087,
            28.7482962
          ],
          [
            77.1158664,
            28.748318
          ],
          [
            77.1158343,
            28.7483505
          ],
          [
            77.1158157,
            28.7483903
          ],
          [
            77.1158125,
            28.7484332
          ],
          [
            77.1158251,
            28.7484747
          ],
          [
            77.115852,
            28.7485106
          ],
          [
            77.1158907,
            28.7485371
          ]
        ]
      },
      "id": "way/1075767313"
    },
    {
      "type": "Feature",
      "properties": {
        "@id": "way/1075767314",
        "access": "private",
        "highway": "service",
        "oneway": "yes"
      },
      "geometry": {
        "type": "LineString",
        "coordinates": [
          [
            77.1158506,
            28.748061
          ],
          [
            77.1158323,
            28.7481507
          ],
          [
            77.1158252,
            28.7482094
          ],
          [
            77.115824,
            28.748268
          ],
          [
            77.1158343,
            28.7483505
          ]
        ]
      },
      "id": "way/1075767314"
    },
    {
      "type": "Feature",
      "properties": {
        "@id": "way/1075767315",
        "access": "private",
        "highway": "service",
        "oneway": "yes",
        "source": "maxar"
      },
      "geometry": {
        "type": "LineString",
        "coordinates": [
          [
            77.1160053,
            28.7482923
          ],
          [
            77.1159637,
            28.748216
          ],
          [
            77.1159429,
            28.7481784
          ],
          [
            77.115915,
            28.7481409
          ],
          [
            77.1158506,
            28.748061
          ]
        ]
      },
      "id": "way/1075767315"
    },
    {
      "type": "Feature",
      "properties": {
        "@id": "way/1075767316",
        "access": "private",
        "highway": "service",
        "source": "maxar"
      },
      "geometry": {
        "type": "LineString",
        "coordinates": [
          [
            77.1175346,
            28.7482895
          ],
          [
            77.1178077,
            28.7483152
          ],
          [
            77.1182726,
            28.7484193
          ]
        ]
      },
      "id": "way/1075767316"
    },
    {
      "type": "Feature",
      "properties": {
        "@id": "way/1075767317",
        "access": "private",
        "highway": "service",
        "source": "maxar"
      },
      "geometry": {
        "type": "LineString",
        "coordinates": [
          [
            77.1183746,
            28.7482364
          ],
          [
            77.1182726,
            28.7484193
          ],
          [
            77.118156,
            28.7486284
          ]
        ]
      },
      "id": "way/1075767317"
    },
    {
      "type": "Feature",
      "properties": {
        "@id": "way/1075767318",
        "access": "private",
        "highway": "service",
        "source": "maxar"
      },
      "geometry": {
        "type": "LineString",
        "coordinates": [
          [
            77.118156,
            28.7486284
          ],
          [
            77.1181792,
            28.7486403
          ],
          [
            77.1181969,
            28.7486581
          ],
          [
            77.1182072,
            28.7486798
          ],
          [
            77.118209,
            28.7487034
          ],
          [
            77.1182022,
            28.7487262
          ],
          [
            77.1181874,
            28.7487459
          ],
          [
            77.1181662,
            28.7487604
          ],
          [
            77.1181408,
            28.7487683
          ],
          [
            77.1181139,
            28.7487686
          ],
          [
            77.1180883,
            28.7487614
          ]
        ]
      },
      "id": "way/1075767318"
    },
    {
      "type": "Feature",
      "properties": {
        "@id": "way/1075767319",
        "access": "private",
        "highway": "service",
        "source": "maxar"
      },
      "geometry": {
        "type": "LineString",
        "coordinates": [
          [
            77.1180883,
            28.7487614
          ],
          [
            77.118066,
            28.7487467
          ],
          [
            77.1180504,
            28.7487264
          ],
          [
            77.1180434,
            28.7487028
          ],
          [
            77.1180457,
            28.7486784
          ],
          [
            77.1180571,
            28.748656
          ],
          [
            77.1180762,
            28.7486382
          ],
          [
            77.118101,
            28.748627
          ],
          [
            77.1181286,
            28.7486236
          ],
          [
            77.118156,
            28.7486284
          ]
        ]
      },
      "id": "way/1075767319"
    },
    {
      "type": "Feature",
      "properties": {
        "@id": "way/1075767320",
        "access": "private",
        "highway": "service",
        "source": "maxar"
      },
      "geometry": {
        "type": "LineString",
        "coordinates": [
          [
            77.1182726,
            28.7484193
          ],
          [
            77.1186778,
            28.7486432
          ],
          [
            77.1189511,
            28.7488628
          ]
        ]
      },
      "id": "way/1075767320"
    },
    {
      "type": "Feature",
      "properties": {
        "@id": "way/1075767321",
        "access": "private",
        "highway": "service",
        "source": "maxar"
      },
      "geometry": {
        "type": "LineString",
        "coordinates": [
          [
            77.1196355,
            28.7509181
          ],
          [
            77.1194689,
            28.7507406
          ],
          [
            77.1194486,
            28.7506987
          ],
          [
            77.119439,
            28.7506442
          ],
          [
            77.1194426,
            28.7505739
          ],
          [
            77.1195239,
            28.7502259
          ],
          [
            77.1195311,
            28.7500623
          ],
          [
            77.1195131,
            28.7498705
          ],
          [
            77.1194796,
            28.7497279
          ],
          [
            77.1194151,
            28.7495297
          ],
          [
            77.1193912,
            28.7494899
          ],
          [
            77.1193529,
            28.7494637
          ],
          [
            77.1192584,
            28.7494416
          ],
          [
            77.1190408,
            28.7494238
          ]
        ]
      },
      "id": "way/1075767321"
    },
    {
      "type": "Feature",
      "properties": {
        "@id": "way/1075767322",
        "access": "private",
        "highway": "service",
        "source": "maxar"
      },
      "geometry": {
        "type": "LineString",
        "coordinates": [
          [
            77.1160381,
            28.7485364
          ],
          [
            77.1160889,
            28.7485822
          ],
          [
            77.1161573,
            28.7486016
          ],
          [
            77.1162337,
            28.7486095
          ],
          [
            77.1163102,
            28.7485998
          ],
          [
            77.1163655,
            28.7485813
          ],
          [
            77.1168454,
            28.7483915
          ]
        ]
      },
      "id": "way/1075767322"
    },
    {
      "type": "Feature",
      "properties": {
        "@id": "way/1075767323",
        "access": "private",
        "highway": "service",
        "source": "maxar"
      },
      "geometry": {
        "type": "LineString",
        "coordinates": [
          [
            77.1167491,
            28.7481539
          ],
          [
            77.1168454,
            28.7483915
          ],
          [
            77.1169283,
            28.7485962
          ]
        ]
      },
      "id": "way/1075767323"
    },
    {
      "type": "Feature",
      "properties": {
        "@id": "way/1075767324",
        "access": "private",
        "highway": "service",
        "source": "maxar"
      },
      "geometry": {
        "type": "LineString",
        "coordinates": [
          [
            77.1169774,
            28.7487177
          ],
          [
            77.1169546,
            28.748723
          ],
          [
            77.116931,
            28.7487217
          ],
          [
            77.1169074,
            28.748713
          ],
          [
            77.1168885,
            28.7486978
          ],
          [
            77.1168767,
            28.748678
          ],
          [
            77.1168732,
            28.7486558
          ],
          [
            77.1168786,
            28.7486338
          ],
          [
            77.1168921,
            28.7486148
          ],
          [
            77.1169121,
            28.7486009
          ],
          [
            77.1169283,
            28.7485962
          ]
        ]
      },
      "id": "way/1075767324"
    },
    {
      "type": "Feature",
      "properties": {
        "@id": "way/1075767325",
        "access": "private",
        "highway": "service",
        "source": "maxar"
      },
      "geometry": {
        "type": "LineString",
        "coordinates": [
          [
            77.1169283,
            28.7485962
          ],
          [
            77.1169364,
            28.7485938
          ],
          [
            77.11696,
            28.748594
          ],
          [
            77.1169824,
            28.7486007
          ],
          [
            77.1170012,
            28.7486132
          ],
          [
            77.1170145,
            28.7486303
          ],
          [
            77.1170211,
            28.7486502
          ],
          [
            77.1170203,
            28.7486709
          ],
          [
            77.117012,
            28.7486903
          ],
          [
            77.1169972,
            28.7487065
          ],
          [
            77.1169774,
            28.7487177
          ]
        ]
      },
      "id": "way/1075767325"
    },
    {
      "type": "Feature",
      "properties": {
        "@id": "way/1075767326",
        "access": "private",
        "highway": "service",
        "source": "maxar"
      },
      "geometry": {
        "type": "LineString",
        "coordinates": [
          [
            77.1175483,
            28.7480204
          ],
          [
            77.1175346,
            28.7482895
          ],
          [
            77.1175187,
            28.7486053
          ]
        ]
      },
      "id": "way/1075767326"
    },
    {
      "type": "Feature",
      "properties": {
        "@id": "way/1075767327",
        "access": "private",
        "highway": "service",
        "source": "maxar"
      },
      "geometry": {
        "type": "LineString",
        "coordinates": [
          [
            77.1168454,
            28.7483915
          ],
          [
            77.1171702,
            28.7483123
          ],
          [
            77.1175346,
            28.7482895
          ]
        ]
      },
      "id": "way/1075767327"
    },
    {
      "type": "Feature",
      "properties": {
        "@id": "way/1075769460",
        "highway": "residential",
        "source": "maxar"
      },
      "geometry": {
        "type": "LineString",
        "coordinates": [
          [
            77.119473,
            28.7450141
          ],
          [
            77.1197604,
            28.7448017
          ]
        ]
      },
      "id": "way/1075769460"
    },
    {
      "type": "Feature",
      "properties": {
        "@id": "way/1075769461",
        "access": "private",
        "highway": "service",
        "source": "maxar"
      },
      "geometry": {
        "type": "LineString",
        "coordinates": [
          [
            77.1178197,
            28.7451494
          ],
          [
            77.1184227,
            28.7457466
          ],
          [
            77.1184487,
            28.7457762
          ],
          [
            77.1184445,
            28.7458018
          ],
          [
            77.1184288,
            28.7458286
          ],
          [
            77.1183031,
            28.7459986
          ]
        ]
      },
      "id": "way/1075769461"
    },
    {
      "type": "Feature",
      "properties": {
        "@id": "way/1075773903",
        "alt_name": "Main bawana delhi road",
        "highway": "secondary",
        "name": "Bawana road"
      },
      "geometry": {
        "type": "LineString",
        "coordinates": [
          [
            77.1159085,
            28.7453494
          ],
          [
            77.115865,
            28.7453477
          ],
          [
            77.1158031,
            28.7453366
          ],
          [
            77.1156673,
            28.745314
          ],
          [
            77.115406,
            28.7452287
          ],
          [
            77.1150014,
            28.74504
          ],
          [
            77.1146104,
            28.7448829
          ],
          [
            77.1145539,
            28.7448754
          ],
          [
            77.1144948,
            28.7448676
          ],
          [
            77.114191,
            28.7448466
          ],
          [
            77.1138939,
            28.7448564
          ],
          [
            77.1135591,
            28.7448959
          ],
          [
            77.1133101,
            28.7449583
          ],
          [
            77.1130643,
            28.74502
          ],
          [
            77.1129871,
            28.7450374
          ],
          [
            77.1125491,
            28.7451459
          ],
          [
            77.1121053,
            28.7452296
          ],
          [
            77.1118841,
            28.7452522
          ],
          [
            77.1107387,
            28.7453529
          ],
          [
            77.1094994,
            28.7455043
          ],
          [
            77.1091276,
            28.7455339
          ],
          [
            77.1086291,
            28.7455803
          ],
          [
            77.10857,
            28.7455858
          ],
          [
            77.1084432,
            28.7455976
          ]
        ]
      },
      "id": "way/1075773903"
    },
    {
      "type": "Feature",
      "properties": {
        "@id": "way/1075774722",
        "access": "private",
        "highway": "service",
        "source": "maxar"
      },
      "geometry": {
        "type": "LineString",
        "coordinates": [
          [
            77.1158907,
            28.7485371
          ],
          [
            77.1159389,
            28.7485517
          ],
          [
            77.11599,
            28.7485514
          ],
          [
            77.1160381,
            28.7485364
          ],
          [
            77.1160777,
            28.7485082
          ],
          [
            77.1161045,
            28.7484701
          ],
          [
            77.1161153,
            28.7484263
          ],
          [
            77.116109,
            28.7483819
          ],
          [
            77.1160863,
            28.7483418
          ],
          [
            77.1160497,
            28.7483106
          ]
        ]
      },
      "id": "way/1075774722"
    },
    {
      "type": "Feature",
      "properties": {
        "@id": "way/1077869400",
        "highway": "service"
      },
      "geometry": {
        "type": "LineString",
        "coordinates": [
          [
            77.1123954,
            28.7485485
          ],
          [
            77.1124326,
            28.7490755
          ]
        ]
      },
      "id": "way/1077869400"
    },
    {
      "type": "Feature",
      "properties": {
        "@id": "way/1121430291",
        "access": "private",
        "highway": "service",
        "source": "maxar"
      },
      "geometry": {
        "type": "LineString",
        "coordinates": [
          [
            77.1161573,
            28.7486016
          ],
          [
            77.1162342,
            28.7487874
          ],
          [
            77.1162408,
            28.749233
          ],
          [
            77.1161225,
            28.7493363
          ],
          [
            77.1161216,
            28.7494438
          ],
          [
            77.1163351,
            28.7495167
          ],
          [
            77.1163747,
            28.7494796
          ],
          [
            77.1163653,
            28.749365
          ],
          [
            77.1162408,
            28.749233
          ]
        ]
      },
      "id": "way/1121430291"
    },
    {
      "type": "Feature",
      "properties": {
        "@id": "way/1149056988",
        "highway": "residential"
      },
      "geometry": {
        "type": "LineString",
        "coordinates": [
          [
            77.1138824,
            28.7468936
          ],
          [
            77.1139216,
            28.7467422
          ],
          [
            77.1140075,
            28.7465014
          ]
        ]
      },
      "id": "way/1149056988"
    },
    {
      "type": "Feature",
      "properties": {
        "@id": "way/1149056989",
        "highway": "residential",
        "source": "maxar"
      },
      "geometry": {
        "type": "LineString",
        "coordinates": [
          [
            77.1141185,
            28.7469957
          ],
          [
            77.1138824,
            28.7468936
          ],
          [
            77.1138101,
            28.7468624
          ],
          [
            77.1137918,
            28.7467471
          ]
        ]
      },
      "id": "way/1149056989"
    },
    {
      "type": "Feature",
      "properties": {
        "@id": "way/1162590984",
        "highway": "service"
      },
      "geometry": {
        "type": "LineString",
        "coordinates": [
          [
            77.1145962,
            28.7525704
          ],
          [
            77.1141538,
            28.752123
          ]
        ]
      },
      "id": "way/1162590984"
    },
    {
      "type": "Feature",
      "properties": {
        "@id": "way/1162590985",
        "highway": "service"
      },
      "geometry": {
        "type": "LineString",
        "coordinates": [
          [
            77.1147779,
            28.7525141
          ],
          [
            77.1147284,
            28.7525152
          ],
          [
            77.1146802,
            28.7525253
          ],
          [
            77.1146355,
            28.752544
          ],
          [
            77.1145962,
            28.7525704
          ],
          [
            77.1145641,
            28.7526034
          ],
          [
            77.1145404,
            28.7526415
          ],
          [
            77.1145263,
            28.7526831
          ],
          [
            77.1145224,
            28.7527263
          ],
          [
            77.1145288,
            28.7527694
          ],
          [
            77.1145453,
            28.7528103
          ],
          [
            77.1145711,
            28.7528473
          ],
          [
            77.1146052,
            28.7528788
          ],
          [
            77.1146459,
            28.7529034
          ],
          [
            77.1146916,
            28.7529201
          ],
          [
            77.1147403,
            28.752928
          ],
          [
            77.1147898,
            28.7529269
          ],
          [
            77.1148379,
            28.7529168
          ],
          [
            77.1148826,
            28.7528982
          ],
          [
            77.1149219,
            28.7528718
          ],
          [
            77.1149541,
            28.7528388
          ],
          [
            77.1149778,
            28.7528007
          ],
          [
            77.1149919,
            28.7527591
          ],
          [
            77.1149958,
            28.7527158
          ],
          [
            77.1149894,
            28.7526728
          ],
          [
            77.1149729,
            28.7526319
          ],
          [
            77.1149471,
            28.7525948
          ],
          [
            77.114913,
            28.7525633
          ],
          [
            77.1148722,
            28.7525387
          ],
          [
            77.1148265,
            28.7525221
          ],
          [
            77.1147779,
            28.7525141
          ]
        ]
      },
      "id": "way/1162590985"
    },
    {
      "type": "Feature",
      "properties": {
        "@id": "way/1162590986",
        "highway": "path"
      },
      "geometry": {
        "type": "LineString",
        "coordinates": [
          [
            77.1149894,
            28.7526728
          ],
          [
            77.1149281,
            28.7526858
          ],
          [
            77.1147671,
            28.7526882
          ],
          [
            77.1147417,
            28.7527103
          ]
        ]
      },
      "id": "way/1162590986"
    },
    {
      "type": "Feature",
      "properties": {
        "@id": "way/1162590987",
        "bridge": "yes",
        "description": "Small Bridge like unique structure popularly called monkey bridge.",
        "highway": "footway",
        "layer": "1",
        "name": "Monkey Bridge"
      },
      "geometry": {
        "type": "LineString",
        "coordinates": [
          [
            77.1147417,
            28.7527103
          ],
          [
            77.1147645,
            28.7527352
          ]
        ]
      },
      "id": "way/1162590987"
    },
    {
      "type": "Feature",
      "properties": {
        "@id": "way/1190346881",
        "highway": "service"
      },
      "geometry": {
        "type": "LineString",
        "coordinates": [
          [
            77.1137951,
            28.7502636
          ],
          [
            77.1151085,
            28.7503312
          ]
        ]
      },
      "id": "way/1190346881"
    },
    {
      "type": "Feature",
      "properties": {
        "@id": "way/1190977760",
        "access": "private",
        "highway": "service"
      },
      "geometry": {
        "type": "LineString",
        "coordinates": [
          [
            77.1199754,
            28.7481676
          ],
          [
            77.1195548,
            28.7477754
          ],
          [
            77.1193839,
            28.7477295
          ],
          [
            77.1192466,
            28.7477869
          ]
        ]
      },
      "id": "way/1190977760"
    },
    {
      "type": "Feature",
      "properties": {
        "@id": "way/1206074126",
        "highway": "residential"
      },
      "geometry": {
        "type": "LineString",
        "coordinates": [
          [
            77.1174198,
            28.7449498
          ],
          [
            77.1173395,
            28.7446842
          ],
          [
            77.1173409,
            28.7446712
          ],
          [
            77.1173474,
            28.74466
          ],
          [
            77.1173629,
            28.74465
          ],
          [
            77.117572,
            28.7445912
          ],
          [
            77.1175843,
            28.7445809
          ],
          [
            77.1175874,
            28.744564
          ],
          [
            77.1175753,
            28.7445449
          ],
          [
            77.1173502,
            28.7443689
          ]
        ]
      },
      "id": "way/1206074126"
    },
    {
      "type": "Feature",
      "properties": {
        "@id": "way/1324926832",
        "access": "private",
        "highway": "service"
      },
      "geometry": {
        "type": "LineString",
        "coordinates": [
          [
            77.1195548,
            28.7477754
          ],
          [
            77.1197028,
            28.7476434
          ],
          [
            77.1197261,
            28.7476328
          ],
          [
            77.1197603,
            28.7476285
          ],
          [
            77.1197926,
            28.7476395
          ],
          [
            77.1202139,
            28.7479995
          ]
        ]
      },
      "id": "way/1324926832"
    },
    {
      "type": "Feature",
      "properties": {
        "@id": "way/1426347079",
        "alt_name": "Samaypuri badli metro road",
        "highway": "secondary",
        "name": "Bawana road"
      },
      "geometry": {
        "type": "LineString",
        "coordinates": [
          [
            77.1191596,
            28.7445701
          ],
          [
            77.1190959,
            28.7445642
          ],
          [
            77.1190111,
            28.7445755
          ],
          [
            77.1187725,
            28.7446066
          ],
          [
            77.1184418,
            28.7446679
          ],
          [
            77.1182685,
            28.7447185
          ],
          [
            77.1179785,
            28.7447957
          ],
          [
            77.1177162,
            28.7448681
          ],
          [
            77.1174198,
            28.7449498
          ],
          [
            77.1170722,
            28.7450456
          ],
          [
            77.1168805,
            28.7450985
          ],
          [
            77.1168501,
            28.7451063
          ],
          [
            77.1159085,
            28.7453494
          ]
        ]
      },
      "id": "way/1426347079"
    },
    {
      "type": "Feature",
      "properties": {
        "@id": "way/1494362327",
        "highway": "residential"
      },
      "geometry": {
        "type": "LineString",
        "coordinates": [
          [
            77.1184641,
            28.7449167
          ],
          [
            77.1187685,
            28.7448501
          ],
          [
            77.1192202,
            28.7447899
          ]
        ]
      },
      "id": "way/1494362327"
    }
  ]
}