{
  "type": "FeatureCollection",
  "generator": "overpass-turbo",
  "copyright": "The data included in this document is from www.openstreetmap.org. The data is made available under ODbL.",
  "timestamp": "2026-08-17T11:19:05Z",
  "features": [
    {
      "type": "Feature",
      "properties": {
        "@id": "relation/5246837",
        "building": "yes",
        "name": "Department of Mechanical Engineering",
        "type": "multipolygon"
      },
      "geometry": {
        "type": "Polygon",
        "coordinates": [
          [
            [
              77.1192068,
              28.7503965
            ],
            [
              77.1187827,
              28.7503259
            ],
            [
              77.1187383,
              28.7503533
            ],
            [
              77.1187055,
              28.7503115
            ],
            [
              77.1182981,
              28.7502371
            ],
            [
              77.11831,
              28.7501797
            ],
            [
              77.1182566,
              28.7501756
            ],
            [
              77.1182577,
              28.750143
            ],
            [
              77.1182054,
              28.750139
            ],
            [
              77.1182066,
              28.7501053
            ],
            [
              77.1181485,
              28.7500972
            ],
            [
              77.1181321,
              28.7500702
            ],
            [
              77.1181597,
              28.7500421
            ],
            [
              77.1182014,
              28.7500486
            ],
            [
              77.1181997,
              28.7499218
            ],
            [
              77.1181488,
              28.7499304
            ],
            [
              77.1181258,
              28.7499146
            ],
            [
              77.118134,
              28.7498901
            ],
            [
              77.1181964,
              28.7498714
            ],
            [
              77.1181899,
              28.7498512
            ],
            [
              77.1182556,
              28.7498368
            ],
            [
              77.1182425,
              28.7498152
            ],
            [
              77.1183033,
              28.749795
            ],
            [
              77.1182868,
              28.7497547
            ],
            [
              77.119115,
              28.7495689
            ],
            [
              77.1191635,
              28.7495623
            ],
            [
              77.1191998,
              28.7497052
            ],
            [
              77.11896,
              28.7497652
            ],
            [
              77.1189769,
              28.7499751
            ],
            [
              77.1189735,
              28.7501968
            ],
            [
              77.1190328,
              28.7502085
            ],
            [
              77.1190394,
              28.7501811
            ],
            [
              77.1190706,
              28.7501595
            ],
            [
              77.1190887,
              28.7501739
            ],
            [
              77.1190903,
              28.750207
            ],
            [
              77.1192378,
              28.7502222
            ],
            [
              77.1192068,
              28.7503965
            ]
          ],
          [
            [
              77.1183011,
              28.7499412
            ],
            [
              77.1183023,
              28.7501237
            ],
            [
              77.1183567,
              28.7501332
            ],
            [
              77.1183488,
              28.7499349
            ],
            [
              77.1183011,
              28.7499412
            ]
          ],
          [
            [
              77.118576,
              28.7501752
            ],
            [
              77.1188328,
              28.7502238
            ],
            [
              77.1188373,
              28.7501237
            ],
            [
              77.1188272,
              28.7500304
            ],
            [
              77.1188407,
              28.7499789
            ],
            [
              77.1188351,
              28.7499283
            ],
            [
              77.1188292,
              28.7498302
            ],
            [
              77.1185611,
              28.7498917
            ],
            [
              77.118576,
              28.749964
            ],
            [
              77.1185828,
              28.7500334
            ],
            [
              77.1185839,
              28.7501008
            ],
            [
              77.118576,
              28.7501752
            ]
          ]
        ]
      },
      "id": "relation/5246837"
    },
    {
      "type": "Feature",
      "properties": {
        "@id": "relation/5246838",
        "building": "yes",
        "type": "multipolygon"
      },
      "geometry": {
        "type": "Polygon",
        "coordinates": [
          [
            [
              77.1178074,
              28.7494151
            ],
            [
              77.1176685,
              28.7493705
            ],
            [
              77.1175177,
              28.7493541
            ],
            [
              77.1173715,
              28.7493664
            ],
            [
              77.1172409,
              28.749395
            ],
            [
              77.1172549,
              28.7494387
            ],
            [
              77.1172487,
              28.7494673
            ],
            [
              77.117216,
              28.7494523
            ],
            [
              77.1172005,
              28.7494237
            ],
            [
              77.1171787,
              28.7494332
            ],
            [
              77.1171896,
              28.7494509
            ],
            [
              77.1171943,
              28.7494877
            ],
            [
              77.1171523,
              28.74947
            ],
            [
              77.1171228,
              28.7494264
            ],
            [
              77.1170994,
              28.7494359
            ],
            [
              77.1170745,
              28.7493909
            ],
            [
              77.1170497,
              28.7494073
            ],
            [
              77.1170263,
              28.7493773
            ],
            [
              77.1170021,
              28.749397
            ],
            [
              77.1168256,
              28.7491136
            ],
            [
              77.1167552,
              28.7491066
            ],
            [
              77.1167773,
              28.7490577
            ],
            [
              77.1165751,
              28.7487299
            ],
            [
              77.116722,
              28.7486646
            ],
            [
              77.1168401,
              28.7488432
            ],
            [
              77.1170096,
              28.7487778
            ],
            [
              77.1171947,
              28.748741
            ],
            [
              77.117162,
              28.7485856
            ],
            [
              77.117106,
              28.7485856
            ],
            [
              77.1170889,
              28.7485692
            ],
            [
              77.1171107,
              28.7485392
            ],
            [
              77.1171496,
              28.7485338
            ],
            [
              77.1171449,
              28.748497
            ],
            [
              77.1173237,
              28.7484724
            ],
            [
              77.1173572,
              28.7487136
            ],
            [
              77.1175364,
              28.748712
            ],
            [
              77.1177261,
              28.7487407
            ],
            [
              77.1177665,
              28.7485621
            ],
            [
              77.1179375,
              28.7485961
            ],
            [
              77.1178852,
              28.7487765
            ],
            [
              77.1180666,
              28.7488306
            ],
            [
              77.1182408,
              28.7489083
            ],
            [
              77.1184693,
              28.7486166
            ],
            [
              77.118701,
              28.7487529
            ],
            [
              77.1187104,
              28.7488238
            ],
            [
              77.1186248,
              28.7488361
            ],
            [
              77.1185875,
              28.7488838
            ],
            [
              77.1186031,
              28.7489588
            ],
            [
              77.1185113,
              28.7489738
            ],
            [
              77.1184818,
              28.7490201
            ],
            [
              77.1184927,
              28.7490869
            ],
            [
              77.1184134,
              28.7490992
            ],
            [
              77.1183496,
              28.749196
            ],
            [
              77.1182843,
              28.7491646
            ],
            [
              77.1182532,
              28.7491701
            ],
            [
              77.1182003,
              28.7491401
            ],
            [
              77.1181475,
              28.749211
            ],
            [
              77.1182765,
              28.7492941
            ],
            [
              77.1182859,
              28.7493596
            ],
            [
              77.117992,
              28.7494114
            ],
            [
              77.1179749,
              28.7494264
            ],
            [
              77.1179158,
              28.7493923
            ],
            [
              77.1178847,
              28.7494318
            ],
            [
              77.1179142,
              28.7494509
            ],
            [
              77.1178816,
              28.7495027
            ],
            [
              77.1178271,
              28.7494809
            ],
            [
              77.117852,
              28.7494496
            ],
            [
              77.1178334,
              28.7494482
            ],
            [
              77.1178132,
              28.7494755
            ],
            [
              77.1177883,
              28.7494809
            ],
            [
              77.1177727,
              28.7494346
            ],
            [
              77.1178074,
              28.7494151
            ]
          ],
          [
            [
              77.1177571,
              28.7491128
            ],
            [
              77.1178631,
              28.7491324
            ],
            [
              77.1179613,
              28.7491854
            ],
            [
              77.1181007,
              28.7489854
            ],
            [
              77.118009,
              28.7489494
            ],
            [
              77.1179915,
              28.7489826
            ],
            [
              77.1179144,
              28.748959
            ],
            [
              77.1179323,
              28.748917
            ],
            [
              77.1178187,
              28.7488829
            ],
            [
              77.1177571,
              28.7491128
            ]
          ],
          [
            [
              77.1169972,
              28.7491428
            ],
            [
              77.1171013,
              28.7491018
            ],
            [
              77.117208,
              28.7490844
            ],
            [
              77.1171668,
              28.7488538
            ],
            [
              77.1170581,
              28.748883
            ],
            [
              77.1170677,
              28.7489236
            ],
            [
              77.1169952,
              28.7489499
            ],
            [
              77.1169781,
              28.748904
            ],
            [
              77.1168711,
              28.7489444
            ],
            [
              77.1169972,
              28.7491428
            ]
          ],
          [
            [
              77.1173733,
              28.7490667
            ],
            [
              77.1174805,
              28.7490527
            ],
            [
              77.1175936,
              28.7490724
            ],
            [
              77.1176448,
              28.7488424
            ],
            [
              77.1175444,
              28.7488367
            ],
            [
              77.1175412,
              28.7488731
            ],
            [
              77.1174597,
              28.7488745
            ],
            [
              77.1174597,
              28.7488297
            ],
            [
              77.1173397,
              28.7488325
            ],
            [
              77.1173733,
              28.7490667
            ]
          ]
        ]
      },
      "id": "relation/5246838"
    },
    {
      "type": "Feature",
      "properties": {
        "@id": "relation/5256578",
        "building": "yes",
        "type": "multipolygon"
      },
      "geometry": {
        "type": "Polygon",
        "coordinates": [
          [
            [
              77.1141776,
              28.7483937
            ],
            [
              77.1143752,
              28.7484
            ],
            [
              77.1143691,
              28.7485449
            ],
            [
              77.1141977,
              28.7485394
            ],
            [
              77.1141987,
              28.7485138
            ],
            [
              77.1141726,
              28.7485129
            ],
            [
              77.1141776,
              28.7483937
            ]
          ],
          [
            [
              77.114336,
              28.7485116
            ],
            [
              77.1143392,
              28.7484337
            ],
            [
              77.114208,
              28.7484295
            ],
            [
              77.1142047,
              28.7485074
            ],
            [
              77.114336,
              28.7485116
            ]
          ]
        ]
      },
      "id": "relation/5256578"
    },
    {
      "type": "Feature",
      "properties": {
        "@id": "relation/15724098",
        "building": "yes",
        "type": "multipolygon"
      },
      "geometry": {
        "type": "Polygon",
        "coordinates": [
          [
            [
              77.1168654,
              28.7467032
            ],
            [
              77.1169936,
              28.7467146
            ],
            [
              77.1171071,
              28.7467682
            ],
            [
              77.1171885,
              28.7468557
            ],
            [
              77.1172256,
              28.746964
            ],
            [
              77.1172126,
              28.7470764
            ],
            [
              77.1171515,
              28.7471759
            ],
            [
              77.1170516,
              28.7472473
            ],
            [
              77.1169281,
              28.7472797
            ],
            [
              77.1167999,
              28.7472683
            ],
            [
              77.1166864,
              28.7472148
            ],
            [
              77.116605,
              28.7471272
            ],
            [
              77.116568,
              28.747019
            ],
            [
              77.116581,
              28.7469065
            ],
            [
              77.1166421,
              28.7468071
            ],
            [
              77.1167419,
              28.7467356
            ],
            [
              77.1168654,
              28.7467032
            ]
          ],
          [
            [
              77.1169732,
              28.7468281
            ],
            [
              77.1168961,
              28.7468124
            ],
            [
              77.116818,
              28.7468237
            ],
            [
              77.1167508,
              28.7468603
            ],
            [
              77.1167048,
              28.7469167
            ],
            [
              77.1166868,
              28.7469843
            ],
            [
              77.1166997,
              28.7470527
            ],
            [
              77.1167415,
              28.7471117
            ],
            [
              77.1168058,
              28.7471521
            ],
            [
              77.1168829,
              28.7471678
            ],
            [
              77.116961,
              28.7471565
            ],
            [
              77.1170282,
              28.7471198
            ],
            [
              77.1170742,
              28.7470634
            ],
            [
              77.1170922,
              28.7469959
            ],
            [
              77.1170793,
              28.7469274
            ],
            [
              77.1170375,
              28.7468685
            ],
            [
              77.1169732,
              28.7468281
            ]
          ]
        ]
      },
      "id": "relation/15724098"
    },
    {
      "type": "Feature",
      "properties": {
        "@id": "way/111215284",
        "building": "yes",
        "name": "Admin Block",
        "type": "admin"
      },
      "geometry": {
        "type": "Polygon",
        "coordinates": [
          [
            [
              77.1163424,
              28.7500777
            ],
            [
              77.1158956,
              28.7496188
            ],
            [
              77.1160353,
              28.7496267
            ],
            [
              77.1162095,
              28.7494771
            ],
            [
              77.11638,
              28.7496473
            ],
            [
              77.1164865,
              28.7496556
            ],
            [
              77.1164081,
              28.7497116
            ],
            [
              77.1165613,
              28.7498539
            ],
            [
              77.1163734,
              28.7499898
            ],
            [
              77.1164081,
              28.7500346
            ],
            [
              77.1163424,
              28.7500777
            ]
          ]
        ]
      },
      "id": "way/111215284"
    },
    {
      "type": "Feature",
      "properties": {
        "@id": "way/350525511",
        "building": "yes"
      },
      "geometry": {
        "type": "Polygon",
        "coordinates": [
          [
            [
              77.116205,
              28.750497
            ],
            [
              77.1169022,
              28.7505214
            ],
            [
              77.1168766,
              28.7506539
            ],
            [
              77.1167836,
              28.7507741
            ],
            [
              77.1166884,
              28.750823
            ],
            [
              77.1165653,
              28.7508442
            ],
            [
              77.1165629,
              28.7508841
            ],
            [
              77.1165118,
              28.75088
            ],
            [
              77.1165118,
              28.7508067
            ],
            [
              77.1163398,
              28.7507557
            ],
            [
              77.116233,
              28.7506323
            ],
            [
              77.116205,
              28.750497
            ]
          ]
        ]
      },
      "id": "way/350525511"
    },
    {
      "type": "Feature",
      "properties": {
        "@id": "way/350525512",
        "building": "yes",
        "type": "auditorium"
      },
      "geometry": {
        "type": "Polygon",
        "coordinates": [
          [
            [
              77.1159778,
              28.7504085
            ],
            [
              77.1161682,
              28.7502541
            ],
            [
              77.1160517,
              28.7501506
            ],
            [
              77.1161388,
              28.7500843
            ],
            [
              77.1162489,
              28.7501924
            ],
            [
              77.116436,
              28.750051
            ],
            [
              77.1165134,
              28.7501232
            ],
            [
              77.1166892,
              28.7502918
            ],
            [
              77.1166794,
              28.750371
            ],
            [
              77.1167139,
              28.7504142
            ],
            [
              77.1167188,
              28.7504776
            ],
            [
              77.1162144,
              28.7504618
            ],
            [
              77.1162127,
              28.7504171
            ],
            [
              77.1159778,
              28.7504085
            ]
          ]
        ]
      },
      "id": "way/350525512"
    },
    {
      "type": "Feature",
      "properties": {
        "@id": "way/350525514",
        "building": "yes",
        "name": "Science Block"
      },
      "geometry": {
        "type": "Polygon",
        "coordinates": [
          [
            [
              77.1172374,
              28.7507181
            ],
            [
              77.1174241,
              28.7507234
            ],
            [
              77.117452,
              28.7507033
            ],
            [
              77.1176574,
              28.7508978
            ],
            [
              77.1179187,
              28.7509006
            ],
            [
              77.1179123,
              28.7506477
            ],
            [
              77.1180797,
              28.7505045
            ],
            [
              77.1180918,
              28.7508437
            ],
            [
              77.1180978,
              28.7509712
            ],
            [
              77.1180962,
              28.751183
            ],
            [
              77.1179893,
              28.7510922
            ],
            [
              77.1179516,
              28.7510908
            ],
            [
              77.1179499,
              28.7510562
            ],
            [
              77.1179236,
              28.7510346
            ],
            [
              77.1177889,
              28.7510346
            ],
            [
              77.1180239,
              28.7512781
            ],
            [
              77.1180616,
              28.7512521
            ],
            [
              77.1180978,
              28.751255
            ],
            [
              77.1181077,
              28.7512766
            ],
            [
              77.1180682,
              28.7513155
            ],
            [
              77.1182276,
              28.7514754
            ],
            [
              77.1180889,
              28.7515796
            ],
            [
              77.1178415,
              28.7513256
            ],
            [
              77.1176936,
              28.7511715
            ],
            [
              77.1176377,
              28.7511743
            ],
            [
              77.1176377,
              28.7511196
            ],
            [
              77.1175473,
              28.751026
            ],
            [
              77.1174077,
              28.7508819
            ],
            [
              77.1173502,
              28.7508805
            ],
            [
              77.1173518,
              28.7508156
            ],
            [
              77.1172374,
              28.7507181
            ]
          ]
        ]
      },
      "id": "way/350525514"
    },
    {
      "type": "Feature",
      "properties": {
        "@id": "way/350590287",
        "building": "yes"
      },
      "geometry": {
        "type": "Polygon",
        "coordinates": [
          [
            [
              77.1190852,
              28.7491197
            ],
            [
              77.1192269,
              28.7490433
            ],
            [
              77.1193262,
              28.7491848
            ],
            [
              77.119308,
              28.7491946
            ],
            [
              77.1193332,
              28.7492305
            ],
            [
              77.1193285,
              28.749233
            ],
            [
              77.11924,
              28.7492807
            ],
            [
              77.1192377,
              28.7492819
            ],
            [
              77.1192105,
              28.7492431
            ],
            [
              77.1191823,
              28.7492582
            ],
            [
              77.1190852,
              28.7491197
            ]
          ]
        ]
      },
      "id": "way/350590287"
    },
    {
      "type": "Feature",
      "properties": {
        "@id": "way/350590293",
        "building": "yes"
      },
      "geometry": {
        "type": "Polygon",
        "coordinates": [
          [
            [
              77.1222328,
              28.74951
            ],
            [
              77.1222911,
              28.7494616
            ],
            [
              77.1223059,
              28.7494779
            ],
            [
              77.1223331,
              28.7494602
            ],
            [
              77.1223518,
              28.7494752
            ],
            [
              77.1223627,
              28.7494684
            ],
            [
              77.1223899,
              28.7494936
            ],
            [
              77.122379,
              28.7495025
            ],
            [
              77.1224031,
              28.749525
            ],
            [
              77.1223205,
              28.7495724
            ],
            [
              77.1223914,
              28.7496522
            ],
            [
              77.1222972,
              28.7497052
            ],
            [
              77.1222282,
              28.749617
            ],
            [
              77.1222989,
              28.7495706
            ],
            [
              77.1222328,
              28.74951
            ]
          ]
        ]
      },
      "id": "way/350590293"
    },
    {
      "type": "Feature",
      "properties": {
        "@id": "way/350590296",
        "building": "yes"
      },
      "geometry": {
        "type": "Polygon",
        "coordinates": [
          [
            [
              77.1178423,
              28.7531255
            ],
            [
              77.117909,
              28.7531829
            ],
            [
              77.1178737,
              28.7532144
            ],
            [
              77.1178887,
              28.7532272
            ],
            [
              77.1178304,
              28.7532793
            ],
            [
              77.1177962,
              28.7532499
            ],
            [
              77.1177789,
              28.7532654
            ],
            [
              77.1177325,
              28.7532255
            ],
            [
              77.1177578,
              28.753203
            ],
            [
              77.1177248,
              28.7531746
            ],
            [
              77.1177917,
              28.7531149
            ],
            [
              77.1178235,
              28.7531423
            ],
            [
              77.1178423,
              28.7531255
            ]
          ]
        ]
      },
      "id": "way/350590296"
    },
    {
      "type": "Feature",
      "properties": {
        "@id": "way/350590308",
        "building": "yes"
      },
      "geometry": {
        "type": "Polygon",
        "coordinates": [
          [
            [
              77.1197417,
              28.7485957
            ],
            [
              77.1198407,
              28.7485128
            ],
            [
              77.1199053,
              28.7485668
            ],
            [
              77.119988,
              28.748641
            ],
            [
              77.1200331,
              28.7486034
            ],
            [
              77.1200628,
              28.7486255
            ],
            [
              77.1200537,
              28.74867
            ],
            [
              77.1199891,
              28.7487113
            ],
            [
              77.1199649,
              28.7486959
            ],
            [
              77.1199649,
              28.748667
            ],
            [
              77.1199297,
              28.748641
            ],
            [
              77.11991,
              28.7486603
            ],
            [
              77.1199264,
              28.7486737
            ],
            [
              77.1198979,
              28.7486969
            ],
            [
              77.1198737,
              28.7486776
            ],
            [
              77.1198484,
              28.7486988
            ],
            [
              77.1197417,
              28.7485957
            ]
          ]
        ]
      },
      "id": "way/350590308"
    },
    {
      "type": "Feature",
      "properties": {
        "@id": "way/350590312",
        "building": "yes",
        "tourism": "hostel",
        "type": "hostel"
      },
      "geometry": {
        "type": "Polygon",
        "coordinates": [
          [
            [
              77.1195939,
              28.7477744
            ],
            [
              77.1197336,
              28.7476616
            ],
            [
              77.119839,
              28.7477672
            ],
            [
              77.1198374,
              28.7477875
            ],
            [
              77.1198605,
              28.7478135
            ],
            [
              77.1198857,
              28.747813
            ],
            [
              77.1200127,
              28.7479273
            ],
            [
              77.119873,
              28.74804
            ],
            [
              77.1197664,
              28.7479392
            ],
            [
              77.1197818,
              28.7479282
            ],
            [
              77.1197697,
              28.7479161
            ],
            [
              77.1198092,
              28.7478877
            ],
            [
              77.1197678,
              28.7478506
            ],
            [
              77.1197495,
              28.7478657
            ],
            [
              77.119745,
              28.7478594
            ],
            [
              77.1197224,
              28.7478798
            ],
            [
              77.1197123,
              28.7478682
            ],
            [
              77.1197014,
              28.7478771
            ],
            [
              77.1195939,
              28.7477744
            ]
          ]
        ]
      },
      "id": "way/350590312"
    },
    {
      "type": "Feature",
      "properties": {
        "@id": "way/350590315",
        "building": "yes"
      },
      "geometry": {
        "type": "Polygon",
        "coordinates": [
          [
            [
              77.1218031,
              28.7496983
            ],
            [
              77.1218311,
              28.749671
            ],
            [
              77.121842,
              28.7496785
            ],
            [
              77.1218669,
              28.7496554
            ],
            [
              77.1218917,
              28.7496738
            ],
            [
              77.1219047,
              28.7496628
            ],
            [
              77.1219204,
              28.7496802
            ],
            [
              77.1219455,
              28.7496752
            ],
            [
              77.1219554,
              28.7496799
            ],
            [
              77.1219558,
              28.7496894
            ],
            [
              77.1219642,
              28.7496883
            ],
            [
              77.1219636,
              28.7496799
            ],
            [
              77.1220007,
              28.7496569
            ],
            [
              77.1220274,
              28.7496403
            ],
            [
              77.1220606,
              28.7496667
            ],
            [
              77.1220514,
              28.7496726
            ],
            [
              77.1220832,
              28.7497028
            ],
            [
              77.1219913,
              28.7497607
            ],
            [
              77.1219462,
              28.7497091
            ],
            [
              77.1218716,
              28.7497631
            ],
            [
              77.1218031,
              28.7496983
            ]
          ]
        ]
      },
      "id": "way/350590315"
    },
    {
      "type": "Feature",
      "properties": {
        "@id": "way/350590318",
        "building": "yes"
      },
      "geometry": {
        "type": "Polygon",
        "coordinates": [
          [
            [
              77.1221134,
              28.7496295
            ],
            [
              77.1221006,
              28.7496358
            ],
            [
              77.1220684,
              28.7496013
            ],
            [
              77.122111,
              28.7495767
            ],
            [
              77.1220837,
              28.7495462
            ],
            [
              77.122096,
              28.7495349
            ],
            [
              77.122107,
              28.7495435
            ],
            [
              77.1221241,
              28.7495312
            ],
            [
              77.1221404,
              28.7495414
            ],
            [
              77.1221591,
              28.7495309
            ],
            [
              77.1221124,
              28.7494893
            ],
            [
              77.122128,
              28.7494791
            ],
            [
              77.1221039,
              28.7494566
            ],
            [
              77.1221338,
              28.7494344
            ],
            [
              77.1221249,
              28.7494269
            ],
            [
              77.1221605,
              28.7494006
            ],
            [
              77.122242,
              28.74948
            ],
            [
              77.1221728,
              28.74953
            ],
            [
              77.1222339,
              28.7495921
            ],
            [
              77.1221315,
              28.7496519
            ],
            [
              77.1221134,
              28.7496295
            ]
          ]
        ]
      },
      "id": "way/350590318"
    },
    {
      "type": "Feature",
      "properties": {
        "@id": "way/350590327",
        "building": "yes",
        "name": "Sister Nivedita Hostel",
        "tourism": "hostel",
        "type": "hostel"
      },
      "geometry": {
        "type": "Polygon",
        "coordinates": [
          [
            [
              77.1180341,
              28.7479283
            ],
            [
              77.1180794,
              28.7477763
            ],
            [
              77.1180435,
              28.7477684
            ],
            [
              77.1181187,
              28.7475138
            ],
            [
              77.1183143,
              28.747559
            ],
            [
              77.1183041,
              28.7475884
            ],
            [
              77.1183297,
              28.7475948
            ],
            [
              77.1183226,
              28.7476169
            ],
            [
              77.1183476,
              28.7476231
            ],
            [
              77.118335,
              28.7476619
            ],
            [
              77.1183854,
              28.7476745
            ],
            [
              77.1183539,
              28.7477716
            ],
            [
              77.1183913,
              28.7477809
            ],
            [
              77.1183224,
              28.7479933
            ],
            [
              77.1182312,
              28.7479709
            ],
            [
              77.1182238,
              28.7479942
            ],
            [
              77.1182073,
              28.7480071
            ],
            [
              77.1181934,
              28.7480042
            ],
            [
              77.1181835,
              28.7479848
            ],
            [
              77.1181865,
              28.7479631
            ],
            [
              77.1180341,
              28.7479283
            ]
          ]
        ]
      },
      "id": "way/350590327"
    },
    {
      "type": "Feature",
      "properties": {
        "@id": "way/350590328",
        "building": "yes",
        "healthcare": "yes",
        "name": "DTU HealthCare Facility",
        "type": "misc"
      },
      "geometry": {
        "type": "Polygon",
        "coordinates": [
          [
            [
              77.1193496,
              28.746901
            ],
            [
              77.1192748,
              28.7468248
            ],
            [
              77.1192924,
              28.746765
            ],
            [
              77.1192506,
              28.7467274
            ],
            [
              77.1192869,
              28.7466975
            ],
            [
              77.1192484,
              28.7466474
            ],
            [
              77.1193305,
              28.7465835
            ],
            [
              77.1193486,
              28.7465998
            ],
            [
              77.1193605,
              28.7465882
            ],
            [
              77.1193935,
              28.7466147
            ],
            [
              77.1194242,
              28.74659
            ],
            [
              77.1194815,
              28.7465424
            ],
            [
              77.1195282,
              28.7465883
            ],
            [
              77.119686,
              28.7467429
            ],
            [
              77.1195651,
              28.7468171
            ],
            [
              77.1195255,
              28.7467776
            ],
            [
              77.1194969,
              28.7467766
            ],
            [
              77.1194628,
              28.7468026
            ],
            [
              77.1194749,
              28.7468229
            ],
            [
              77.1194276,
              28.7468499
            ],
            [
              77.1194188,
              28.7468807
            ],
            [
              77.1193858,
              28.746899
            ],
            [
              77.1193496,
              28.746901
            ]
          ]
        ]
      },
      "id": "way/350590328"
    },
    {
      "type": "Feature",
      "properties": {
        "@id": "way/350590331",
        "building": "yes",
        "type": "atm"
      },
      "geometry": {
        "type": "Polygon",
        "coordinates": [
          [
            [
              77.1192549,
              28.7477074
            ],
            [
              77.1191691,
              28.7476293
            ],
            [
              77.1193022,
              28.7475291
            ],
            [
              77.119322,
              28.7475445
            ],
            [
              77.1193286,
              28.7475377
            ],
            [
              77.1192904,
              28.7475039
            ],
            [
              77.1192788,
              28.7475097
            ],
            [
              77.119261,
              28.7474936
            ],
            [
              77.1192437,
              28.7474929
            ],
            [
              77.1192021,
              28.7474491
            ],
            [
              77.1192956,
              28.7473806
            ],
            [
              77.1193374,
              28.7474163
            ],
            [
              77.1194165,
              28.7474953
            ],
            [
              77.1195356,
              28.7474086
            ],
            [
              77.1196101,
              28.747478
            ],
            [
              77.1194796,
              28.7475831
            ],
            [
              77.1195661,
              28.7476756
            ],
            [
              77.1194693,
              28.747746
            ],
            [
              77.1193407,
              28.7476178
            ],
            [
              77.1193099,
              28.747639
            ],
            [
              77.1193151,
              28.7476574
            ],
            [
              77.1192948,
              28.747668
            ],
            [
              77.1192988,
              28.7476819
            ],
            [
              77.1192549,
              28.7477074
            ]
          ]
        ]
      },
      "id": "way/350590331"
    },
    {
      "type": "Feature",
      "properties": {
        "@id": "way/350590333",
        "building": "yes"
      },
      "geometry": {
        "type": "Polygon",
        "coordinates": [
          [
            [
              77.1208048,
              28.7485318
            ],
            [
              77.120719,
              28.7484537
            ],
            [
              77.120852,
              28.7483534
            ],
            [
              77.1208718,
              28.7483689
            ],
            [
              77.1208784,
              28.7483621
            ],
            [
              77.1208403,
              28.7483283
            ],
            [
              77.1208287,
              28.7483341
            ],
            [
              77.1208108,
              28.7483179
            ],
            [
              77.1207935,
              28.7483173
            ],
            [
              77.120752,
              28.7482734
            ],
            [
              77.1208454,
              28.748205
            ],
            [
              77.1208872,
              28.7482407
            ],
            [
              77.1209664,
              28.7483197
            ],
            [
              77.1210855,
              28.748233
            ],
            [
              77.1211599,
              28.7483024
            ],
            [
              77.1210294,
              28.7484075
            ],
            [
              77.1211159,
              28.7485
            ],
            [
              77.1210192,
              28.7485703
            ],
            [
              77.1208905,
              28.7484421
            ],
            [
              77.1208663,
              28.7484585
            ],
            [
              77.1208795,
              28.7484701
            ],
            [
              77.1208572,
              28.7484837
            ],
            [
              77.1208575,
              28.7484976
            ],
            [
              77.1208048,
              28.7485318
            ]
          ]
        ]
      },
      "id": "way/350590333"
    },
    {
      "type": "Feature",
      "properties": {
        "@id": "way/350590335",
        "building": "yes"
      },
      "geometry": {
        "type": "Polygon",
        "coordinates": [
          [
            [
              77.1219297,
              28.749893
            ],
            [
              77.1219032,
              28.7499176
            ],
            [
              77.12187,
              28.7498895
            ],
            [
              77.121883,
              28.7498767
            ],
            [
              77.1218597,
              28.7498576
            ],
            [
              77.1218779,
              28.7498417
            ],
            [
              77.1218639,
              28.7498311
            ],
            [
              77.1219215,
              28.7497859
            ],
            [
              77.1219815,
              28.7498377
            ],
            [
              77.1220469,
              28.7497886
            ],
            [
              77.1220769,
              28.7498106
            ],
            [
              77.1221017,
              28.7498159
            ],
            [
              77.1221099,
              28.7498381
            ],
            [
              77.1221327,
              28.7498579
            ],
            [
              77.1220718,
              28.74991
            ],
            [
              77.1220577,
              28.7498984
            ],
            [
              77.1220648,
              28.7498925
            ],
            [
              77.1220584,
              28.7498858
            ],
            [
              77.1220495,
              28.7498929
            ],
            [
              77.1220385,
              28.7498837
            ],
            [
              77.1220272,
              28.7498909
            ],
            [
              77.121985,
              28.7498504
            ],
            [
              77.1219681,
              28.7498617
            ],
            [
              77.1219697,
              28.7498728
            ],
            [
              77.1219443,
              28.7498946
            ],
            [
              77.1219297,
              28.749893
            ]
          ]
        ]
      },
      "id": "way/350590335"
    },
    {
      "type": "Feature",
      "properties": {
        "@id": "way/350590336",
        "building": "yes"
      },
      "geometry": {
        "type": "Polygon",
        "coordinates": [
          [
            [
              77.1206127,
              28.7481342
            ],
            [
              77.1204863,
              28.7482296
            ],
            [
              77.1204012,
              28.7481465
            ],
            [
              77.1204836,
              28.7480756
            ],
            [
              77.1205023,
              28.7480933
            ],
            [
              77.1205179,
              28.7480824
            ],
            [
              77.1203826,
              28.7479515
            ],
            [
              77.1204739,
              28.7478875
            ],
            [
              77.1205147,
              28.7479311
            ],
            [
              77.1205832,
              28.7480047
            ],
            [
              77.1206018,
              28.7479883
            ],
            [
              77.1205816,
              28.7479679
            ],
            [
              77.1207122,
              28.7478656
            ],
            [
              77.1207977,
              28.7479488
            ],
            [
              77.1206842,
              28.7480279
            ],
            [
              77.1208024,
              28.7481506
            ],
            [
              77.1207029,
              28.7482228
            ],
            [
              77.1206485,
              28.7481717
            ],
            [
              77.1206543,
              28.7481676
            ],
            [
              77.1206306,
              28.7481478
            ],
            [
              77.1206438,
              28.7481335
            ],
            [
              77.1206345,
              28.7481253
            ],
            [
              77.1206174,
              28.7481219
            ],
            [
              77.1205972,
              28.7481029
            ],
            [
              77.1205909,
              28.7481097
            ],
            [
              77.1206127,
              28.7481342
            ]
          ]
        ]
      },
      "id": "way/350590336"
    },
    {
      "type": "Feature",
      "properties": {
        "@id": "way/350590337",
        "addr:city": "Delhi",
        "addr:postcode": "110042",
        "addr:street": "Yamuna Marg",
        "building": "yes",
        "building:levels": "4",
        "name": "HJB Hostel",
        "type": "hostel"
      },
      "geometry": {
        "type": "Polygon",
        "coordinates": [
          [
            [
              77.1134048,
              28.7512902
            ],
            [
              77.1133517,
              28.7512897
            ],
            [
              77.1133468,
              28.7512766
            ],
            [
              77.1133319,
              28.7512678
            ],
            [
              77.1133323,
              28.7512163
            ],
            [
              77.1132787,
              28.7511762
            ],
            [
              77.1132818,
              28.7510646
            ],
            [
              77.1132943,
              28.7510649
            ],
            [
              77.1133003,
              28.7508413
            ],
            [
              77.1133394,
              28.7508432
            ],
            [
              77.1133415,
              28.7508106
            ],
            [
              77.1133921,
              28.7508131
            ],
            [
              77.1133932,
              28.7507808
            ],
            [
              77.1135287,
              28.7507875
            ],
            [
              77.113538,
              28.7508917
            ],
            [
              77.1136919,
              28.751051
            ],
            [
              77.1138612,
              28.7510593
            ],
            [
              77.1138512,
              28.7512133
            ],
            [
              77.1138318,
              28.7512123
            ],
            [
              77.1138584,
              28.7512586
            ],
            [
              77.1138095,
              28.7512956
            ],
            [
              77.113806,
              28.7513111
            ],
            [
              77.1137539,
              28.7513093
            ],
            [
              77.1137538,
              28.7512755
            ],
            [
              77.1134063,
              28.751265
            ],
            [
              77.1134048,
              28.7512902
            ]
          ]
        ]
      },
      "id": "way/350590337"
    },
    {
      "type": "Feature",
      "properties": {
        "@id": "way/350590338",
        "building": "yes"
      },
      "geometry": {
        "type": "Polygon",
        "coordinates": [
          [
            [
              77.1197928,
              28.7473463
            ],
            [
              77.1196664,
              28.7474417
            ],
            [
              77.1195813,
              28.7473586
            ],
            [
              77.1196637,
              28.7472877
            ],
            [
              77.1196823,
              28.7473054
            ],
            [
              77.1196979,
              28.7472945
            ],
            [
              77.1195626,
              28.7471636
            ],
            [
              77.1196539,
              28.7470996
            ],
            [
              77.1196948,
              28.7471432
            ],
            [
              77.1197632,
              28.7472168
            ],
            [
              77.1197819,
              28.7472004
            ],
            [
              77.1197617,
              28.74718
            ],
            [
              77.1198923,
              28.7470777
            ],
            [
              77.1199778,
              28.7471609
            ],
            [
              77.1198643,
              28.74724
            ],
            [
              77.1199825,
              28.7473627
            ],
            [
              77.1198829,
              28.7474349
            ],
            [
              77.1198285,
              28.7473838
            ],
            [
              77.1198343,
              28.7473797
            ],
            [
              77.1198106,
              28.7473599
            ],
            [
              77.1198238,
              28.7473456
            ],
            [
              77.1198145,
              28.7473374
            ],
            [
              77.1197974,
              28.747334
            ],
            [
              77.119771,
              28.7473218
            ],
            [
              77.1197928,
              28.7473463
            ]
          ]
        ]
      },
      "id": "way/350590338"
    },
    {
      "type": "Feature",
      "properties": {
        "@id": "way/350590340",
        "amenity": "food_court",
        "building": "yes",
        "name": "DTU Canteen",
        "type": "canteen"
      },
      "geometry": {
        "type": "Polygon",
        "coordinates": [
          [
            [
              77.1186185,
              28.7493967
            ],
            [
              77.1186487,
              28.7493866
            ],
            [
              77.1186301,
              28.7493479
            ],
            [
              77.1186011,
              28.749358
            ],
            [
              77.1185941,
              28.7493397
            ],
            [
              77.1185949,
              28.7492868
            ],
            [
              77.1186011,
              28.7492399
            ],
            [
              77.1186452,
              28.7491411
            ],
            [
              77.1187348,
              28.7490808
            ],
            [
              77.1187463,
              28.7491044
            ],
            [
              77.1188102,
              28.7490983
            ],
            [
              77.1188672,
              28.7491024
            ],
            [
              77.1188695,
              28.7491288
            ],
            [
              77.1189101,
              28.7491563
            ],
            [
              77.118945,
              28.7491879
            ],
            [
              77.1189694,
              28.7491961
            ],
            [
              77.1189926,
              28.7492154
            ],
            [
              77.1189973,
              28.749248
            ],
            [
              77.1189706,
              28.7492684
            ],
            [
              77.1189287,
              28.7492786
            ],
            [
              77.1189427,
              28.749301
            ],
            [
              77.1189241,
              28.7493071
            ],
            [
              77.1189415,
              28.7493387
            ],
            [
              77.1189578,
              28.7493529
            ],
            [
              77.1189473,
              28.7493774
            ],
            [
              77.1189729,
              28.7494263
            ],
            [
              77.1189184,
              28.7494455
            ],
            [
              77.1189311,
              28.7494762
            ],
            [
              77.1189427,
              28.7495047
            ],
            [
              77.1188462,
              28.7495159
            ],
            [
              77.1187475,
              28.7495006
            ],
            [
              77.1186882,
              28.7494731
            ],
            [
              77.1186278,
              28.749412
            ],
            [
              77.1186185,
              28.7493967
            ]
          ]
        ]
      },
      "id": "way/350590340"
    },
    {
      "type": "Feature",
      "properties": {
        "@id": "way/350590342",
        "building": "yes",
        "building:levels": "0",
        "name": "DTU Gymnasium",
        "type": "sports"
      },
      "geometry": {
        "type": "Polygon",
        "coordinates": [
          [
            [
              77.1150508,
              28.753422
            ],
            [
              77.1153376,
              28.753433
            ],
            [
              77.1153167,
              28.7537824
            ],
            [
              77.1150379,
              28.7537737
            ],
            [
              77.1150508,
              28.753422
            ]
          ]
        ]
      },
      "id": "way/350590342"
    },
    {
      "type": "Feature",
      "properties": {
        "@id": "way/350590344",
        "building": "yes",
        "building:levels": "4",
        "name": "VVS Hostel",
        "type": "hostel"
      },
      "geometry": {
        "type": "Polygon",
        "coordinates": [
          [
            [
              77.1138542,
              28.7512848
            ],
            [
              77.1143971,
              28.7513045
            ],
            [
              77.114374,
              28.7517941
            ],
            [
              77.1138311,
              28.7517744
            ],
            [
              77.1138542,
              28.7512848
            ]
          ]
        ]
      },
      "id": "way/350590344"
    },
    {
      "type": "Feature",
      "properties": {
        "@id": "way/350590347",
        "addr:city": "Delhi",
        "addr:postcode": "110042",
        "addr:street": "Yamuna Marg",
        "building": "yes",
        "building:levels": "4",
        "name": "VMH Hostel",
        "type": "hostel"
      },
      "geometry": {
        "type": "Polygon",
        "coordinates": [
          [
            [
              77.1132924,
              28.7521585
            ],
            [
              77.1133238,
              28.7517975
            ],
            [
              77.1137371,
              28.7518179
            ],
            [
              77.1137115,
              28.7521782
            ],
            [
              77.1132924,
              28.7521585
            ]
          ]
        ]
      },
      "id": "way/350590347"
    },
    {
      "type": "Feature",
      "properties": {
        "@id": "way/350590348",
        "addr:city": "Delhi",
        "addr:postcode": "110042",
        "addr:street": "Yamuna Marg",
        "building": "yes",
        "building:levels": "4",
        "name": "BCH Hostel",
        "type": "hostel"
      },
      "geometry": {
        "type": "Polygon",
        "coordinates": [
          [
            [
              77.1128006,
              28.7516337
            ],
            [
              77.1128166,
              28.7512978
            ],
            [
              77.1132249,
              28.7513127
            ],
            [
              77.1132089,
              28.7516487
            ],
            [
              77.1128006,
              28.7516337
            ]
          ]
        ]
      },
      "id": "way/350590348"
    },
    {
      "type": "Feature",
      "properties": {
        "@id": "way/350590350",
        "addr:city": "Delhi",
        "addr:postcode": "110042",
        "addr:street": "Yamuna Marg",
        "building": "yes",
        "building:levels": "4",
        "name": "JCB Hostel",
        "type": "hostel"
      },
      "geometry": {
        "type": "Polygon",
        "coordinates": [
          [
            [
              77.1145547,
              28.752374
            ],
            [
              77.1145849,
              28.7520047
            ],
            [
              77.1149904,
              28.7520301
            ],
            [
              77.1149602,
              28.7523994
            ],
            [
              77.1145547,
              28.752374
            ]
          ]
        ]
      },
      "id": "way/350590350"
    },
    {
      "type": "Feature",
      "properties": {
        "@id": "way/350590351",
        "building": "yes"
      },
      "geometry": {
        "type": "Polygon",
        "coordinates": [
          [
            [
              77.1188692,
              28.747822
            ],
            [
              77.1190414,
              28.7476698
            ],
            [
              77.1192079,
              28.7478145
            ],
            [
              77.1190357,
              28.7479667
            ],
            [
              77.1188692,
              28.747822
            ]
          ]
        ]
      },
      "id": "way/350590351"
    },
    {
      "type": "Feature",
      "properties": {
        "@id": "way/350590352",
        "addr:city": "Delhi",
        "addr:postcode": "110042",
        "addr:street": "Yamuna Marg",
        "building": "yes",
        "building:levels": "4",
        "name": "CVR Hostel",
        "type": "hostel"
      },
      "geometry": {
        "type": "Polygon",
        "coordinates": [
          [
            [
              77.1139579,
              28.7527975
            ],
            [
              77.1139899,
              28.7524521
            ],
            [
              77.1144011,
              28.752483
            ],
            [
              77.1143814,
              28.7528277
            ],
            [
              77.1139579,
              28.7527975
            ]
          ]
        ]
      },
      "id": "way/350590352"
    },
    {
      "type": "Feature",
      "properties": {
        "@id": "way/350590353",
        "building": "yes"
      },
      "geometry": {
        "type": "Polygon",
        "coordinates": [
          [
            [
              77.1176793,
              28.7531197
            ],
            [
              77.1177109,
              28.7525554
            ],
            [
              77.1178418,
              28.752674
            ],
            [
              77.1178912,
              28.7526807
            ],
            [
              77.1178836,
              28.7528176
            ],
            [
              77.1179605,
              28.7528214
            ],
            [
              77.1179638,
              28.7526903
            ],
            [
              77.1180067,
              28.7526894
            ],
            [
              77.1180045,
              28.7525968
            ],
            [
              77.1181474,
              28.752487
            ],
            [
              77.1181485,
              28.7525506
            ],
            [
              77.1182713,
              28.7525503
            ],
            [
              77.1182669,
              28.7526997
            ],
            [
              77.1181309,
              28.7526942
            ],
            [
              77.1181452,
              28.7527058
            ],
            [
              77.1181441,
              28.7527222
            ],
            [
              77.118154,
              28.7527308
            ],
            [
              77.118154,
              28.7527646
            ],
            [
              77.1181386,
              28.7527646
            ],
            [
              77.1181386,
              28.7527867
            ],
            [
              77.1181507,
              28.7527954
            ],
            [
              77.1181485,
              28.7528282
            ],
            [
              77.1181353,
              28.7528263
            ],
            [
              77.1181298,
              28.752887
            ],
            [
              77.1182596,
              28.752888
            ],
            [
              77.1182563,
              28.7529882
            ],
            [
              77.1181562,
              28.7529872
            ],
            [
              77.1181562,
              28.7529612
            ],
            [
              77.1181375,
              28.7529612
            ],
            [
              77.1181353,
              28.7529959
            ],
            [
              77.118121,
              28.752994
            ],
            [
              77.1181134,
              28.7531299
            ],
            [
              77.1179902,
              28.7530171
            ],
            [
              77.1179924,
              28.7529921
            ],
            [
              77.1179528,
              28.7529921
            ],
            [
              77.1179528,
              28.7529352
            ],
            [
              77.1179891,
              28.7529362
            ],
            [
              77.1179902,
              28.7529256
            ],
            [
              77.1179561,
              28.7529246
            ],
            [
              77.1179583,
              28.7528754
            ],
            [
              77.1178759,
              28.7528754
            ],
            [
              77.1178726,
              28.7529901
            ],
            [
              77.1178275,
              28.7529892
            ],
            [
              77.1178285,
              28.7530049
            ],
            [
              77.1176793,
              28.7531197
            ]
          ]
        ]
      },
      "id": "way/350590353"
    },
    {
      "type": "Feature",
      "properties": {
        "@id": "way/350590357",
        "building": "yes",
        "name": "DTU Guest House",
        "tourism": "guest_house",
        "type": "misc"
      },
      "geometry": {
        "type": "Polygon",
        "coordinates": [
          [
            [
              77.1200757,
              28.7474306
            ],
            [
              77.1203152,
              28.7476351
            ],
            [
              77.1202193,
              28.7477214
            ],
            [
              77.1201965,
              28.7477019
            ],
            [
              77.1201322,
              28.7477599
            ],
            [
              77.1201313,
              28.7477592
            ],
            [
              77.120044,
              28.7476846
            ],
            [
              77.1201145,
              28.7476238
            ],
            [
              77.119986,
              28.7475114
            ],
            [
              77.1200757,
              28.7474306
            ]
          ]
        ]
      },
      "id": "way/350590357"
    },
    {
      "type": "Feature",
      "properties": {
        "@id": "way/350771861",
        "building": "yes"
      },
      "geometry": {
        "type": "Polygon",
        "coordinates": [
          [
            [
              77.1187105,
              28.7471624
            ],
            [
              77.1186528,
              28.7471049
            ],
            [
              77.1187184,
              28.7470573
            ],
            [
              77.1187704,
              28.7471069
            ],
            [
              77.1188451,
              28.7470523
            ],
            [
              77.1189095,
              28.7471151
            ],
            [
              77.1188326,
              28.7471644
            ],
            [
              77.1188937,
              28.7472319
            ],
            [
              77.1188212,
              28.7472778
            ],
            [
              77.1187648,
              28.747221
            ],
            [
              77.1187048,
              28.7472686
            ],
            [
              77.1186482,
              28.747215
            ],
            [
              77.1187105,
              28.7471624
            ]
          ]
        ]
      },
      "id": "way/350771861"
    },
    {
      "type": "Feature",
      "properties": {
        "@id": "way/350771863",
        "building": "yes"
      },
      "geometry": {
        "type": "Polygon",
        "coordinates": [
          [
            [
              77.1190359,
              28.7471178
            ],
            [
              77.1189749,
              28.7470592
            ],
            [
              77.1189115,
              28.7470959
            ],
            [
              77.1188617,
              28.7470454
            ],
            [
              77.1189262,
              28.7469987
            ],
            [
              77.1188697,
              28.7469372
            ],
            [
              77.1189375,
              28.7468926
            ],
            [
              77.118993,
              28.7469432
            ],
            [
              77.119062,
              28.7468916
            ],
            [
              77.1191264,
              28.7469551
            ],
            [
              77.1190574,
              28.7470027
            ],
            [
              77.1191129,
              28.7470692
            ],
            [
              77.1190359,
              28.7471178
            ]
          ]
        ]
      },
      "id": "way/350771863"
    },
    {
      "type": "Feature",
      "properties": {
        "@id": "way/350771866",
        "building": "yes"
      },
      "geometry": {
        "type": "Polygon",
        "coordinates": [
          [
            [
              77.118837,
              28.7466628
            ],
            [
              77.1188978,
              28.7466074
            ],
            [
              77.1188434,
              28.7465527
            ],
            [
              77.1189018,
              28.7465064
            ],
            [
              77.1189626,
              28.7465576
            ],
            [
              77.1190322,
              28.7465022
            ],
            [
              77.1190918,
              28.746556
            ],
            [
              77.119025,
              28.7466144
            ],
            [
              77.1190842,
              28.746674
            ],
            [
              77.1190206,
              28.7467278
            ],
            [
              77.1189594,
              28.7466705
            ],
            [
              77.1188962,
              28.7467238
            ],
            [
              77.118837,
              28.7466628
            ]
          ]
        ]
      },
      "id": "way/350771866"
    },
    {
      "type": "Feature",
      "properties": {
        "@id": "way/350771867",
        "building": "yes"
      },
      "geometry": {
        "type": "Polygon",
        "coordinates": [
          [
            [
              77.1220141,
              28.7494314
            ],
            [
              77.1219485,
              28.7493585
            ],
            [
              77.1220173,
              28.7493024
            ],
            [
              77.1219599,
              28.7492433
            ],
            [
              77.1220143,
              28.749197
            ],
            [
              77.1220285,
              28.7492084
            ],
            [
              77.1220509,
              28.7491916
            ],
            [
              77.1220733,
              28.7492098
            ],
            [
              77.1220861,
              28.7492014
            ],
            [
              77.1221325,
              28.7492421
            ],
            [
              77.1220477,
              28.7493024
            ],
            [
              77.1221117,
              28.7493655
            ],
            [
              77.1220141,
              28.7494314
            ]
          ]
        ]
      },
      "id": "way/350771867"
    },
    {
      "type": "Feature",
      "properties": {
        "@id": "way/350771874",
        "building": "yes"
      },
      "geometry": {
        "type": "Polygon",
        "coordinates": [
          [
            [
              77.1217339,
              28.7490288
            ],
            [
              77.1217611,
              28.749005
            ],
            [
              77.1218154,
              28.7490496
            ],
            [
              77.1218076,
              28.7490579
            ],
            [
              77.1218448,
              28.7490903
            ],
            [
              77.121778,
              28.7491389
            ],
            [
              77.1217497,
              28.7491161
            ],
            [
              77.1217384,
              28.749124
            ],
            [
              77.1216909,
              28.7490883
            ],
            [
              77.1216502,
              28.749132
            ],
            [
              77.12164,
              28.7491221
            ],
            [
              77.1216083,
              28.7491498
            ],
            [
              77.1215789,
              28.7491211
            ],
            [
              77.1215891,
              28.7491092
            ],
            [
              77.1215552,
              28.7490844
            ],
            [
              77.121571,
              28.7490725
            ],
            [
              77.1215857,
              28.7490854
            ],
            [
              77.1215959,
              28.7490735
            ],
            [
              77.1215789,
              28.7490596
            ],
            [
              77.1216332,
              28.7490149
            ],
            [
              77.1216956,
              28.7490628
            ],
            [
              77.1217339,
              28.7490288
            ]
          ]
        ]
      },
      "id": "way/350771874"
    },
    {
      "type": "Feature",
      "properties": {
        "@id": "way/350771876",
        "building": "yes",
        "name": "VSH-Block 4",
        "tourism": "hostel",
        "type": "hostel"
      },
      "geometry": {
        "type": "Polygon",
        "coordinates": [
          [
            [
              77.1176945,
              28.7465408
            ],
            [
              77.1177413,
              28.7465059
            ],
            [
              77.11776,
              28.7465213
            ],
            [
              77.1178053,
              28.7464847
            ],
            [
              77.1177662,
              28.7464475
            ],
            [
              77.117818,
              28.7464056
            ],
            [
              77.1178582,
              28.7464449
            ],
            [
              77.1178442,
              28.7464576
            ],
            [
              77.117869,
              28.7464824
            ],
            [
              77.1178939,
              28.7464641
            ],
            [
              77.1179167,
              28.7464471
            ],
            [
              77.1179655,
              28.7464917
            ],
            [
              77.1179261,
              28.7465178
            ],
            [
              77.117912,
              28.7465029
            ],
            [
              77.1178758,
              28.7465302
            ],
            [
              77.1178877,
              28.7465401
            ],
            [
              77.1178652,
              28.7465582
            ],
            [
              77.1179108,
              28.7466061
            ],
            [
              77.1178726,
              28.7466377
            ],
            [
              77.1178153,
              28.7465818
            ],
            [
              77.1178407,
              28.7465599
            ],
            [
              77.1178075,
              28.7465296
            ],
            [
              77.1177402,
              28.746586
            ],
            [
              77.1176945,
              28.7465408
            ]
          ]
        ]
      },
      "id": "way/350771876"
    },
    {
      "type": "Feature",
      "properties": {
        "@id": "way/350771885",
        "building": "yes"
      },
      "geometry": {
        "type": "Polygon",
        "coordinates": [
          [
            [
              77.1218238,
              28.7493026
            ],
            [
              77.1218068,
              28.7492897
            ],
            [
              77.1218216,
              28.7492778
            ],
            [
              77.1218351,
              28.7492916
            ],
            [
              77.1218702,
              28.7492579
            ],
            [
              77.1218311,
              28.7492201
            ],
            [
              77.1218476,
              28.7492034
            ],
            [
              77.1218249,
              28.7491855
            ],
            [
              77.1218498,
              28.7491617
            ],
            [
              77.1218419,
              28.7491449
            ],
            [
              77.1218707,
              28.7491259
            ],
            [
              77.1219064,
              28.7491647
            ],
            [
              77.1219234,
              28.7491488
            ],
            [
              77.1219358,
              28.7491597
            ],
            [
              77.1219234,
              28.7491716
            ],
            [
              77.1219596,
              28.7492073
            ],
            [
              77.12192,
              28.7492381
            ],
            [
              77.1219369,
              28.749251
            ],
            [
              77.121903,
              28.7492807
            ],
            [
              77.1219494,
              28.7493135
            ],
            [
              77.1218906,
              28.749364
            ],
            [
              77.1218792,
              28.7493561
            ],
            [
              77.1218544,
              28.7493759
            ],
            [
              77.121834,
              28.7493631
            ],
            [
              77.1217887,
              28.7493323
            ],
            [
              77.1218238,
              28.7493026
            ]
          ]
        ]
      },
      "id": "way/350771885"
    },
    {
      "type": "Feature",
      "properties": {
        "@id": "way/350804844",
        "building": "yes"
      },
      "geometry": {
        "type": "Polygon",
        "coordinates": [
          [
            [
              77.1187111,
              28.7474042
            ],
            [
              77.1186534,
              28.7473467
            ],
            [
              77.118719,
              28.7472991
            ],
            [
              77.118771,
              28.7473487
            ],
            [
              77.1188457,
              28.7472941
            ],
            [
              77.1189101,
              28.7473569
            ],
            [
              77.1188332,
              28.7474062
            ],
            [
              77.1188943,
              28.7474737
            ],
            [
              77.1188218,
              28.7475196
            ],
            [
              77.1187654,
              28.7474628
            ],
            [
              77.1187054,
              28.7475104
            ],
            [
              77.1186488,
              28.7474568
            ],
            [
              77.1187111,
              28.7474042
            ]
          ]
        ]
      },
      "id": "way/350804844"
    },
    {
      "type": "Feature",
      "properties": {
        "@id": "way/350804845",
        "building": "yes"
      },
      "geometry": {
        "type": "Polygon",
        "coordinates": [
          [
            [
              77.1186175,
              28.7464583
            ],
            [
              77.1187039,
              28.7464205
            ],
            [
              77.1186799,
              28.7463784
            ],
            [
              77.1187447,
              28.7463482
            ],
            [
              77.1187727,
              28.7464001
            ],
            [
              77.1188526,
              28.7463616
            ],
            [
              77.118883,
              28.7464159
            ],
            [
              77.118787,
              28.7464576
            ],
            [
              77.1188286,
              28.7465151
            ],
            [
              77.1187654,
              28.7465456
            ],
            [
              77.1187271,
              28.7464836
            ],
            [
              77.1186575,
              28.7465137
            ],
            [
              77.1186175,
              28.7464583
            ]
          ]
        ]
      },
      "id": "way/350804845"
    },
    {
      "type": "Feature",
      "properties": {
        "@id": "way/350804847",
        "building": "yes"
      },
      "geometry": {
        "type": "Polygon",
        "coordinates": [
          [
            [
              77.1192544,
              28.7471971
            ],
            [
              77.1191934,
              28.7471385
            ],
            [
              77.11913,
              28.7471752
            ],
            [
              77.1190802,
              28.7471247
            ],
            [
              77.1191447,
              28.747078
            ],
            [
              77.1190882,
              28.7470165
            ],
            [
              77.119156,
              28.7469719
            ],
            [
              77.1192115,
              28.7470225
            ],
            [
              77.1192805,
              28.7469709
            ],
            [
              77.1193449,
              28.7470344
            ],
            [
              77.1192759,
              28.747082
            ],
            [
              77.1193314,
              28.7471485
            ],
            [
              77.1192544,
              28.7471971
            ]
          ]
        ]
      },
      "id": "way/350804847"
    },
    {
      "type": "Feature",
      "properties": {
        "@id": "way/350804848",
        "building": "yes",
        "name": "VSH -Block 1",
        "tourism": "hostel",
        "type": "hostel"
      },
      "geometry": {
        "type": "Polygon",
        "coordinates": [
          [
            [
              77.118344,
              28.7459928
            ],
            [
              77.118393,
              28.7459583
            ],
            [
              77.1184349,
              28.745995
            ],
            [
              77.1184812,
              28.7459602
            ],
            [
              77.1184315,
              28.7459097
            ],
            [
              77.1184914,
              28.74587
            ],
            [
              77.1185402,
              28.7459272
            ],
            [
              77.1186091,
              28.7458819
            ],
            [
              77.1186668,
              28.7459454
            ],
            [
              77.1185791,
              28.7459976
            ],
            [
              77.1186181,
              28.7460465
            ],
            [
              77.1185435,
              28.7460981
            ],
            [
              77.1184813,
              28.7460156
            ],
            [
              77.1184145,
              28.7460703
            ],
            [
              77.118344,
              28.7459928
            ]
          ]
        ]
      },
      "id": "way/350804848"
    },
    {
      "type": "Feature",
      "properties": {
        "@id": "way/350804849",
        "building": "yes",
        "name": "ABH Block 2",
        "tourism": "hostel",
        "type": "hostel"
      },
      "geometry": {
        "type": "Polygon",
        "coordinates": [
          [
            [
              77.1179765,
              28.7456594
            ],
            [
              77.1180017,
              28.7456244
            ],
            [
              77.1180206,
              28.7456349
            ],
            [
              77.1180439,
              28.7456
            ],
            [
              77.1180002,
              28.7455776
            ],
            [
              77.1180445,
              28.7455112
            ],
            [
              77.1181122,
              28.7455392
            ],
            [
              77.1180898,
              28.7455807
            ],
            [
              77.1181565,
              28.7456083
            ],
            [
              77.1181788,
              28.7455668
            ],
            [
              77.1182629,
              28.7456017
            ],
            [
              77.1182428,
              28.7456342
            ],
            [
              77.1182022,
              28.7456149
            ],
            [
              77.1181767,
              28.7456563
            ],
            [
              77.1182173,
              28.7456755
            ],
            [
              77.1181797,
              28.7457365
            ],
            [
              77.118126,
              28.7457177
            ],
            [
              77.1181438,
              28.7456789
            ],
            [
              77.1180758,
              28.745655
            ],
            [
              77.1180581,
              28.7456937
            ],
            [
              77.1179765,
              28.7456594
            ]
          ]
        ]
      },
      "id": "way/350804849"
    },
    {
      "type": "Feature",
      "properties": {
        "@id": "way/350804852",
        "building": "yes",
        "name": "VSH-Block 5",
        "tourism": "hostel",
        "type": "hostel"
      },
      "geometry": {
        "type": "Polygon",
        "coordinates": [
          [
            [
              77.118151,
              28.746608
            ],
            [
              77.1181108,
              28.7465643
            ],
            [
              77.1181652,
              28.7465269
            ],
            [
              77.1181826,
              28.746545
            ],
            [
              77.1181964,
              28.7465332
            ],
            [
              77.1181531,
              28.7464873
            ],
            [
              77.1182216,
              28.7464442
            ],
            [
              77.1182501,
              28.7464763
            ],
            [
              77.1182284,
              28.7464906
            ],
            [
              77.1182532,
              28.7465164
            ],
            [
              77.1182862,
              28.7464956
            ],
            [
              77.1183009,
              28.7465095
            ],
            [
              77.1183458,
              28.7464768
            ],
            [
              77.1183776,
              28.7465089
            ],
            [
              77.118286,
              28.7465618
            ],
            [
              77.1182692,
              28.7465423
            ],
            [
              77.1182468,
              28.7465592
            ],
            [
              77.1183097,
              28.7466214
            ],
            [
              77.1182507,
              28.7466558
            ],
            [
              77.1182503,
              28.7466561
            ],
            [
              77.1182052,
              28.7466012
            ],
            [
              77.1182204,
              28.7465886
            ],
            [
              77.1182036,
              28.7465739
            ],
            [
              77.1181858,
              28.7465851
            ],
            [
              77.118151,
              28.746608
            ]
          ]
        ]
      },
      "id": "way/350804852"
    },
    {
      "type": "Feature",
      "properties": {
        "@id": "way/350804854",
        "building": "yes",
        "name": "VSH-Block 2",
        "tourism": "hostel",
        "type": "hostel"
      },
      "geometry": {
        "type": "Polygon",
        "coordinates": [
          [
            [
              77.1181638,
              28.746147
            ],
            [
              77.1181806,
              28.7461601
            ],
            [
              77.118201,
              28.7461427
            ],
            [
              77.1182151,
              28.7461546
            ],
            [
              77.1182332,
              28.7461393
            ],
            [
              77.1181936,
              28.7460926
            ],
            [
              77.1182571,
              28.7460517
            ],
            [
              77.1182875,
              28.7460862
            ],
            [
              77.1182683,
              28.7460991
            ],
            [
              77.1182799,
              28.7461101
            ],
            [
              77.1183393,
              28.7460733
            ],
            [
              77.1183858,
              28.7461376
            ],
            [
              77.1183249,
              28.7461735
            ],
            [
              77.1183147,
              28.7461616
            ],
            [
              77.1183062,
              28.7461672
            ],
            [
              77.1183626,
              28.7462381
            ],
            [
              77.1182917,
              28.7462775
            ],
            [
              77.1182474,
              28.7462171
            ],
            [
              77.1182593,
              28.7462097
            ],
            [
              77.1182386,
              28.746189
            ],
            [
              77.1181823,
              28.746226
            ],
            [
              77.118171,
              28.7462141
            ],
            [
              77.1181543,
              28.746228
            ],
            [
              77.1181105,
              28.7461864
            ],
            [
              77.1181638,
              28.746147
            ]
          ]
        ]
      },
      "id": "way/350804854"
    },
    {
      "type": "Feature",
      "properties": {
        "@id": "way/350804855",
        "building": "yes"
      },
      "geometry": {
        "type": "Polygon",
        "coordinates": [
          [
            [
              77.1184237,
              28.7464899
            ],
            [
              77.1183943,
              28.7464527
            ],
            [
              77.118412,
              28.7464449
            ],
            [
              77.1184007,
              28.7464335
            ],
            [
              77.1184244,
              28.7464191
            ],
            [
              77.1184143,
              28.7464087
            ],
            [
              77.1184482,
              28.7463849
            ],
            [
              77.1184165,
              28.7463527
            ],
            [
              77.1184046,
              28.7463631
            ],
            [
              77.1183567,
              28.7463157
            ],
            [
              77.1184188,
              28.746269
            ],
            [
              77.1184568,
              28.7463172
            ],
            [
              77.1185285,
              28.7462679
            ],
            [
              77.1185679,
              28.7463064
            ],
            [
              77.1184964,
              28.7463493
            ],
            [
              77.118517,
              28.7463654
            ],
            [
              77.1185662,
              28.746347
            ],
            [
              77.1186086,
              28.7463941
            ],
            [
              77.1185385,
              28.7464338
            ],
            [
              77.1185164,
              28.7464021
            ],
            [
              77.1185017,
              28.7464105
            ],
            [
              77.1184853,
              28.7463897
            ],
            [
              77.1184712,
              28.7463991
            ],
            [
              77.1184831,
              28.7464145
            ],
            [
              77.118465,
              28.7464264
            ],
            [
              77.1184768,
              28.7464423
            ],
            [
              77.1184559,
              28.7464537
            ],
            [
              77.1184638,
              28.7464666
            ],
            [
              77.1184237,
              28.7464899
            ]
          ]
        ]
      },
      "id": "way/350804855"
    },
    {
      "type": "Feature",
      "properties": {
        "@id": "way/350804857",
        "building": "yes",
        "name": "VSH Block 3",
        "tourism": "hostel",
        "type": "hostel"
      },
      "geometry": {
        "type": "Polygon",
        "coordinates": [
          [
            [
              77.1179979,
              28.7464797
            ],
            [
              77.1179975,
              28.7464793
            ],
            [
              77.117959,
              28.7464336
            ],
            [
              77.1180121,
              28.7464037
            ],
            [
              77.117986,
              28.7463764
            ],
            [
              77.1179676,
              28.7463869
            ],
            [
              77.1179114,
              28.7463347
            ],
            [
              77.1179828,
              28.7462845
            ],
            [
              77.1180256,
              28.7463355
            ],
            [
              77.1180356,
              28.7463308
            ],
            [
              77.1180268,
              28.7463203
            ],
            [
              77.1180476,
              28.7463062
            ],
            [
              77.1180388,
              28.7462936
            ],
            [
              77.1180588,
              28.7462775
            ],
            [
              77.1180508,
              28.746267
            ],
            [
              77.1180886,
              28.7462462
            ],
            [
              77.1181356,
              28.746295
            ],
            [
              77.1181164,
              28.7463076
            ],
            [
              77.1181044,
              28.7462978
            ],
            [
              77.118082,
              28.7463182
            ],
            [
              77.1180964,
              28.7463294
            ],
            [
              77.118086,
              28.7463487
            ],
            [
              77.1180716,
              28.7463448
            ],
            [
              77.1180732,
              28.7463609
            ],
            [
              77.1181,
              28.7463823
            ],
            [
              77.118114,
              28.7463736
            ],
            [
              77.1181348,
              28.7463918
            ],
            [
              77.1181436,
              28.7463848
            ],
            [
              77.1181731,
              28.7464129
            ],
            [
              77.1181083,
              28.7464549
            ],
            [
              77.1180829,
              28.7464247
            ],
            [
              77.1179979,
              28.7464797
            ]
          ]
        ]
      },
      "id": "way/350804857"
    },
    {
      "type": "Feature",
      "properties": {
        "@id": "way/350804862",
        "building": "yes",
        "name": "ABH Block 4",
        "tourism": "hostel",
        "type": "hostel"
      },
      "geometry": {
        "type": "Polygon",
        "coordinates": [
          [
            [
              77.1184681,
              28.7458033
            ],
            [
              77.1184634,
              28.7456029
            ],
            [
              77.1186541,
              28.7455996
            ],
            [
              77.1186587,
              28.7457999
            ],
            [
              77.1184681,
              28.7458033
            ]
          ]
        ]
      },
      "id": "way/350804862"
    },
    {
      "type": "Feature",
      "properties": {
        "@id": "way/350804866",
        "building": "yes",
        "name": "ABH Block 1",
        "tourism": "hostel",
        "type": "hostel"
      },
      "geometry": {
        "type": "Polygon",
        "coordinates": [
          [
            [
              77.1178434,
              28.7455488
            ],
            [
              77.1178191,
              28.7454424
            ],
            [
              77.1178722,
              28.7454334
            ],
            [
              77.1178553,
              28.7454037
            ],
            [
              77.1178067,
              28.7454077
            ],
            [
              77.1177913,
              28.7453183
            ],
            [
              77.1178327,
              28.7453107
            ],
            [
              77.1178733,
              28.7453522
            ],
            [
              77.1179106,
              28.7453473
            ],
            [
              77.1179016,
              28.7453126
            ],
            [
              77.117949,
              28.7453054
            ],
            [
              77.1179829,
              28.7453641
            ],
            [
              77.1179087,
              28.7453979
            ],
            [
              77.1179467,
              28.7454433
            ],
            [
              77.1179998,
              28.7454433
            ],
            [
              77.1179988,
              28.7454914
            ],
            [
              77.1179524,
              28.7455335
            ],
            [
              77.1179264,
              28.745481
            ],
            [
              77.1178722,
              28.7455364
            ],
            [
              77.1178434,
              28.7455488
            ]
          ]
        ]
      },
      "id": "way/350804866"
    },
    {
      "type": "Feature",
      "properties": {
        "@id": "way/350804877",
        "building": "yes",
        "name": "ABH Block 3",
        "tourism": "hostel",
        "type": "hostel"
      },
      "geometry": {
        "type": "Polygon",
        "coordinates": [
          [
            [
              77.1181842,
              28.7452966
            ],
            [
              77.1184327,
              28.7453793
            ],
            [
              77.1183631,
              28.7455402
            ],
            [
              77.1182792,
              28.7455123
            ],
            [
              77.1182918,
              28.7454832
            ],
            [
              77.1182474,
              28.7454685
            ],
            [
              77.1182212,
              28.7454857
            ],
            [
              77.1181427,
              28.7454477
            ],
            [
              77.1181334,
              28.7454152
            ],
            [
              77.1181869,
              28.7454049
            ],
            [
              77.1181912,
              28.7453829
            ],
            [
              77.1181659,
              28.7453536
            ],
            [
              77.1181489,
              28.7453295
            ],
            [
              77.1181842,
              28.7452966
            ]
          ]
        ]
      },
      "id": "way/350804877"
    },
    {
      "type": "Feature",
      "properties": {
        "@id": "way/350804908",
        "building": "yes"
      },
      "geometry": {
        "type": "Polygon",
        "coordinates": [
          [
            [
              77.1215088,
              28.7489326
            ],
            [
              77.1215891,
              28.7488672
            ],
            [
              77.1216536,
              28.7489118
            ],
            [
              77.1217316,
              28.7488533
            ],
            [
              77.1218161,
              28.7489261
            ],
            [
              77.1217132,
              28.7490035
            ],
            [
              77.1216547,
              28.7489505
            ],
            [
              77.1215835,
              28.7489981
            ],
            [
              77.1215088,
              28.7489326
            ]
          ]
        ]
      },
      "id": "way/350804908"
    },
    {
      "type": "Feature",
      "properties": {
        "@id": "way/351570718",
        "building": "yes"
      },
      "geometry": {
        "type": "Polygon",
        "coordinates": [
          [
            [
              77.1188566,
              28.7448838
            ],
            [
              77.118981,
              28.744863
            ],
            [
              77.1189833,
              28.7449051
            ],
            [
              77.1190047,
              28.7449031
            ],
            [
              77.1190093,
              28.744922
            ],
            [
              77.1190701,
              28.7449695
            ],
            [
              77.1189801,
              28.745035
            ],
            [
              77.1188944,
              28.7449602
            ],
            [
              77.1188967,
              28.7449235
            ],
            [
              77.1188633,
              28.7449309
            ],
            [
              77.1188566,
              28.7448838
            ]
          ]
        ]
      },
      "id": "way/351570718"
    },
    {
      "type": "Feature",
      "properties": {
        "@id": "way/351570719",
        "building": "yes"
      },
      "geometry": {
        "type": "Polygon",
        "coordinates": [
          [
            [
              77.1201583,
              28.7451386
            ],
            [
              77.1201184,
              28.7451016
            ],
            [
              77.1201291,
              28.7450927
            ],
            [
              77.1201331,
              28.7450964
            ],
            [
              77.1201582,
              28.7450755
            ],
            [
              77.1201627,
              28.7450797
            ],
            [
              77.1201823,
              28.7450634
            ],
            [
              77.1201873,
              28.7450681
            ],
            [
              77.120219,
              28.7450418
            ],
            [
              77.1202455,
              28.7450664
            ],
            [
              77.1201583,
              28.7451386
            ]
          ]
        ]
      },
      "id": "way/351570719"
    },
    {
      "type": "Feature",
      "properties": {
        "@id": "way/351570720",
        "building": "yes"
      },
      "geometry": {
        "type": "Polygon",
        "coordinates": [
          [
            [
              77.1193086,
              28.7448273
            ],
            [
              77.1193888,
              28.7448287
            ],
            [
              77.1194683,
              28.7448299
            ],
            [
              77.119491,
              28.7448195
            ],
            [
              77.1195068,
              28.7448314
            ],
            [
              77.1195646,
              28.7448364
            ],
            [
              77.1196278,
              28.7448904
            ],
            [
              77.1195899,
              28.744922
            ],
            [
              77.1194982,
              28.7449907
            ],
            [
              77.119395,
              28.7448939
            ],
            [
              77.1193846,
              28.7449038
            ],
            [
              77.1193086,
              28.7448273
            ]
          ]
        ]
      },
      "id": "way/351570720"
    },
    {
      "type": "Feature",
      "properties": {
        "@id": "way/351570723",
        "building": "yes"
      },
      "geometry": {
        "type": "Polygon",
        "coordinates": [
          [
            [
              77.1193365,
              28.7450997
            ],
            [
              77.1193108,
              28.7450749
            ],
            [
              77.1193196,
              28.745068
            ],
            [
              77.1193226,
              28.7450709
            ],
            [
              77.1193354,
              28.7450608
            ],
            [
              77.1193052,
              28.7450316
            ],
            [
              77.1193579,
              28.7449895
            ],
            [
              77.1193712,
              28.7450023
            ],
            [
              77.119384,
              28.7449921
            ],
            [
              77.1194236,
              28.7450302
            ],
            [
              77.1193859,
              28.7450603
            ],
            [
              77.1193672,
              28.7450422
            ],
            [
              77.1193529,
              28.7450535
            ],
            [
              77.1193717,
              28.7450716
            ],
            [
              77.1193365,
              28.7450997
            ]
          ]
        ]
      },
      "id": "way/351570723"
    },
    {
      "type": "Feature",
      "properties": {
        "@id": "way/351570725",
        "building": "yes"
      },
      "geometry": {
        "type": "Polygon",
        "coordinates": [
          [
            [
              77.113284,
              28.7453332
            ],
            [
              77.1132749,
              28.7452122
            ],
            [
              77.113339,
              28.7452105
            ],
            [
              77.113339,
              28.7452204
            ],
            [
              77.1133632,
              28.7452203
            ],
            [
              77.1133645,
              28.7452329
            ],
            [
              77.1134233,
              28.745231
            ],
            [
              77.1134246,
              28.7452796
            ],
            [
              77.113432,
              28.7452795
            ],
            [
              77.1134317,
              28.7453062
            ],
            [
              77.1134323,
              28.7453218
            ],
            [
              77.1133869,
              28.7453215
            ],
            [
              77.1133869,
              28.7452815
            ],
            [
              77.1133149,
              28.7452836
            ],
            [
              77.1133168,
              28.7453322
            ],
            [
              77.113284,
              28.7453332
            ]
          ]
        ]
      },
      "id": "way/351570725"
    },
    {
      "type": "Feature",
      "properties": {
        "@id": "way/351570752",
        "building": "yes"
      },
      "geometry": {
        "type": "Polygon",
        "coordinates": [
          [
            [
              77.1196418,
              28.7458316
            ],
            [
              77.1196938,
              28.7458786
            ],
            [
              77.119642,
              28.7459226
            ],
            [
              77.11959,
              28.7458756
            ],
            [
              77.1196418,
              28.7458316
            ]
          ]
        ]
      },
      "id": "way/351570752"
    },
    {
      "type": "Feature",
      "properties": {
        "@id": "way/351570758",
        "building": "yes"
      },
      "geometry": {
        "type": "Polygon",
        "coordinates": [
          [
            [
              77.1124207,
              28.7449263
            ],
            [
              77.1125011,
              28.7449164
            ],
            [
              77.1125256,
              28.7450689
            ],
            [
              77.1124452,
              28.7450788
            ],
            [
              77.1124207,
              28.7449263
            ]
          ]
        ]
      },
      "id": "way/351570758"
    },
    {
      "type": "Feature",
      "properties": {
        "@id": "way/351570783",
        "building": "yes"
      },
      "geometry": {
        "type": "Polygon",
        "coordinates": [
          [
            [
              77.1172535,
              28.7448667
            ],
            [
              77.1173583,
              28.7448407
            ],
            [
              77.1173824,
              28.7449156
            ],
            [
              77.117292,
              28.7449359
            ],
            [
              77.1172535,
              28.7448667
            ]
          ]
        ]
      },
      "id": "way/351570783"
    },
    {
      "type": "Feature",
      "properties": {
        "@id": "way/351570788",
        "building": "yes"
      },
      "geometry": {
        "type": "Polygon",
        "coordinates": [
          [
            [
              77.1194881,
              28.7451761
            ],
            [
              77.1195458,
              28.7451324
            ],
            [
              77.1196031,
              28.7451906
            ],
            [
              77.1195454,
              28.7452342
            ],
            [
              77.1194881,
              28.7451761
            ]
          ]
        ]
      },
      "id": "way/351570788"
    },
    {
      "type": "Feature",
      "properties": {
        "@id": "way/351570798",
        "building": "yes"
      },
      "geometry": {
        "type": "Polygon",
        "coordinates": [
          [
            [
              77.1201129,
              28.7450248
            ],
            [
              77.1201664,
              28.7449801
            ],
            [
              77.1202152,
              28.745025
            ],
            [
              77.1201617,
              28.7450697
            ],
            [
              77.1201129,
              28.7450248
            ]
          ]
        ]
      },
      "id": "way/351570798"
    },
    {
      "type": "Feature",
      "properties": {
        "@id": "way/351570817",
        "building": "yes"
      },
      "geometry": {
        "type": "Polygon",
        "coordinates": [
          [
            [
              77.1119934,
              28.7454197
            ],
            [
              77.1121111,
              28.7453543
            ],
            [
              77.1121827,
              28.7454533
            ],
            [
              77.1120651,
              28.7455187
            ],
            [
              77.1119934,
              28.7454197
            ]
          ]
        ]
      },
      "id": "way/351570817"
    },
    {
      "type": "Feature",
      "properties": {
        "@id": "way/351570843",
        "building": "yes"
      },
      "geometry": {
        "type": "Polygon",
        "coordinates": [
          [
            [
              77.1194546,
              28.7453946
            ],
            [
              77.1195123,
              28.745457
            ],
            [
              77.1194608,
              28.7454936
            ],
            [
              77.1194031,
              28.7454311
            ],
            [
              77.1194546,
              28.7453946
            ]
          ]
        ]
      },
      "id": "way/351570843"
    },
    {
      "type": "Feature",
      "properties": {
        "@id": "way/351570845",
        "building": "yes"
      },
      "geometry": {
        "type": "Polygon",
        "coordinates": [
          [
            [
              77.1140628,
              28.7449441
            ],
            [
              77.1141734,
              28.7449353
            ],
            [
              77.1141878,
              28.745052
            ],
            [
              77.1140764,
              28.7450629
            ],
            [
              77.1140628,
              28.7449441
            ]
          ]
        ]
      },
      "id": "way/351570845"
    },
    {
      "type": "Feature",
      "properties": {
        "@id": "way/351570862",
        "building": "yes"
      },
      "geometry": {
        "type": "Polygon",
        "coordinates": [
          [
            [
              77.1193416,
              28.7454597
            ],
            [
              77.1192827,
              28.7454015
            ],
            [
              77.1193323,
              28.7453629
            ],
            [
              77.1193912,
              28.7454212
            ],
            [
              77.1193416,
              28.7454597
            ]
          ]
        ]
      },
      "id": "way/351570862"
    },
    {
      "type": "Feature",
      "properties": {
        "@id": "way/351570866",
        "building": "yes"
      },
      "geometry": {
        "type": "Polygon",
        "coordinates": [
          [
            [
              77.1171519,
              28.7448814
            ],
            [
              77.117225,
              28.7448401
            ],
            [
              77.117297,
              28.7449544
            ],
            [
              77.1172207,
              28.7449719
            ],
            [
              77.1171519,
              28.7448814
            ]
          ]
        ]
      },
      "id": "way/351570866"
    },
    {
      "type": "Feature",
      "properties": {
        "@id": "way/351570884",
        "building": "yes"
      },
      "geometry": {
        "type": "Polygon",
        "coordinates": [
          [
            [
              77.1197673,
              28.7451533
            ],
            [
              77.1198177,
              28.7451988
            ],
            [
              77.1197786,
              28.7452321
            ],
            [
              77.1197282,
              28.7451865
            ],
            [
              77.1197673,
              28.7451533
            ]
          ]
        ]
      },
      "id": "way/351570884"
    },
    {
      "type": "Feature",
      "properties": {
        "@id": "way/351570898",
        "building": "yes"
      },
      "geometry": {
        "type": "Polygon",
        "coordinates": [
          [
            [
              77.1192781,
              28.7451453
            ],
            [
              77.1192256,
              28.7451821
            ],
            [
              77.1191977,
              28.7451514
            ],
            [
              77.1191688,
              28.7451197
            ],
            [
              77.1192214,
              28.7450829
            ],
            [
              77.1192781,
              28.7451453
            ]
          ]
        ]
      },
      "id": "way/351570898"
    },
    {
      "type": "Feature",
      "properties": {
        "@id": "way/351570914",
        "building": "yes"
      },
      "geometry": {
        "type": "Polygon",
        "coordinates": [
          [
            [
              77.1188093,
              28.7449155
            ],
            [
              77.118906,
              28.7450139
            ],
            [
              77.1188123,
              28.7450847
            ],
            [
              77.1187756,
              28.7450474
            ],
            [
              77.1188023,
              28.7450272
            ],
            [
              77.1187422,
              28.7449661
            ],
            [
              77.1188093,
              28.7449155
            ]
          ]
        ]
      },
      "id": "way/351570914"
    },
    {
      "type": "Feature",
      "properties": {
        "@id": "way/351570916",
        "building": "yes"
      },
      "geometry": {
        "type": "Polygon",
        "coordinates": [
          [
            [
              77.1129869,
              28.7449011
            ],
            [
              77.1131453,
              28.7448562
            ],
            [
              77.1131607,
              28.7448978
            ],
            [
              77.1131087,
              28.7449126
            ],
            [
              77.113121,
              28.7449459
            ],
            [
              77.1130146,
              28.7449761
            ],
            [
              77.1129869,
              28.7449011
            ]
          ]
        ]
      },
      "id": "way/351570916"
    },
    {
      "type": "Feature",
      "properties": {
        "@id": "way/351570927",
        "building": "yes"
      },
      "geometry": {
        "type": "Polygon",
        "coordinates": [
          [
            [
              77.1198642,
              28.7455263
            ],
            [
              77.1198513,
              28.7455122
            ],
            [
              77.1198576,
              28.7455078
            ],
            [
              77.1198355,
              28.7454834
            ],
            [
              77.1198569,
              28.7454685
            ],
            [
              77.1198359,
              28.7454454
            ],
            [
              77.1198554,
              28.7454317
            ],
            [
              77.1199114,
              28.7454933
            ],
            [
              77.1198642,
              28.7455263
            ]
          ]
        ]
      },
      "id": "way/351570927"
    },
    {
      "type": "Feature",
      "properties": {
        "@id": "way/352227203",
        "building": "yes"
      },
      "geometry": {
        "type": "Polygon",
        "coordinates": [
          [
            [
              77.1145698,
              28.748549
            ],
            [
              77.1150914,
              28.7485575
            ],
            [
              77.1150214,
              28.748863
            ],
            [
              77.114861,
              28.7488604
            ],
            [
              77.114861,
              28.7486505
            ],
            [
              77.1147073,
              28.7486491
            ],
            [
              77.1147051,
              28.7488636
            ],
            [
              77.1146022,
              28.7488602
            ],
            [
              77.114605,
              28.7488155
            ],
            [
              77.1145602,
              28.7488141
            ],
            [
              77.1145698,
              28.748549
            ]
          ]
        ]
      },
      "id": "way/352227203"
    },
    {
      "type": "Feature",
      "properties": {
        "@id": "way/352227207",
        "building": "yes"
      },
      "geometry": {
        "type": "Polygon",
        "coordinates": [
          [
            [
              77.1131477,
              28.7487564
            ],
            [
              77.1128535,
              28.7487607
            ],
            [
              77.1128415,
              28.7485833
            ],
            [
              77.1129258,
              28.7485837
            ],
            [
              77.1129257,
              28.7485945
            ],
            [
              77.1128879,
              28.7485944
            ],
            [
              77.1128877,
              28.7486354
            ],
            [
              77.1129973,
              28.7486358
            ],
            [
              77.1129976,
              28.748584
            ],
            [
              77.1131365,
              28.7485845
            ],
            [
              77.1131477,
              28.7487564
            ]
          ]
        ]
      },
      "id": "way/352227207"
    },
    {
      "type": "Feature",
      "properties": {
        "@id": "way/352227209",
        "building": "yes"
      },
      "geometry": {
        "type": "Polygon",
        "coordinates": [
          [
            [
              77.1148473,
              28.7482485
            ],
            [
              77.1148473,
              28.7483482
            ],
            [
              77.1148041,
              28.7483482
            ],
            [
              77.1148041,
              28.7483757
            ],
            [
              77.1147729,
              28.7483757
            ],
            [
              77.1147729,
              28.7483452
            ],
            [
              77.1147597,
              28.7483452
            ],
            [
              77.1147597,
              28.7482954
            ],
            [
              77.114737,
              28.7482954
            ],
            [
              77.114737,
              28.7482485
            ],
            [
              77.1148473,
              28.7482485
            ]
          ]
        ]
      },
      "id": "way/352227209"
    },
    {
      "type": "Feature",
      "properties": {
        "@id": "way/352227210",
        "building": "yes"
      },
      "geometry": {
        "type": "Polygon",
        "coordinates": [
          [
            [
              77.1119856,
              28.7488729
            ],
            [
              77.1121816,
              28.748847
            ],
            [
              77.11221,
              28.7490887
            ],
            [
              77.11221,
              28.749089
            ],
            [
              77.112183,
              28.7490917
            ],
            [
              77.1121816,
              28.7490812
            ],
            [
              77.1121429,
              28.7490851
            ],
            [
              77.1121403,
              28.749065
            ],
            [
              77.1120626,
              28.7490727
            ],
            [
              77.1120665,
              28.749103
            ],
            [
              77.1120124,
              28.7491084
            ],
            [
              77.1119856,
              28.7488729
            ]
          ]
        ]
      },
      "id": "way/352227210"
    },
    {
      "type": "Feature",
      "properties": {
        "@id": "way/352227211",
        "building": "yes"
      },
      "geometry": {
        "type": "Polygon",
        "coordinates": [
          [
            [
              77.1119104,
              28.7480455
            ],
            [
              77.1120451,
              28.7480217
            ],
            [
              77.1120776,
              28.748163
            ],
            [
              77.1120268,
              28.7481719
            ],
            [
              77.1120329,
              28.748198
            ],
            [
              77.1120836,
              28.7481891
            ],
            [
              77.1121116,
              28.7483111
            ],
            [
              77.111977,
              28.7483349
            ],
            [
              77.1119486,
              28.7482114
            ],
            [
              77.1120092,
              28.7482006
            ],
            [
              77.1120017,
              28.748168
            ],
            [
              77.1119411,
              28.7481788
            ],
            [
              77.1119104,
              28.7480455
            ]
          ]
        ]
      },
      "id": "way/352227211"
    },
    {
      "type": "Feature",
      "properties": {
        "@id": "way/352227212",
        "building": "yes"
      },
      "geometry": {
        "type": "Polygon",
        "coordinates": [
          [
            [
              77.1123936,
              28.7483854
            ],
            [
              77.1123913,
              28.7482975
            ],
            [
              77.1126834,
              28.7482917
            ],
            [
              77.1126847,
              28.7483452
            ],
            [
              77.1126052,
              28.7483468
            ],
            [
              77.112605,
              28.7483404
            ],
            [
              77.1125164,
              28.7483422
            ],
            [
              77.1125168,
              28.7483597
            ],
            [
              77.1124608,
              28.7483609
            ],
            [
              77.1124598,
              28.748323
            ],
            [
              77.1124395,
              28.7483234
            ],
            [
              77.1124411,
              28.7483845
            ],
            [
              77.1123936,
              28.7483854
            ]
          ]
        ]
      },
      "id": "way/352227212"
    },
    {
      "type": "Feature",
      "properties": {
        "@id": "way/352227213",
        "building": "yes"
      },
      "geometry": {
        "type": "Polygon",
        "coordinates": [
          [
            [
              77.1151623,
              28.7455743
            ],
            [
              77.1153294,
              28.7455104
            ],
            [
              77.1153555,
              28.7455531
            ],
            [
              77.1152857,
              28.745586
            ],
            [
              77.1153066,
              28.7456202
            ],
            [
              77.1153765,
              28.7455873
            ],
            [
              77.1154571,
              28.745719
            ],
            [
              77.1155357,
              28.745689
            ],
            [
              77.1155681,
              28.7457419
            ],
            [
              77.1153574,
              28.7458316
            ],
            [
              77.1153277,
              28.7457734
            ],
            [
              77.1152987,
              28.7458148
            ],
            [
              77.1152522,
              28.7457962
            ],
            [
              77.1152655,
              28.7457665
            ],
            [
              77.1151623,
              28.7455743
            ]
          ]
        ]
      },
      "id": "way/352227213"
    },
    {
      "type": "Feature",
      "properties": {
        "@id": "way/352227218",
        "building": "yes"
      },
      "geometry": {
        "type": "Polygon",
        "coordinates": [
          [
            [
              77.114258,
              28.7488599
            ],
            [
              77.1142628,
              28.7486934
            ],
            [
              77.1143522,
              28.7486954
            ],
            [
              77.1143474,
              28.7488619
            ],
            [
              77.114258,
              28.7488599
            ]
          ]
        ]
      },
      "id": "way/352227218"
    },
    {
      "type": "Feature",
      "properties": {
        "@id": "way/352227223",
        "building": "yes"
      },
      "geometry": {
        "type": "Polygon",
        "coordinates": [
          [
            [
              77.1150121,
              28.7456595
            ],
            [
              77.115089,
              28.7456208
            ],
            [
              77.1152351,
              28.7458778
            ],
            [
              77.115174,
              28.7459581
            ],
            [
              77.1150121,
              28.7456595
            ]
          ]
        ]
      },
      "id": "way/352227223"
    },
    {
      "type": "Feature",
      "properties": {
        "@id": "way/352227227",
        "building": "yes"
      },
      "geometry": {
        "type": "Polygon",
        "coordinates": [
          [
            [
              77.1126098,
              28.7480439
            ],
            [
              77.1126098,
              28.7479269
            ],
            [
              77.1126743,
              28.7479269
            ],
            [
              77.1126743,
              28.7480439
            ],
            [
              77.1126098,
              28.7480439
            ]
          ]
        ]
      },
      "id": "way/352227227"
    },
    {
      "type": "Feature",
      "properties": {
        "@id": "way/352227233",
        "building": "yes"
      },
      "geometry": {
        "type": "Polygon",
        "coordinates": [
          [
            [
              77.113755,
              28.7488261
            ],
            [
              77.1134944,
              28.7487375
            ],
            [
              77.1135238,
              28.748671
            ],
            [
              77.1137844,
              28.7487597
            ],
            [
              77.113755,
              28.7488261
            ]
          ]
        ]
      },
      "id": "way/352227233"
    },
    {
      "type": "Feature",
      "properties": {
        "@id": "way/352227239",
        "building": "yes"
      },
      "geometry": {
        "type": "Polygon",
        "coordinates": [
          [
            [
              77.1144422,
              28.7475479
            ],
            [
              77.1144186,
              28.7477715
            ],
            [
              77.1143052,
              28.7477633
            ],
            [
              77.1143286,
              28.7475388
            ],
            [
              77.1144422,
              28.7475479
            ]
          ]
        ]
      },
      "id": "way/352227239"
    },
    {
      "type": "Feature",
      "properties": {
        "@id": "way/352227243",
        "building": "yes"
      },
      "geometry": {
        "type": "Polygon",
        "coordinates": [
          [
            [
              77.1124211,
              28.748762
            ],
            [
              77.1124185,
              28.7485757
            ],
            [
              77.1126476,
              28.7485732
            ],
            [
              77.1126502,
              28.7487596
            ],
            [
              77.1124211,
              28.748762
            ]
          ]
        ]
      },
      "id": "way/352227243"
    },
    {
      "type": "Feature",
      "properties": {
        "@id": "way/352227247",
        "building": "yes"
      },
      "geometry": {
        "type": "Polygon",
        "coordinates": [
          [
            [
              77.1143779,
              28.7486903
            ],
            [
              77.1141542,
              28.7486858
            ],
            [
              77.1141576,
              28.7485569
            ],
            [
              77.1143813,
              28.7485614
            ],
            [
              77.1143779,
              28.7486903
            ]
          ]
        ]
      },
      "id": "way/352227247"
    },
    {
      "type": "Feature",
      "properties": {
        "@id": "way/352227252",
        "building": "yes"
      },
      "geometry": {
        "type": "Polygon",
        "coordinates": [
          [
            [
              77.1137833,
              28.7483074
            ],
            [
              77.1136531,
              28.748265
            ],
            [
              77.1136735,
              28.7482055
            ],
            [
              77.1137991,
              28.7482519
            ],
            [
              77.1137833,
              28.7483074
            ]
          ]
        ]
      },
      "id": "way/352227252"
    },
    {
      "type": "Feature",
      "properties": {
        "@id": "way/352227273",
        "building": "yes"
      },
      "geometry": {
        "type": "Polygon",
        "coordinates": [
          [
            [
              77.1157327,
              28.7454559
            ],
            [
              77.115843,
              28.7454552
            ],
            [
              77.1158438,
              28.7455421
            ],
            [
              77.1157334,
              28.7455428
            ],
            [
              77.1157327,
              28.7454559
            ]
          ]
        ]
      },
      "id": "way/352227273"
    },
    {
      "type": "Feature",
      "properties": {
        "@id": "way/352227286",
        "building": "yes"
      },
      "geometry": {
        "type": "Polygon",
        "coordinates": [
          [
            [
              77.1146053,
              28.7483935
            ],
            [
              77.1145584,
              28.7483934
            ],
            [
              77.114559,
              28.7482719
            ],
            [
              77.1146059,
              28.748272
            ],
            [
              77.1146053,
              28.7483935
            ]
          ]
        ]
      },
      "id": "way/352227286"
    },
    {
      "type": "Feature",
      "properties": {
        "@id": "way/352227301",
        "building": "yes"
      },
      "geometry": {
        "type": "Polygon",
        "coordinates": [
          [
            [
              77.1121065,
              28.7492311
            ],
            [
              77.1121065,
              28.7491624
            ],
            [
              77.1121449,
              28.7491624
            ],
            [
              77.1121449,
              28.7492311
            ],
            [
              77.1121065,
              28.7492311
            ]
          ]
        ]
      },
      "id": "way/352227301"
    },
    {
      "type": "Feature",
      "properties": {
        "@id": "way/352227306",
        "building": "yes"
      },
      "geometry": {
        "type": "Polygon",
        "coordinates": [
          [
            [
              77.1143046,
              28.7476195
            ],
            [
              77.1142912,
              28.7478316
            ],
            [
              77.1141808,
              28.7478225
            ],
            [
              77.114203,
              28.7476075
            ],
            [
              77.1143046,
              28.7476195
            ]
          ]
        ]
      },
      "id": "way/352227306"
    },
    {
      "type": "Feature",
      "properties": {
        "@id": "way/352227313",
        "building": "yes"
      },
      "geometry": {
        "type": "Polygon",
        "coordinates": [
          [
            [
              77.1142797,
              28.7483783
            ],
            [
              77.1142813,
              28.7482401
            ],
            [
              77.114391,
              28.7482411
            ],
            [
              77.1143894,
              28.7483792
            ],
            [
              77.1142797,
              28.7483783
            ]
          ]
        ]
      },
      "id": "way/352227313"
    },
    {
      "type": "Feature",
      "properties": {
        "@id": "way/352227316",
        "building": "yes"
      },
      "geometry": {
        "type": "Polygon",
        "coordinates": [
          [
            [
              77.1148531,
              28.7457886
            ],
            [
              77.1148214,
              28.7457354
            ],
            [
              77.114999,
              28.745654
            ],
            [
              77.1150307,
              28.7457072
            ],
            [
              77.1148531,
              28.7457886
            ]
          ]
        ]
      },
      "id": "way/352227316"
    },
    {
      "type": "Feature",
      "properties": {
        "@id": "way/352227317",
        "building": "yes"
      },
      "geometry": {
        "type": "Polygon",
        "coordinates": [
          [
            [
              77.1143673,
              28.7463258
            ],
            [
              77.1144993,
              28.7463896
            ],
            [
              77.1144621,
              28.7464488
            ],
            [
              77.1143301,
              28.7463849
            ],
            [
              77.1143673,
              28.7463258
            ]
          ]
        ]
      },
      "id": "way/352227317"
    },
    {
      "type": "Feature",
      "properties": {
        "@id": "way/352227331",
        "building": "yes"
      },
      "geometry": {
        "type": "Polygon",
        "coordinates": [
          [
            [
              77.1147105,
              28.748408
            ],
            [
              77.1147105,
              28.7483484
            ],
            [
              77.1147681,
              28.7483484
            ],
            [
              77.1147681,
              28.748408
            ],
            [
              77.1147105,
              28.748408
            ]
          ]
        ]
      },
      "id": "way/352227331"
    },
    {
      "type": "Feature",
      "properties": {
        "@id": "way/352227341",
        "building": "yes"
      },
      "geometry": {
        "type": "Polygon",
        "coordinates": [
          [
            [
              77.1119945,
              28.7491827
            ],
            [
              77.1120561,
              28.7491687
            ],
            [
              77.112073,
              28.7492769
            ],
            [
              77.1120162,
              28.7492839
            ],
            [
              77.1119945,
              28.7491827
            ]
          ]
        ]
      },
      "id": "way/352227341"
    },
    {
      "type": "Feature",
      "properties": {
        "@id": "way/352227345",
        "building": "yes"
      },
      "geometry": {
        "type": "Polygon",
        "coordinates": [
          [
            [
              77.1148456,
              28.7462833
            ],
            [
              77.1148744,
              28.7462396
            ],
            [
              77.1149415,
              28.7462736
            ],
            [
              77.1149127,
              28.7463173
            ],
            [
              77.1148456,
              28.7462833
            ]
          ]
        ]
      },
      "id": "way/352227345"
    },
    {
      "type": "Feature",
      "properties": {
        "@id": "way/352227349",
        "building": "yes"
      },
      "geometry": {
        "type": "Polygon",
        "coordinates": [
          [
            [
              77.1144928,
              28.7482701
            ],
            [
              77.1145533,
              28.7482711
            ],
            [
              77.1145506,
              28.7483965
            ],
            [
              77.1144901,
              28.7483955
            ],
            [
              77.1144928,
              28.7482701
            ]
          ]
        ]
      },
      "id": "way/352227349"
    },
    {
      "type": "Feature",
      "properties": {
        "@id": "way/352227351",
        "building": "yes"
      },
      "geometry": {
        "type": "Polygon",
        "coordinates": [
          [
            [
              77.1148659,
              28.7458861
            ],
            [
              77.1149058,
              28.7458297
            ],
            [
              77.1151681,
              28.745972
            ],
            [
              77.1151283,
              28.7460285
            ],
            [
              77.1148659,
              28.7458861
            ]
          ]
        ]
      },
      "id": "way/352227351"
    },
    {
      "type": "Feature",
      "properties": {
        "@id": "way/352227355",
        "building": "yes"
      },
      "geometry": {
        "type": "Polygon",
        "coordinates": [
          [
            [
              77.1156812,
              28.7461546
            ],
            [
              77.1154834,
              28.7460487
            ],
            [
              77.1155245,
              28.7459748
            ],
            [
              77.1157303,
              28.7460828
            ],
            [
              77.1156812,
              28.7461546
            ]
          ]
        ]
      },
      "id": "way/352227355"
    },
    {
      "type": "Feature",
      "properties": {
        "@id": "way/352227356",
        "building": "yes"
      },
      "geometry": {
        "type": "Polygon",
        "coordinates": [
          [
            [
              77.1145305,
              28.7463518
            ],
            [
              77.1144042,
              28.746293
            ],
            [
              77.1144322,
              28.7462467
            ],
            [
              77.1145585,
              28.7463055
            ],
            [
              77.1145305,
              28.7463518
            ]
          ]
        ]
      },
      "id": "way/352227356"
    },
    {
      "type": "Feature",
      "properties": {
        "@id": "way/352227359",
        "building": "yes"
      },
      "geometry": {
        "type": "Polygon",
        "coordinates": [
          [
            [
              77.1150487,
              28.7476507
            ],
            [
              77.1153285,
              28.7476771
            ],
            [
              77.1153155,
              28.7477827
            ],
            [
              77.1150357,
              28.7477563
            ],
            [
              77.1150487,
              28.7476507
            ]
          ]
        ]
      },
      "id": "way/352227359"
    },
    {
      "type": "Feature",
      "properties": {
        "@id": "way/352227360",
        "building": "yes"
      },
      "geometry": {
        "type": "Polygon",
        "coordinates": [
          [
            [
              77.1150224,
              28.7464486
            ],
            [
              77.1150872,
              28.746316
            ],
            [
              77.1151693,
              28.7463381
            ],
            [
              77.1151157,
              28.746456
            ],
            [
              77.1150224,
              28.7464486
            ]
          ]
        ]
      },
      "id": "way/352227360"
    },
    {
      "type": "Feature",
      "properties": {
        "@id": "way/352227366",
        "building": "yes"
      },
      "geometry": {
        "type": "Polygon",
        "coordinates": [
          [
            [
              77.1134258,
              28.7488717
            ],
            [
              77.1133252,
              28.7488781
            ],
            [
              77.1133184,
              28.7487958
            ],
            [
              77.113419,
              28.7487894
            ],
            [
              77.1134258,
              28.7488717
            ]
          ]
        ]
      },
      "id": "way/352227366"
    },
    {
      "type": "Feature",
      "properties": {
        "@id": "way/352227375",
        "building": "yes"
      },
      "geometry": {
        "type": "Polygon",
        "coordinates": [
          [
            [
              77.1129044,
              28.7484185
            ],
            [
              77.1128436,
              28.7484175
            ],
            [
              77.1128462,
              28.748292
            ],
            [
              77.112907,
              28.748293
            ],
            [
              77.1129044,
              28.7484185
            ]
          ]
        ]
      },
      "id": "way/352227375"
    },
    {
      "type": "Feature",
      "properties": {
        "@id": "way/352227388",
        "building": "yes"
      },
      "geometry": {
        "type": "Polygon",
        "coordinates": [
          [
            [
              77.1126839,
              28.7480464
            ],
            [
              77.1126802,
              28.7479238
            ],
            [
              77.1127453,
              28.7479223
            ],
            [
              77.1127489,
              28.7480449
            ],
            [
              77.1126839,
              28.7480464
            ]
          ]
        ]
      },
      "id": "way/352227388"
    },
    {
      "type": "Feature",
      "properties": {
        "@id": "way/352227389",
        "building": "yes"
      },
      "geometry": {
        "type": "Polygon",
        "coordinates": [
          [
            [
              77.1140543,
              28.747813
            ],
            [
              77.1140679,
              28.7475884
            ],
            [
              77.1141905,
              28.7476019
            ],
            [
              77.1141696,
              28.7478279
            ],
            [
              77.1140543,
              28.747813
            ]
          ]
        ]
      },
      "id": "way/352227389"
    },
    {
      "type": "Feature",
      "properties": {
        "@id": "way/352227394",
        "building": "yes"
      },
      "geometry": {
        "type": "Polygon",
        "coordinates": [
          [
            [
              77.1131557,
              28.7487246
            ],
            [
              77.1131472,
              28.7485952
            ],
            [
              77.1132383,
              28.7485906
            ],
            [
              77.1132468,
              28.74872
            ],
            [
              77.1131557,
              28.7487246
            ]
          ]
        ]
      },
      "id": "way/352227394"
    },
    {
      "type": "Feature",
      "properties": {
        "@id": "way/352227399",
        "building": "yes"
      },
      "geometry": {
        "type": "Polygon",
        "coordinates": [
          [
            [
              77.1123957,
              28.7486599
            ],
            [
              77.1122915,
              28.7486631
            ],
            [
              77.1122881,
              28.7485778
            ],
            [
              77.1123923,
              28.7485746
            ],
            [
              77.1123957,
              28.7486599
            ]
          ]
        ]
      },
      "id": "way/352227399"
    },
    {
      "type": "Feature",
      "properties": {
        "@id": "way/352227406",
        "building": "yes"
      },
      "geometry": {
        "type": "Polygon",
        "coordinates": [
          [
            [
              77.1132926,
              28.7487016
            ],
            [
              77.1133842,
              28.7486947
            ],
            [
              77.1133916,
              28.7487698
            ],
            [
              77.1133,
              28.7487768
            ],
            [
              77.1132926,
              28.7487016
            ]
          ]
        ]
      },
      "id": "way/352227406"
    },
    {
      "type": "Feature",
      "properties": {
        "@id": "way/352227415",
        "building": "yes"
      },
      "geometry": {
        "type": "Polygon",
        "coordinates": [
          [
            [
              77.114423,
              28.7480433
            ],
            [
              77.1144445,
              28.7478847
            ],
            [
              77.1146401,
              28.747905
            ],
            [
              77.1146187,
              28.7480637
            ],
            [
              77.114423,
              28.7480433
            ]
          ]
        ]
      },
      "id": "way/352227415"
    },
    {
      "type": "Feature",
      "properties": {
        "@id": "way/352227422",
        "building": "yes"
      },
      "geometry": {
        "type": "Polygon",
        "coordinates": [
          [
            [
              77.1139119,
              28.748853
            ],
            [
              77.1139119,
              28.748733
            ],
            [
              77.1140227,
              28.748733
            ],
            [
              77.1140227,
              28.748853
            ],
            [
              77.1139119,
              28.748853
            ]
          ]
        ]
      },
      "id": "way/352227422"
    },
    {
      "type": "Feature",
      "properties": {
        "@id": "way/352227424",
        "building": "yes"
      },
      "geometry": {
        "type": "Polygon",
        "coordinates": [
          [
            [
              77.113018,
              28.7484437
            ],
            [
              77.1130053,
              28.7483379
            ],
            [
              77.1131077,
              28.7483344
            ],
            [
              77.1131152,
              28.7484427
            ],
            [
              77.113018,
              28.7484437
            ]
          ]
        ]
      },
      "id": "way/352227424"
    },
    {
      "type": "Feature",
      "properties": {
        "@id": "way/352227441",
        "building": "yes"
      },
      "geometry": {
        "type": "Polygon",
        "coordinates": [
          [
            [
              77.1140701,
              28.7475869
            ],
            [
              77.1140808,
              28.7475056
            ],
            [
              77.1141984,
              28.7475175
            ],
            [
              77.1141877,
              28.7475988
            ],
            [
              77.1140701,
              28.7475869
            ]
          ]
        ]
      },
      "id": "way/352227441"
    },
    {
      "type": "Feature",
      "properties": {
        "@id": "way/352227451",
        "building": "yes"
      },
      "geometry": {
        "type": "Polygon",
        "coordinates": [
          [
            [
              77.1128938,
              28.7488587
            ],
            [
              77.112893,
              28.7487703
            ],
            [
              77.1129946,
              28.7487696
            ],
            [
              77.1129954,
              28.748858
            ],
            [
              77.1128938,
              28.7488587
            ]
          ]
        ]
      },
      "id": "way/352227451"
    },
    {
      "type": "Feature",
      "properties": {
        "@id": "way/352227460",
        "building": "yes"
      },
      "geometry": {
        "type": "Polygon",
        "coordinates": [
          [
            [
              77.1131088,
              28.7482341
            ],
            [
              77.1132753,
              28.7482177
            ],
            [
              77.1132929,
              28.7483555
            ],
            [
              77.1131264,
              28.7483719
            ],
            [
              77.1131088,
              28.7482341
            ]
          ]
        ]
      },
      "id": "way/352227460"
    },
    {
      "type": "Feature",
      "properties": {
        "@id": "way/352227468",
        "building": "yes"
      },
      "geometry": {
        "type": "Polygon",
        "coordinates": [
          [
            [
              77.1146247,
              28.7484113
            ],
            [
              77.1146247,
              28.7482696
            ],
            [
              77.1147047,
              28.7482696
            ],
            [
              77.1147047,
              28.7484113
            ],
            [
              77.1146247,
              28.7484113
            ]
          ]
        ]
      },
      "id": "way/352227468"
    },
    {
      "type": "Feature",
      "properties": {
        "@id": "way/352227470",
        "building": "yes"
      },
      "geometry": {
        "type": "Polygon",
        "coordinates": [
          [
            [
              77.1140673,
              28.7478579
            ],
            [
              77.1142385,
              28.7478656
            ],
            [
              77.1142341,
              28.7479414
            ],
            [
              77.1140629,
              28.7479337
            ],
            [
              77.1140673,
              28.7478579
            ]
          ]
        ]
      },
      "id": "way/352227470"
    },
    {
      "type": "Feature",
      "properties": {
        "@id": "way/352227484",
        "building": "yes"
      },
      "geometry": {
        "type": "Polygon",
        "coordinates": [
          [
            [
              77.1140288,
              28.7482284
            ],
            [
              77.1141625,
              28.7482383
            ],
            [
              77.1141557,
              28.7483563
            ],
            [
              77.1140221,
              28.7483058
            ],
            [
              77.1140288,
              28.7482284
            ]
          ]
        ]
      },
      "id": "way/352227484"
    },
    {
      "type": "Feature",
      "properties": {
        "@id": "way/352227487",
        "building": "yes"
      },
      "geometry": {
        "type": "Polygon",
        "coordinates": [
          [
            [
              77.1146047,
              28.7460285
            ],
            [
              77.1146391,
              28.7459766
            ],
            [
              77.1147559,
              28.7460362
            ],
            [
              77.1147214,
              28.7460881
            ],
            [
              77.1146047,
              28.7460285
            ]
          ]
        ]
      },
      "id": "way/352227487"
    },
    {
      "type": "Feature",
      "properties": {
        "@id": "way/352227488",
        "building": "yes"
      },
      "geometry": {
        "type": "Polygon",
        "coordinates": [
          [
            [
              77.1143457,
              28.7465965
            ],
            [
              77.1142154,
              28.7465381
            ],
            [
              77.1142514,
              28.7464764
            ],
            [
              77.1143817,
              28.7465348
            ],
            [
              77.1143457,
              28.7465965
            ]
          ]
        ]
      },
      "id": "way/352227488"
    },
    {
      "type": "Feature",
      "properties": {
        "@id": "way/352227489",
        "building": "yes"
      },
      "geometry": {
        "type": "Polygon",
        "coordinates": [
          [
            [
              77.1151166,
              28.7478256
            ],
            [
              77.1152648,
              28.7478454
            ],
            [
              77.1152474,
              28.7479452
            ],
            [
              77.1150992,
              28.7479254
            ],
            [
              77.1151166,
              28.7478256
            ]
          ]
        ]
      },
      "id": "way/352227489"
    },
    {
      "type": "Feature",
      "properties": {
        "@id": "way/352227492",
        "building": "yes"
      },
      "geometry": {
        "type": "Polygon",
        "coordinates": [
          [
            [
              77.1124412,
              28.7490277
            ],
            [
              77.1124172,
              28.7487893
            ],
            [
              77.1126579,
              28.7487706
            ],
            [
              77.1126785,
              28.7489922
            ],
            [
              77.1124412,
              28.7490277
            ]
          ]
        ]
      },
      "id": "way/352227492"
    },
    {
      "type": "Feature",
      "properties": {
        "@id": "way/352227496",
        "building": "yes"
      },
      "geometry": {
        "type": "Polygon",
        "coordinates": [
          [
            [
              77.1118016,
              28.7491387
            ],
            [
              77.1117864,
              28.7489017
            ],
            [
              77.111979,
              28.7488729
            ],
            [
              77.1120054,
              28.7491043
            ],
            [
              77.1118016,
              28.7491387
            ]
          ]
        ]
      },
      "id": "way/352227496"
    },
    {
      "type": "Feature",
      "properties": {
        "@id": "way/352227516",
        "building": "yes"
      },
      "geometry": {
        "type": "Polygon",
        "coordinates": [
          [
            [
              77.1149198,
              28.7460495
            ],
            [
              77.1148655,
              28.7460202
            ],
            [
              77.1149079,
              28.7459599
            ],
            [
              77.1149622,
              28.7459892
            ],
            [
              77.1149198,
              28.7460495
            ]
          ]
        ]
      },
      "id": "way/352227516"
    },
    {
      "type": "Feature",
      "properties": {
        "@id": "way/352227527",
        "building": "yes"
      },
      "geometry": {
        "type": "Polygon",
        "coordinates": [
          [
            [
              77.1154539,
              28.7467088
            ],
            [
              77.1154655,
              28.7466621
            ],
            [
              77.1155279,
              28.7466741
            ],
            [
              77.1155163,
              28.7467207
            ],
            [
              77.1154539,
              28.7467088
            ]
          ]
        ]
      },
      "id": "way/352227527"
    },
    {
      "type": "Feature",
      "properties": {
        "@id": "way/352227532",
        "building": "yes"
      },
      "geometry": {
        "type": "Polygon",
        "coordinates": [
          [
            [
              77.1147632,
              28.7478977
            ],
            [
              77.1147868,
              28.7477122
            ],
            [
              77.1148886,
              28.7477221
            ],
            [
              77.1148651,
              28.7479076
            ],
            [
              77.1147632,
              28.7478977
            ]
          ]
        ]
      },
      "id": "way/352227532"
    },
    {
      "type": "Feature",
      "properties": {
        "@id": "way/352227538",
        "building": "yes"
      },
      "geometry": {
        "type": "Polygon",
        "coordinates": [
          [
            [
              77.1141594,
              28.7483762
            ],
            [
              77.1141659,
              28.7482393
            ],
            [
              77.1142301,
              28.7482391
            ],
            [
              77.1142332,
              28.7483778
            ],
            [
              77.1141594,
              28.7483762
            ]
          ]
        ]
      },
      "id": "way/352227538"
    },
    {
      "type": "Feature",
      "properties": {
        "@id": "way/352227541",
        "building": "yes"
      },
      "geometry": {
        "type": "Polygon",
        "coordinates": [
          [
            [
              77.1147228,
              28.7457949
            ],
            [
              77.1147603,
              28.7457418
            ],
            [
              77.1149075,
              28.7458218
            ],
            [
              77.1148699,
              28.7458749
            ],
            [
              77.1147228,
              28.7457949
            ]
          ]
        ]
      },
      "id": "way/352227541"
    },
    {
      "type": "Feature",
      "properties": {
        "@id": "way/352227543",
        "building": "yes"
      },
      "geometry": {
        "type": "Polygon",
        "coordinates": [
          [
            [
              77.1123393,
              28.7492711
            ],
            [
              77.112295,
              28.7491199
            ],
            [
              77.1123822,
              28.7491003
            ],
            [
              77.1124265,
              28.7492515
            ],
            [
              77.1123393,
              28.7492711
            ]
          ]
        ]
      },
      "id": "way/352227543"
    },
    {
      "type": "Feature",
      "properties": {
        "@id": "way/352227544",
        "building": "yes"
      },
      "geometry": {
        "type": "Polygon",
        "coordinates": [
          [
            [
              77.1142913,
              28.7464135
            ],
            [
              77.1144257,
              28.7464801
            ],
            [
              77.114392,
              28.7465324
            ],
            [
              77.1142576,
              28.7464658
            ],
            [
              77.1142913,
              28.7464135
            ]
          ]
        ]
      },
      "id": "way/352227544"
    },
    {
      "type": "Feature",
      "properties": {
        "@id": "way/352227547",
        "building": "yes"
      },
      "geometry": {
        "type": "Polygon",
        "coordinates": [
          [
            [
              77.1127952,
              28.748987
            ],
            [
              77.112788,
              28.7487766
            ],
            [
              77.1128858,
              28.748774
            ],
            [
              77.1128954,
              28.7489563
            ],
            [
              77.1127952,
              28.748987
            ]
          ]
        ]
      },
      "id": "way/352227547"
    },
    {
      "type": "Feature",
      "properties": {
        "@id": "way/352227556",
        "building": "yes"
      },
      "geometry": {
        "type": "Polygon",
        "coordinates": [
          [
            [
              77.1118507,
              28.7484963
            ],
            [
              77.1118152,
              28.7483443
            ],
            [
              77.1119589,
              28.7483185
            ],
            [
              77.1119944,
              28.7484706
            ],
            [
              77.1118507,
              28.7484963
            ]
          ]
        ]
      },
      "id": "way/352227556"
    },
    {
      "type": "Feature",
      "properties": {
        "@id": "way/352227557",
        "building": "yes"
      },
      "geometry": {
        "type": "Polygon",
        "coordinates": [
          [
            [
              77.1136351,
              28.7487031
            ],
            [
              77.1136611,
              28.7486307
            ],
            [
              77.1138812,
              28.7486916
            ],
            [
              77.1138552,
              28.748764
            ],
            [
              77.1136351,
              28.7487031
            ]
          ]
        ]
      },
      "id": "way/352227557"
    },
    {
      "type": "Feature",
      "properties": {
        "@id": "way/352227559",
        "building": "yes"
      },
      "geometry": {
        "type": "Polygon",
        "coordinates": [
          [
            [
              77.1131382,
              28.7487989
            ],
            [
              77.1133096,
              28.7487969
            ],
            [
              77.1133105,
              28.7488565
            ],
            [
              77.1131391,
              28.7488585
            ],
            [
              77.1131382,
              28.7487989
            ]
          ]
        ]
      },
      "id": "way/352227559"
    },
    {
      "type": "Feature",
      "properties": {
        "@id": "way/352227562",
        "building": "yes"
      },
      "geometry": {
        "type": "Polygon",
        "coordinates": [
          [
            [
              77.1120319,
              28.7493824
            ],
            [
              77.1120172,
              28.7492882
            ],
            [
              77.1121688,
              28.7492662
            ],
            [
              77.1121813,
              28.7493406
            ],
            [
              77.1120319,
              28.7493824
            ]
          ]
        ]
      },
      "id": "way/352227562"
    },
    {
      "type": "Feature",
      "properties": {
        "@id": "way/352227570",
        "building": "yes"
      },
      "geometry": {
        "type": "Polygon",
        "coordinates": [
          [
            [
              77.1141381,
              28.7488609
            ],
            [
              77.1141362,
              28.7487023
            ],
            [
              77.1142425,
              28.7487013
            ],
            [
              77.1142444,
              28.7488599
            ],
            [
              77.1141381,
              28.7488609
            ]
          ]
        ]
      },
      "id": "way/352227570"
    },
    {
      "type": "Feature",
      "properties": {
        "@id": "way/352227571",
        "building": "yes"
      },
      "geometry": {
        "type": "Polygon",
        "coordinates": [
          [
            [
              77.1147214,
              28.7461155
            ],
            [
              77.1147589,
              28.7460533
            ],
            [
              77.1148876,
              28.7461129
            ],
            [
              77.1148502,
              28.7461751
            ],
            [
              77.1147214,
              28.7461155
            ]
          ]
        ]
      },
      "id": "way/352227571"
    },
    {
      "type": "Feature",
      "properties": {
        "@id": "way/352227575",
        "building": "yes"
      },
      "geometry": {
        "type": "Polygon",
        "coordinates": [
          [
            [
              77.1146473,
              28.7465769
            ],
            [
              77.1145801,
              28.7465368
            ],
            [
              77.1146057,
              28.7465038
            ],
            [
              77.1146729,
              28.7465439
            ],
            [
              77.1146473,
              28.7465769
            ]
          ]
        ]
      },
      "id": "way/352227575"
    },
    {
      "type": "Feature",
      "properties": {
        "@id": "way/352227578",
        "building": "yes"
      },
      "geometry": {
        "type": "Polygon",
        "coordinates": [
          [
            [
              77.1152731,
              28.7466779
            ],
            [
              77.1152915,
              28.7466177
            ],
            [
              77.1153995,
              28.7466429
            ],
            [
              77.1153811,
              28.7467032
            ],
            [
              77.1152731,
              28.7466779
            ]
          ]
        ]
      },
      "id": "way/352227578"
    },
    {
      "type": "Feature",
      "properties": {
        "@id": "way/352227586",
        "building": "yes"
      },
      "geometry": {
        "type": "Polygon",
        "coordinates": [
          [
            [
              77.1123856,
              28.7479482
            ],
            [
              77.1125994,
              28.7479393
            ],
            [
              77.1126044,
              28.7480319
            ],
            [
              77.1123906,
              28.7480408
            ],
            [
              77.1123856,
              28.7479482
            ]
          ]
        ]
      },
      "id": "way/352227586"
    },
    {
      "type": "Feature",
      "properties": {
        "@id": "way/352227592",
        "building": "yes"
      },
      "geometry": {
        "type": "Polygon",
        "coordinates": [
          [
            [
              77.1136184,
              28.7484547
            ],
            [
              77.1138831,
              28.7485231
            ],
            [
              77.1138645,
              28.7485783
            ],
            [
              77.1135998,
              28.7485099
            ],
            [
              77.1136184,
              28.7484547
            ]
          ]
        ]
      },
      "id": "way/352227592"
    },
    {
      "type": "Feature",
      "properties": {
        "@id": "way/352227593",
        "building": "yes"
      },
      "geometry": {
        "type": "Polygon",
        "coordinates": [
          [
            [
              77.1122033,
              28.7493518
            ],
            [
              77.1121758,
              28.7492108
            ],
            [
              77.1122366,
              28.7492017
            ],
            [
              77.1122641,
              28.7493426
            ],
            [
              77.1122033,
              28.7493518
            ]
          ]
        ]
      },
      "id": "way/352227593"
    },
    {
      "type": "Feature",
      "properties": {
        "@id": "way/352227594",
        "building": "yes"
      },
      "geometry": {
        "type": "Polygon",
        "coordinates": [
          [
            [
              77.1143014,
              28.7478328
            ],
            [
              77.1143079,
              28.7477728
            ],
            [
              77.114416,
              28.7477819
            ],
            [
              77.1144094,
              28.7478419
            ],
            [
              77.1143014,
              28.7478328
            ]
          ]
        ]
      },
      "id": "way/352227594"
    },
    {
      "type": "Feature",
      "properties": {
        "@id": "way/352227597",
        "building": "yes"
      },
      "geometry": {
        "type": "Polygon",
        "coordinates": [
          [
            [
              77.114316,
              28.7476106
            ],
            [
              77.1141954,
              28.7475972
            ],
            [
              77.114205,
              28.7475201
            ],
            [
              77.1143246,
              28.7475283
            ],
            [
              77.114316,
              28.7476106
            ]
          ]
        ]
      },
      "id": "way/352227597"
    },
    {
      "type": "Feature",
      "properties": {
        "@id": "way/352227600",
        "building": "yes"
      },
      "geometry": {
        "type": "Polygon",
        "coordinates": [
          [
            [
              77.1127493,
              28.7487585
            ],
            [
              77.1127373,
              28.7485593
            ],
            [
              77.1128362,
              28.7485563
            ],
            [
              77.1128489,
              28.7487597
            ],
            [
              77.1127493,
              28.7487585
            ]
          ]
        ]
      },
      "id": "way/352227600"
    },
    {
      "type": "Feature",
      "properties": {
        "@id": "way/352227604",
        "building": "yes"
      },
      "geometry": {
        "type": "Polygon",
        "coordinates": [
          [
            [
              77.1141325,
              28.7486735
            ],
            [
              77.1139209,
              28.7486725
            ],
            [
              77.1139217,
              28.7485457
            ],
            [
              77.1141332,
              28.7485467
            ],
            [
              77.1141325,
              28.7486735
            ]
          ]
        ]
      },
      "id": "way/352227604"
    },
    {
      "type": "Feature",
      "properties": {
        "@id": "way/352227609",
        "building": "yes"
      },
      "geometry": {
        "type": "Polygon",
        "coordinates": [
          [
            [
              77.1122896,
              28.7481512
            ],
            [
              77.1122653,
              28.7479934
            ],
            [
              77.1123644,
              28.7479817
            ],
            [
              77.1123887,
              28.7481394
            ],
            [
              77.1122896,
              28.7481512
            ]
          ]
        ]
      },
      "id": "way/352227609"
    },
    {
      "type": "Feature",
      "properties": {
        "@id": "way/352227614",
        "building": "yes"
      },
      "geometry": {
        "type": "Polygon",
        "coordinates": [
          [
            [
              77.115291,
              28.7465861
            ],
            [
              77.1153638,
              28.7463372
            ],
            [
              77.115607,
              28.7463521
            ],
            [
              77.1155432,
              28.7466089
            ],
            [
              77.115291,
              28.7465861
            ]
          ]
        ]
      },
      "id": "way/352227614"
    },
    {
      "type": "Feature",
      "properties": {
        "@id": "way/352227615",
        "building": "yes"
      },
      "geometry": {
        "type": "Polygon",
        "coordinates": [
          [
            [
              77.1119258,
              28.7496006
            ],
            [
              77.1120826,
              28.7495865
            ],
            [
              77.1121552,
              28.7498539
            ],
            [
              77.1119744,
              28.7498581
            ],
            [
              77.1119258,
              28.7496006
            ]
          ]
        ]
      },
      "id": "way/352227615"
    },
    {
      "type": "Feature",
      "properties": {
        "@id": "way/352227627",
        "building": "yes"
      },
      "geometry": {
        "type": "Polygon",
        "coordinates": [
          [
            [
              77.114987,
              28.746079
            ],
            [
              77.1149278,
              28.7460481
            ],
            [
              77.1149681,
              28.7459887
            ],
            [
              77.1150048,
              28.7460078
            ],
            [
              77.114982,
              28.7460414
            ],
            [
              77.1150045,
              28.7460532
            ],
            [
              77.114987,
              28.746079
            ]
          ]
        ]
      },
      "id": "way/352227627"
    },
    {
      "type": "Feature",
      "properties": {
        "@id": "way/352227631",
        "building": "yes"
      },
      "geometry": {
        "type": "Polygon",
        "coordinates": [
          [
            [
              77.1127257,
              28.748301
            ],
            [
              77.1128345,
              28.7483027
            ],
            [
              77.1128308,
              28.7484867
            ],
            [
              77.1127562,
              28.7484855
            ],
            [
              77.1127557,
              28.7485112
            ],
            [
              77.1127214,
              28.7485106
            ],
            [
              77.1127257,
              28.748301
            ]
          ]
        ]
      },
      "id": "way/352227631"
    },
    {
      "type": "Feature",
      "properties": {
        "@id": "way/352227632",
        "building": "yes"
      },
      "geometry": {
        "type": "Polygon",
        "coordinates": [
          [
            [
              77.1123979,
              28.748528
            ],
            [
              77.1124001,
              28.7484169
            ],
            [
              77.1125826,
              28.7484197
            ],
            [
              77.1125809,
              28.7485036
            ],
            [
              77.1125421,
              28.748503
            ],
            [
              77.1125415,
              28.7485302
            ],
            [
              77.1123979,
              28.748528
            ]
          ]
        ]
      },
      "id": "way/352227632"
    },
    {
      "type": "Feature",
      "properties": {
        "@id": "way/352227635",
        "building": "yes"
      },
      "geometry": {
        "type": "Polygon",
        "coordinates": [
          [
            [
              77.1148779,
              28.7482549
            ],
            [
              77.1148881,
              28.7480843
            ],
            [
              77.1151877,
              28.7480981
            ],
            [
              77.1151828,
              28.7481807
            ],
            [
              77.1150734,
              28.7481756
            ],
            [
              77.1150681,
              28.7482637
            ],
            [
              77.1148779,
              28.7482549
            ]
          ]
        ]
      },
      "id": "way/352227635"
    },
    {
      "type": "Feature",
      "properties": {
        "@id": "way/352227636",
        "building": "yes"
      },
      "geometry": {
        "type": "Polygon",
        "coordinates": [
          [
            [
              77.1131352,
              28.7489302
            ],
            [
              77.1130859,
              28.7489352
            ],
            [
              77.1130752,
              28.7488691
            ],
            [
              77.113008,
              28.7488719
            ],
            [
              77.1130039,
              28.7487829
            ],
            [
              77.1131272,
              28.7487759
            ],
            [
              77.1131352,
              28.7489302
            ]
          ]
        ]
      },
      "id": "way/352227636"
    },
    {
      "type": "Feature",
      "properties": {
        "@id": "way/352227637",
        "building": "yes"
      },
      "geometry": {
        "type": "Polygon",
        "coordinates": [
          [
            [
              77.1124008,
              28.7488191
            ],
            [
              77.1124211,
              28.7490079
            ],
            [
              77.1123063,
              28.7490146
            ],
            [
              77.1123087,
              28.7490286
            ],
            [
              77.1122089,
              28.7490328
            ],
            [
              77.1121893,
              28.7488459
            ],
            [
              77.1124008,
              28.7488191
            ]
          ]
        ]
      },
      "id": "way/352227637"
    },
    {
      "type": "Feature",
      "properties": {
        "@id": "way/352227638",
        "building": "yes"
      },
      "geometry": {
        "type": "Polygon",
        "coordinates": [
          [
            [
              77.1126945,
              28.7490003
            ],
            [
              77.1126753,
              28.7487738
            ],
            [
              77.1127791,
              28.7487765
            ],
            [
              77.1127824,
              28.7488292
            ],
            [
              77.1127364,
              28.7488322
            ],
            [
              77.1127467,
              28.7489969
            ],
            [
              77.1126945,
              28.7490003
            ]
          ]
        ]
      },
      "id": "way/352227638"
    },
    {
      "type": "Feature",
      "properties": {
        "@id": "way/352227639",
        "building": "yes"
      },
      "geometry": {
        "type": "Polygon",
        "coordinates": [
          [
            [
              77.1131056,
              28.748332
            ],
            [
              77.1129784,
              28.7483347
            ],
            [
              77.1129757,
              28.7483003
            ],
            [
              77.1129975,
              28.748299
            ],
            [
              77.1129916,
              28.7482238
            ],
            [
              77.1130965,
              28.7482298
            ],
            [
              77.1131056,
              28.748332
            ]
          ]
        ]
      },
      "id": "way/352227639"
    },
    {
      "type": "Feature",
      "properties": {
        "@id": "way/352227640",
        "building": "yes"
      },
      "geometry": {
        "type": "Polygon",
        "coordinates": [
          [
            [
              77.1147847,
              28.7484218
            ],
            [
              77.1148439,
              28.7484232
            ],
            [
              77.11484,
              28.7485502
            ],
            [
              77.1147514,
              28.7485481
            ],
            [
              77.1147523,
              28.7485221
            ],
            [
              77.1147816,
              28.7485228
            ],
            [
              77.1147847,
              28.7484218
            ]
          ]
        ]
      },
      "id": "way/352227640"
    },
    {
      "type": "Feature",
      "properties": {
        "@id": "way/352227641",
        "building": "yes"
      },
      "geometry": {
        "type": "Polygon",
        "coordinates": [
          [
            [
              77.1154493,
              28.7459189
            ],
            [
              77.1155221,
              28.7459582
            ],
            [
              77.11546,
              28.7460728
            ],
            [
              77.115394,
              28.7460352
            ],
            [
              77.1154161,
              28.7460037
            ],
            [
              77.1154013,
              28.745997
            ],
            [
              77.1154493,
              28.7459189
            ]
          ]
        ]
      },
      "id": "way/352227641"
    },
    {
      "type": "Feature",
      "properties": {
        "@id": "way/352227645",
        "building": "yes"
      },
      "geometry": {
        "type": "Polygon",
        "coordinates": [
          [
            [
              77.1140385,
              28.748123
            ],
            [
              77.1140497,
              28.748022
            ],
            [
              77.1141503,
              28.7480305
            ],
            [
              77.1141599,
              28.7479434
            ],
            [
              77.1142161,
              28.7479482
            ],
            [
              77.1141953,
              28.7481363
            ],
            [
              77.1140385,
              28.748123
            ]
          ]
        ]
      },
      "id": "way/352227645"
    },
    {
      "type": "Feature",
      "properties": {
        "@id": "way/352227646",
        "building": "yes"
      },
      "geometry": {
        "type": "Polygon",
        "coordinates": [
          [
            [
              77.1148479,
              28.7484116
            ],
            [
              77.1147704,
              28.7484116
            ],
            [
              77.1147704,
              28.7483779
            ],
            [
              77.1148066,
              28.7483779
            ],
            [
              77.1148066,
              28.748361
            ],
            [
              77.1148479,
              28.748361
            ],
            [
              77.1148479,
              28.7484116
            ]
          ]
        ]
      },
      "id": "way/352227646"
    },
    {
      "type": "Feature",
      "properties": {
        "@id": "way/352227648",
        "building": "yes"
      },
      "geometry": {
        "type": "Polygon",
        "coordinates": [
          [
            [
              77.1145551,
              28.7485431
            ],
            [
              77.1145551,
              28.7484113
            ],
            [
              77.1145895,
              28.7484113
            ],
            [
              77.1145895,
              28.7484249
            ],
            [
              77.1146095,
              28.7484249
            ],
            [
              77.1146095,
              28.7485431
            ],
            [
              77.1145551,
              28.7485431
            ]
          ]
        ]
      },
      "id": "way/352227648"
    },
    {
      "type": "Feature",
      "properties": {
        "@id": "way/352227649",
        "building": "yes"
      },
      "geometry": {
        "type": "Polygon",
        "coordinates": [
          [
            [
              77.1155847,
              28.7457566
            ],
            [
              77.1157695,
              28.7458463
            ],
            [
              77.1157388,
              28.745943
            ],
            [
              77.1156429,
              28.7458936
            ],
            [
              77.1156387,
              28.7458999
            ],
            [
              77.1155687,
              28.7458639
            ],
            [
              77.1155712,
              28.7458601
            ],
            [
              77.1154947,
              28.7458207
            ],
            [
              77.1155847,
              28.7457566
            ]
          ]
        ]
      },
      "id": "way/352227649"
    },
    {
      "type": "Feature",
      "properties": {
        "@id": "way/352227653",
        "building": "yes"
      },
      "geometry": {
        "type": "Polygon",
        "coordinates": [
          [
            [
              77.1120953,
              28.7487706
            ],
            [
              77.1120993,
              28.7486163
            ],
            [
              77.1122806,
              28.7486065
            ],
            [
              77.1122918,
              28.7488295
            ],
            [
              77.1121929,
              28.7488401
            ],
            [
              77.1121921,
              28.7487797
            ],
            [
              77.1121665,
              28.748779
            ],
            [
              77.1121681,
              28.7487685
            ],
            [
              77.1120953,
              28.7487706
            ]
          ]
        ]
      },
      "id": "way/352227653"
    },
    {
      "type": "Feature",
      "properties": {
        "@id": "way/352227655",
        "building": "yes"
      },
      "geometry": {
        "type": "Polygon",
        "coordinates": [
          [
            [
              77.1153581,
              28.7458754
            ],
            [
              77.1154449,
              28.7459164
            ],
            [
              77.1153985,
              28.7459921
            ],
            [
              77.1153908,
              28.7459885
            ],
            [
              77.1153081,
              28.7461232
            ],
            [
              77.1152516,
              28.7460965
            ],
            [
              77.115334,
              28.7459624
            ],
            [
              77.1153113,
              28.7459517
            ],
            [
              77.1153581,
              28.7458754
            ]
          ]
        ]
      },
      "id": "way/352227655"
    },
    {
      "type": "Feature",
      "properties": {
        "@id": "way/352227659",
        "building": "yes"
      },
      "geometry": {
        "type": "Polygon",
        "coordinates": [
          [
            [
              77.1120849,
              28.7488541
            ],
            [
              77.1117817,
              28.7488967
            ],
            [
              77.1118021,
              28.7487117
            ],
            [
              77.1119552,
              28.7487035
            ],
            [
              77.1119566,
              28.7486322
            ],
            [
              77.1120009,
              28.7486317
            ],
            [
              77.1120021,
              28.7487043
            ],
            [
              77.1120823,
              28.7487033
            ],
            [
              77.1120849,
              28.7488541
            ]
          ]
        ]
      },
      "id": "way/352227659"
    },
    {
      "type": "Feature",
      "properties": {
        "@id": "way/352227662",
        "building": "yes"
      },
      "geometry": {
        "type": "Polygon",
        "coordinates": [
          [
            [
              77.1152303,
              28.7468604
            ],
            [
              77.1152566,
              28.7467169
            ],
            [
              77.1155118,
              28.7467386
            ],
            [
              77.1155039,
              28.7467935
            ],
            [
              77.1154604,
              28.7467887
            ],
            [
              77.1154588,
              28.7468001
            ],
            [
              77.1155022,
              28.7468049
            ],
            [
              77.1154911,
              28.7468821
            ],
            [
              77.1152303,
              28.7468604
            ]
          ]
        ]
      },
      "id": "way/352227662"
    },
    {
      "type": "Feature",
      "properties": {
        "@id": "way/352428540",
        "building": "yes"
      },
      "geometry": {
        "type": "Polygon",
        "coordinates": [
          [
            [
              77.1211076,
              28.7450298
            ],
            [
              77.1210301,
              28.7448797
            ],
            [
              77.1213875,
              28.7447746
            ],
            [
              77.121447,
              28.7450318
            ],
            [
              77.1211076,
              28.7450298
            ]
          ]
        ]
      },
      "id": "way/352428540"
    },
    {
      "type": "Feature",
      "properties": {
        "@id": "way/352462780",
        "building": "yes"
      },
      "geometry": {
        "type": "Polygon",
        "coordinates": [
          [
            [
              77.1149772,
              28.745311
            ],
            [
              77.1149216,
              28.7452423
            ],
            [
              77.1149412,
              28.7452301
            ],
            [
              77.1149195,
              28.7452032
            ],
            [
              77.1149356,
              28.7451931
            ],
            [
              77.114922,
              28.7451763
            ],
            [
              77.1149059,
              28.7451863
            ],
            [
              77.1148853,
              28.7451609
            ],
            [
              77.114922,
              28.745138
            ],
            [
              77.1149329,
              28.7451514
            ],
            [
              77.1149531,
              28.7451389
            ],
            [
              77.1149669,
              28.745156
            ],
            [
              77.1150035,
              28.7451333
            ],
            [
              77.1150481,
              28.7451542
            ],
            [
              77.1150752,
              28.7451686
            ],
            [
              77.1150977,
              28.7451964
            ],
            [
              77.1150931,
              28.7451993
            ],
            [
              77.1151145,
              28.7452256
            ],
            [
              77.1149772,
              28.745311
            ]
          ]
        ]
      },
      "id": "way/352462780"
    },
    {
      "type": "Feature",
      "properties": {
        "@id": "way/352462809",
        "building": "yes"
      },
      "geometry": {
        "type": "Polygon",
        "coordinates": [
          [
            [
              77.1163027,
              28.7451531
            ],
            [
              77.1162581,
              28.7450127
            ],
            [
              77.1164332,
              28.7449699
            ],
            [
              77.1164778,
              28.7451103
            ],
            [
              77.1163027,
              28.7451531
            ]
          ]
        ]
      },
      "id": "way/352462809"
    },
    {
      "type": "Feature",
      "properties": {
        "@id": "way/352462851",
        "building": "yes"
      },
      "geometry": {
        "type": "Polygon",
        "coordinates": [
          [
            [
              77.1140612,
              28.7461608
            ],
            [
              77.1141647,
              28.7459593
            ],
            [
              77.1144799,
              28.7460716
            ],
            [
              77.1143516,
              28.7462592
            ],
            [
              77.1140612,
              28.7461608
            ]
          ]
        ]
      },
      "id": "way/352462851"
    },
    {
      "type": "Feature",
      "properties": {
        "@id": "way/352462857",
        "building": "yes"
      },
      "geometry": {
        "type": "Polygon",
        "coordinates": [
          [
            [
              77.1149131,
              28.7456571
            ],
            [
              77.114801,
              28.7455062
            ],
            [
              77.1149026,
              28.7454564
            ],
            [
              77.1150123,
              28.7456101
            ],
            [
              77.1149131,
              28.7456571
            ]
          ]
        ]
      },
      "id": "way/352462857"
    },
    {
      "type": "Feature",
      "properties": {
        "@id": "way/352462861",
        "building": "yes"
      },
      "geometry": {
        "type": "Polygon",
        "coordinates": [
          [
            [
              77.1140369,
              28.7453858
            ],
            [
              77.1140315,
              28.7453227
            ],
            [
              77.1141275,
              28.7453164
            ],
            [
              77.1141329,
              28.7453795
            ],
            [
              77.1140369,
              28.7453858
            ]
          ]
        ]
      },
      "id": "way/352462861"
    },
    {
      "type": "Feature",
      "properties": {
        "@id": "way/352462865",
        "building": "yes"
      },
      "geometry": {
        "type": "Polygon",
        "coordinates": [
          [
            [
              77.1137991,
              28.7469353
            ],
            [
              77.1138726,
              28.7469521
            ],
            [
              77.1138487,
              28.7470322
            ],
            [
              77.1137752,
              28.7470153
            ],
            [
              77.1137991,
              28.7469353
            ]
          ]
        ]
      },
      "id": "way/352462865"
    },
    {
      "type": "Feature",
      "properties": {
        "@id": "way/352524295",
        "building": "yes"
      },
      "geometry": {
        "type": "Polygon",
        "coordinates": [
          [
            [
              77.1149814,
              28.7471405
            ],
            [
              77.1151635,
              28.7471564
            ],
            [
              77.1151048,
              28.7473836
            ],
            [
              77.1149283,
              28.7473647
            ],
            [
              77.1149547,
              28.7472531
            ],
            [
              77.1150792,
              28.7472758
            ],
            [
              77.1150942,
              28.7472123
            ],
            [
              77.1150251,
              28.7471997
            ],
            [
              77.1150286,
              28.747185
            ],
            [
              77.1149732,
              28.747175
            ],
            [
              77.1149814,
              28.7471405
            ]
          ]
        ]
      },
      "id": "way/352524295"
    },
    {
      "type": "Feature",
      "properties": {
        "@id": "way/352524314",
        "building": "yes"
      },
      "geometry": {
        "type": "Polygon",
        "coordinates": [
          [
            [
              77.1126306,
              28.7474294
            ],
            [
              77.112531,
              28.7476009
            ],
            [
              77.1124748,
              28.7475758
            ],
            [
              77.1125744,
              28.7474043
            ],
            [
              77.1126306,
              28.7474294
            ]
          ]
        ]
      },
      "id": "way/352524314"
    },
    {
      "type": "Feature",
      "properties": {
        "@id": "way/352524321",
        "building": "yes"
      },
      "geometry": {
        "type": "Polygon",
        "coordinates": [
          [
            [
              77.1126605,
              28.747396
            ],
            [
              77.1127204,
              28.7472829
            ],
            [
              77.1128007,
              28.7473157
            ],
            [
              77.1127408,
              28.7474288
            ],
            [
              77.1126605,
              28.747396
            ]
          ]
        ]
      },
      "id": "way/352524321"
    },
    {
      "type": "Feature",
      "properties": {
        "@id": "way/352524323",
        "building": "yes"
      },
      "geometry": {
        "type": "Polygon",
        "coordinates": [
          [
            [
              77.1118664,
              28.7462911
            ],
            [
              77.1118076,
              28.7462248
            ],
            [
              77.1118862,
              28.7461712
            ],
            [
              77.111945,
              28.7462375
            ],
            [
              77.1118664,
              28.7462911
            ]
          ]
        ]
      },
      "id": "way/352524323"
    },
    {
      "type": "Feature",
      "properties": {
        "@id": "way/352524328",
        "building": "yes"
      },
      "geometry": {
        "type": "Polygon",
        "coordinates": [
          [
            [
              77.112691,
              28.7475111
            ],
            [
              77.112786,
              28.7475369
            ],
            [
              77.1127387,
              28.7476306
            ],
            [
              77.1126482,
              28.7476038
            ],
            [
              77.112691,
              28.7475111
            ]
          ]
        ]
      },
      "id": "way/352524328"
    },
    {
      "type": "Feature",
      "properties": {
        "@id": "way/352524335",
        "building": "yes"
      },
      "geometry": {
        "type": "Polygon",
        "coordinates": [
          [
            [
              77.112835,
              28.7463883
            ],
            [
              77.1129246,
              28.7464058
            ],
            [
              77.1128658,
              28.7465925
            ],
            [
              77.1128087,
              28.7465828
            ],
            [
              77.1128178,
              28.7465471
            ],
            [
              77.1127957,
              28.7465427
            ],
            [
              77.112835,
              28.7463883
            ]
          ]
        ]
      },
      "id": "way/352524335"
    },
    {
      "type": "Feature",
      "properties": {
        "@id": "way/352561317",
        "building": "yes"
      },
      "geometry": {
        "type": "Polygon",
        "coordinates": [
          [
            [
              77.1147758,
              28.7457233
            ],
            [
              77.1146659,
              28.74557
            ],
            [
              77.114795,
              28.745508
            ],
            [
              77.114908,
              28.7456612
            ],
            [
              77.1147758,
              28.7457233
            ]
          ]
        ]
      },
      "id": "way/352561317"
    },
    {
      "type": "Feature",
      "properties": {
        "@id": "way/352738700",
        "building": "yes"
      },
      "geometry": {
        "type": "Polygon",
        "coordinates": [
          [
            [
              77.1168123,
              28.7446785
            ],
            [
              77.1170237,
              28.7449373
            ],
            [
              77.1169227,
              28.7450007
            ],
            [
              77.1167112,
              28.744742
            ],
            [
              77.1168123,
              28.7446785
            ]
          ]
        ]
      },
      "id": "way/352738700"
    },
    {
      "type": "Feature",
      "properties": {
        "@id": "way/352738712",
        "building": "yes"
      },
      "geometry": {
        "type": "Polygon",
        "coordinates": [
          [
            [
              77.1138076,
              28.7475614
            ],
            [
              77.1137798,
              28.7477794
            ],
            [
              77.1136507,
              28.7477667
            ],
            [
              77.1136786,
              28.7475487
            ],
            [
              77.1138076,
              28.7475614
            ]
          ]
        ]
      },
      "id": "way/352738712"
    },
    {
      "type": "Feature",
      "properties": {
        "@id": "way/352738723",
        "building": "yes"
      },
      "geometry": {
        "type": "Polygon",
        "coordinates": [
          [
            [
              77.1164753,
              28.7447091
            ],
            [
              77.1167518,
              28.7449841
            ],
            [
              77.1166742,
              28.7450441
            ],
            [
              77.1166466,
              28.7450167
            ],
            [
              77.1165886,
              28.7450615
            ],
            [
              77.1163397,
              28.7448139
            ],
            [
              77.1164753,
              28.7447091
            ]
          ]
        ]
      },
      "id": "way/352738723"
    },
    {
      "type": "Feature",
      "properties": {
        "@id": "way/352751718",
        "building": "yes"
      },
      "geometry": {
        "type": "Polygon",
        "coordinates": [
          [
            [
              77.1118182,
              28.7477243
            ],
            [
              77.1117415,
              28.7474585
            ],
            [
              77.111999,
              28.7474013
            ],
            [
              77.1120758,
              28.7476671
            ],
            [
              77.1118182,
              28.7477243
            ]
          ]
        ]
      },
      "id": "way/352751718"
    },
    {
      "type": "Feature",
      "properties": {
        "@id": "way/352760469",
        "building": "yes"
      },
      "geometry": {
        "type": "Polygon",
        "coordinates": [
          [
            [
              77.1129257,
              28.7479757
            ],
            [
              77.1130604,
              28.7479627
            ],
            [
              77.1130683,
              28.7480252
            ],
            [
              77.1129335,
              28.7480381
            ],
            [
              77.1129257,
              28.7479757
            ]
          ]
        ]
      },
      "id": "way/352760469"
    },
    {
      "type": "Feature",
      "properties": {
        "@id": "way/352760471",
        "building": "yes"
      },
      "geometry": {
        "type": "Polygon",
        "coordinates": [
          [
            [
              77.1135517,
              28.7470868
            ],
            [
              77.1136684,
              28.7471012
            ],
            [
              77.1136558,
              28.7471799
            ],
            [
              77.1135391,
              28.7471655
            ],
            [
              77.1135517,
              28.7470868
            ]
          ]
        ]
      },
      "id": "way/352760471"
    },
    {
      "type": "Feature",
      "properties": {
        "@id": "way/353205234",
        "building": "yes"
      },
      "geometry": {
        "type": "Polygon",
        "coordinates": [
          [
            [
              77.112093,
              28.7457993
            ],
            [
              77.1121377,
              28.7459407
            ],
            [
              77.1120515,
              28.7459617
            ],
            [
              77.1120067,
              28.7458203
            ],
            [
              77.112093,
              28.7457993
            ]
          ]
        ]
      },
      "id": "way/353205234"
    },
    {
      "type": "Feature",
      "properties": {
        "@id": "way/791216496",
        "building": "yes",
        "name": "SPS 9-12"
      },
      "geometry": {
        "type": "Polygon",
        "coordinates": [
          [
            [
              77.1200618,
              28.7496822
            ],
            [
              77.1200295,
              28.7495909
            ],
            [
              77.119923,
              28.7492899
            ],
            [
              77.1203364,
              28.7491775
            ],
            [
              77.1204561,
              28.7495159
            ],
            [
              77.12015,
              28.7495999
            ],
            [
              77.1201661,
              28.7496539
            ],
            [
              77.1200618,
              28.7496822
            ]
          ]
        ]
      },
      "id": "way/791216496"
    },
    {
      "type": "Feature",
      "properties": {
        "@id": "way/791219001",
        "building": "yes",
        "building:levels": "0",
        "name": "SPS 14",
        "type": "lecture"
      },
      "geometry": {
        "type": "Polygon",
        "coordinates": [
          [
            [
              77.1153219,
              28.7506981
            ],
            [
              77.1153272,
              28.7505006
            ],
            [
              77.1155203,
              28.7505006
            ],
            [
              77.1155042,
              28.7507075
            ],
            [
              77.1153219,
              28.7506981
            ]
          ]
        ]
      },
      "id": "way/791219001"
    },
    {
      "type": "Feature",
      "properties": {
        "@id": "way/791219002",
        "building": "yes",
        "building:levels": "0",
        "name": "SPS 13",
        "type": "lecture"
      },
      "geometry": {
        "type": "Polygon",
        "coordinates": [
          [
            [
              77.1159066,
              28.7507263
            ],
            [
              77.1159173,
              28.7505758
            ],
            [
              77.1160782,
              28.7505711
            ],
            [
              77.1160675,
              28.750731
            ],
            [
              77.1159066,
              28.7507263
            ]
          ]
        ]
      },
      "id": "way/791219002"
    },
    {
      "type": "Feature",
      "properties": {
        "@id": "way/791219003",
        "building": "yes",
        "name": "Indoor Badminton Court",
        "type": "sports"
      },
      "geometry": {
        "type": "Polygon",
        "coordinates": [
          [
            [
              77.1170535,
              28.7534876
            ],
            [
              77.1173814,
              28.7532604
            ],
            [
              77.1175579,
              28.7534303
            ],
            [
              77.117259,
              28.7536514
            ],
            [
              77.1170535,
              28.7534876
            ]
          ]
        ]
      },
      "id": "way/791219003"
    },
    {
      "type": "Feature",
      "properties": {
        "@id": "way/792076708",
        "building": "yes",
        "building:levels": "1",
        "name": "SPS Classrooms"
      },
      "geometry": {
        "type": "Polygon",
        "coordinates": [
          [
            [
              77.1184376,
              28.7516867
            ],
            [
              77.118573,
              28.7515797
            ],
            [
              77.1186883,
              28.7516761
            ],
            [
              77.1185435,
              28.7517902
            ],
            [
              77.1184376,
              28.7516867
            ]
          ]
        ]
      },
      "id": "way/792076708"
    },
    {
      "type": "Feature",
      "properties": {
        "@id": "way/965246607",
        "building": "yes"
      },
      "geometry": {
        "type": "Polygon",
        "coordinates": [
          [
            [
              77.1185985,
              28.7514552
            ],
            [
              77.1187998,
              28.7512398
            ],
            [
              77.1190193,
              28.751375
            ],
            [
              77.1187815,
              28.7516248
            ],
            [
              77.1185985,
              28.7514552
            ]
          ]
        ]
      },
      "id": "way/965246607"
    },
    {
      "type": "Feature",
      "properties": {
        "@id": "way/965246608",
        "building": "yes"
      },
      "geometry": {
        "type": "Polygon",
        "coordinates": [
          [
            [
              77.1189749,
              28.7511619
            ],
            [
              77.1191683,
              28.7508846
            ],
            [
              77.1193931,
              28.7510037
            ],
            [
              77.1191474,
              28.7512742
            ],
            [
              77.1189749,
              28.7511619
            ]
          ]
        ]
      },
      "id": "way/965246608"
    },
    {
      "type": "Feature",
      "properties": {
        "@id": "way/1258398511",
        "building": "yes",
        "name": "Pragya Bhawan"
      },
      "geometry": {
        "type": "Polygon",
        "coordinates": [
          [
            [
              77.1202085,
              28.7491069
            ],
            [
              77.1201531,
              28.7489509
            ],
            [
              77.120766,
              28.7488053
            ],
            [
              77.1208806,
              28.7492767
            ],
            [
              77.1206711,
              28.7493287
            ],
            [
              77.1202085,
              28.7491069
            ]
          ]
        ]
      },
      "id": "way/1258398511"
    },
    {
      "type": "Feature",
      "properties": {
        "@id": "way/1304661954",
        "building": "yes",
        "name": "Department of Design (DOD)",
        "source": "microsoft/BuildingFootprints",
        "type": "department"
      },
      "geometry": {
        "type": "Polygon",
        "coordinates": [
          [
            [
              77.1154092,
              28.75104
            ],
            [
              77.1154853,
              28.7507273
            ],
            [
              77.1157352,
              28.750774
            ],
            [
              77.1156939,
              28.7509442
            ],
            [
              77.1156996,
              28.7509942
            ],
            [
              77.1158324,
              28.7509825
            ],
            [
              77.1158104,
              28.7507916
            ],
            [
              77.1159166,
              28.7507822
            ],
            [
              77.1159215,
              28.7508244
            ],
            [
              77.115917,
              28.7508426
            ],
            [
              77.115923,
              28.7508947
            ],
            [
              77.1159696,
              28.7509035
            ],
            [
              77.1159718,
              28.7509218
            ],
            [
              77.1160142,
              28.750918
            ],
            [
              77.1160377,
              28.7511218
            ],
            [
              77.1159114,
              28.751133
            ],
            [
              77.1159061,
              28.7510865
            ],
            [
              77.1156319,
              28.7511108
            ],
            [
              77.1154871,
              28.7510837
            ],
            [
              77.1154092,
              28.75104
            ]
          ]
        ]
      },
      "id": "way/1304661954"
    },
    {
      "type": "Feature",
      "properties": {
        "@id": "way/1304661958",
        "building": "yes",
        "source": "microsoft/BuildingFootprints"
      },
      "geometry": {
        "type": "Polygon",
        "coordinates": [
          [
            [
              77.1183663,
              28.7524329
            ],
            [
              77.1183646,
              28.7526093
            ],
            [
              77.1182949,
              28.7526088
            ],
            [
              77.1182957,
              28.7525265
            ],
            [
              77.118183,
              28.7525256
            ],
            [
              77.118184,
              28.7524316
            ],
            [
              77.1183663,
              28.7524329
            ]
          ]
        ]
      },
      "id": "way/1304661958"
    },
    {
      "type": "Feature",
      "properties": {
        "@id": "way/1304661960",
        "building": "yes",
        "name": "VLB Hostel",
        "source": "microsoft/BuildingFootprints",
        "tourism": "hostel",
        "type": "hostel"
      },
      "geometry": {
        "type": "Polygon",
        "coordinates": [
          [
            [
              77.1189591,
              28.7481177
            ],
            [
              77.1189877,
              28.7480822
            ],
            [
              77.1190305,
              28.7481087
            ],
            [
              77.1189984,
              28.7481486
            ],
            [
              77.1191258,
              28.7482274
            ],
            [
              77.1191355,
              28.7482153
            ],
            [
              77.1191803,
              28.748243
            ],
            [
              77.1193223,
              28.7483308
            ],
            [
              77.1193269,
              28.7483251
            ],
            [
              77.1193761,
              28.7483555
            ],
            [
              77.1192945,
              28.748457
            ],
            [
              77.1192241,
              28.7484134
            ],
            [
              77.1191752,
              28.7484742
            ],
            [
              77.1191263,
              28.7484439
            ],
            [
              77.1191706,
              28.7483888
            ],
            [
              77.1191016,
              28.7483462
            ],
            [
              77.1190868,
              28.7483646
            ],
            [
              77.119027,
              28.7483277
            ],
            [
              77.1190553,
              28.7482926
            ],
            [
              77.1189786,
              28.7482451
            ],
            [
              77.1189658,
              28.7482611
            ],
            [
              77.1189213,
              28.7482335
            ],
            [
              77.118934,
              28.7482176
            ],
            [
              77.1187948,
              28.7481315
            ],
            [
              77.118772,
              28.7481598
            ],
            [
              77.1187154,
              28.7481248
            ],
            [
              77.1187297,
              28.748107
            ],
            [
              77.1186616,
              28.7480649
            ],
            [
              77.11862,
              28.7481167
            ],
            [
              77.1185776,
              28.7480905
            ],
            [
              77.1186292,
              28.7480263
            ],
            [
              77.1185637,
              28.7479858
            ],
            [
              77.1186453,
              28.7478844
            ],
            [
              77.1186992,
              28.7479178
            ],
            [
              77.1186722,
              28.7479513
            ],
            [
              77.1187498,
              28.7479993
            ],
            [
              77.1187701,
              28.7479742
            ],
            [
              77.1188163,
              28.7480028
            ],
            [
              77.118811,
              28.7480094
            ],
            [
              77.1188476,
              28.748032
            ],
            [
              77.1188386,
              28.7480432
            ],
            [
              77.1189591,
              28.7481177
            ]
          ]
        ]
      },
      "id": "way/1304661960"
    },
    {
      "type": "Feature",
      "properties": {
        "@id": "way/1304661961",
        "building": "yes",
        "source": "microsoft/BuildingFootprints"
      },
      "geometry": {
        "type": "Polygon",
        "coordinates": [
          [
            [
              77.1194729,
              28.7482088
            ],
            [
              77.1196105,
              28.7480937
            ],
            [
              77.1197029,
              28.7481787
            ],
            [
              77.1195654,
              28.7482938
            ],
            [
              77.1194729,
              28.7482088
            ]
          ]
        ]
      },
      "id": "way/1304661961"
    },
    {
      "type": "Feature",
      "properties": {
        "@id": "way/1339018774",
        "amenity": "conference_centre",
        "building": "yes",
        "name": "Raj Soin Hall",
        "source": "microsoft/BuildingFootprints",
        "type": "auditorium"
      },
      "geometry": {
        "type": "Polygon",
        "coordinates": [
          [
            [
              77.1148019,
              28.7506576
            ],
            [
              77.1147428,
              28.7508392
            ],
            [
              77.1146401,
              28.7510219
            ],
            [
              77.1144944,
              28.7511824
            ],
            [
              77.1143919,
              28.7511356
            ],
            [
              77.1141789,
              28.7509761
            ],
            [
              77.1140731,
              28.7508094
            ],
            [
              77.1140567,
              28.7507578
            ],
            [
              77.1140446,
              28.7506737
            ],
            [
              77.1141688,
              28.7505669
            ],
            [
              77.1142833,
              28.75055
            ],
            [
              77.1143728,
              28.7505536
            ],
            [
              77.1144783,
              28.7505739
            ],
            [
              77.1146694,
              28.7506154
            ],
            [
              77.1148019,
              28.7506576
            ]
          ]
        ]
      },
      "id": "way/1339018774"
    },
    {
      "type": "Feature",
      "properties": {
        "@id": "way/1346670596",
        "building": "yes"
      },
      "geometry": {
        "type": "Polygon",
        "coordinates": [
          [
            [
              77.1156137,
              28.7515894
            ],
            [
              77.116032,
              28.751594
            ],
            [
              77.11602,
              28.7517465
            ],
            [
              77.1156138,
              28.7517378
            ],
            [
              77.1156137,
              28.7515894
            ]
          ]
        ]
      },
      "id": "way/1346670596"
    },
    {
      "type": "Feature",
      "properties": {
        "@id": "way/1549538735",
        "building": "educational",
        "building:levels": "8",
        "name": "Academic Block - 4"
      },
      "geometry": {
        "type": "Polygon",
        "coordinates": [
          [
            [
              77.1139015,
              28.7496359
            ],
            [
              77.1136055,
              28.749387
            ],
            [
              77.1149829,
              28.7494085
            ],
            [
              77.1149633,
              28.7496734
            ],
            [
              77.1139015,
              28.7496359
            ]
          ]
        ]
      },
      "id": "way/1549538735"
    },
    {
      "type": "Feature",
      "properties": {
        "@id": "way/1549538736",
        "building": "educational",
        "building:levels": "8",
        "name": "Academic Block -3"
      },
      "geometry": {
        "type": "Polygon",
        "coordinates": [
          [
            [
              77.1139096,
              28.7502112
            ],
            [
              77.1139206,
              28.7499286
            ],
            [
              77.1150346,
              28.7499945
            ],
            [
              77.1150176,
              28.7502491
            ],
            [
              77.1139096,
              28.7502112
            ]
          ]
        ]
      },
      "id": "way/1549538736"
    },
    {
      "type": "Feature",
      "properties": {
        "@id": "way/1549671758",
        "building": "yes",
        "name": "Training and Placement Cell",
        "type": "admin"
      },
      "geometry": {
        "type": "Polygon",
        "coordinates": [
          [
            [
              77.1169902,
              28.7504424
            ],
            [
              77.1170431,
              28.7500648
            ],
            [
              77.1175127,
              28.750057
            ],
            [
              77.1174412,
              28.7504505
            ],
            [
              77.1169902,
              28.7504424
            ]
          ]
        ]
      },
      "id": "way/1549671758"
    },
    {
      "type": "Feature",
      "properties": {
        "@id": "way/1549671759",
        "building": "yes",
        "name": "Department of Mechanical Engineering",
        "type": "department"
      },
      "geometry": {
        "type": "Polygon",
        "coordinates": [
          [
            [
              77.1192044,
              28.7504393
            ],
            [
              77.1182826,
              28.7502594
            ],
            [
              77.118115,
              28.7501077
            ],
            [
              77.1181157,
              28.7499391
            ],
            [
              77.1182868,
              28.7497547
            ],
            [
              77.1191946,
              28.7495157
            ],
            [
              77.1192582,
              28.7496988
            ],
            [
              77.118988,
              28.7497975
            ],
            [
              77.1190081,
              28.7501487
            ],
            [
              77.1192889,
              28.7502002
            ],
            [
              77.1192044,
              28.7504393
            ]
          ]
        ]
      },
      "id": "way/1549671759"
    },
    {
      "type": "Feature",
      "properties": {
        "@id": "way/1549671760",
        "amenity": "bank",
        "brand": "ICICI Bank",
        "brand:wikidata": "Q1653258",
        "building": "yes",
        "name": "ICICI Bank",
        "short_name": "ICICI",
        "type": "atm"
      },
      "geometry": {
        "type": "Polygon",
        "coordinates": [
          [
            [
              77.118924,
              28.7489859
            ],
            [
              77.1188796,
              28.748947
            ],
            [
              77.1189662,
              28.7488979
            ],
            [
              77.1190262,
              28.7489394
            ],
            [
              77.118924,
              28.7489859
            ]
          ]
        ]
      },
      "id": "way/1549671760"
    },
    {
      "type": "Feature",
      "properties": {
        "@id": "way/1549671761",
        "building": "yes",
        "name": "Wind Tunnel Lab",
        "type": "misc"
      },
      "geometry": {
        "type": "Polygon",
        "coordinates": [
          [
            [
              77.1186419,
              28.7490247
            ],
            [
              77.1186091,
              28.7488724
            ],
            [
              77.1186952,
              28.7488476
            ],
            [
              77.1187308,
              28.7490137
            ],
            [
              77.1186419,
              28.7490247
            ]
          ]
        ]
      },
      "id": "way/1549671761"
    },
    {
      "type": "Feature",
      "properties": {
        "@id": "way/350525515",
        "@relations": [
          {
            "role": "outer",
            "rel": 5246836,
            "reltags": {
              "building": "yes",
              "name": "Training & Placement Cell",
              "type": "admin"
            }
          }
        ]
      },
      "geometry": {
        "type": "LineString",
        "coordinates": [
          [
            77.1170269,
            28.7504077
          ],
          [
            77.1174196,
            28.750422
          ],
          [
            77.1174358,
            28.750079
          ],
          [
            77.1170431,
            28.7500648
          ],
          [
            77.1170269,
            28.7504077
          ]
        ]
      },
      "id": "way/350525515"
    },
    {
      "type": "Feature",
      "properties": {
        "@id": "way/351580959",
        "@relations": [
          {
            "role": "inner",
            "rel": 5246836,
            "reltags": {
              "building": "yes",
              "name": "Training & Placement Cell",
              "type": "admin"
            }
          }
        ]
      },
      "geometry": {
        "type": "LineString",
        "coordinates": [
          [
            77.1171632,
            28.7503195
          ],
          [
            77.1171813,
            28.7503393
          ],
          [
            77.1172179,
            28.750352
          ],
          [
            77.1172605,
            28.7503493
          ],
          [
            77.1172888,
            28.7503324
          ],
          [
            77.1173171,
            28.7503007
          ],
          [
            77.1173242,
            28.7502588
          ],
          [
            77.1173114,
            28.7502293
          ],
          [
            77.117282,
            28.7502183
          ],
          [
            77.1171632,
            28.7503195
          ]
        ]
      },
      "id": "way/351580959"
    },
    {
      "type": "Feature",
      "properties": {
        "@id": "way/350525513",
        "@relations": [
          {
            "role": "outer",
            "rel": 5246839,
            "reltags": {
              "building": "yes",
              "type": "department"
            }
          }
        ]
      },
      "geometry": {
        "type": "LineString",
        "coordinates": [
          [
            77.1181483,
            28.7512222
          ],
          [
            77.1184765,
            28.7512168
          ],
          [
            77.1184782,
            28.7513017
          ],
          [
            77.1186177,
            28.7512997
          ],
          [
            77.1186177,
            28.7511082
          ],
          [
            77.1187013,
            28.7511061
          ],
          [
            77.1187617,
            28.751153
          ],
          [
            77.1188013,
            28.7511306
          ],
          [
            77.1187432,
            28.7510694
          ],
          [
            77.1187432,
            28.7510043
          ],
          [
            77.1189616,
            28.7510043
          ],
          [
            77.1189594,
            28.7507999
          ],
          [
            77.1191103,
            28.7507985
          ],
          [
            77.1191033,
            28.7506029
          ],
          [
            77.1188479,
            28.7505993
          ],
          [
            77.1188436,
            28.750475
          ],
          [
            77.1186242,
            28.7504714
          ],
          [
            77.1186231,
            28.7505559
          ],
          [
            77.1183733,
            28.7505498
          ],
          [
            77.1183767,
            28.750667
          ],
          [
            77.1182792,
            28.750667
          ],
          [
            77.1182548,
            28.7506517
          ],
          [
            77.1182176,
            28.7506782
          ],
          [
            77.118242,
            28.7507047
          ],
          [
            77.1182431,
            28.7507831
          ],
          [
            77.1181448,
            28.7507802
          ],
          [
            77.1181483,
            28.7512222
          ]
        ]
      },
      "id": "way/350525513"
    },
    {
      "type": "Feature",
      "properties": {
        "@id": "way/351580953",
        "@relations": [
          {
            "role": "inner",
            "rel": 5246839,
            "reltags": {
              "building": "yes",
              "type": "department"
            }
          }
        ]
      },
      "geometry": {
        "type": "LineString",
        "coordinates": [
          [
            77.1182809,
            28.7511892
          ],
          [
            77.1183473,
            28.7511892
          ],
          [
            77.1183473,
            28.7511373
          ],
          [
            77.1182809,
            28.7511373
          ],
          [
            77.1182809,
            28.7511892
          ]
        ]
      },
      "id": "way/351580953"
    },
    {
      "type": "Feature",
      "properties": {
        "@id": "way/351580957",
        "@relations": [
          {
            "role": "inner",
            "rel": 5246839,
            "reltags": {
              "building": "yes",
              "type": "department"
            }
          }
        ]
      },
      "geometry": {
        "type": "LineString",
        "coordinates": [
          [
            77.1181817,
            28.7511892
          ],
          [
            77.1182449,
            28.7511871
          ],
          [
            77.1182428,
            28.7511371
          ],
          [
            77.1181796,
            28.7511392
          ],
          [
            77.1181817,
            28.7511892
          ]
        ]
      },
      "id": "way/351580957"
    },
    {
      "type": "Feature",
      "properties": {
        "@id": "way/351580950",
        "@relations": [
          {
            "role": "inner",
            "rel": 5246839,
            "reltags": {
              "building": "yes",
              "type": "department"
            }
          }
        ]
      },
      "geometry": {
        "type": "LineString",
        "coordinates": [
          [
            77.1187489,
            28.7508189
          ],
          [
            77.1187489,
            28.7508953
          ],
          [
            77.1188337,
            28.7508953
          ],
          [
            77.1188337,
            28.7508189
          ],
          [
            77.1187489,
            28.7508189
          ]
        ]
      },
      "id": "way/351580950"
    },
    {
      "type": "Feature",
      "properties": {
        "@id": "way/351580955",
        "@relations": [
          {
            "role": "inner",
            "rel": 5246839,
            "reltags": {
              "building": "yes",
              "type": "department"
            }
          }
        ]
      },
      "geometry": {
        "type": "LineString",
        "coordinates": [
          [
            77.1188515,
            28.750911
          ],
          [
            77.1188527,
            28.7509855
          ],
          [
            77.1189403,
            28.7509844
          ],
          [
            77.1189391,
            28.7509099
          ],
          [
            77.1188515,
            28.750911
          ]
        ]
      },
      "id": "way/351580955"
    },
    {
      "type": "Feature",
      "properties": {
        "@id": "way/351580948",
        "@relations": [
          {
            "role": "inner",
            "rel": 5246839,
            "reltags": {
              "building": "yes",
              "type": "department"
            }
          }
        ]
      },
      "geometry": {
        "type": "LineString",
        "coordinates": [
          [
            77.1188497,
            28.7508953
          ],
          [
            77.1189357,
            28.750896
          ],
          [
            77.1189365,
            28.7508204
          ],
          [
            77.1188504,
            28.7508197
          ],
          [
            77.1188497,
            28.7508953
          ]
        ]
      },
      "id": "way/351580948"
    }
  ]
}