bag,relative_sec,level,message
25july.bag,4.099872893,20,"target_explorer started: final target=(170.00, 202.00) frame=map action=/navigate_to_pose"
25july.bag,4.101707461,20,Received /map: 508x729 cells at 0.050 m/cell
25july.bag,4.265686279,30,"Rejected frontier (-2.06, 20.31): endpoint clearance 0.08 m is below required 0.10 m."
25july.bag,4.292314758,30,Global costmap is unavailable; deriving frontier safe goals from the SLAM occupancy grid only.
25july.bag,4.321211171,30,"Rejected frontier (5.94, 15.56): no safe interior on-path goal; 301 rejected samples (maximum backward search distance reached=1, unknown occupancy cell in clearance circle=301)."
25july.bag,4.3686881,30,"Rejected frontier (5.74, 15.46): no safe interior on-path goal; 301 rejected samples (maximum backward search distance reached=1, unknown occupancy cell in clearance circle=301)."
25july.bag,4.419370893,30,"Rejected frontier (5.59, 15.56): no safe interior on-path goal; 301 rejected samples (maximum backward search distance reached=1, unknown occupancy cell in clearance circle=301)."
25july.bag,4.467716378,30,"Rejected frontier (5.64, 15.41): no safe interior on-path goal; 301 rejected samples (maximum backward search distance reached=1, unknown occupancy cell in clearance circle=301)."
25july.bag,4.566918149,30,"Rejected frontier (5.39, 14.76): no safe interior on-path goal; 301 rejected samples (maximum backward search distance reached=1, unknown occupancy cell in clearance circle=301)."
25july.bag,4.638524868,30,"Rejected frontier (-0.46, 20.31): no safe interior on-path goal; 301 rejected samples (maximum backward search distance reached=1, unknown occupancy cell in clearance circle=301)."
25july.bag,4.723286419,30,"Rejected frontier (7.14, 12.86): no safe interior on-path goal; 301 rejected samples (maximum backward search distance reached=1, unknown occupancy cell in clearance circle=301)."
25july.bag,4.784518989,30,"Rejected frontier (-0.11, 19.21): no safe interior on-path goal; 301 rejected samples (maximum backward search distance reached=1, unknown occupancy cell in clearance circle=301)."
25july.bag,4.879018951,30,"Rejected frontier (7.29, 11.96): no safe interior on-path goal; 301 rejected samples (maximum backward search distance reached=1, unknown occupancy cell in clearance circle=301)."
25july.bag,4.94883885,20,Received /global_costmap/costmap: 508x729 cells at 0.050 m/cell
25july.bag,5.001733184,30,"Rejected frontier (-1.06, 19.71): no safe interior on-path goal; 301 rejected samples (maximum backward search distance reached=1, unknown occupancy cell in clearance circle=301)."
25july.bag,5.052166483,30,"Rejected frontier (7.09, 12.01): no safe interior on-path goal; 301 rejected samples (maximum backward search distance reached=1, unknown occupancy cell in clearance circle=301)."
25july.bag,5.110634628,30,"Rejected frontier (-0.56, 18.86): no safe interior on-path goal; 301 rejected samples (maximum backward search distance reached=1, unknown occupancy cell in clearance circle=301)."
25july.bag,5.177788304,30,"Rejected frontier (-1.36, 19.01): no safe interior on-path goal; 301 rejected samples (costmap: unknown cell in safety area=11, maximum backward search distance reached=1, unknown occupancy cell in clearance circle=290)."
25july.bag,5.248874725,30,"Rejected frontier (-1.46, 19.06): no safe interior on-path goal; 301 rejected samples (costmap: unknown cell in safety area=10, maximum backward search distance reached=1, unknown occupancy cell in clearance circle=291)."
25july.bag,5.338485373,30,"Rejected frontier (-1.46, 18.91): no safe interior on-path goal; 301 rejected samples (costmap: unknown cell in safety area=11, maximum backward search distance reached=1, unknown occupancy cell in clearance circle=290)."
25july.bag,5.402653431,30,"Rejected frontier (-1.11, 18.31): no safe interior on-path goal; 301 rejected samples (maximum backward search distance reached=1, unknown occupancy cell in clearance circle=301)."
25july.bag,5.48407774,30,"Rejected frontier (-1.31, 18.41): no safe interior on-path goal; 301 rejected samples (costmap: unknown cell in safety area=20, maximum backward search distance reached=1, unknown occupancy cell in clearance circle=281)."
25july.bag,5.542742715,30,"Rejected frontier (-0.56, 17.46): no safe interior on-path goal; 301 rejected samples (maximum backward search distance reached=1, unknown occupancy cell in clearance circle=301)."
25july.bag,5.596675492,30,"Rejected frontier (-0.36, 17.26): no safe interior on-path goal; 301 rejected samples (maximum backward search distance reached=1, unknown occupancy cell in clearance circle=301)."
25july.bag,5.654000122,30,"Rejected frontier (-1.06, 17.66): no safe interior on-path goal; 301 rejected samples (costmap: unknown cell in safety area=2, maximum backward search distance reached=1, unknown occupancy cell in clearance circle=299)."
25july.bag,5.729096988,30,"Rejected frontier (-1.16, 17.71): no safe interior on-path goal; 301 rejected samples (costmap: unknown cell in safety area=22, maximum backward search distance reached=1, unknown occupancy cell in clearance circle=279)."
25july.bag,5.791735656,30,"Rejected frontier (-0.61, 16.86): no safe interior on-path goal; 301 rejected samples (costmap: unknown cell in safety area=9, maximum backward search distance reached=1, unknown occupancy cell in clearance circle=292)."
25july.bag,5.839765619,30,"Rejected frontier (-0.21, 16.36): no safe interior on-path goal; 301 rejected samples (maximum backward search distance reached=1, unknown occupancy cell in clearance circle=301)."
25july.bag,5.907976762,30,"Rejected frontier (-1.01, 17.01): no safe interior on-path goal; 301 rejected samples (costmap: unknown cell in safety area=19, maximum backward search distance reached=1, unknown occupancy cell in clearance circle=282)."
25july.bag,5.963553016,30,"Rejected frontier (0.54, 15.36): no safe interior on-path goal; 301 rejected samples (costmap: unknown cell in safety area=4, maximum backward search distance reached=1, unknown occupancy cell in clearance circle=297)."
25july.bag,6.047876491,30,"Rejected frontier (-1.21, 17.06): no safe interior on-path goal; 301 rejected samples (costmap: unknown cell in safety area=41, maximum backward search distance reached=1, unknown occupancy cell in clearance circle=260)."
25july.bag,6.107279686,30,"Rejected frontier (0.64, 15.21): no safe interior on-path goal; 301 rejected samples (costmap: unknown cell in safety area=10, maximum backward search distance reached=1, unknown occupancy cell in clearance circle=291)."
25july.bag,6.155484624,30,"Rejected frontier (-0.06, 15.66): no safe interior on-path goal; 301 rejected samples (maximum backward search distance reached=1, unknown occupancy cell in clearance circle=301)."
25july.bag,6.268123779,30,"Rejected frontier (-0.66, 15.81): no safe interior on-path goal; 301 rejected samples (costmap: unknown cell in safety area=77, maximum backward search distance reached=1, unknown occupancy cell in clearance circle=224)."
25july.bag,6.322354358,30,"Rejected frontier (-2.16, 16.66): no safe interior on-path goal; 301 rejected samples (maximum backward search distance reached=1, unknown occupancy cell in clearance circle=301)."
25july.bag,6.411548077,30,"Rejected frontier (0.24, 13.96): no safe interior on-path goal; 301 rejected samples (costmap: unknown cell in safety area=50, maximum backward search distance reached=1, unknown occupancy cell in clearance circle=251)."
25july.bag,6.518717734,30,"Rejected frontier (0.34, 13.36): no safe interior on-path goal; 301 rejected samples (costmap: unknown cell in safety area=78, maximum backward search distance reached=1, unknown occupancy cell in clearance circle=223)."
25july.bag,6.581663771,30,"Rejected frontier (-1.91, 15.51): no safe interior on-path goal; 301 rejected samples (costmap: unknown cell in safety area=15, maximum backward search distance reached=1, unknown occupancy cell in clearance circle=286)."
25july.bag,6.75827397,30,"Rejected frontier (0.44, 13.01): no safe interior on-path goal; 301 rejected samples (costmap: unknown cell in safety area=180, maximum backward search distance reached=1, unknown occupancy cell in clearance circle=121)."
25july.bag,6.838781827,30,"Rejected frontier (-2.51, 14.26): no safe interior on-path goal; 301 rejected samples (maximum backward search distance reached=1, unknown occupancy cell in clearance circle=301)."
25july.bag,6.952437057,30,"Rejected frontier (-2.91, 11.81): no safe interior on-path goal; 301 rejected samples (costmap: unknown cell in safety area=88, maximum backward search distance reached=1, unknown occupancy cell in clearance circle=213)."
25july.bag,7.116756603,30,"Rejected frontier (0.44, 7.46): no safe interior on-path goal; 301 rejected samples (costmap: unknown cell in safety area=176, maximum backward search distance reached=1, unknown occupancy cell in clearance circle=125)."
25july.bag,7.31798059,30,"Rejected frontier (-3.51, 8.71): no safe interior on-path goal; 301 rejected samples (costmap: unknown cell in safety area=231, maximum backward search distance reached=1, unknown occupancy cell in clearance circle=70)."
25july.bag,7.318883702,20,Cached 448-pose ComputePathToPose path for goal sequence 1 in frame map.
25july.bag,7.3251205,20,"Frontier (6.24, 14.21) selected with score 12.606; safe interior goal is (5.27, 12.62), 1.98 m back along its Nav2 path after rejecting 198 samples; unknown clearance=>=0.15 m, occupied clearance=>=0.15 m, costmap center cost=None."
25july.bag,7.32563922,20,"Sending NavigateToPose frontier goal (5.27, 12.62)."
25july.bag,7.328564762,20,"Nav2 accepted frontier goal (5.27, 12.62)."
25july.bag,7.329480599,20,Active goal cost=0 maximum-area-cost=0 safety=safe.
25july.bag,9.580155691,20,Active goal cost=0 maximum-area-cost=0 safety=safe.
25july.bag,11.780128069,20,Active goal cost=0 maximum-area-cost=0 safety=safe.
25july.bag,14.080327669,20,Active goal cost=0 maximum-area-cost=0 safety=safe.
25july.bag,16.38006075,20,Active goal cost=0 maximum-area-cost=0 safety=safe.
25july.bag,18.580427914,20,Active goal cost=0 maximum-area-cost=0 safety=safe.
25july.bag,20.880267529,20,Active goal cost=0 maximum-area-cost=0 safety=safe.
25july.bag,23.280547127,20,Active goal cost=0 maximum-area-cost=0 safety=safe.
25july.bag,24.900103078,20,Nav2 reached the frontier goal.
25july.bag,24.900157172,20,Frontier exploration resumed from IDLE.
25july.bag,25.049598869,30,"Rejected frontier (7.19, 7.81): endpoint clearance 0.08 m is below required 0.10 m."
25july.bag,25.050596382,30,"Rejected frontier (6.64, 7.66): endpoint clearance 0.04 m is below required 0.10 m."
25july.bag,25.05139423,30,"Rejected frontier (6.49, 7.56): endpoint clearance 0.08 m is below required 0.10 m."
25july.bag,25.052620393,30,"Rejected frontier (5.74, 9.16): endpoint clearance 0.03 m is below required 0.10 m."
25july.bag,25.054424491,30,"Rejected frontier (7.59, 11.81): endpoint clearance 0.04 m is below required 0.10 m."
25july.bag,25.054847847,30,"Rejected frontier (7.54, 11.61): endpoint clearance 0.03 m is below required 0.10 m."
25july.bag,25.055934361,30,"Rejected frontier (9.34, 12.86): endpoint clearance 0.08 m is below required 0.10 m."
25july.bag,25.056492266,30,"Rejected frontier (9.39, 12.81): endpoint clearance 0.03 m is below required 0.10 m."
25july.bag,25.059032823,30,"Rejected frontier (10.99, 15.31): endpoint clearance 0.08 m is below required 0.10 m."
25july.bag,25.05963281,30,"Rejected frontier (11.19, 15.61): endpoint clearance 0.08 m is below required 0.10 m."
25july.bag,25.062357802,30,"Rejected frontier (8.24, 15.56): endpoint clearance 0.03 m is below required 0.10 m."
25july.bag,25.063021341,30,"Rejected frontier (9.74, 17.56): endpoint clearance 0.04 m is below required 0.10 m."
25july.bag,25.063884234,30,"Rejected frontier (10.99, 15.91): endpoint clearance 0.04 m is below required 0.10 m."
25july.bag,25.064373838,30,"Rejected frontier (11.14, 16.31): endpoint clearance 0.03 m is below required 0.10 m."
25july.bag,25.065126699,30,"Rejected frontier (4.59, 16.11): endpoint clearance 0.04 m is below required 0.10 m."
25july.bag,25.067133737,30,"Rejected frontier (10.94, 16.51): endpoint clearance 0.03 m is below required 0.10 m."
25july.bag,25.070362341,30,"Rejected frontier (10.94, 17.16): endpoint clearance 0.03 m is below required 0.10 m."
25july.bag,25.072186427,30,"Rejected frontier (10.94, 17.56): endpoint clearance 0.03 m is below required 0.10 m."
25july.bag,25.072671772,30,"Rejected frontier (10.84, 17.76): endpoint clearance 0.08 m is below required 0.10 m."
25july.bag,25.073353246,30,"Rejected frontier (10.89, 18.11): endpoint clearance 0.03 m is below required 0.10 m."
25july.bag,25.077466604,30,"Rejected frontier (4.74, 18.11): endpoint clearance 0.03 m is below required 0.10 m."
25july.bag,25.077718279,30,"Rejected frontier (4.84, 18.26): endpoint clearance 0.08 m is below required 0.10 m."
25july.bag,25.078920316,30,"Rejected frontier (3.99, 18.31): endpoint clearance 0.03 m is below required 0.10 m."
25july.bag,25.079536874,30,"Rejected frontier (3.94, 18.36): endpoint clearance 0.08 m is below required 0.10 m."
25july.bag,25.083142484,30,"Rejected frontier (2.99, 19.51): endpoint clearance 0.03 m is below required 0.10 m."
25july.bag,25.083994126,30,"Rejected frontier (2.99, 19.56): endpoint clearance 0.08 m is below required 0.10 m."
25july.bag,25.084749602,30,"Rejected frontier (2.99, 19.66): endpoint clearance 0.08 m is below required 0.10 m."
25july.bag,25.085501391,30,"Rejected frontier (3.04, 19.81): endpoint clearance 0.08 m is below required 0.10 m."
25july.bag,25.086109142,30,"Rejected frontier (3.04, 19.86): endpoint clearance 0.08 m is below required 0.10 m."
25july.bag,25.086732394,30,"Rejected frontier (3.04, 19.96): endpoint clearance 0.04 m is below required 0.10 m."
25july.bag,25.087178093,30,"Rejected frontier (2.94, 19.56): endpoint clearance 0.04 m is below required 0.10 m."
25july.bag,25.087723254,30,"Rejected frontier (2.89, 19.66): endpoint clearance 0.03 m is below required 0.10 m."
25july.bag,25.088976419,30,"Rejected frontier (-1.11, 20.31): endpoint clearance 0.08 m is below required 0.10 m."
25july.bag,25.089476603,30,"Rejected frontier (2.69, 19.86): endpoint clearance 0.08 m is below required 0.10 m."
25july.bag,25.090184578,30,"Rejected frontier (2.59, 20.01): endpoint clearance 0.08 m is below required 0.10 m."
25july.bag,25.090740109,30,"Rejected frontier (2.49, 20.06): endpoint clearance 0.03 m is below required 0.10 m."
25july.bag,25.091508139,30,"Rejected frontier (2.44, 20.16): endpoint clearance 0.08 m is below required 0.10 m."
25july.bag,25.195706069,30,"Rejected frontier (1.64, 23.76): no safe interior on-path goal; 301 rejected samples (maximum backward search distance reached=1, unknown occupancy cell in clearance circle=301)."
25july.bag,25.258364623,30,"Rejected frontier (1.69, 22.31): no safe interior on-path goal; 301 rejected samples (maximum backward search distance reached=1, unknown occupancy cell in clearance circle=301)."
25july.bag,25.307213839,30,"Rejected frontier (1.84, 22.01): no safe interior on-path goal; 301 rejected samples (maximum backward search distance reached=1, unknown occupancy cell in clearance circle=301)."
25july.bag,25.386143215,30,"Rejected frontier (1.54, 20.21): no safe interior on-path goal; 301 rejected samples (costmap: unknown cell in safety area=9, maximum backward search distance reached=1, unknown occupancy cell in clearance circle=292)."
25july.bag,26.110270048,30,"Rejected frontier (-0.31, 19.71): no safe interior on-path goal; 301 rejected samples (maximum backward search distance reached=1, unknown occupancy cell in clearance circle=301)."
25july.bag,26.158499857,30,"Rejected frontier (-1.11, 20.26): no safe interior on-path goal; 301 rejected samples (maximum backward search distance reached=1, unknown occupancy cell in clearance circle=301)."
25july.bag,26.206439047,30,"Rejected frontier (-1.26, 20.21): no safe interior on-path goal; 301 rejected samples (maximum backward search distance reached=1, unknown occupancy cell in clearance circle=301)."
25july.bag,26.282706718,30,"Rejected frontier (0.59, 18.36): no safe interior on-path goal; 301 rejected samples (costmap: unknown cell in safety area=32, maximum backward search distance reached=1, unknown occupancy cell in clearance circle=269)."
25july.bag,26.383434804,30,"Rejected frontier (0.44, 18.36): no safe interior on-path goal; 301 rejected samples (costmap: unknown cell in safety area=67, maximum backward search distance reached=1, unknown occupancy cell in clearance circle=234)."
25july.bag,26.436960141,30,"Rejected frontier (-1.06, 19.71): no safe interior on-path goal; 301 rejected samples (maximum backward search distance reached=1, unknown occupancy cell in clearance circle=301)."
25july.bag,26.478725631,30,"Rejected frontier (-0.26, 18.86): no safe interior on-path goal; 301 rejected samples (maximum backward search distance reached=1, unknown occupancy cell in clearance circle=301)."
25july.bag,26.532118522,30,"Rejected frontier (-1.56, 20.06): no safe interior on-path goal; 301 rejected samples (maximum backward search distance reached=1, unknown occupancy cell in clearance circle=301)."
25july.bag,26.585029745,30,"Rejected frontier (-0.56, 18.71): no safe interior on-path goal; 301 rejected samples (maximum backward search distance reached=1, unknown occupancy cell in clearance circle=301)."
25july.bag,26.640716217,30,"Rejected frontier (-1.31, 19.36): no safe interior on-path goal; 301 rejected samples (maximum backward search distance reached=1, unknown occupancy cell in clearance circle=301)."
25july.bag,26.864185518,30,"Rejected frontier (-1.26, 18.76): no safe interior on-path goal; 301 rejected samples (maximum backward search distance reached=1, unknown occupancy cell in clearance circle=301)."
25july.bag,27.029002262,30,"Rejected frontier (-1.46, 18.91): no safe interior on-path goal; 301 rejected samples (maximum backward search distance reached=1, unknown occupancy cell in clearance circle=301)."
25july.bag,27.075153443,30,"Rejected frontier (-0.66, 18.01): no safe interior on-path goal; 301 rejected samples (maximum backward search distance reached=1, unknown occupancy cell in clearance circle=301)."
25july.bag,27.119814121,30,"Rejected frontier (-1.11, 18.31): no safe interior on-path goal; 301 rejected samples (maximum backward search distance reached=1, unknown occupancy cell in clearance circle=301)."
25july.bag,27.16845482,30,"Rejected frontier (-2.41, 19.41): no safe interior on-path goal; 301 rejected samples (maximum backward search distance reached=1, unknown occupancy cell in clearance circle=301)."
25july.bag,27.21453332,30,"Rejected frontier (-1.21, 18.16): no safe interior on-path goal; 301 rejected samples (costmap: unknown cell in safety area=1, maximum backward search distance reached=1, unknown occupancy cell in clearance circle=300)."
25july.bag,27.273924549,30,"Rejected frontier (0.04, 17.01): no safe interior on-path goal; 301 rejected samples (costmap: unknown cell in safety area=20, maximum backward search distance reached=1, unknown occupancy cell in clearance circle=281)."
25july.bag,27.312297729,30,"Rejected frontier (-0.36, 17.26): no safe interior on-path goal; 301 rejected samples (maximum backward search distance reached=1, unknown occupancy cell in clearance circle=301)."
25july.bag,27.357523416,30,"Rejected frontier (-0.51, 17.31): no safe interior on-path goal; 301 rejected samples (maximum backward search distance reached=1, unknown occupancy cell in clearance circle=301)."
25july.bag,27.480116419,30,"Rejected frontier (-1.06, 17.66): no safe interior on-path goal; 301 rejected samples (costmap: unknown cell in safety area=1, maximum backward search distance reached=1, unknown occupancy cell in clearance circle=300)."
25july.bag,27.551171088,30,"Rejected frontier (-0.11, 16.71): no safe interior on-path goal; 301 rejected samples (costmap: unknown cell in safety area=46, maximum backward search distance reached=1, unknown occupancy cell in clearance circle=255)."
25july.bag,27.60154671,30,"Rejected frontier (-2.51, 18.86): no safe interior on-path goal; 301 rejected samples (maximum backward search distance reached=1, unknown occupancy cell in clearance circle=301)."
25july.bag,27.711036138,30,"Rejected frontier (-1.16, 17.56): no safe interior on-path goal; 301 rejected samples (costmap: unknown cell in safety area=3, maximum backward search distance reached=1, unknown occupancy cell in clearance circle=298)."
25july.bag,27.751104444,30,"Rejected frontier (-0.61, 16.86): no safe interior on-path goal; 301 rejected samples (costmap: unknown cell in safety area=2, maximum backward search distance reached=1, unknown occupancy cell in clearance circle=299)."
25july.bag,27.898567569,30,"Rejected frontier (-0.71, 16.66): no safe interior on-path goal; 301 rejected samples (costmap: unknown cell in safety area=18, maximum backward search distance reached=1, unknown occupancy cell in clearance circle=283)."
25july.bag,27.945915804,30,"Rejected frontier (-2.46, 18.21): no safe interior on-path goal; 301 rejected samples (maximum backward search distance reached=1, unknown occupancy cell in clearance circle=301)."
25july.bag,28.252969865,30,"Rejected frontier (-2.01, 16.81): no safe interior on-path goal; 301 rejected samples (costmap: unknown cell in safety area=1, maximum backward search distance reached=1, unknown occupancy cell in clearance circle=300)."
25july.bag,28.366810151,30,"Rejected frontier (-3.31, 17.66): no safe interior on-path goal; 301 rejected samples (maximum backward search distance reached=1, unknown occupancy cell in clearance circle=301)."
25july.bag,28.512519189,30,"Rejected frontier (-3.26, 16.81): no safe interior on-path goal; 301 rejected samples (costmap: unknown cell in safety area=25, maximum backward search distance reached=1, unknown occupancy cell in clearance circle=276)."
25july.bag,28.626252459,30,"Rejected frontier (-2.01, 15.56): no safe interior on-path goal; 301 rejected samples (costmap: unknown cell in safety area=92, maximum backward search distance reached=1, unknown occupancy cell in clearance circle=209)."
25july.bag,28.800707941,30,"Rejected frontier (-2.11, 15.36): no safe interior on-path goal; 301 rejected samples (costmap: unknown cell in safety area=61, maximum backward search distance reached=1, unknown occupancy cell in clearance circle=240)."
25july.bag,28.898889576,30,"Rejected frontier (-2.76, 15.91): no safe interior on-path goal; 301 rejected samples (costmap: unknown cell in safety area=78, maximum backward search distance reached=1, unknown occupancy cell in clearance circle=223)."
25july.bag,28.993365836,30,"Rejected frontier (-2.96, 16.01): no safe interior on-path goal; 301 rejected samples (costmap: unknown cell in safety area=77, maximum backward search distance reached=1, unknown occupancy cell in clearance circle=224)."
25july.bag,29.129800251,30,"Rejected frontier (6.89, 7.46): no safe interior on-path goal; 301 rejected samples (costmap: cost threshold exceeded=31, costmap: unknown cell in safety area=54, maximum backward search distance reached=1, unknown occupancy cell in clearance circle=216)."
25july.bag,29.2997764,30,"Rejected frontier (7.04, 7.21): no safe interior on-path goal; 301 rejected samples (costmap: cost threshold exceeded=31, costmap: unknown cell in safety area=52, maximum backward search distance reached=1, unknown occupancy cell in clearance circle=218)."
25july.bag,29.623787013,20,Cached 42-pose ComputePathToPose path for goal sequence 2 in frame map.
25july.bag,29.63016744,20,"Frontier (9.24, 12.71) selected with score 3.107; safe interior goal is (6.30, 12.79), 2.59 m back along its Nav2 path after rejecting 259 samples; unknown clearance=>=0.15 m, occupied clearance=>=0.15 m, costmap center cost=0."
25july.bag,29.630583291,20,"Sending NavigateToPose frontier goal (6.30, 12.79)."
25july.bag,29.636113119,20,"Nav2 accepted frontier goal (6.30, 12.79)."
25july.bag,29.637034314,20,Active goal cost=0 maximum-area-cost=0 safety=safe.
25july.bag,31.642342193,20,Nav2 reached the frontier goal.
25july.bag,31.642862165,20,Frontier exploration resumed from IDLE.
25july.bag,31.744597965,30,"Rejected frontier (7.19, 7.81): endpoint clearance 0.08 m is below required 0.10 m."
25july.bag,31.745477219,30,"Rejected frontier (6.64, 7.66): endpoint clearance 0.04 m is below required 0.10 m."
25july.bag,31.746095261,30,"Rejected frontier (6.49, 7.56): endpoint clearance 0.08 m is below required 0.10 m."
25july.bag,31.747185331,30,"Rejected frontier (5.74, 9.16): endpoint clearance 0.03 m is below required 0.10 m."
25july.bag,31.748749556,30,"Rejected frontier (9.39, 12.91): endpoint clearance 0.03 m is below required 0.10 m."
25july.bag,31.749401262,30,"Rejected frontier (11.19, 14.51): endpoint clearance 0.04 m is below required 0.10 m."
25july.bag,31.750836718,30,"Rejected frontier (10.99, 15.31): endpoint clearance 0.08 m is below required 0.10 m."
25july.bag,31.751271075,30,"Rejected frontier (11.19, 15.61): endpoint clearance 0.08 m is below required 0.10 m."
25july.bag,31.754484478,30,"Rejected frontier (7.84, 15.51): endpoint clearance 0.03 m is below required 0.10 m."
25july.bag,31.755067842,30,"Rejected frontier (8.24, 15.66): endpoint clearance 0.08 m is below required 0.10 m."
25july.bag,31.757059961,30,"Rejected frontier (10.99, 15.91): endpoint clearance 0.04 m is below required 0.10 m."
25july.bag,31.758099124,30,"Rejected frontier (11.14, 16.31): endpoint clearance 0.03 m is below required 0.10 m."
25july.bag,31.759175488,30,"Rejected frontier (4.59, 16.11): endpoint clearance 0.04 m is below required 0.10 m."
25july.bag,31.76113794,30,"Rejected frontier (10.94, 16.51): endpoint clearance 0.03 m is below required 0.10 m."
25july.bag,31.761724731,30,"Rejected frontier (11.14, 16.96): endpoint clearance 0.03 m is below required 0.10 m."
25july.bag,31.76471316,30,"Rejected frontier (10.94, 17.16): endpoint clearance 0.03 m is below required 0.10 m."
25july.bag,31.766359773,30,"Rejected frontier (10.94, 17.56): endpoint clearance 0.03 m is below required 0.10 m."
25july.bag,31.767000258,30,"Rejected frontier (10.84, 17.76): endpoint clearance 0.08 m is below required 0.10 m."
25july.bag,31.767766434,30,"Rejected frontier (10.89, 18.11): endpoint clearance 0.03 m is below required 0.10 m."
25july.bag,31.771926682,30,"Rejected frontier (4.74, 18.11): endpoint clearance 0.03 m is below required 0.10 m."
25july.bag,31.773060196,30,"Rejected frontier (4.84, 18.26): endpoint clearance 0.08 m is below required 0.10 m."
25july.bag,31.773788179,30,"Rejected frontier (3.99, 18.31): endpoint clearance 0.03 m is below required 0.10 m."
25july.bag,31.774326597,30,"Rejected frontier (3.94, 18.36): endpoint clearance 0.08 m is below required 0.10 m."
25july.bag,31.777573854,30,"Rejected frontier (2.99, 19.51): endpoint clearance 0.03 m is below required 0.10 m."
25july.bag,31.778006057,30,"Rejected frontier (2.99, 19.56): endpoint clearance 0.08 m is below required 0.10 m."
25july.bag,31.778494509,30,"Rejected frontier (2.99, 19.66): endpoint clearance 0.08 m is below required 0.10 m."
25july.bag,31.779025442,30,"Rejected frontier (3.04, 19.81): endpoint clearance 0.08 m is below required 0.10 m."
25july.bag,31.779418129,30,"Rejected frontier (3.04, 19.86): endpoint clearance 0.08 m is below required 0.10 m."
25july.bag,31.779877374,30,"Rejected frontier (3.04, 19.96): endpoint clearance 0.04 m is below required 0.10 m."
25july.bag,31.78026465,30,"Rejected frontier (2.94, 19.56): endpoint clearance 0.04 m is below required 0.10 m."
25july.bag,31.780744525,30,"Rejected frontier (2.89, 19.66): endpoint clearance 0.03 m is below required 0.10 m."
25july.bag,31.782081371,30,"Rejected frontier (-1.11, 20.31): endpoint clearance 0.08 m is below required 0.10 m."
25july.bag,31.782586635,30,"Rejected frontier (2.69, 19.86): endpoint clearance 0.08 m is below required 0.10 m."
25july.bag,31.783390404,30,"Rejected frontier (2.59, 20.01): endpoint clearance 0.08 m is below required 0.10 m."
25july.bag,31.783957767,30,"Rejected frontier (2.49, 20.06): endpoint clearance 0.03 m is below required 0.10 m."
25july.bag,31.784809388,30,"Rejected frontier (2.44, 20.16): endpoint clearance 0.08 m is below required 0.10 m."
25july.bag,31.895282575,30,"Rejected frontier (1.64, 23.76): no safe interior on-path goal; 301 rejected samples (maximum backward search distance reached=1, unknown occupancy cell in clearance circle=301)."
25july.bag,31.976471102,30,"Rejected frontier (1.69, 22.31): no safe interior on-path goal; 301 rejected samples (maximum backward search distance reached=1, unknown occupancy cell in clearance circle=301)."
25july.bag,32.028819122,30,"Rejected frontier (1.84, 22.01): no safe interior on-path goal; 301 rejected samples (maximum backward search distance reached=1, unknown occupancy cell in clearance circle=301)."
25july.bag,32.129481628,30,"Rejected frontier (1.54, 20.21): no safe interior on-path goal; 301 rejected samples (costmap: unknown cell in safety area=10, maximum backward search distance reached=1, unknown occupancy cell in clearance circle=291)."
25july.bag,32.648762209,30,"Rejected frontier (-0.31, 19.71): no safe interior on-path goal; 301 rejected samples (maximum backward search distance reached=1, unknown occupancy cell in clearance circle=301)."
25july.bag,32.698362324,30,"Rejected frontier (-1.11, 20.26): no safe interior on-path goal; 301 rejected samples (maximum backward search distance reached=1, unknown occupancy cell in clearance circle=301)."
25july.bag,32.753415266,30,"Rejected frontier (-1.26, 20.21): no safe interior on-path goal; 301 rejected samples (maximum backward search distance reached=1, unknown occupancy cell in clearance circle=301)."
25july.bag,32.81666825,30,"Rejected frontier (0.59, 18.36): no safe interior on-path goal; 301 rejected samples (costmap: unknown cell in safety area=33, maximum backward search distance reached=1, unknown occupancy cell in clearance circle=268)."
25july.bag,32.915620056,30,"Rejected frontier (0.44, 18.36): no safe interior on-path goal; 301 rejected samples (costmap: unknown cell in safety area=68, maximum backward search distance reached=1, unknown occupancy cell in clearance circle=233)."
25july.bag,32.989798801,30,"Rejected frontier (-1.06, 19.71): no safe interior on-path goal; 301 rejected samples (maximum backward search distance reached=1, unknown occupancy cell in clearance circle=301)."
25july.bag,33.04375689,30,"Rejected frontier (-0.26, 18.86): no safe interior on-path goal; 301 rejected samples (maximum backward search distance reached=1, unknown occupancy cell in clearance circle=301)."
25july.bag,33.101291682,30,"Rejected frontier (-1.56, 20.06): no safe interior on-path goal; 301 rejected samples (maximum backward search distance reached=1, unknown occupancy cell in clearance circle=301)."
25july.bag,33.154006445,30,"Rejected frontier (-0.56, 18.71): no safe interior on-path goal; 301 rejected samples (maximum backward search distance reached=1, unknown occupancy cell in clearance circle=301)."
25july.bag,33.211332034,30,"Rejected frontier (-1.31, 19.36): no safe interior on-path goal; 301 rejected samples (maximum backward search distance reached=1, unknown occupancy cell in clearance circle=301)."
25july.bag,33.456358589,30,"Rejected frontier (-1.26, 18.76): no safe interior on-path goal; 301 rejected samples (maximum backward search distance reached=1, unknown occupancy cell in clearance circle=301)."
25july.bag,33.507009575,30,"Rejected frontier (-1.46, 18.91): no safe interior on-path goal; 301 rejected samples (maximum backward search distance reached=1, unknown occupancy cell in clearance circle=301)."
25july.bag,33.670479027,30,"Rejected frontier (-0.66, 18.01): no safe interior on-path goal; 301 rejected samples (maximum backward search distance reached=1, unknown occupancy cell in clearance circle=301)."
25july.bag,33.732918129,30,"Rejected frontier (-1.11, 18.31): no safe interior on-path goal; 301 rejected samples (maximum backward search distance reached=1, unknown occupancy cell in clearance circle=301)."
25july.bag,33.782806075,30,"Rejected frontier (-2.41, 19.41): no safe interior on-path goal; 301 rejected samples (maximum backward search distance reached=1, unknown occupancy cell in clearance circle=301)."
25july.bag,33.835972709,30,"Rejected frontier (-1.21, 18.16): no safe interior on-path goal; 301 rejected samples (maximum backward search distance reached=1, unknown occupancy cell in clearance circle=301)."
25july.bag,33.896771138,30,"Rejected frontier (0.04, 17.01): no safe interior on-path goal; 301 rejected samples (costmap: unknown cell in safety area=20, maximum backward search distance reached=1, unknown occupancy cell in clearance circle=281)."
25july.bag,33.941442148,30,"Rejected frontier (-0.36, 17.26): no safe interior on-path goal; 301 rejected samples (maximum backward search distance reached=1, unknown occupancy cell in clearance circle=301)."
25july.bag,33.984145266,30,"Rejected frontier (-0.51, 17.31): no safe interior on-path goal; 301 rejected samples (maximum backward search distance reached=1, unknown occupancy cell in clearance circle=301)."
25july.bag,34.108569279,30,"Rejected frontier (-1.06, 17.66): no safe interior on-path goal; 301 rejected samples (costmap: unknown cell in safety area=1, maximum backward search distance reached=1, unknown occupancy cell in clearance circle=300)."
25july.bag,34.182889893,30,"Rejected frontier (-0.11, 16.71): no safe interior on-path goal; 301 rejected samples (costmap: unknown cell in safety area=46, maximum backward search distance reached=1, unknown occupancy cell in clearance circle=255)."
25july.bag,34.229065863,30,"Rejected frontier (-2.51, 18.86): no safe interior on-path goal; 301 rejected samples (maximum backward search distance reached=1, unknown occupancy cell in clearance circle=301)."
25july.bag,34.279340311,30,"Rejected frontier (-1.16, 17.56): no safe interior on-path goal; 301 rejected samples (costmap: unknown cell in safety area=3, maximum backward search distance reached=1, unknown occupancy cell in clearance circle=298)."
25july.bag,34.427987561,30,"Rejected frontier (-0.61, 16.86): no safe interior on-path goal; 301 rejected samples (costmap: unknown cell in safety area=2, maximum backward search distance reached=1, unknown occupancy cell in clearance circle=299)."
25july.bag,34.566436309,30,"Rejected frontier (-0.71, 16.66): no safe interior on-path goal; 301 rejected samples (costmap: unknown cell in safety area=18, maximum backward search distance reached=1, unknown occupancy cell in clearance circle=283)."
25july.bag,34.615722793,30,"Rejected frontier (-2.46, 18.21): no safe interior on-path goal; 301 rejected samples (maximum backward search distance reached=1, unknown occupancy cell in clearance circle=301)."
25july.bag,34.936255559,30,"Rejected frontier (-2.01, 16.81): no safe interior on-path goal; 301 rejected samples (costmap: unknown cell in safety area=53, maximum backward search distance reached=1, unknown occupancy cell in clearance circle=248)."
25july.bag,35.045961634,30,"Rejected frontier (-3.31, 17.66): no safe interior on-path goal; 301 rejected samples (maximum backward search distance reached=1, unknown occupancy cell in clearance circle=301)."
25july.bag,35.192108569,30,"Rejected frontier (-3.26, 16.81): no safe interior on-path goal; 301 rejected samples (costmap: unknown cell in safety area=32, maximum backward search distance reached=1, unknown occupancy cell in clearance circle=269)."
25july.bag,35.30267419,30,"Rejected frontier (-2.01, 15.56): no safe interior on-path goal; 301 rejected samples (costmap: unknown cell in safety area=96, maximum backward search distance reached=1, unknown occupancy cell in clearance circle=205)."
25july.bag,35.470488766,30,"Rejected frontier (-2.11, 15.36): no safe interior on-path goal; 301 rejected samples (costmap: unknown cell in safety area=58, maximum backward search distance reached=1, unknown occupancy cell in clearance circle=243)."
25july.bag,35.564940267,30,"Rejected frontier (-2.76, 15.91): no safe interior on-path goal; 301 rejected samples (costmap: unknown cell in safety area=78, maximum backward search distance reached=1, unknown occupancy cell in clearance circle=223)."
25july.bag,35.667703073,30,"Rejected frontier (-2.96, 16.01): no safe interior on-path goal; 301 rejected samples (costmap: unknown cell in safety area=77, maximum backward search distance reached=1, unknown occupancy cell in clearance circle=224)."
25july.bag,35.853393835,30,"Rejected frontier (6.89, 7.46): no safe interior on-path goal; 301 rejected samples (costmap: cost threshold exceeded=31, costmap: unknown cell in safety area=54, maximum backward search distance reached=1, unknown occupancy cell in clearance circle=216)."
25july.bag,35.964197409,30,"Rejected frontier (7.04, 7.21): no safe interior on-path goal; 301 rejected samples (costmap: cost threshold exceeded=31, costmap: unknown cell in safety area=53, maximum backward search distance reached=1, unknown occupancy cell in clearance circle=217)."
25july.bag,36.386252464,20,Cached 265-pose ComputePathToPose path for goal sequence 3 in frame map.
25july.bag,36.394200859,20,"Frontier (1.79, 19.61) selected with score 1.483; safe interior goal is (2.41, 17.86), 1.93 m back along its Nav2 path after rejecting 193 samples; unknown clearance=>=0.15 m, occupied clearance=>=0.15 m, costmap center cost=0."
25july.bag,36.394672608,20,"Sending NavigateToPose frontier goal (2.41, 17.86)."
25july.bag,36.39624088,20,"Nav2 accepted frontier goal (2.41, 17.86)."
25july.bag,36.397324268,20,Active goal cost=0 maximum-area-cost=0 safety=safe.
25july.bag,38.180066015,30,"Active goal unsafe check 1/2 [inflation/unknown]: cost threshold exceeded (center cost=0, maximum area cost=17)."
25july.bag,38.680252492,20,Active goal cost=0 maximum-area-cost=17 safety=cost threshold exceeded.
25july.bag,39.180392002,30,"Active goal unsafe check 2/2 [inflation/unknown]: cost threshold exceeded (center cost=0, maximum area cost=17)."
25july.bag,39.180721156,30,The active frontier goal has become unsafe; preparing one on-path correction.
25july.bag,39.189833903,30,"Selected corrected path index 223 (robot index 1): shortened 1.00 m, center cost=0, 5.57 m ahead of robot."
25july.bag,39.190315531,30,Cancellation requested for the unsafe frontier goal.
25july.bag,39.1928789,20,Nav2 accepted cancellation; waiting for the original action terminal result before sending the correction.
25july.bag,39.216756395,20,Cancellation confirmed; the original frontier goal is terminal.
25july.bag,39.21740227,20,"Corrected goal sent once at (2.83, 16.95)."
25july.bag,39.218605688,20,"Nav2 accepted corrected goal (2.83, 16.95)."
25july.bag,48.640589648,20,Nav2 reached the corrected goal.
25july.bag,48.640635236,20,Corrected goal is terminal; active path and correction flags were cleared.
25july.bag,48.64065796,20,Frontier exploration resumed from IDLE.
25july.bag,48.753627332,30,"Rejected frontier (6.74, 7.64): endpoint clearance 0.04 m is below required 0.10 m."
25july.bag,48.756200088,30,"Rejected frontier (8.34, 9.99): endpoint clearance 0.03 m is below required 0.10 m."
25july.bag,48.758305924,30,"Rejected frontier (-6.21, 12.39): endpoint clearance 0.08 m is below required 0.10 m."
25july.bag,48.759656456,30,"Rejected frontier (9.39, 13.04): endpoint clearance 0.04 m is below required 0.10 m."
25july.bag,48.760194843,30,"Rejected frontier (9.44, 12.84): endpoint clearance 0.04 m is below required 0.10 m."
25july.bag,48.760862699,30,"Rejected frontier (9.49, 13.19): endpoint clearance 0.08 m is below required 0.10 m."
25july.bag,48.762922717,30,"Rejected frontier (11.04, 15.24): endpoint clearance 0.03 m is below required 0.10 m."
25july.bag,48.76371865,30,"Rejected frontier (4.99, 15.19): endpoint clearance 0.03 m is below required 0.10 m."
25july.bag,48.76422214,30,"Rejected frontier (4.74, 15.89): endpoint clearance 0.08 m is below required 0.10 m."
25july.bag,48.764995399,30,"Rejected frontier (7.94, 15.59): endpoint clearance 0.04 m is below required 0.10 m."
25july.bag,48.765422171,30,"Rejected frontier (7.99, 15.64): endpoint clearance 0.08 m is below required 0.10 m."
25july.bag,48.76612743,30,"Rejected frontier (8.19, 15.59): endpoint clearance 0.03 m is below required 0.10 m."
25july.bag,48.76680753,30,"Rejected frontier (11.04, 15.89): endpoint clearance 0.04 m is below required 0.10 m."
25july.bag,48.767610406,30,"Rejected frontier (10.99, 16.59): endpoint clearance 0.08 m is below required 0.10 m."
25july.bag,48.768029193,30,"Rejected frontier (10.99, 16.54): endpoint clearance 0.03 m is below required 0.10 m."
25july.bag,48.768622536,30,"Rejected frontier (11.04, 16.99): endpoint clearance 0.03 m is below required 0.10 m."
25july.bag,48.769363754,30,"Rejected frontier (10.94, 17.14): endpoint clearance 0.03 m is below required 0.10 m."
25july.bag,48.770143476,30,"Rejected frontier (9.84, 17.64): endpoint clearance 0.03 m is below required 0.10 m."
25july.bag,48.770855788,30,"Rejected frontier (10.99, 17.64): endpoint clearance 0.03 m is below required 0.10 m."
25july.bag,48.771515559,30,"Rejected frontier (12.44, 19.29): endpoint clearance 0.04 m is below required 0.10 m."
25july.bag,48.7718847,30,"Rejected frontier (10.84, 17.74): endpoint clearance 0.03 m is below required 0.10 m."
25july.bag,48.772343634,30,"Rejected frontier (10.94, 18.04): endpoint clearance 0.08 m is below required 0.10 m."
25july.bag,48.772806445,30,"Rejected frontier (11.04, 18.14): endpoint clearance 0.08 m is below required 0.10 m."
25july.bag,48.77344256,30,"Rejected frontier (4.84, 18.19): endpoint clearance 0.04 m is below required 0.10 m."
25july.bag,48.774560123,30,"Rejected frontier (4.04, 18.29): endpoint clearance 0.03 m is below required 0.10 m."
25july.bag,48.775640113,30,"Rejected frontier (4.14, 19.29): endpoint clearance 0.08 m is below required 0.10 m."
25july.bag,48.776450104,30,"Rejected frontier (-8.16, 18.94): endpoint clearance 0.08 m is below required 0.10 m."
25july.bag,48.777010152,30,"Rejected frontier (-8.01, 18.99): endpoint clearance 0.08 m is below required 0.10 m."
25july.bag,48.777719028,30,"Rejected frontier (3.04, 19.89): endpoint clearance 0.08 m is below required 0.10 m."
25july.bag,48.778567021,30,"Rejected frontier (3.09, 19.99): endpoint clearance 0.08 m is below required 0.10 m."
25july.bag,48.779279874,30,"Rejected frontier (2.79, 20.34): endpoint clearance 0.08 m is below required 0.10 m."
25july.bag,48.779688802,30,"Rejected frontier (2.44, 20.29): endpoint clearance 0.03 m is below required 0.10 m."
25july.bag,48.780319868,30,"Rejected frontier (2.64, 20.44): endpoint clearance 0.08 m is below required 0.10 m."
25july.bag,48.781305596,30,"Rejected frontier (-0.21, 21.14): endpoint clearance 0.08 m is below required 0.10 m."
25july.bag,48.781678595,30,"Rejected frontier (-0.21, 21.19): endpoint clearance 0.03 m is below required 0.10 m."
25july.bag,48.782077814,30,"Rejected frontier (-0.21, 21.29): endpoint clearance 0.03 m is below required 0.10 m."
25july.bag,48.783448594,30,"Rejected frontier (-4.71, 21.89): endpoint clearance 0.08 m is below required 0.10 m."
25july.bag,48.783874715,30,"Rejected frontier (-4.76, 21.94): endpoint clearance 0.04 m is below required 0.10 m."
25july.bag,48.784394536,30,"Rejected frontier (-4.51, 22.74): endpoint clearance 0.04 m is below required 0.10 m."
25july.bag,48.784855023,30,"Rejected frontier (-4.61, 23.19): endpoint clearance 0.08 m is below required 0.10 m."
25july.bag,48.785446593,30,"Rejected frontier (-4.46, 22.84): endpoint clearance 0.03 m is below required 0.10 m."
25july.bag,48.785832877,30,"Rejected frontier (-4.81, 22.94): endpoint clearance 0.03 m is below required 0.10 m."
25july.bag,48.786359571,30,"Rejected frontier (-4.51, 23.29): endpoint clearance 0.08 m is below required 0.10 m."
25july.bag,48.78707008,30,"Rejected frontier (-6.76, 33.39): endpoint clearance 0.04 m is below required 0.10 m."
25july.bag,48.788439528,30,"Rejected frontier (-6.56, 33.74): endpoint clearance 0.04 m is below required 0.10 m."
25july.bag,48.790080769,30,"Rejected frontier (-6.46, 35.69): endpoint clearance 0.08 m is below required 0.10 m."
25july.bag,48.790573047,30,"Rejected frontier (-6.46, 36.44): endpoint clearance 0.08 m is below required 0.10 m."
25july.bag,48.791422774,30,"Rejected frontier (-6.16, 34.29): endpoint clearance 0.03 m is below required 0.10 m."
25july.bag,48.878801953,30,"Rejected frontier (-5.91, 37.54): no safe interior on-path goal; 301 rejected samples (maximum backward search distance reached=1, unknown occupancy cell in clearance circle=301)."
25july.bag,48.973374023,30,"Rejected frontier (-5.86, 37.44): no safe interior on-path goal; 301 rejected samples (maximum backward search distance reached=1, unknown occupancy cell in clearance circle=301)."
25july.bag,49.136675486,30,"Rejected frontier (-5.41, 36.44): no safe interior on-path goal; 301 rejected samples (maximum backward search distance reached=1, unknown occupancy cell in clearance circle=301)."
25july.bag,49.410446972,30,"Rejected frontier (-6.26, 36.49): no safe interior on-path goal; 301 rejected samples (costmap: unknown cell in safety area=174, maximum backward search distance reached=1, unknown occupancy cell in clearance circle=127)."
25july.bag,49.678032732,30,"Rejected frontier (-6.26, 35.99): no safe interior on-path goal; 301 rejected samples (costmap: unknown cell in safety area=187, maximum backward search distance reached=1, unknown occupancy cell in clearance circle=114)."
25july.bag,49.971519035,30,"Rejected frontier (-6.26, 35.54): no safe interior on-path goal; 301 rejected samples (costmap: unknown cell in safety area=234, maximum backward search distance reached=1, unknown occupancy cell in clearance circle=67)."
25july.bag,50.302907381,30,"Rejected frontier (-6.46, 35.49): no safe interior on-path goal; 301 rejected samples (costmap: unknown cell in safety area=224, maximum backward search distance reached=1, unknown occupancy cell in clearance circle=77)."
25july.bag,50.605242558,30,"Rejected frontier (-5.81, 34.24): no safe interior on-path goal; 301 rejected samples (costmap: unknown cell in safety area=231, maximum backward search distance reached=1, unknown occupancy cell in clearance circle=70)."
25july.bag,50.700089953,30,"Rejected frontier (-5.71, 33.74): no safe interior on-path goal; 301 rejected samples (maximum backward search distance reached=1, unknown occupancy cell in clearance circle=301)."
25july.bag,50.942641827,30,"Rejected frontier (-6.41, 33.94): no safe interior on-path goal; 301 rejected samples (costmap: unknown cell in safety area=187, maximum backward search distance reached=1, unknown occupancy cell in clearance circle=114)."
25july.bag,51.222260394,30,"Rejected frontier (-5.71, 32.59): no safe interior on-path goal; 301 rejected samples (costmap: unknown cell in safety area=210, maximum backward search distance reached=1, unknown occupancy cell in clearance circle=91)."
25july.bag,51.440076978,30,"Rejected frontier (-6.51, 33.39): no safe interior on-path goal; 301 rejected samples (costmap: unknown cell in safety area=142, maximum backward search distance reached=1, unknown occupancy cell in clearance circle=159)."
25july.bag,51.573285934,30,"Rejected frontier (-6.36, 33.14): no safe interior on-path goal; 301 rejected samples (costmap: unknown cell in safety area=74, maximum backward search distance reached=1, unknown occupancy cell in clearance circle=227)."
25july.bag,51.66558714,30,"Rejected frontier (-6.56, 33.09): no safe interior on-path goal; 301 rejected samples (costmap: unknown cell in safety area=5, maximum backward search distance reached=1, unknown occupancy cell in clearance circle=296)."
25july.bag,51.787274896,30,"Rejected frontier (-6.76, 33.09): no safe interior on-path goal; 301 rejected samples (maximum backward search distance reached=1, unknown occupancy cell in clearance circle=301)."
25july.bag,52.026179617,30,"Rejected frontier (1.74, 21.94): no safe interior on-path goal; 301 rejected samples (costmap: cost threshold exceeded=50, costmap: unknown cell in safety area=111, maximum backward search distance reached=1, unknown occupancy cell in clearance circle=140)."
25july.bag,52.205037115,30,"Rejected frontier (1.84, 21.59): no safe interior on-path goal; 301 rejected samples (costmap: cost threshold exceeded=18, costmap: unknown cell in safety area=111, maximum backward search distance reached=1, unknown occupancy cell in clearance circle=172)."
25july.bag,52.51345312,30,"Rejected frontier (2.19, 21.04): no safe interior on-path goal; 301 rejected samples (costmap: cost threshold exceeded=221, costmap: unknown cell in safety area=74, maximum backward search distance reached=1, unknown occupancy cell in clearance circle=6)."
25july.bag,52.762087317,30,"Rejected frontier (-4.46, 23.54): no safe interior on-path goal; 301 rejected samples (maximum backward search distance reached=1, unknown occupancy cell in clearance circle=301)."
25july.bag,52.996011955,30,"Rejected frontier (6.84, 7.24): no safe interior on-path goal; 301 rejected samples (costmap: cost threshold exceeded=79, costmap: unknown cell in safety area=76, maximum backward search distance reached=1, unknown occupancy cell in clearance circle=146)."
25july.bag,53.290033672,30,"Rejected frontier (-7.56, 18.74): no safe interior on-path goal; 301 rejected samples (costmap: unknown cell in safety area=110, maximum backward search distance reached=1, unknown occupancy cell in clearance circle=191)."
25july.bag,53.828870776,30,"Rejected frontier (-5.06, 14.74): no safe interior on-path goal; 301 rejected samples (costmap: unknown cell in safety area=62, maximum backward search distance reached=1, unknown occupancy cell in clearance circle=239)."
25july.bag,53.910045451,30,"Rejected frontier (-5.31, 14.94): no safe interior on-path goal; 301 rejected samples (costmap: unknown cell in safety area=31, maximum backward search distance reached=1, unknown occupancy cell in clearance circle=270)."
25july.bag,54.128024141,30,"Rejected frontier (-5.41, 14.64): no safe interior on-path goal; 301 rejected samples (costmap: unknown cell in safety area=53, maximum backward search distance reached=1, unknown occupancy cell in clearance circle=248)."
25july.bag,54.235382851,30,"Rejected frontier (-5.46, 14.39): no safe interior on-path goal; 301 rejected samples (costmap: unknown cell in safety area=56, maximum backward search distance reached=1, unknown occupancy cell in clearance circle=245)."
25july.bag,54.946674659,30,"Rejected frontier (-4.86, 12.24): no safe interior on-path goal; 301 rejected samples (costmap: unknown cell in safety area=68, maximum backward search distance reached=1, unknown occupancy cell in clearance circle=233)."
25july.bag,55.378109588,30,"Rejected frontier (-4.26, 10.59): no safe interior on-path goal; 301 rejected samples (costmap: unknown cell in safety area=99, maximum backward search distance reached=1, unknown occupancy cell in clearance circle=202)."
25july.bag,55.512936691,30,"Rejected frontier (-4.56, 10.54): no safe interior on-path goal; 301 rejected samples (costmap: unknown cell in safety area=75, maximum backward search distance reached=1, unknown occupancy cell in clearance circle=226)."
25july.bag,55.714351251,30,"Rejected frontier (-4.86, 9.14): no safe interior on-path goal; 301 rejected samples (costmap: unknown cell in safety area=163, maximum backward search distance reached=1, unknown occupancy cell in clearance circle=138)."
25july.bag,55.856373821,20,Cached 148-pose ComputePathToPose path for goal sequence 4 in frame map.
25july.bag,55.865352963,20,"Frontier (-0.21, 21.09) selected with score 0.759; safe interior goal is (0.65, 19.88), 1.49 m back along its Nav2 path after rejecting 149 samples; unknown clearance=>=0.15 m, occupied clearance=>=0.15 m, costmap center cost=0."
25july.bag,55.865729298,20,"Sending NavigateToPose frontier goal (0.65, 19.88)."
25july.bag,55.869956519,20,"Nav2 accepted frontier goal (0.65, 19.88)."
25july.bag,55.870941355,20,Active goal cost=0 maximum-area-cost=0 safety=safe.
25july.bag,57.9803974,20,Active goal cost=0 maximum-area-cost=0 safety=safe.
25july.bag,60.080254895,20,Active goal cost=0 maximum-area-cost=0 safety=safe.
25july.bag,61.477549123,20,Nav2 reached the frontier goal.
25july.bag,61.477915769,20,Frontier exploration resumed from IDLE.
25july.bag,61.570246192,30,"Rejected frontier (8.86, 12.14): endpoint clearance 0.04 m is below required 0.10 m."
25july.bag,61.570699505,30,"Rejected frontier (8.31, 9.99): endpoint clearance 0.04 m is below required 0.10 m."
25july.bag,61.572293604,30,"Rejected frontier (-6.34, 12.44): endpoint clearance 0.03 m is below required 0.10 m."
25july.bag,61.573228304,30,"Rejected frontier (9.41, 12.79): endpoint clearance 0.03 m is below required 0.10 m."
25july.bag,61.57507005,30,"Rejected frontier (11.01, 15.24): endpoint clearance 0.04 m is below required 0.10 m."
25july.bag,61.5760617,30,"Rejected frontier (5.11, 15.19): endpoint clearance 0.04 m is below required 0.10 m."
25july.bag,61.576370544,30,"Rejected frontier (4.81, 15.59): endpoint clearance 0.04 m is below required 0.10 m."
25july.bag,61.577660178,30,"Rejected frontier (11.16, 15.69): endpoint clearance 0.03 m is below required 0.10 m."
25july.bag,61.577934145,30,"Rejected frontier (11.06, 15.39): endpoint clearance 0.04 m is below required 0.10 m."
25july.bag,61.579589513,30,"Rejected frontier (11.21, 15.64): endpoint clearance 0.08 m is below required 0.10 m."
25july.bag,61.581295978,30,"Rejected frontier (7.76, 15.54): endpoint clearance 0.04 m is below required 0.10 m."
25july.bag,61.583451138,30,"Rejected frontier (10.96, 15.89): endpoint clearance 0.08 m is below required 0.10 m."
25july.bag,61.584499296,30,"Rejected frontier (11.21, 16.24): endpoint clearance 0.08 m is below required 0.10 m."
25july.bag,61.585709607,30,"Rejected frontier (11.06, 16.99): endpoint clearance 0.03 m is below required 0.10 m."
25july.bag,61.586336825,30,"Rejected frontier (11.01, 16.54): endpoint clearance 0.03 m is below required 0.10 m."
25july.bag,61.587436672,30,"Rejected frontier (10.91, 17.14): endpoint clearance 0.04 m is below required 0.10 m."
25july.bag,61.588477196,30,"Rejected frontier (12.56, 18.99): endpoint clearance 0.08 m is below required 0.10 m."
25july.bag,61.589126687,30,"Rejected frontier (10.01, 17.59): endpoint clearance 0.03 m is below required 0.10 m."
25july.bag,61.590362757,30,"Rejected frontier (10.66, 18.24): endpoint clearance 0.04 m is below required 0.10 m."
25july.bag,61.590984544,30,"Rejected frontier (10.96, 17.59): endpoint clearance 0.03 m is below required 0.10 m."
25july.bag,61.59188113,30,"Rejected frontier (10.81, 17.74): endpoint clearance 0.03 m is below required 0.10 m."
25july.bag,61.592626525,30,"Rejected frontier (10.86, 17.79): endpoint clearance 0.08 m is below required 0.10 m."
25july.bag,61.59374004,30,"Rejected frontier (11.01, 18.09): endpoint clearance 0.08 m is below required 0.10 m."
25july.bag,61.594380723,30,"Rejected frontier (11.06, 18.14): endpoint clearance 0.08 m is below required 0.10 m."
25july.bag,61.594982933,30,"Rejected frontier (4.76, 18.14): endpoint clearance 0.03 m is below required 0.10 m."
25july.bag,61.595607656,30,"Rejected frontier (4.86, 18.24): endpoint clearance 0.08 m is below required 0.10 m."
25july.bag,61.596474996,30,"Rejected frontier (4.01, 18.34): endpoint clearance 0.03 m is below required 0.10 m."
25july.bag,61.5972668,30,"Rejected frontier (4.16, 19.34): endpoint clearance 0.08 m is below required 0.10 m."
25july.bag,61.597872827,30,"Rejected frontier (-8.14, 18.99): endpoint clearance 0.03 m is below required 0.10 m."
25july.bag,61.598399101,30,"Rejected frontier (-8.34, 18.99): endpoint clearance 0.08 m is below required 0.10 m."
25july.bag,61.599508266,30,"Rejected frontier (-8.54, 18.94): endpoint clearance 0.04 m is below required 0.10 m."
25july.bag,61.599935499,30,"Rejected frontier (-7.54, 18.99): endpoint clearance 0.03 m is below required 0.10 m."
25july.bag,61.600490838,30,"Rejected frontier (-7.64, 18.94): endpoint clearance 0.08 m is below required 0.10 m."
25july.bag,61.601324003,30,"Rejected frontier (-7.69, 18.99): endpoint clearance 0.08 m is below required 0.10 m."
25july.bag,61.602055751,30,"Rejected frontier (3.01, 20.04): endpoint clearance 0.08 m is below required 0.10 m."
25july.bag,61.602546026,30,"Rejected frontier (3.21, 19.84): endpoint clearance 0.08 m is below required 0.10 m."
25july.bag,61.603201938,30,"Rejected frontier (3.16, 19.89): endpoint clearance 0.08 m is below required 0.10 m."
25july.bag,61.603651023,30,"Rejected frontier (3.26, 19.89): endpoint clearance 0.03 m is below required 0.10 m."
25july.bag,61.604445473,30,"Rejected frontier (2.91, 20.19): endpoint clearance 0.08 m is below required 0.10 m."
25july.bag,61.6049375,30,"Rejected frontier (2.66, 20.44): endpoint clearance 0.08 m is below required 0.10 m."
25july.bag,61.605866609,30,"Rejected frontier (2.71, 20.29): endpoint clearance 0.08 m is below required 0.10 m."
25july.bag,61.606442057,30,"Rejected frontier (2.61, 20.49): endpoint clearance 0.08 m is below required 0.10 m."
25july.bag,61.606888567,30,"Rejected frontier (2.51, 20.94): endpoint clearance 0.04 m is below required 0.10 m."
25july.bag,61.607292505,30,"Rejected frontier (2.46, 20.99): endpoint clearance 0.08 m is below required 0.10 m."
25july.bag,61.608169043,30,"Rejected frontier (2.41, 21.29): endpoint clearance 0.08 m is below required 0.10 m."
25july.bag,61.608639609,30,"Rejected frontier (2.36, 21.44): endpoint clearance 0.04 m is below required 0.10 m."
25july.bag,61.609100857,30,"Rejected frontier (2.36, 21.49): endpoint clearance 0.08 m is below required 0.10 m."
25july.bag,61.610428463,30,"Rejected frontier (-4.74, 23.94): endpoint clearance 0.04 m is below required 0.10 m."
25july.bag,61.612564817,30,"Rejected frontier (-15.54, 39.99): endpoint clearance 0.04 m is below required 0.10 m."
25july.bag,61.615805557,30,"Rejected frontier (-7.09, 33.39): endpoint clearance 0.08 m is below required 0.10 m."
25july.bag,61.616530092,30,"Rejected frontier (-7.04, 33.44): endpoint clearance 0.03 m is below required 0.10 m."
25july.bag,61.617243285,30,"Rejected frontier (-7.99, 34.59): endpoint clearance 0.03 m is below required 0.10 m."
25july.bag,61.618200158,30,"Rejected frontier (-12.79, 33.69): endpoint clearance 0.08 m is below required 0.10 m."
25july.bag,61.619342878,30,"Rejected frontier (-6.19, 34.54): endpoint clearance 0.03 m is below required 0.10 m."
25july.bag,61.62000352,30,"Rejected frontier (-8.99, 40.54): endpoint clearance 0.08 m is below required 0.10 m."
25july.bag,61.620667478,30,"Rejected frontier (-14.19, 35.49): endpoint clearance 0.08 m is below required 0.10 m."
25july.bag,61.621824617,30,"Rejected frontier (-8.74, 40.69): endpoint clearance 0.03 m is below required 0.10 m."
25july.bag,61.623112096,30,"Rejected frontier (-8.94, 40.54): endpoint clearance 0.08 m is below required 0.10 m."
25july.bag,61.623631175,30,"Rejected frontier (-8.94, 40.59): endpoint clearance 0.04 m is below required 0.10 m."
25july.bag,61.790286811,30,"Rejected frontier (1.56, 27.69): no safe interior on-path goal; 301 rejected samples (maximum backward search distance reached=1, unknown occupancy cell in clearance circle=301)."
25july.bag,61.97471374,30,"Rejected frontier (1.46, 26.09): no safe interior on-path goal; 301 rejected samples (costmap: unknown cell in safety area=122, maximum backward search distance reached=1, unknown occupancy cell in clearance circle=179)."
25july.bag,62.107253098,30,"Rejected frontier (1.66, 25.64): no safe interior on-path goal; 301 rejected samples (costmap: unknown cell in safety area=116, maximum backward search distance reached=1, unknown occupancy cell in clearance circle=185)."
25july.bag,62.270265601,30,"Rejected frontier (1.61, 24.89): no safe interior on-path goal; 301 rejected samples (costmap: unknown cell in safety area=159, maximum backward search distance reached=1, unknown occupancy cell in clearance circle=142)."
25july.bag,62.507268368,30,"Rejected frontier (1.81, 23.84): no safe interior on-path goal; 301 rejected samples (costmap: unknown cell in safety area=189, maximum backward search distance reached=1, unknown occupancy cell in clearance circle=112)."
25july.bag,62.764983446,30,"Rejected frontier (-7.14, 32.84): no safe interior on-path goal; 301 rejected samples (costmap: unknown cell in safety area=168, maximum backward search distance reached=1, unknown occupancy cell in clearance circle=133)."
25july.bag,63.469269913,30,"Rejected frontier (-4.24, 27.99): no safe interior on-path goal; 301 rejected samples (costmap: unknown cell in safety area=271, maximum backward search distance reached=1, unknown occupancy cell in clearance circle=30)."
25july.bag,63.862112502,30,"Rejected frontier (-3.69, 27.14): no safe interior on-path goal; 301 rejected samples (costmap: unknown cell in safety area=301, maximum backward search distance reached=1)."
25july.bag,64.124359738,30,"Rejected frontier (-10.99, 32.09): no safe interior on-path goal; 301 rejected samples (costmap: unknown cell in safety area=124, maximum backward search distance reached=1, unknown occupancy cell in clearance circle=177)."
25july.bag,64.314194937,30,"Rejected frontier (-8.39, 29.14): no safe interior on-path goal; 301 rejected samples (costmap: unknown cell in safety area=163, maximum backward search distance reached=1, unknown occupancy cell in clearance circle=138)."
25july.bag,64.492882021,30,"Rejected frontier (-11.64, 32.39): no safe interior on-path goal; 301 rejected samples (costmap: unknown cell in safety area=130, maximum backward search distance reached=1, unknown occupancy cell in clearance circle=171)."
25july.bag,64.75145311,30,"Rejected frontier (-8.94, 29.49): no safe interior on-path goal; 301 rejected samples (costmap: unknown cell in safety area=244, maximum backward search distance reached=1, unknown occupancy cell in clearance circle=57)."
25july.bag,64.90412804,30,"Rejected frontier (-10.19, 30.74): no safe interior on-path goal; 301 rejected samples (costmap: unknown cell in safety area=108, maximum backward search distance reached=1, unknown occupancy cell in clearance circle=193)."
25july.bag,65.009352878,30,"Rejected frontier (-12.49, 32.94): no safe interior on-path goal; 301 rejected samples (costmap: unknown cell in safety area=21, maximum backward search distance reached=1, unknown occupancy cell in clearance circle=280)."
25july.bag,65.268499341,30,"Rejected frontier (-9.09, 29.34): no safe interior on-path goal; 301 rejected samples (costmap: unknown cell in safety area=253, maximum backward search distance reached=1, unknown occupancy cell in clearance circle=48)."
25july.bag,65.418528842,30,"Rejected frontier (7.01, 7.29): no safe interior on-path goal; 301 rejected samples (costmap: cost threshold exceeded=57, costmap: unknown cell in safety area=51, maximum backward search distance reached=1, unknown occupancy cell in clearance circle=193)."
25july.bag,66.913197418,30,"Rejected frontier (-4.79, 9.29): no safe interior on-path goal; 301 rejected samples (costmap: unknown cell in safety area=27, maximum backward search distance reached=1, unknown occupancy cell in clearance circle=274)."
25july.bag,67.222759473,30,"Rejected frontier (-4.39, 7.24): no safe interior on-path goal; 301 rejected samples (costmap: unknown cell in safety area=210, maximum backward search distance reached=1, unknown occupancy cell in clearance circle=91)."
25july.bag,67.223932131,20,Cached 32-pose ComputePathToPose path for goal sequence 5 in frame map.
25july.bag,67.230119052,20,"Frontier (2.36, 21.99) selected with score 3.410; safe interior goal is (0.94, 20.70), 1.50 m back along its Nav2 path after rejecting 150 samples; unknown clearance=>=0.15 m, occupied clearance=>=0.15 m, costmap center cost=0."
25july.bag,67.230608865,20,"Sending NavigateToPose frontier goal (0.94, 20.70)."
25july.bag,67.235719704,20,"Nav2 accepted frontier goal (0.94, 20.70)."
25july.bag,67.237095012,20,Active goal cost=0 maximum-area-cost=0 safety=safe.
25july.bag,69.480215511,20,Active goal cost=0 maximum-area-cost=24 safety=cost threshold exceeded.
25july.bag,69.480540817,30,"Active goal unsafe check 1/2 [inflation/unknown]: cost threshold exceeded (center cost=0, maximum area cost=24)."
25july.bag,70.580209523,30,"Active goal unsafe check 2/2 [inflation/unknown]: cost threshold exceeded (center cost=0, maximum area cost=24)."
25july.bag,70.580663507,30,The active frontier goal has become unsafe; preparing one on-path correction.
25july.bag,70.58166262,30,Active-goal correction skipped: no safe point exists ahead on the cached path. Fallback is keep_original.
25july.bag,83.622218545,20,Nav2 reached the frontier goal.
25july.bag,83.622812288,20,Frontier exploration resumed from IDLE.
25july.bag,83.776634507,30,"Rejected frontier (8.86, 12.14): endpoint clearance 0.04 m is below required 0.10 m."
25july.bag,83.777235964,30,"Rejected frontier (8.31, 9.99): endpoint clearance 0.04 m is below required 0.10 m."
25july.bag,83.778636029,30,"Rejected frontier (-6.34, 11.94): endpoint clearance 0.03 m is below required 0.10 m."
25july.bag,83.779189313,30,"Rejected frontier (-6.39, 11.49): endpoint clearance 0.03 m is below required 0.10 m."
25july.bag,83.779677984,30,"Rejected frontier (-6.34, 11.54): endpoint clearance 0.08 m is below required 0.10 m."
25july.bag,83.782034138,30,"Rejected frontier (9.41, 12.79): endpoint clearance 0.03 m is below required 0.10 m."
25july.bag,83.784380954,30,"Rejected frontier (11.01, 15.24): endpoint clearance 0.04 m is below required 0.10 m."
25july.bag,83.78529878,30,"Rejected frontier (5.41, 19.44): endpoint clearance 0.03 m is below required 0.10 m."
25july.bag,83.785977055,30,"Rejected frontier (5.11, 15.19): endpoint clearance 0.04 m is below required 0.10 m."
25july.bag,83.786369751,30,"Rejected frontier (4.81, 15.59): endpoint clearance 0.04 m is below required 0.10 m."
25july.bag,83.787420944,30,"Rejected frontier (11.16, 15.69): endpoint clearance 0.03 m is below required 0.10 m."
25july.bag,83.790863609,30,"Rejected frontier (11.06, 15.39): endpoint clearance 0.04 m is below required 0.10 m."
25july.bag,83.79113941,30,"Rejected frontier (11.21, 15.64): endpoint clearance 0.08 m is below required 0.10 m."
25july.bag,83.79118099,30,"Rejected frontier (7.76, 15.54): endpoint clearance 0.04 m is below required 0.10 m."
25july.bag,83.7912174,30,"Rejected frontier (10.96, 15.89): endpoint clearance 0.08 m is below required 0.10 m."
25july.bag,83.791850618,30,"Rejected frontier (11.21, 16.24): endpoint clearance 0.08 m is below required 0.10 m."
25july.bag,83.794767141,30,"Rejected frontier (11.06, 16.99): endpoint clearance 0.03 m is below required 0.10 m."
25july.bag,83.795228769,30,"Rejected frontier (11.01, 16.54): endpoint clearance 0.03 m is below required 0.10 m."
25july.bag,83.796293798,30,"Rejected frontier (10.91, 17.14): endpoint clearance 0.04 m is below required 0.10 m."
25july.bag,83.796974949,30,"Rejected frontier (12.56, 18.99): endpoint clearance 0.08 m is below required 0.10 m."
25july.bag,83.797569674,30,"Rejected frontier (10.01, 17.59): endpoint clearance 0.03 m is below required 0.10 m."
25july.bag,83.798753933,30,"Rejected frontier (10.66, 18.24): endpoint clearance 0.04 m is below required 0.10 m."
25july.bag,83.799377342,30,"Rejected frontier (10.96, 17.59): endpoint clearance 0.03 m is below required 0.10 m."
25july.bag,83.800479744,30,"Rejected frontier (10.81, 17.74): endpoint clearance 0.03 m is below required 0.10 m."
25july.bag,83.801048709,30,"Rejected frontier (10.86, 17.79): endpoint clearance 0.08 m is below required 0.10 m."
25july.bag,83.802152673,30,"Rejected frontier (11.01, 18.09): endpoint clearance 0.08 m is below required 0.10 m."
25july.bag,83.802965938,30,"Rejected frontier (11.06, 18.14): endpoint clearance 0.08 m is below required 0.10 m."
25july.bag,83.804164705,30,"Rejected frontier (5.21, 19.39): endpoint clearance 0.08 m is below required 0.10 m."
25july.bag,83.805470067,30,"Rejected frontier (4.76, 18.14): endpoint clearance 0.03 m is below required 0.10 m."
25july.bag,83.805573436,30,"Rejected frontier (4.86, 18.24): endpoint clearance 0.08 m is below required 0.10 m."
25july.bag,83.806260809,30,"Rejected frontier (4.16, 19.39): endpoint clearance 0.04 m is below required 0.10 m."
25july.bag,83.806910238,30,"Rejected frontier (4.06, 18.79): endpoint clearance 0.04 m is below required 0.10 m."
25july.bag,83.807998673,30,"Rejected frontier (-8.14, 18.99): endpoint clearance 0.03 m is below required 0.10 m."
25july.bag,83.808458538,30,"Rejected frontier (-8.39, 18.99): endpoint clearance 0.04 m is below required 0.10 m."
25july.bag,83.80938971,30,"Rejected frontier (-8.49, 18.94): endpoint clearance 0.08 m is below required 0.10 m."
25july.bag,83.810060921,30,"Rejected frontier (-8.49, 19.04): endpoint clearance 0.03 m is below required 0.10 m."
25july.bag,83.810597584,30,"Rejected frontier (-7.54, 18.99): endpoint clearance 0.03 m is below required 0.10 m."
25july.bag,83.811152422,30,"Rejected frontier (-7.64, 18.94): endpoint clearance 0.08 m is below required 0.10 m."
25july.bag,83.812204707,30,"Rejected frontier (-7.69, 18.99): endpoint clearance 0.08 m is below required 0.10 m."
25july.bag,83.813000408,30,"Rejected frontier (-5.89, 19.69): endpoint clearance 0.04 m is below required 0.10 m."
25july.bag,83.813508015,30,"Rejected frontier (-5.59, 19.94): endpoint clearance 0.08 m is below required 0.10 m."
25july.bag,83.814309818,30,"Rejected frontier (2.66, 20.59): endpoint clearance 0.04 m is below required 0.10 m."
25july.bag,83.814912037,30,"Rejected frontier (3.06, 19.99): endpoint clearance 0.04 m is below required 0.10 m."
25july.bag,83.815332085,30,"Rejected frontier (3.01, 20.04): endpoint clearance 0.08 m is below required 0.10 m."
25july.bag,83.815766521,30,"Rejected frontier (3.01, 20.09): endpoint clearance 0.08 m is below required 0.10 m."
25july.bag,83.816189926,30,"Rejected frontier (3.06, 20.14): endpoint clearance 0.08 m is below required 0.10 m."
25july.bag,83.81699255,30,"Rejected frontier (2.81, 20.34): endpoint clearance 0.08 m is below required 0.10 m."
25july.bag,83.817570172,30,"Rejected frontier (2.76, 20.39): endpoint clearance 0.04 m is below required 0.10 m."
25july.bag,83.818152653,30,"Rejected frontier (2.76, 21.09): endpoint clearance 0.03 m is below required 0.10 m."
25july.bag,83.819114564,30,"Rejected frontier (2.81, 21.29): endpoint clearance 0.04 m is below required 0.10 m."
25july.bag,83.819729257,30,"Rejected frontier (2.41, 22.14): endpoint clearance 0.04 m is below required 0.10 m."
25july.bag,83.820195334,30,"Rejected frontier (2.56, 22.34): endpoint clearance 0.08 m is below required 0.10 m."
25july.bag,83.820660599,30,"Rejected frontier (2.51, 22.09): endpoint clearance 0.08 m is below required 0.10 m."
25july.bag,83.821088252,30,"Rejected frontier (2.56, 22.09): endpoint clearance 0.04 m is below required 0.10 m."
25july.bag,83.821716761,30,"Rejected frontier (2.41, 22.24): endpoint clearance 0.04 m is below required 0.10 m."
25july.bag,83.822206554,30,"Rejected frontier (2.46, 22.24): endpoint clearance 0.08 m is below required 0.10 m."
25july.bag,83.82282797,30,"Rejected frontier (2.41, 22.29): endpoint clearance 0.08 m is below required 0.10 m."
25july.bag,83.823481808,30,"Rejected frontier (2.46, 22.34): endpoint clearance 0.08 m is below required 0.10 m."
25july.bag,83.824481321,30,"Rejected frontier (-4.64, 24.54): endpoint clearance 0.08 m is below required 0.10 m."
25july.bag,83.825050587,30,"Rejected frontier (-4.74, 24.39): endpoint clearance 0.04 m is below required 0.10 m."
25july.bag,83.830510143,30,"Rejected frontier (-7.04, 33.44): endpoint clearance 0.04 m is below required 0.10 m."
25july.bag,83.832225915,30,"Rejected frontier (-6.14, 34.44): endpoint clearance 0.04 m is below required 0.10 m."
25july.bag,83.8328575,30,"Rejected frontier (-9.04, 40.54): endpoint clearance 0.08 m is below required 0.10 m."
25july.bag,83.833726402,30,"Rejected frontier (-6.59, 36.64): endpoint clearance 0.03 m is below required 0.10 m."
25july.bag,83.834482978,30,"Rejected frontier (-6.14, 36.89): endpoint clearance 0.04 m is below required 0.10 m."
25july.bag,83.835044689,30,"Rejected frontier (-6.29, 36.84): endpoint clearance 0.04 m is below required 0.10 m."
25july.bag,83.835540363,30,"Rejected frontier (-6.19, 36.94): endpoint clearance 0.04 m is below required 0.10 m."
25july.bag,83.83604784,30,"Rejected frontier (-6.19, 36.99): endpoint clearance 0.08 m is below required 0.10 m."
25july.bag,83.836751854,30,"Rejected frontier (-6.29, 37.39): endpoint clearance 0.08 m is below required 0.10 m."
25july.bag,83.837296633,30,"Rejected frontier (-6.29, 37.49): endpoint clearance 0.03 m is below required 0.10 m."
25july.bag,83.922699315,30,"Rejected frontier (1.21, 35.49): no safe interior on-path goal; 301 rejected samples (maximum backward search distance reached=1, unknown occupancy cell in clearance circle=301)."
25july.bag,83.994744011,30,"Rejected frontier (1.66, 33.74): no safe interior on-path goal; 301 rejected samples (maximum backward search distance reached=1, unknown occupancy cell in clearance circle=301)."
25july.bag,84.061720935,30,"Rejected frontier (1.31, 33.79): no safe interior on-path goal; 301 rejected samples (costmap: unknown cell in safety area=6, maximum backward search distance reached=1, unknown occupancy cell in clearance circle=295)."
25july.bag,84.136253078,30,"Rejected frontier (0.86, 33.99): no safe interior on-path goal; 301 rejected samples (maximum backward search distance reached=1, unknown occupancy cell in clearance circle=301)."
25july.bag,84.253897612,30,"Rejected frontier (1.41, 32.99): no safe interior on-path goal; 301 rejected samples (costmap: unknown cell in safety area=68, maximum backward search distance reached=1, unknown occupancy cell in clearance circle=233)."
25july.bag,84.328108247,30,"Rejected frontier (0.81, 33.34): no safe interior on-path goal; 301 rejected samples (maximum backward search distance reached=1, unknown occupancy cell in clearance circle=301)."
25july.bag,84.452974788,30,"Rejected frontier (1.86, 31.89): no safe interior on-path goal; 301 rejected samples (costmap: unknown cell in safety area=81, maximum backward search distance reached=1, unknown occupancy cell in clearance circle=220)."
25july.bag,84.659302647,30,"Rejected frontier (1.61, 31.64): no safe interior on-path goal; 301 rejected samples (costmap: unknown cell in safety area=188, maximum backward search distance reached=1, unknown occupancy cell in clearance circle=113)."
25july.bag,84.765387527,30,"Rejected frontier (1.01, 31.99): no safe interior on-path goal; 301 rejected samples (maximum backward search distance reached=1, unknown occupancy cell in clearance circle=301)."
25july.bag,84.882108643,30,"Rejected frontier (0.86, 31.64): no safe interior on-path goal; 301 rejected samples (costmap: unknown cell in safety area=49, maximum backward search distance reached=1, unknown occupancy cell in clearance circle=252)."
25july.bag,85.064031018,30,"Rejected frontier (-6.24, 37.29): no safe interior on-path goal; 301 rejected samples (costmap: unknown cell in safety area=32, maximum backward search distance reached=1, unknown occupancy cell in clearance circle=269)."
25july.bag,85.352211081,30,"Rejected frontier (1.76, 27.24): no safe interior on-path goal; 301 rejected samples (costmap: unknown cell in safety area=224, maximum backward search distance reached=1, unknown occupancy cell in clearance circle=77)."
25july.bag,85.6261449,30,"Rejected frontier (1.86, 25.64): no safe interior on-path goal; 301 rejected samples (costmap: cost threshold exceeded=16, costmap: unknown cell in safety area=238, maximum backward search distance reached=1, unknown occupancy cell in clearance circle=47)."
25july.bag,85.874741935,30,"Rejected frontier (-8.04, 34.04): no safe interior on-path goal; 301 rejected samples (costmap: unknown cell in safety area=138, maximum backward search distance reached=1, unknown occupancy cell in clearance circle=163)."
25july.bag,86.110668025,30,"Rejected frontier (-6.24, 30.74): no safe interior on-path goal; 301 rejected samples (costmap: unknown cell in safety area=154, maximum backward search distance reached=1, unknown occupancy cell in clearance circle=147)."
25july.bag,86.313482121,30,"Rejected frontier (2.91, 20.34): no safe interior on-path goal; 151 rejected samples (costmap: cost threshold exceeded=151)."
25july.bag,86.697896314,30,"Rejected frontier (-12.79, 33.19): no safe interior on-path goal; 301 rejected samples (costmap: unknown cell in safety area=146, maximum backward search distance reached=1, unknown occupancy cell in clearance circle=155)."
25july.bag,86.909062939,30,"Rejected frontier (-9.79, 29.89): no safe interior on-path goal; 301 rejected samples (costmap: unknown cell in safety area=176, maximum backward search distance reached=1, unknown occupancy cell in clearance circle=125)."
25july.bag,87.166418301,30,"Rejected frontier (-8.29, 28.34): no safe interior on-path goal; 301 rejected samples (costmap: unknown cell in safety area=255, maximum backward search distance reached=1, unknown occupancy cell in clearance circle=46)."
25july.bag,87.358886279,30,"Rejected frontier (-8.04, 27.84): no safe interior on-path goal; 301 rejected samples (costmap: unknown cell in safety area=185, maximum backward search distance reached=1, unknown occupancy cell in clearance circle=116)."
25july.bag,88.719570034,30,"Rejected frontier (-8.34, 16.19): no safe interior on-path goal; 301 rejected samples (costmap: unknown cell in safety area=159, maximum backward search distance reached=1, unknown occupancy cell in clearance circle=142)."
25july.bag,89.464307226,30,"Rejected frontier (-6.29, 11.74): no safe interior on-path goal; 301 rejected samples (costmap: unknown cell in safety area=55, maximum backward search distance reached=1, unknown occupancy cell in clearance circle=246)."
25july.bag,89.465102316,20,"No forward-progress frontier is reachable; using recovery frontier (0.66, 11.74)."
25july.bag,89.466069717,20,Cached 333-pose ComputePathToPose path for goal sequence 6 in frame map.
25july.bag,89.47319659,20,"Frontier (0.66, 11.74) selected with score -8.626; safe interior goal is (0.76, 12.36), 0.66 m back along its Nav2 path after rejecting 66 samples; unknown clearance=>=0.15 m, occupied clearance=>=0.15 m, costmap center cost=0."
25july.bag,89.473666414,20,"Sending NavigateToPose frontier goal (0.76, 12.36)."
25july.bag,89.478641275,20,"Nav2 accepted frontier goal (0.76, 12.36)."
25july.bag,89.479775027,20,Active goal cost=0 maximum-area-cost=0 safety=safe.
25july.bag,91.681057943,20,Active goal cost=0 maximum-area-cost=0 safety=safe.
25july.bag,93.880936255,20,Active goal cost=0 maximum-area-cost=0 safety=safe.
25july.bag,95.980703214,20,Active goal cost=0 maximum-area-cost=0 safety=safe.
25july.bag,98.28062383,20,Active goal cost=0 maximum-area-cost=0 safety=safe.
25july.bag,100.480180208,20,Active goal cost=0 maximum-area-cost=0 safety=safe.
25july.bag,102.580908322,20,Active goal cost=0 maximum-area-cost=0 safety=safe.
25july.bag,104.980964685,20,Active goal cost=0 maximum-area-cost=0 safety=safe.
25july.bag,107.28082617,20,Active goal cost=0 maximum-area-cost=0 safety=safe.
25july.bag,109.581087671,20,Active goal cost=0 maximum-area-cost=0 safety=safe.
25july.bag,110.045309863,20,Nav2 reached the frontier goal.
25july.bag,110.04574008,20,Frontier exploration resumed from IDLE.
25july.bag,110.253248252,30,"Rejected frontier (-4.74, -11.81): endpoint clearance 0.04 m is below required 0.10 m."
25july.bag,110.254209781,30,"Rejected frontier (-4.79, -11.81): endpoint clearance 0.03 m is below required 0.10 m."
25july.bag,110.255347158,30,"Rejected frontier (-5.29, -11.56): endpoint clearance 0.04 m is below required 0.10 m."
25july.bag,110.25782864,30,"Rejected frontier (-6.14, 0.49): endpoint clearance 0.03 m is below required 0.10 m."
25july.bag,110.258539056,30,"Rejected frontier (-5.59, 2.44): endpoint clearance 0.04 m is below required 0.10 m."
25july.bag,110.259056762,30,"Rejected frontier (-7.14, 3.14): endpoint clearance 0.03 m is below required 0.10 m."
25july.bag,110.260518443,30,"Rejected frontier (-6.14, 3.14): endpoint clearance 0.04 m is below required 0.10 m."
25july.bag,110.260965723,30,"Rejected frontier (-7.14, 1.49): endpoint clearance 0.03 m is below required 0.10 m."
25july.bag,110.261552581,30,"Rejected frontier (-6.04, 2.69): endpoint clearance 0.08 m is below required 0.10 m."
25july.bag,110.262661354,30,"Rejected frontier (-5.59, 2.69): endpoint clearance 0.04 m is below required 0.10 m."
25july.bag,110.263257811,30,"Rejected frontier (-5.74, 2.64): endpoint clearance 0.08 m is below required 0.10 m."
25july.bag,110.263646388,30,"Rejected frontier (-5.64, 2.54): endpoint clearance 0.03 m is below required 0.10 m."
25july.bag,110.264040005,30,"Rejected frontier (-5.64, 2.59): endpoint clearance 0.08 m is below required 0.10 m."
25july.bag,110.264409415,30,"Rejected frontier (-6.04, 2.64): endpoint clearance 0.03 m is below required 0.10 m."
25july.bag,110.265008587,30,"Rejected frontier (-5.89, 2.69): endpoint clearance 0.08 m is below required 0.10 m."
25july.bag,110.265403357,30,"Rejected frontier (-5.74, 2.69): endpoint clearance 0.04 m is below required 0.10 m."
25july.bag,110.267690936,30,"Rejected frontier (-9.89, 3.19): endpoint clearance 0.04 m is below required 0.10 m."
25july.bag,110.268336607,30,"Rejected frontier (-9.24, 3.64): endpoint clearance 0.08 m is below required 0.10 m."
25july.bag,110.269819609,30,"Rejected frontier (5.21, 4.74): endpoint clearance 0.03 m is below required 0.10 m."
25july.bag,110.271125751,30,"Rejected frontier (-10.74, 5.24): endpoint clearance 0.04 m is below required 0.10 m."
25july.bag,110.272311591,30,"Rejected frontier (-10.69, 5.39): endpoint clearance 0.04 m is below required 0.10 m."
25july.bag,110.272980718,30,"Rejected frontier (-10.74, 5.49): endpoint clearance 0.03 m is below required 0.10 m."
25july.bag,110.273714459,30,"Rejected frontier (-10.64, 5.59): endpoint clearance 0.04 m is below required 0.10 m."
25july.bag,110.274611083,30,"Rejected frontier (-10.74, 5.64): endpoint clearance 0.03 m is below required 0.10 m."
25july.bag,110.27511393,30,"Rejected frontier (-10.79, 5.84): endpoint clearance 0.08 m is below required 0.10 m."
25july.bag,110.275734283,30,"Rejected frontier (-10.74, 5.89): endpoint clearance 0.08 m is below required 0.10 m."
25july.bag,110.276680393,30,"Rejected frontier (-10.59, 6.34): endpoint clearance 0.03 m is below required 0.10 m."
25july.bag,110.277269636,30,"Rejected frontier (-10.59, 6.54): endpoint clearance 0.08 m is below required 0.10 m."
25july.bag,110.278729984,30,"Rejected frontier (-8.64, 6.69): endpoint clearance 0.08 m is below required 0.10 m."
25july.bag,110.280115579,30,"Rejected frontier (-10.59, 7.19): endpoint clearance 0.04 m is below required 0.10 m."
25july.bag,110.280693851,30,"Rejected frontier (-10.59, 7.29): endpoint clearance 0.04 m is below required 0.10 m."
25july.bag,110.281542422,30,"Rejected frontier (-10.54, 7.44): endpoint clearance 0.08 m is below required 0.10 m."
25july.bag,110.282062472,30,"Rejected frontier (-10.59, 7.54): endpoint clearance 0.04 m is below required 0.10 m."
25july.bag,110.282689538,30,"Rejected frontier (-10.54, 7.59): endpoint clearance 0.08 m is below required 0.10 m."
25july.bag,110.28350689,30,"Rejected frontier (8.31, 9.99): endpoint clearance 0.04 m is below required 0.10 m."
25july.bag,110.284513526,30,"Rejected frontier (9.36, 12.09): endpoint clearance 0.08 m is below required 0.10 m."
25july.bag,110.285180859,30,"Rejected frontier (-10.64, 11.79): endpoint clearance 0.04 m is below required 0.10 m."
25july.bag,110.28691841,30,"Rejected frontier (9.41, 12.79): endpoint clearance 0.03 m is below required 0.10 m."
25july.bag,110.287654055,30,"Rejected frontier (11.26, 14.49): endpoint clearance 0.03 m is below required 0.10 m."
25july.bag,110.288813394,30,"Rejected frontier (-12.34, 13.54): endpoint clearance 0.03 m is below required 0.10 m."
25july.bag,110.289306914,30,"Rejected frontier (-12.44, 13.64): endpoint clearance 0.03 m is below required 0.10 m."
25july.bag,110.289733484,30,"Rejected frontier (-12.39, 13.69): endpoint clearance 0.03 m is below required 0.10 m."
25july.bag,110.290348076,30,"Rejected frontier (-12.39, 13.79): endpoint clearance 0.04 m is below required 0.10 m."
25july.bag,110.292528579,30,"Rejected frontier (-12.49, 13.79): endpoint clearance 0.03 m is below required 0.10 m."
25july.bag,110.293593737,30,"Rejected frontier (-12.49, 13.89): endpoint clearance 0.04 m is below required 0.10 m."
25july.bag,110.296183798,30,"Rejected frontier (11.01, 15.24): endpoint clearance 0.04 m is below required 0.10 m."
25july.bag,110.296817977,30,"Rejected frontier (4.86, 15.39): endpoint clearance 0.04 m is below required 0.10 m."
25july.bag,110.297358066,30,"Rejected frontier (5.11, 15.19): endpoint clearance 0.04 m is below required 0.10 m."
25july.bag,110.298553224,30,"Rejected frontier (11.06, 15.39): endpoint clearance 0.04 m is below required 0.10 m."
25july.bag,110.299085718,30,"Rejected frontier (11.21, 15.64): endpoint clearance 0.08 m is below required 0.10 m."
25july.bag,110.300217926,30,"Rejected frontier (7.76, 15.54): endpoint clearance 0.04 m is below required 0.10 m."
25july.bag,110.301161791,30,"Rejected frontier (10.96, 15.89): endpoint clearance 0.08 m is below required 0.10 m."
25july.bag,110.301579835,30,"Rejected frontier (11.21, 16.24): endpoint clearance 0.08 m is below required 0.10 m."
25july.bag,110.303529724,30,"Rejected frontier (11.01, 16.54): endpoint clearance 0.03 m is below required 0.10 m."
25july.bag,110.304352647,30,"Rejected frontier (4.86, 16.69): endpoint clearance 0.03 m is below required 0.10 m."
25july.bag,110.305008468,30,"Rejected frontier (10.91, 17.14): endpoint clearance 0.04 m is below required 0.10 m."
25july.bag,110.305686883,30,"Rejected frontier (12.56, 18.99): endpoint clearance 0.08 m is below required 0.10 m."
25july.bag,110.306141847,30,"Rejected frontier (10.01, 17.54): endpoint clearance 0.04 m is below required 0.10 m."
25july.bag,110.307022731,30,"Rejected frontier (10.66, 18.24): endpoint clearance 0.04 m is below required 0.10 m."
25july.bag,110.307528514,30,"Rejected frontier (10.96, 17.59): endpoint clearance 0.03 m is below required 0.10 m."
25july.bag,110.308449575,30,"Rejected frontier (10.81, 17.74): endpoint clearance 0.03 m is below required 0.10 m."
25july.bag,110.309162336,30,"Rejected frontier (10.86, 17.79): endpoint clearance 0.08 m is below required 0.10 m."
25july.bag,110.310127091,30,"Rejected frontier (11.01, 18.09): endpoint clearance 0.08 m is below required 0.10 m."
25july.bag,110.310812109,30,"Rejected frontier (11.06, 18.14): endpoint clearance 0.08 m is below required 0.10 m."
25july.bag,110.311589223,30,"Rejected frontier (4.76, 18.14): endpoint clearance 0.03 m is below required 0.10 m."
25july.bag,110.312187584,30,"Rejected frontier (4.86, 18.24): endpoint clearance 0.08 m is below required 0.10 m."
25july.bag,110.312817635,30,"Rejected frontier (4.06, 18.79): endpoint clearance 0.04 m is below required 0.10 m."
25july.bag,110.316353925,30,"Rejected frontier (4.16, 19.34): endpoint clearance 0.08 m is below required 0.10 m."
25july.bag,110.316843998,30,"Rejected frontier (-7.54, 18.99): endpoint clearance 0.03 m is below required 0.10 m."
25july.bag,110.316957045,30,"Rejected frontier (-7.64, 18.94): endpoint clearance 0.08 m is below required 0.10 m."
25july.bag,110.31707409,30,"Rejected frontier (-7.69, 18.99): endpoint clearance 0.08 m is below required 0.10 m."
25july.bag,110.317877806,30,"Rejected frontier (-8.09, 19.04): endpoint clearance 0.03 m is below required 0.10 m."
25july.bag,110.318384931,30,"Rejected frontier (-6.14, 19.49): endpoint clearance 0.04 m is below required 0.10 m."
25july.bag,110.319124303,30,"Rejected frontier (3.06, 19.99): endpoint clearance 0.04 m is below required 0.10 m."
25july.bag,110.319801014,30,"Rejected frontier (3.01, 20.04): endpoint clearance 0.08 m is below required 0.10 m."
25july.bag,110.320048971,30,"Rejected frontier (3.01, 20.09): endpoint clearance 0.08 m is below required 0.10 m."
25july.bag,110.3204854,30,"Rejected frontier (3.06, 20.14): endpoint clearance 0.08 m is below required 0.10 m."
25july.bag,110.32140048,30,"Rejected frontier (2.81, 20.34): endpoint clearance 0.08 m is below required 0.10 m."
25july.bag,110.321938986,30,"Rejected frontier (2.76, 20.39): endpoint clearance 0.04 m is below required 0.10 m."
25july.bag,110.322489434,30,"Rejected frontier (2.86, 20.39): endpoint clearance 0.04 m is below required 0.10 m."
25july.bag,110.323647331,30,"Rejected frontier (2.76, 21.09): endpoint clearance 0.03 m is below required 0.10 m."
25july.bag,110.32435437,30,"Rejected frontier (2.81, 21.29): endpoint clearance 0.04 m is below required 0.10 m."
25july.bag,110.325112719,30,"Rejected frontier (2.51, 22.09): endpoint clearance 0.08 m is below required 0.10 m."
25july.bag,110.325495455,30,"Rejected frontier (2.56, 22.34): endpoint clearance 0.08 m is below required 0.10 m."
25july.bag,110.326087944,30,"Rejected frontier (2.56, 22.09): endpoint clearance 0.04 m is below required 0.10 m."
25july.bag,110.326790816,30,"Rejected frontier (2.41, 22.14): endpoint clearance 0.04 m is below required 0.10 m."
25july.bag,110.327476324,30,"Rejected frontier (2.41, 22.24): endpoint clearance 0.04 m is below required 0.10 m."
25july.bag,110.327922041,30,"Rejected frontier (2.46, 22.24): endpoint clearance 0.08 m is below required 0.10 m."
25july.bag,110.328340215,30,"Rejected frontier (2.41, 22.29): endpoint clearance 0.08 m is below required 0.10 m."
25july.bag,110.3288209,30,"Rejected frontier (2.46, 22.34): endpoint clearance 0.08 m is below required 0.10 m."
25july.bag,110.329806936,30,"Rejected frontier (-4.74, 24.39): endpoint clearance 0.04 m is below required 0.10 m."
25july.bag,110.336593587,30,"Rejected frontier (-7.04, 33.44): endpoint clearance 0.04 m is below required 0.10 m."
25july.bag,110.338465256,30,"Rejected frontier (-6.14, 34.44): endpoint clearance 0.04 m is below required 0.10 m."
25july.bag,110.339158349,30,"Rejected frontier (-9.04, 40.54): endpoint clearance 0.08 m is below required 0.10 m."
25july.bag,110.340386531,30,"Rejected frontier (-6.59, 36.64): endpoint clearance 0.03 m is below required 0.10 m."
25july.bag,110.341564526,30,"Rejected frontier (-6.29, 36.84): endpoint clearance 0.04 m is below required 0.10 m."
25july.bag,110.342182815,30,"Rejected frontier (-6.14, 36.89): endpoint clearance 0.04 m is below required 0.10 m."
25july.bag,110.342830911,30,"Rejected frontier (-6.19, 36.94): endpoint clearance 0.04 m is below required 0.10 m."
25july.bag,110.343424913,30,"Rejected frontier (-6.19, 36.99): endpoint clearance 0.08 m is below required 0.10 m."
25july.bag,110.344356074,30,"Rejected frontier (-6.29, 37.39): endpoint clearance 0.08 m is below required 0.10 m."
25july.bag,110.345030371,30,"Rejected frontier (-6.29, 37.49): endpoint clearance 0.03 m is below required 0.10 m."
25july.bag,110.465632371,30,"Rejected frontier (1.21, 35.49): no safe interior on-path goal; 301 rejected samples (maximum backward search distance reached=1, unknown occupancy cell in clearance circle=301)."
25july.bag,110.591296605,30,"Rejected frontier (1.66, 33.74): no safe interior on-path goal; 301 rejected samples (maximum backward search distance reached=1, unknown occupancy cell in clearance circle=301)."
25july.bag,110.711091393,30,"Rejected frontier (1.31, 33.79): no safe interior on-path goal; 301 rejected samples (costmap: unknown cell in safety area=6, maximum backward search distance reached=1, unknown occupancy cell in clearance circle=295)."
25july.bag,110.823448788,30,"Rejected frontier (0.86, 33.99): no safe interior on-path goal; 301 rejected samples (maximum backward search distance reached=1, unknown occupancy cell in clearance circle=301)."
25july.bag,111.004127309,30,"Rejected frontier (1.41, 32.99): no safe interior on-path goal; 301 rejected samples (costmap: unknown cell in safety area=68, maximum backward search distance reached=1, unknown occupancy cell in clearance circle=233)."
25july.bag,111.123414675,30,"Rejected frontier (0.81, 33.34): no safe interior on-path goal; 301 rejected samples (maximum backward search distance reached=1, unknown occupancy cell in clearance circle=301)."
25july.bag,111.295312029,30,"Rejected frontier (1.86, 31.89): no safe interior on-path goal; 301 rejected samples (costmap: unknown cell in safety area=81, maximum backward search distance reached=1, unknown occupancy cell in clearance circle=220)."
25july.bag,111.538830728,30,"Rejected frontier (1.61, 31.64): no safe interior on-path goal; 301 rejected samples (costmap: unknown cell in safety area=188, maximum backward search distance reached=1, unknown occupancy cell in clearance circle=113)."
25july.bag,111.633920623,30,"Rejected frontier (1.01, 31.99): no safe interior on-path goal; 301 rejected samples (maximum backward search distance reached=1, unknown occupancy cell in clearance circle=301)."
25july.bag,111.722524876,30,"Rejected frontier (0.86, 31.64): no safe interior on-path goal; 301 rejected samples (maximum backward search distance reached=1, unknown occupancy cell in clearance circle=301)."
25july.bag,111.92448192,30,"Rejected frontier (-6.24, 37.29): no safe interior on-path goal; 301 rejected samples (costmap: unknown cell in safety area=32, maximum backward search distance reached=1, unknown occupancy cell in clearance circle=269)."
25july.bag,112.274044021,30,"Rejected frontier (1.76, 27.24): no safe interior on-path goal; 301 rejected samples (costmap: unknown cell in safety area=224, maximum backward search distance reached=1, unknown occupancy cell in clearance circle=77)."
25july.bag,112.641185926,30,"Rejected frontier (1.86, 25.64): no safe interior on-path goal; 301 rejected samples (costmap: cost threshold exceeded=13, costmap: unknown cell in safety area=241, maximum backward search distance reached=1, unknown occupancy cell in clearance circle=47)."
25july.bag,112.923959645,30,"Rejected frontier (-8.04, 34.04): no safe interior on-path goal; 301 rejected samples (costmap: unknown cell in safety area=138, maximum backward search distance reached=1, unknown occupancy cell in clearance circle=163)."
25july.bag,113.208134066,30,"Rejected frontier (-6.24, 30.74): no safe interior on-path goal; 301 rejected samples (costmap: unknown cell in safety area=108, maximum backward search distance reached=1, unknown occupancy cell in clearance circle=193)."
25july.bag,113.672859324,30,"Rejected frontier (-12.24, 32.59): no safe interior on-path goal; 301 rejected samples (costmap: unknown cell in safety area=117, maximum backward search distance reached=1, unknown occupancy cell in clearance circle=184)."
25july.bag,113.96987861,30,"Rejected frontier (-8.29, 28.34): no safe interior on-path goal; 301 rejected samples (costmap: unknown cell in safety area=260, maximum backward search distance reached=1, unknown occupancy cell in clearance circle=41)."
25july.bag,114.210700638,30,"Rejected frontier (-9.79, 29.89): no safe interior on-path goal; 301 rejected samples (costmap: unknown cell in safety area=176, maximum backward search distance reached=1, unknown occupancy cell in clearance circle=125)."
25july.bag,114.451913018,30,"Rejected frontier (-7.74, 27.54): no safe interior on-path goal; 301 rejected samples (costmap: unknown cell in safety area=199, maximum backward search distance reached=1, unknown occupancy cell in clearance circle=102)."
25july.bag,114.954852408,30,"Rejected frontier (-10.04, 16.29): no safe interior on-path goal; 301 rejected samples (costmap: unknown cell in safety area=1, maximum backward search distance reached=1, unknown occupancy cell in clearance circle=300)."
25july.bag,115.026003516,30,"Rejected frontier (-9.79, 15.89): no safe interior on-path goal; 301 rejected samples (maximum backward search distance reached=1, unknown occupancy cell in clearance circle=301)."
25july.bag,115.099725407,30,"Rejected frontier (-9.99, 16.04): no safe interior on-path goal; 301 rejected samples (maximum backward search distance reached=1, unknown occupancy cell in clearance circle=301)."
25july.bag,115.201078135,30,"Rejected frontier (-10.69, 15.64): no safe interior on-path goal; 301 rejected samples (costmap: unknown cell in safety area=38, maximum backward search distance reached=1, unknown occupancy cell in clearance circle=263)."
25july.bag,115.294087832,30,"Rejected frontier (-9.94, 14.84): no safe interior on-path goal; 301 rejected samples (costmap: unknown cell in safety area=33, maximum backward search distance reached=1, unknown occupancy cell in clearance circle=268)."
25july.bag,115.40053145,30,"Rejected frontier (-10.69, 15.39): no safe interior on-path goal; 301 rejected samples (costmap: unknown cell in safety area=40, maximum backward search distance reached=1, unknown occupancy cell in clearance circle=261)."
25july.bag,115.621192662,30,"Rejected frontier (-10.79, 14.09): no safe interior on-path goal; 301 rejected samples (costmap: unknown cell in safety area=39, maximum backward search distance reached=1, unknown occupancy cell in clearance circle=262)."
25july.bag,115.779783267,30,"Rejected frontier (-10.74, 13.74): no safe interior on-path goal; 301 rejected samples (costmap: unknown cell in safety area=46, maximum backward search distance reached=1, unknown occupancy cell in clearance circle=255)."
25july.bag,115.859746879,30,"Rejected frontier (-11.74, 14.59): no safe interior on-path goal; 301 rejected samples (maximum backward search distance reached=1, unknown occupancy cell in clearance circle=301)."
25july.bag,115.951692886,30,"Rejected frontier (-11.39, 14.04): no safe interior on-path goal; 301 rejected samples (costmap: unknown cell in safety area=19, maximum backward search distance reached=1, unknown occupancy cell in clearance circle=282)."
25july.bag,116.04969082,30,"Rejected frontier (-11.34, 13.79): no safe interior on-path goal; 301 rejected samples (costmap: unknown cell in safety area=19, maximum backward search distance reached=1, unknown occupancy cell in clearance circle=282)."
25july.bag,116.141604906,30,"Rejected frontier (-12.04, 14.04): no safe interior on-path goal; 301 rejected samples (maximum backward search distance reached=1, unknown occupancy cell in clearance circle=301)."
25july.bag,116.234700293,30,"Rejected frontier (-12.54, 14.39): no safe interior on-path goal; 301 rejected samples (maximum backward search distance reached=1, unknown occupancy cell in clearance circle=301)."
25july.bag,116.335356728,30,"Rejected frontier (-11.54, 13.29): no safe interior on-path goal; 301 rejected samples (maximum backward search distance reached=1, unknown occupancy cell in clearance circle=301)."
25july.bag,116.495245601,30,"Rejected frontier (-11.39, 12.69): no safe interior on-path goal; 301 rejected samples (costmap: unknown cell in safety area=70, maximum backward search distance reached=1, unknown occupancy cell in clearance circle=231)."
25july.bag,116.661509472,30,"Rejected frontier (-10.94, 11.99): no safe interior on-path goal; 301 rejected samples (costmap: unknown cell in safety area=71, maximum backward search distance reached=1, unknown occupancy cell in clearance circle=230)."
25july.bag,116.763067901,30,"Rejected frontier (-12.54, 13.19): no safe interior on-path goal; 301 rejected samples (maximum backward search distance reached=1, unknown occupancy cell in clearance circle=301)."
25july.bag,116.88918024,30,"Rejected frontier (-11.74, 12.39): no safe interior on-path goal; 301 rejected samples (costmap: unknown cell in safety area=27, maximum backward search distance reached=1, unknown occupancy cell in clearance circle=274)."
25july.bag,116.973780108,30,"Rejected frontier (-12.94, 12.64): no safe interior on-path goal; 301 rejected samples (maximum backward search distance reached=1, unknown occupancy cell in clearance circle=301)."
25july.bag,118.145646572,30,"Rejected frontier (-8.74, 7.34): no safe interior on-path goal; 301 rejected samples (costmap: unknown cell in safety area=69, maximum backward search distance reached=1, unknown occupancy cell in clearance circle=232)."
25july.bag,118.419070596,30,"Rejected frontier (-4.89, 3.19): no safe interior on-path goal; 301 rejected samples (costmap: unknown cell in safety area=53, maximum backward search distance reached=1, unknown occupancy cell in clearance circle=248)."
25july.bag,118.552525131,30,"Rejected frontier (-9.49, 7.24): no safe interior on-path goal; 301 rejected samples (costmap: unknown cell in safety area=82, maximum backward search distance reached=1, unknown occupancy cell in clearance circle=219)."
25july.bag,118.703247294,30,"Rejected frontier (-5.09, 3.34): no safe interior on-path goal; 301 rejected samples (costmap: unknown cell in safety area=98, maximum backward search distance reached=1, unknown occupancy cell in clearance circle=203)."
25july.bag,118.906028837,30,"Rejected frontier (-10.19, 7.79): no safe interior on-path goal; 301 rejected samples (costmap: unknown cell in safety area=172, maximum backward search distance reached=1, unknown occupancy cell in clearance circle=129)."
25july.bag,119.087306329,30,"Rejected frontier (-9.44, 6.99): no safe interior on-path goal; 301 rejected samples (costmap: unknown cell in safety area=59, maximum backward search distance reached=1, unknown occupancy cell in clearance circle=242)."
25july.bag,119.225113976,30,"Rejected frontier (-4.39, 2.09): no safe interior on-path goal; 301 rejected samples (costmap: unknown cell in safety area=51, maximum backward search distance reached=1, unknown occupancy cell in clearance circle=250)."
25july.bag,119.343525122,30,"Rejected frontier (-10.09, 6.89): no safe interior on-path goal; 301 rejected samples (costmap: unknown cell in safety area=55, maximum backward search distance reached=1, unknown occupancy cell in clearance circle=246)."
25july.bag,119.421968646,30,"Rejected frontier (-5.34, 2.64): no safe interior on-path goal; 301 rejected samples (costmap: unknown cell in safety area=7, maximum backward search distance reached=1, unknown occupancy cell in clearance circle=294)."
25july.bag,119.638619717,30,"Rejected frontier (-4.14, 1.54): no safe interior on-path goal; 301 rejected samples (costmap: unknown cell in safety area=184, maximum backward search distance reached=1, unknown occupancy cell in clearance circle=117)."
25july.bag,119.722058515,30,"Rejected frontier (-4.79, 1.84): no safe interior on-path goal; 301 rejected samples (costmap: unknown cell in safety area=1, maximum backward search distance reached=1, unknown occupancy cell in clearance circle=300)."
25july.bag,120.090718805,30,"Rejected frontier (-10.14, 6.39): no safe interior on-path goal; 301 rejected samples (costmap: unknown cell in safety area=52, maximum backward search distance reached=1, unknown occupancy cell in clearance circle=249)."
25july.bag,120.452525032,30,"Rejected frontier (-10.39, 5.69): no safe interior on-path goal; 301 rejected samples (costmap: unknown cell in safety area=40, maximum backward search distance reached=1, unknown occupancy cell in clearance circle=261)."
25july.bag,120.587715782,30,"Rejected frontier (-3.04, -2.86): no safe interior on-path goal; 301 rejected samples (maximum backward search distance reached=1, unknown occupancy cell in clearance circle=301)."
25july.bag,120.87578202,30,"Rejected frontier (-4.79, -3.26): no safe interior on-path goal; 301 rejected samples (costmap: unknown cell in safety area=225, maximum backward search distance reached=1, unknown occupancy cell in clearance circle=76)."
25july.bag,120.974561172,30,"Rejected frontier (-3.99, -6.66): no safe interior on-path goal; 301 rejected samples (maximum backward search distance reached=1, unknown occupancy cell in clearance circle=301)."
25july.bag,121.141196667,30,"Rejected frontier (-4.69, -6.86): no safe interior on-path goal; 301 rejected samples (costmap: unknown cell in safety area=2, maximum backward search distance reached=1, unknown occupancy cell in clearance circle=299)."
25july.bag,121.141987949,20,"No forward-progress frontier is reachable; using recovery frontier (-6.94, 17.94)."
25july.bag,121.142930811,20,Cached 360-pose ComputePathToPose path for goal sequence 7 in frame map.
25july.bag,121.156980582,20,"Frontier (-6.94, 17.94) selected with score -2.243; safe interior goal is (-6.38, 17.52), 0.70 m back along its Nav2 path after rejecting 70 samples; unknown clearance=>=0.15 m, occupied clearance=>=0.15 m, costmap center cost=0."
25july.bag,121.157427611,20,"Sending NavigateToPose frontier goal (-6.38, 17.52)."
25july.bag,121.162073803,20,"Nav2 accepted frontier goal (-6.38, 17.52)."
25july.bag,121.163126116,20,Active goal cost=0 maximum-area-cost=0 safety=safe.
25july.bag,123.380382258,20,Active goal cost=0 maximum-area-cost=0 safety=safe.
25july.bag,125.480237459,20,Active goal cost=0 maximum-area-cost=0 safety=safe.
25july.bag,127.680904395,20,Active goal cost=0 maximum-area-cost=0 safety=safe.
25july.bag,129.980495144,20,Active goal cost=0 maximum-area-cost=0 safety=safe.
25july.bag,132.180424737,20,Active goal cost=0 maximum-area-cost=0 safety=safe.
25july.bag,134.481465812,20,Active goal cost=0 maximum-area-cost=0 safety=safe.
25july.bag,136.681017425,20,Active goal cost=0 maximum-area-cost=0 safety=safe.
25july.bag,138.980100971,20,Active goal cost=0 maximum-area-cost=0 safety=safe.
25july.bag,139.181804556,20,Nav2 reached the frontier goal.
25july.bag,139.182036843,20,Frontier exploration resumed from IDLE.
25july.bag,139.451309732,30,"Rejected frontier (-4.86, -11.86): endpoint clearance 0.08 m is below required 0.10 m."
25july.bag,139.452069753,30,"Rejected frontier (-5.01, -11.71): endpoint clearance 0.04 m is below required 0.10 m."
25july.bag,139.45271354,30,"Rejected frontier (-5.21, -11.66): endpoint clearance 0.03 m is below required 0.10 m."
25july.bag,139.453139859,30,"Rejected frontier (-5.06, -11.56): endpoint clearance 0.08 m is below required 0.10 m."
25july.bag,139.453914658,30,"Rejected frontier (-5.46, -11.56): endpoint clearance 0.03 m is below required 0.10 m."
25july.bag,139.454557834,30,"Rejected frontier (-5.41, -11.51): endpoint clearance 0.08 m is below required 0.10 m."
25july.bag,139.461047836,30,"Rejected frontier (-7.16, 3.14): endpoint clearance 0.03 m is below required 0.10 m."
25july.bag,139.462229967,30,"Rejected frontier (-7.21, 1.39): endpoint clearance 0.08 m is below required 0.10 m."
25july.bag,139.462707795,30,"Rejected frontier (-7.11, 1.54): endpoint clearance 0.08 m is below required 0.10 m."
25july.bag,139.463793251,30,"Rejected frontier (-6.11, 2.94): endpoint clearance 0.08 m is below required 0.10 m."
25july.bag,139.464813913,30,"Rejected frontier (-5.71, 2.49): endpoint clearance 0.03 m is below required 0.10 m."
25july.bag,139.465479672,30,"Rejected frontier (-5.76, 2.54): endpoint clearance 0.08 m is below required 0.10 m."
25july.bag,139.46620194,30,"Rejected frontier (-5.96, 2.59): endpoint clearance 0.03 m is below required 0.10 m."
25july.bag,139.466699005,30,"Rejected frontier (-5.91, 2.64): endpoint clearance 0.08 m is below required 0.10 m."
25july.bag,139.468227563,30,"Rejected frontier (-8.51, 3.24): endpoint clearance 0.03 m is below required 0.10 m."
25july.bag,139.470596815,30,"Rejected frontier (7.34, 9.49): endpoint clearance 0.03 m is below required 0.10 m."
25july.bag,139.471329804,30,"Rejected frontier (7.89, 9.24): endpoint clearance 0.03 m is below required 0.10 m."
25july.bag,139.472053515,30,"Rejected frontier (7.84, 9.29): endpoint clearance 0.08 m is below required 0.10 m."
25july.bag,139.472785481,30,"Rejected frontier (7.49, 9.44): endpoint clearance 0.08 m is below required 0.10 m."
25july.bag,139.473466871,30,"Rejected frontier (7.39, 9.49): endpoint clearance 0.03 m is below required 0.10 m."
25july.bag,139.474189059,30,"Rejected frontier (8.34, 9.99): endpoint clearance 0.03 m is below required 0.10 m."
25july.bag,139.474920564,30,"Rejected frontier (-12.31, 13.39): endpoint clearance 0.08 m is below required 0.10 m."
25july.bag,139.47635479,30,"Rejected frontier (9.39, 13.04): endpoint clearance 0.04 m is below required 0.10 m."
25july.bag,139.476851966,30,"Rejected frontier (9.44, 12.84): endpoint clearance 0.04 m is below required 0.10 m."
25july.bag,139.477530089,30,"Rejected frontier (4.94, 15.29): endpoint clearance 0.03 m is below required 0.10 m."
25july.bag,139.478055799,30,"Rejected frontier (5.04, 15.19): endpoint clearance 0.03 m is below required 0.10 m."
25july.bag,139.479105717,30,"Rejected frontier (11.04, 15.24): endpoint clearance 0.03 m is below required 0.10 m."
25july.bag,139.480492792,30,"Rejected frontier (4.89, 15.39): endpoint clearance 0.04 m is below required 0.10 m."
25july.bag,139.481159203,30,"Rejected frontier (4.74, 15.79): endpoint clearance 0.04 m is below required 0.10 m."
25july.bag,139.482020758,30,"Rejected frontier (7.94, 15.59): endpoint clearance 0.04 m is below required 0.10 m."
25july.bag,139.483111635,30,"Rejected frontier (11.04, 15.94): endpoint clearance 0.08 m is below required 0.10 m."
25july.bag,139.484153296,30,"Rejected frontier (11.24, 16.39): endpoint clearance 0.08 m is below required 0.10 m."
25july.bag,139.485372569,30,"Rejected frontier (10.99, 16.54): endpoint clearance 0.03 m is below required 0.10 m."
25july.bag,139.486154201,30,"Rejected frontier (12.89, 18.89): endpoint clearance 0.08 m is below required 0.10 m."
25july.bag,139.486618313,30,"Rejected frontier (11.04, 16.99): endpoint clearance 0.03 m is below required 0.10 m."
25july.bag,139.487799613,30,"Rejected frontier (10.94, 17.19): endpoint clearance 0.08 m is below required 0.10 m."
25july.bag,139.488499137,30,"Rejected frontier (10.94, 17.14): endpoint clearance 0.03 m is below required 0.10 m."
25july.bag,139.489403676,30,"Rejected frontier (9.84, 17.64): endpoint clearance 0.03 m is below required 0.10 m."
25july.bag,139.489916421,30,"Rejected frontier (9.99, 17.54): endpoint clearance 0.03 m is below required 0.10 m."
25july.bag,139.490297423,30,"Rejected frontier (9.99, 17.64): endpoint clearance 0.08 m is below required 0.10 m."
25july.bag,139.490945589,30,"Rejected frontier (10.79, 17.74): endpoint clearance 0.08 m is below required 0.10 m."
25july.bag,139.491565791,30,"Rejected frontier (10.94, 18.14): endpoint clearance 0.03 m is below required 0.10 m."
25july.bag,139.492111229,30,"Rejected frontier (10.99, 17.64): endpoint clearance 0.03 m is below required 0.10 m."
25july.bag,139.492813398,30,"Rejected frontier (-17.11, 17.79): endpoint clearance 0.03 m is below required 0.10 m."
25july.bag,139.493401288,30,"Rejected frontier (4.84, 18.19): endpoint clearance 0.04 m is below required 0.10 m."
25july.bag,139.494340332,30,"Rejected frontier (5.19, 19.29): endpoint clearance 0.08 m is below required 0.10 m."
25july.bag,139.494874519,30,"Rejected frontier (3.99, 18.34): endpoint clearance 0.03 m is below required 0.10 m."
25july.bag,139.495885522,30,"Rejected frontier (4.14, 19.34): endpoint clearance 0.08 m is below required 0.10 m."
25july.bag,139.496757648,30,"Rejected frontier (-13.26, 20.59): endpoint clearance 0.03 m is below required 0.10 m."
25july.bag,139.497874704,30,"Rejected frontier (-18.91, 19.49): endpoint clearance 0.03 m is below required 0.10 m."
25july.bag,139.498377059,30,"Rejected frontier (-19.06, 19.54): endpoint clearance 0.03 m is below required 0.10 m."
25july.bag,139.49901756,30,"Rejected frontier (-18.96, 19.54): endpoint clearance 0.03 m is below required 0.10 m."
25july.bag,139.499505678,30,"Rejected frontier (-18.91, 19.59): endpoint clearance 0.08 m is below required 0.10 m."
25july.bag,139.500999228,30,"Rejected frontier (2.74, 21.09): endpoint clearance 0.04 m is below required 0.10 m."
25july.bag,139.501481225,30,"Rejected frontier (4.19, 20.69): endpoint clearance 0.03 m is below required 0.10 m."
25july.bag,139.501892234,30,"Rejected frontier (4.14, 20.74): endpoint clearance 0.08 m is below required 0.10 m."
25july.bag,139.502515813,30,"Rejected frontier (2.84, 21.19): endpoint clearance 0.03 m is below required 0.10 m."
25july.bag,139.503111708,30,"Rejected frontier (2.89, 21.24): endpoint clearance 0.03 m is below required 0.10 m."
25july.bag,139.503650994,30,"Rejected frontier (2.89, 21.29): endpoint clearance 0.04 m is below required 0.10 m."
25july.bag,139.504199829,30,"Rejected frontier (2.79, 21.69): endpoint clearance 0.03 m is below required 0.10 m."
25july.bag,139.505245488,30,"Rejected frontier (-12.86, 21.14): endpoint clearance 0.03 m is below required 0.10 m."
25july.bag,139.505946255,30,"Rejected frontier (-16.61, 23.94): endpoint clearance 0.03 m is below required 0.10 m."
25july.bag,139.507469632,30,"Rejected frontier (-9.51, 21.39): endpoint clearance 0.08 m is below required 0.10 m."
25july.bag,139.508101416,30,"Rejected frontier (-9.51, 21.64): endpoint clearance 0.08 m is below required 0.10 m."
25july.bag,139.508665661,30,"Rejected frontier (-10.21, 21.94): endpoint clearance 0.04 m is below required 0.10 m."
25july.bag,139.50912865,30,"Rejected frontier (-10.31, 21.99): endpoint clearance 0.03 m is below required 0.10 m."
25july.bag,139.50997647,30,"Rejected frontier (-13.31, 23.19): endpoint clearance 0.03 m is below required 0.10 m."
25july.bag,139.510521818,30,"Rejected frontier (-16.31, 24.89): endpoint clearance 0.08 m is below required 0.10 m."
25july.bag,139.511012971,30,"Rejected frontier (-16.71, 25.24): endpoint clearance 0.08 m is below required 0.10 m."
25july.bag,139.511621902,30,"Rejected frontier (-16.66, 25.69): endpoint clearance 0.04 m is below required 0.10 m."
25july.bag,139.512110551,30,"Rejected frontier (-4.66, 23.34): endpoint clearance 0.08 m is below required 0.10 m."
25july.bag,139.512554864,30,"Rejected frontier (-4.81, 23.39): endpoint clearance 0.03 m is below required 0.10 m."
25july.bag,139.512978508,30,"Rejected frontier (-4.71, 23.39): endpoint clearance 0.08 m is below required 0.10 m."
25july.bag,139.513373968,30,"Rejected frontier (-4.61, 23.39): endpoint clearance 0.03 m is below required 0.10 m."
25july.bag,139.514009209,30,"Rejected frontier (-4.66, 23.54): endpoint clearance 0.03 m is below required 0.10 m."
25july.bag,139.514468311,30,"Rejected frontier (-4.71, 23.59): endpoint clearance 0.08 m is below required 0.10 m."
25july.bag,139.515006305,30,"Rejected frontier (-4.81, 23.69): endpoint clearance 0.08 m is below required 0.10 m."
25july.bag,139.515553998,30,"Rejected frontier (-4.86, 23.79): endpoint clearance 0.03 m is below required 0.10 m."
25july.bag,139.516164781,30,"Rejected frontier (-13.31, 23.64): endpoint clearance 0.03 m is below required 0.10 m."
25july.bag,139.517613044,30,"Rejected frontier (-4.81, 24.04): endpoint clearance 0.03 m is below required 0.10 m."
25july.bag,139.518539314,30,"Rejected frontier (-16.66, 27.24): endpoint clearance 0.03 m is below required 0.10 m."
25july.bag,139.519111023,30,"Rejected frontier (-16.51, 27.54): endpoint clearance 0.08 m is below required 0.10 m."
25july.bag,139.520097108,30,"Rejected frontier (-15.51, 40.09): endpoint clearance 0.04 m is below required 0.10 m."
25july.bag,139.528938899,30,"Rejected frontier (-7.11, 33.49): endpoint clearance 0.08 m is below required 0.10 m."
25july.bag,139.53375293,30,"Rejected frontier (-6.21, 34.49): endpoint clearance 0.04 m is below required 0.10 m."
25july.bag,139.533995105,30,"Rejected frontier (-14.16, 35.49): endpoint clearance 0.08 m is below required 0.10 m."
25july.bag,139.536645689,30,"Rejected frontier (-14.16, 35.44): endpoint clearance 0.08 m is below required 0.10 m."
25july.bag,139.537118698,30,"Rejected frontier (-14.26, 35.59): endpoint clearance 0.03 m is below required 0.10 m."
25july.bag,139.538055518,30,"Rejected frontier (-6.56, 36.59): endpoint clearance 0.03 m is below required 0.10 m."
25july.bag,139.539177484,30,"Rejected frontier (-6.16, 36.89): endpoint clearance 0.04 m is below required 0.10 m."
25july.bag,139.540100638,30,"Rejected frontier (-6.21, 36.99): endpoint clearance 0.08 m is below required 0.10 m."
25july.bag,139.541024694,30,"Rejected frontier (-6.31, 37.24): endpoint clearance 0.08 m is below required 0.10 m."
25july.bag,139.65472668,30,"Rejected frontier (1.54, 35.54): no safe interior on-path goal; 301 rejected samples (maximum backward search distance reached=1, unknown occupancy cell in clearance circle=301)."
25july.bag,139.751459066,30,"Rejected frontier (0.84, 34.69): no safe interior on-path goal; 301 rejected samples (maximum backward search distance reached=1, unknown occupancy cell in clearance circle=301)."
25july.bag,139.924450292,30,"Rejected frontier (1.64, 33.34): no safe interior on-path goal; 301 rejected samples (costmap: unknown cell in safety area=44, maximum backward search distance reached=1, unknown occupancy cell in clearance circle=257)."
25july.bag,140.065963636,30,"Rejected frontier (1.84, 32.94): no safe interior on-path goal; 301 rejected samples (costmap: unknown cell in safety area=33, maximum backward search distance reached=1, unknown occupancy cell in clearance circle=268)."
25july.bag,140.203742463,30,"Rejected frontier (1.19, 33.49): no safe interior on-path goal; 301 rejected samples (costmap: unknown cell in safety area=19, maximum backward search distance reached=1, unknown occupancy cell in clearance circle=282)."
25july.bag,140.324360704,30,"Rejected frontier (1.39, 33.04): no safe interior on-path goal; 301 rejected samples (costmap: unknown cell in safety area=15, maximum backward search distance reached=1, unknown occupancy cell in clearance circle=286)."
25july.bag,140.418953364,30,"Rejected frontier (0.84, 33.19): no safe interior on-path goal; 301 rejected samples (maximum backward search distance reached=1, unknown occupancy cell in clearance circle=301)."
25july.bag,140.522480874,30,"Rejected frontier (0.89, 32.79): no safe interior on-path goal; 301 rejected samples (maximum backward search distance reached=1, unknown occupancy cell in clearance circle=301)."
25july.bag,140.800084049,30,"Rejected frontier (1.84, 31.74): no safe interior on-path goal; 301 rejected samples (costmap: unknown cell in safety area=160, maximum backward search distance reached=1, unknown occupancy cell in clearance circle=141)."
25july.bag,140.940018214,30,"Rejected frontier (1.14, 32.19): no safe interior on-path goal; 301 rejected samples (costmap: unknown cell in safety area=29, maximum backward search distance reached=1, unknown occupancy cell in clearance circle=272)."
25july.bag,141.088352527,30,"Rejected frontier (0.94, 31.84): no safe interior on-path goal; 301 rejected samples (costmap: unknown cell in safety area=26, maximum backward search distance reached=1, unknown occupancy cell in clearance circle=275)."
25july.bag,141.280852208,30,"Rejected frontier (1.04, 30.19): no safe interior on-path goal; 301 rejected samples (costmap: unknown cell in safety area=59, maximum backward search distance reached=1, unknown occupancy cell in clearance circle=242)."
25july.bag,141.441112108,30,"Rejected frontier (0.94, 30.29): no safe interior on-path goal; 301 rejected samples (costmap: unknown cell in safety area=59, maximum backward search distance reached=1, unknown occupancy cell in clearance circle=242)."
25july.bag,141.670066137,30,"Rejected frontier (-6.16, 37.14): no safe interior on-path goal; 301 rejected samples (costmap: unknown cell in safety area=34, maximum backward search distance reached=1, unknown occupancy cell in clearance circle=267)."
25july.bag,141.950553438,30,"Rejected frontier (0.84, 28.99): no safe interior on-path goal; 301 rejected samples (costmap: unknown cell in safety area=33, maximum backward search distance reached=1, unknown occupancy cell in clearance circle=268)."
25july.bag,142.263659407,30,"Rejected frontier (1.74, 27.04): no safe interior on-path goal; 301 rejected samples (costmap: unknown cell in safety area=233, maximum backward search distance reached=1, unknown occupancy cell in clearance circle=68)."
25july.bag,142.593729743,30,"Rejected frontier (-7.91, 33.94): no safe interior on-path goal; 301 rejected samples (costmap: unknown cell in safety area=90, maximum backward search distance reached=1, unknown occupancy cell in clearance circle=211)."
25july.bag,142.728975921,30,"Rejected frontier (-8.66, 33.99): no safe interior on-path goal; 301 rejected samples (costmap: unknown cell in safety area=32, maximum backward search distance reached=1, unknown occupancy cell in clearance circle=269)."
25july.bag,143.261996612,30,"Rejected frontier (-8.01, 28.99): no safe interior on-path goal; 301 rejected samples (costmap: unknown cell in safety area=114, maximum backward search distance reached=1, unknown occupancy cell in clearance circle=187)."
25july.bag,143.545320301,30,"Rejected frontier (-10.26, 30.69): no safe interior on-path goal; 301 rejected samples (costmap: unknown cell in safety area=89, maximum backward search distance reached=1, unknown occupancy cell in clearance circle=212)."
25july.bag,143.735084608,30,"Rejected frontier (-9.41, 29.54): no safe interior on-path goal; 301 rejected samples (costmap: unknown cell in safety area=125, maximum backward search distance reached=1, unknown occupancy cell in clearance circle=176)."
25july.bag,143.991844348,30,"Rejected frontier (-5.61, 25.24): no safe interior on-path goal; 301 rejected samples (costmap: cost threshold exceeded=37, costmap: unknown cell in safety area=192, maximum backward search distance reached=1, unknown occupancy cell in clearance circle=72)."
25july.bag,144.288643266,30,"Rejected frontier (-7.61, 27.44): no safe interior on-path goal; 301 rejected samples (costmap: unknown cell in safety area=229, maximum backward search distance reached=1, unknown occupancy cell in clearance circle=72)."
25july.bag,144.418901889,30,"Rejected frontier (-11.06, 31.19): no safe interior on-path goal; 301 rejected samples (maximum backward search distance reached=1, unknown occupancy cell in clearance circle=301)."
25july.bag,144.624191137,30,"Rejected frontier (-13.21, 33.49): no safe interior on-path goal; 301 rejected samples (costmap: unknown cell in safety area=84, maximum backward search distance reached=1, unknown occupancy cell in clearance circle=217)."
25july.bag,145.05918107,30,"Rejected frontier (-10.41, 21.99): no safe interior on-path goal; 301 rejected samples (costmap: cost threshold exceeded=266, costmap: unknown cell in safety area=35, maximum backward search distance reached=1)."
25july.bag,145.259081435,30,"Rejected frontier (-12.71, 23.99): no safe interior on-path goal; 301 rejected samples (costmap: cost threshold exceeded=36, costmap: unknown cell in safety area=126, maximum backward search distance reached=1, unknown occupancy cell in clearance circle=139)."
25july.bag,145.332480433,30,"Rejected frontier (-14.41, 25.64): no safe interior on-path goal; 301 rejected samples (maximum backward search distance reached=1, unknown occupancy cell in clearance circle=301)."
25july.bag,145.554694802,30,"Rejected frontier (-15.36, 25.99): no safe interior on-path goal; 301 rejected samples (costmap: unknown cell in safety area=139, maximum backward search distance reached=1, unknown occupancy cell in clearance circle=162)."
25july.bag,145.691359787,30,"Rejected frontier (-13.46, 23.99): no safe interior on-path goal; 301 rejected samples (costmap: unknown cell in safety area=80, maximum backward search distance reached=1, unknown occupancy cell in clearance circle=221)."
25july.bag,146.021200761,30,"Rejected frontier (-13.91, 23.64): no safe interior on-path goal; 301 rejected samples (costmap: unknown cell in safety area=43, maximum backward search distance reached=1, unknown occupancy cell in clearance circle=258)."
25july.bag,146.300028112,30,"Rejected frontier (-13.41, 21.54): no safe interior on-path goal; 301 rejected samples (costmap: cost threshold exceeded=89, costmap: unknown cell in safety area=122, maximum backward search distance reached=1, unknown occupancy cell in clearance circle=90)."
25july.bag,146.403392901,30,"Rejected frontier (-14.91, 21.34): no safe interior on-path goal; 301 rejected samples (costmap: unknown cell in safety area=30, maximum backward search distance reached=1, unknown occupancy cell in clearance circle=271)."
25july.bag,146.509072167,30,"Rejected frontier (-15.36, 21.59): no safe interior on-path goal; 301 rejected samples (costmap: unknown cell in safety area=25, maximum backward search distance reached=1, unknown occupancy cell in clearance circle=276)."
25july.bag,146.623603159,30,"Rejected frontier (-14.96, 21.19): no safe interior on-path goal; 301 rejected samples (costmap: unknown cell in safety area=24, maximum backward search distance reached=1, unknown occupancy cell in clearance circle=277)."
25july.bag,146.777342945,30,"Rejected frontier (-14.71, 20.74): no safe interior on-path goal; 301 rejected samples (costmap: unknown cell in safety area=49, maximum backward search distance reached=1, unknown occupancy cell in clearance circle=252)."
25july.bag,146.930366402,30,"Rejected frontier (-14.81, 20.24): no safe interior on-path goal; 301 rejected samples (costmap: unknown cell in safety area=65, maximum backward search distance reached=1, unknown occupancy cell in clearance circle=236)."
25july.bag,147.036332935,30,"Rejected frontier (-15.66, 20.99): no safe interior on-path goal; 301 rejected samples (costmap: unknown cell in safety area=9, maximum backward search distance reached=1, unknown occupancy cell in clearance circle=292)."
25july.bag,147.231981162,30,"Rejected frontier (-17.11, 20.19): no safe interior on-path goal; 301 rejected samples (costmap: unknown cell in safety area=72, maximum backward search distance reached=1, unknown occupancy cell in clearance circle=229)."
25july.bag,147.575490113,30,"Rejected frontier (-16.56, 18.69): no safe interior on-path goal; 301 rejected samples (costmap: unknown cell in safety area=93, maximum backward search distance reached=1, unknown occupancy cell in clearance circle=208)."
25july.bag,147.68700713,30,"Rejected frontier (-16.81, 18.59): no safe interior on-path goal; 301 rejected samples (costmap: unknown cell in safety area=46, maximum backward search distance reached=1, unknown occupancy cell in clearance circle=255)."
25july.bag,147.8562266,30,"Rejected frontier (-15.56, 17.34): no safe interior on-path goal; 301 rejected samples (costmap: unknown cell in safety area=135, maximum backward search distance reached=1, unknown occupancy cell in clearance circle=166)."
25july.bag,148.367338182,30,"Rejected frontier (-11.61, 11.89): no safe interior on-path goal; 301 rejected samples (costmap: unknown cell in safety area=124, maximum backward search distance reached=1, unknown occupancy cell in clearance circle=177)."
25july.bag,149.47557397,30,"Rejected frontier (-8.81, 5.99): no safe interior on-path goal; 301 rejected samples (costmap: cost threshold exceeded=95, costmap: unknown cell in safety area=83, maximum backward search distance reached=1, unknown occupancy cell in clearance circle=123)."
25july.bag,149.805431653,30,"Rejected frontier (-4.41, 1.09): no safe interior on-path goal; 301 rejected samples (costmap: unknown cell in safety area=3, maximum backward search distance reached=1, unknown occupancy cell in clearance circle=298)."
25july.bag,150.016580266,30,"Rejected frontier (-2.46, -1.16): no safe interior on-path goal; 301 rejected samples (costmap: unknown cell in safety area=147, maximum backward search distance reached=1, unknown occupancy cell in clearance circle=154)."
25july.bag,150.114712423,30,"Rejected frontier (-4.61, 0.59): no safe interior on-path goal; 301 rejected samples (costmap: unknown cell in safety area=2, maximum backward search distance reached=1, unknown occupancy cell in clearance circle=299)."
25july.bag,150.383716893,30,"Rejected frontier (-9.46, 5.04): no safe interior on-path goal; 301 rejected samples (costmap: cost threshold exceeded=128, costmap: unknown cell in safety area=96, maximum backward search distance reached=1, unknown occupancy cell in clearance circle=77)."
25july.bag,150.5718883,30,"Rejected frontier (-4.56, -0.56): no safe interior on-path goal; 301 rejected samples (maximum backward search distance reached=1, unknown occupancy cell in clearance circle=301)."
25july.bag,150.673908928,30,"Rejected frontier (-4.51, -1.36): no safe interior on-path goal; 301 rejected samples (costmap: unknown cell in safety area=1, maximum backward search distance reached=1, unknown occupancy cell in clearance circle=300)."
25july.bag,150.796512729,30,"Rejected frontier (-4.66, -2.56): no safe interior on-path goal; 301 rejected samples (costmap: unknown cell in safety area=21, maximum backward search distance reached=1, unknown occupancy cell in clearance circle=280)."
25july.bag,150.894490358,30,"Rejected frontier (-5.16, -2.31): no safe interior on-path goal; 301 rejected samples (maximum backward search distance reached=1, unknown occupancy cell in clearance circle=301)."
25july.bag,151.006484131,30,"Rejected frontier (-5.01, -3.26): no safe interior on-path goal; 301 rejected samples (costmap: unknown cell in safety area=20, maximum backward search distance reached=1, unknown occupancy cell in clearance circle=281)."
25july.bag,151.112761672,30,"Rejected frontier (-6.01, -2.61): no safe interior on-path goal; 301 rejected samples (maximum backward search distance reached=1, unknown occupancy cell in clearance circle=301)."
25july.bag,151.280713056,30,"Rejected frontier (-4.96, -3.66): no safe interior on-path goal; 301 rejected samples (costmap: unknown cell in safety area=81, maximum backward search distance reached=1, unknown occupancy cell in clearance circle=220)."
25july.bag,151.463819023,30,"Rejected frontier (-4.01, -6.81): no safe interior on-path goal; 301 rejected samples (costmap: unknown cell in safety area=89, maximum backward search distance reached=1, unknown occupancy cell in clearance circle=212)."
25july.bag,151.584902628,30,"Rejected frontier (-5.41, -6.01): no safe interior on-path goal; 301 rejected samples (costmap: unknown cell in safety area=6, maximum backward search distance reached=1, unknown occupancy cell in clearance circle=295)."
25july.bag,151.805611726,30,"Rejected frontier (-4.16, -7.51): no safe interior on-path goal; 301 rejected samples (costmap: unknown cell in safety area=135, maximum backward search distance reached=1, unknown occupancy cell in clearance circle=166)."
25july.bag,151.991229953,30,"Rejected frontier (-4.26, -8.01): no safe interior on-path goal; 301 rejected samples (costmap: unknown cell in safety area=81, maximum backward search distance reached=1, unknown occupancy cell in clearance circle=220)."
25july.bag,152.225456048,30,"Rejected frontier (-4.51, -8.41): no safe interior on-path goal; 301 rejected samples (costmap: unknown cell in safety area=59, maximum backward search distance reached=1, unknown occupancy cell in clearance circle=242)."
25july.bag,152.355899639,30,"Rejected frontier (-5.06, -10.01): no safe interior on-path goal; 301 rejected samples (costmap: unknown cell in safety area=17, maximum backward search distance reached=1, unknown occupancy cell in clearance circle=284)."
25july.bag,152.499387719,30,"Rejected frontier (-4.91, -10.61): no safe interior on-path goal; 301 rejected samples (costmap: unknown cell in safety area=19, maximum backward search distance reached=1, unknown occupancy cell in clearance circle=282)."
25july.bag,152.618719534,30,"Rejected frontier (-5.36, -10.91): no safe interior on-path goal; 301 rejected samples (maximum backward search distance reached=1, unknown occupancy cell in clearance circle=301)."
25july.bag,152.61925381,20,"No forward-progress frontier is reachable; using recovery frontier (5.79, 5.79)."
25july.bag,152.619936903,20,Cached 619-pose ComputePathToPose path for goal sequence 8 in frame map.
25july.bag,152.635233238,20,"Frontier (5.79, 5.79) selected with score -2.408; safe interior goal is (4.16, 6.32), 2.16 m back along its Nav2 path after rejecting 216 samples; unknown clearance=>=0.15 m, occupied clearance=>=0.15 m, costmap center cost=0."
25july.bag,152.635705355,20,"Sending NavigateToPose frontier goal (4.16, 6.32)."
25july.bag,152.640748714,20,"Nav2 accepted frontier goal (4.16, 6.32)."
25july.bag,152.641722043,20,Active goal cost=0 maximum-area-cost=0 safety=safe.
25july.bag,154.980862203,20,Active goal cost=0 maximum-area-cost=0 safety=safe.
25july.bag,157.180515963,20,Active goal cost=0 maximum-area-cost=0 safety=safe.
25july.bag,159.28013004,20,Active goal cost=0 maximum-area-cost=0 safety=safe.
25july.bag,160.880319392,30,"Active goal unsafe check 1/2 [inflation/unknown]: cost threshold exceeded (center cost=0, maximum area cost=75)."
25july.bag,161.380873122,20,Active goal cost=0 maximum-area-cost=75 safety=cost threshold exceeded.
25july.bag,161.880470273,30,"Active goal unsafe check 2/2 [inflation/unknown]: cost threshold exceeded (center cost=0, maximum area cost=75)."
25july.bag,161.88080198,30,The active frontier goal has become unsafe; preparing one on-path correction.
25july.bag,161.888140825,30,"Selected corrected path index 597 (robot index 83): shortened 0.50 m, center cost=0, 12.87 m ahead of robot."
25july.bag,161.888660413,30,Cancellation requested for the unsafe frontier goal.
25july.bag,161.892727013,20,Nav2 accepted cancellation; waiting for the original action terminal result before sending the correction.
25july.bag,161.918185419,20,Cancellation confirmed; the original frontier goal is terminal.
25july.bag,161.919063095,20,"Corrected goal sent once at (3.83, 6.69)."
25july.bag,161.920902247,20,"Nav2 accepted corrected goal (3.83, 6.69)."
25july1.bag,0.988786053,30,"Rejected frontier (5.71, 12.17): endpoint clearance 0.03 m is below required 0.10 m."
25july1.bag,0.990103383,30,"Rejected frontier (7.36, 12.12): endpoint clearance 0.08 m is below required 0.10 m."
25july1.bag,0.991179261,30,"Rejected frontier (7.81, 12.17): endpoint clearance 0.08 m is below required 0.10 m."
25july1.bag,0.993168927,30,"Rejected frontier (5.21, 13.37): endpoint clearance 0.03 m is below required 0.10 m."
25july1.bag,0.994054621,30,"Rejected frontier (5.61, 15.22): endpoint clearance 0.04 m is below required 0.10 m."
25july1.bag,0.99509433,30,"Rejected frontier (5.26, 15.22): endpoint clearance 0.08 m is below required 0.10 m."
25july1.bag,1.002372723,30,"Rejected frontier (4.26, 17.42): endpoint clearance 0.08 m is below required 0.10 m."
25july1.bag,1.00623967,30,"Rejected frontier (-3.69, 19.12): endpoint clearance 0.03 m is below required 0.10 m."
25july1.bag,1.009018946,30,"Rejected frontier (-3.84, 18.92): endpoint clearance 0.08 m is below required 0.10 m."
25july1.bag,1.089391439,30,"Rejected frontier (4.06, 26.72): no safe interior on-path goal; 301 rejected samples (maximum backward search distance reached=1, unknown occupancy cell in clearance circle=301)."
25july1.bag,1.214620376,30,"Rejected frontier (3.81, 17.62): no safe interior on-path goal; 301 rejected samples (maximum backward search distance reached=1, unknown occupancy cell in clearance circle=301)."
25july1.bag,1.291688047,30,"Rejected frontier (4.91, 16.52): no safe interior on-path goal; 301 rejected samples (maximum backward search distance reached=1, unknown occupancy cell in clearance circle=301)."
25july1.bag,1.361405085,30,"Rejected frontier (4.76, 16.12): no safe interior on-path goal; 301 rejected samples (maximum backward search distance reached=1, unknown occupancy cell in clearance circle=301)."
25july1.bag,1.435379747,30,"Rejected frontier (4.16, 16.47): no safe interior on-path goal; 301 rejected samples (maximum backward search distance reached=1, unknown occupancy cell in clearance circle=301)."
25july1.bag,1.505566093,30,"Rejected frontier (5.41, 15.02): no safe interior on-path goal; 301 rejected samples (maximum backward search distance reached=1, unknown occupancy cell in clearance circle=301)."
25july1.bag,1.578454708,30,"Rejected frontier (3.76, 16.52): no safe interior on-path goal; 301 rejected samples (maximum backward search distance reached=1, unknown occupancy cell in clearance circle=301)."
25july1.bag,1.651031286,30,"Rejected frontier (3.46, 16.77): no safe interior on-path goal; 301 rejected samples (maximum backward search distance reached=1, unknown occupancy cell in clearance circle=301)."
25july1.bag,1.721857315,30,"Rejected frontier (4.96, 15.27): no safe interior on-path goal; 301 rejected samples (maximum backward search distance reached=1, unknown occupancy cell in clearance circle=301)."
25july1.bag,1.79494455,30,"Rejected frontier (3.36, 16.37): no safe interior on-path goal; 301 rejected samples (maximum backward search distance reached=1, unknown occupancy cell in clearance circle=301)."
25july1.bag,1.866675911,30,"Rejected frontier (3.06, 16.47): no safe interior on-path goal; 301 rejected samples (maximum backward search distance reached=1, unknown occupancy cell in clearance circle=301)."
25july1.bag,1.957480265,30,"Rejected frontier (7.76, 12.12): no safe interior on-path goal; 301 rejected samples (maximum backward search distance reached=1, unknown occupancy cell in clearance circle=301)."
25july1.bag,2.0292448,30,"Rejected frontier (4.26, 15.07): no safe interior on-path goal; 301 rejected samples (maximum backward search distance reached=1, unknown occupancy cell in clearance circle=301)."
25july1.bag,2.098244025,30,"Rejected frontier (7.51, 11.97): no safe interior on-path goal; 301 rejected samples (maximum backward search distance reached=1, unknown occupancy cell in clearance circle=301)."
25july1.bag,2.222859956,30,"Rejected frontier (3.21, 15.67): no safe interior on-path goal; 301 rejected samples (costmap: unknown cell in safety area=74, maximum backward search distance reached=1, unknown occupancy cell in clearance circle=227)."
25july1.bag,2.313557316,30,"Rejected frontier (4.41, 14.47): no safe interior on-path goal; 301 rejected samples (costmap: unknown cell in safety area=36, maximum backward search distance reached=1, unknown occupancy cell in clearance circle=265)."
25july1.bag,2.393417624,30,"Rejected frontier (4.06, 14.57): no safe interior on-path goal; 301 rejected samples (maximum backward search distance reached=1, unknown occupancy cell in clearance circle=301)."
25july1.bag,2.504167378,30,"Rejected frontier (4.61, 14.02): no safe interior on-path goal; 301 rejected samples (costmap: unknown cell in safety area=59, maximum backward search distance reached=1, unknown occupancy cell in clearance circle=242)."
25july1.bag,2.576516319,30,"Rejected frontier (4.06, 14.42): no safe interior on-path goal; 301 rejected samples (maximum backward search distance reached=1, unknown occupancy cell in clearance circle=301)."
25july1.bag,2.734614702,30,"Rejected frontier (3.11, 15.27): no safe interior on-path goal; 301 rejected samples (costmap: unknown cell in safety area=119, maximum backward search distance reached=1, unknown occupancy cell in clearance circle=182)."
25july1.bag,2.797550597,30,"Rejected frontier (7.11, 11.32): no safe interior on-path goal; 301 rejected samples (maximum backward search distance reached=1, unknown occupancy cell in clearance circle=301)."
25july1.bag,2.888176989,30,"Rejected frontier (6.31, 11.92): no safe interior on-path goal; 301 rejected samples (costmap: unknown cell in safety area=41, maximum backward search distance reached=1, unknown occupancy cell in clearance circle=260)."
25july1.bag,2.953211738,30,"Rejected frontier (7.26, 11.07): no safe interior on-path goal; 301 rejected samples (maximum backward search distance reached=1, unknown occupancy cell in clearance circle=301)."
25july1.bag,3.074012128,30,"Rejected frontier (5.66, 12.07): no safe interior on-path goal; 301 rejected samples (costmap: unknown cell in safety area=28, maximum backward search distance reached=1, unknown occupancy cell in clearance circle=273)."
25july1.bag,3.165396229,30,"Rejected frontier (5.91, 11.62): no safe interior on-path goal; 301 rejected samples (costmap: unknown cell in safety area=37, maximum backward search distance reached=1, unknown occupancy cell in clearance circle=264)."
25july1.bag,3.233611572,30,"Rejected frontier (6.51, 10.57): no safe interior on-path goal; 301 rejected samples (costmap: unknown cell in safety area=8, maximum backward search distance reached=1, unknown occupancy cell in clearance circle=293)."
25july1.bag,3.304001716,30,"Rejected frontier (-3.59, 18.77): no safe interior on-path goal; 301 rejected samples (maximum backward search distance reached=1, unknown occupancy cell in clearance circle=301)."
25july1.bag,3.377267648,30,"Rejected frontier (-3.79, 18.82): no safe interior on-path goal; 301 rejected samples (maximum backward search distance reached=1, unknown occupancy cell in clearance circle=301)."
25july1.bag,3.446205602,30,"Rejected frontier (-4.24, 18.57): no safe interior on-path goal; 301 rejected samples (maximum backward search distance reached=1, unknown occupancy cell in clearance circle=301)."
25july1.bag,3.517612819,30,"Rejected frontier (-3.99, 18.32): no safe interior on-path goal; 301 rejected samples (maximum backward search distance reached=1, unknown occupancy cell in clearance circle=301)."
25july1.bag,3.59300572,30,"Rejected frontier (1.91, 11.32): no safe interior on-path goal; 301 rejected samples (costmap: unknown cell in safety area=25, maximum backward search distance reached=1, unknown occupancy cell in clearance circle=276)."
25july1.bag,3.679294682,30,"Rejected frontier (-3.29, 15.77): no safe interior on-path goal; 301 rejected samples (costmap: unknown cell in safety area=24, maximum backward search distance reached=1, unknown occupancy cell in clearance circle=277)."
25july1.bag,3.750209197,30,"Rejected frontier (-4.34, 16.77): no safe interior on-path goal; 301 rejected samples (maximum backward search distance reached=1, unknown occupancy cell in clearance circle=301)."
25july1.bag,3.821992113,30,"Rejected frontier (-4.19, 16.37): no safe interior on-path goal; 301 rejected samples (maximum backward search distance reached=1, unknown occupancy cell in clearance circle=301)."
25july1.bag,3.928596805,30,"Rejected frontier (-4.14, 16.02): no safe interior on-path goal; 301 rejected samples (maximum backward search distance reached=1, unknown occupancy cell in clearance circle=301)."
25july1.bag,3.997687721,30,"Rejected frontier (-4.49, 15.42): no safe interior on-path goal; 301 rejected samples (maximum backward search distance reached=1, unknown occupancy cell in clearance circle=301)."
25july1.bag,4.065826336,30,"Rejected frontier (-5.34, 15.82): no safe interior on-path goal; 301 rejected samples (maximum backward search distance reached=1, unknown occupancy cell in clearance circle=301)."
25july1.bag,4.135736019,30,"Rejected frontier (-5.14, 15.27): no safe interior on-path goal; 301 rejected samples (costmap: unknown cell in safety area=3, maximum backward search distance reached=1, unknown occupancy cell in clearance circle=298)."
25july1.bag,4.214289094,30,"Rejected frontier (-4.34, 14.47): no safe interior on-path goal; 301 rejected samples (costmap: unknown cell in safety area=14, maximum backward search distance reached=1, unknown occupancy cell in clearance circle=287)."
25july1.bag,4.310981957,30,"Rejected frontier (-5.24, 15.12): no safe interior on-path goal; 301 rejected samples (costmap: unknown cell in safety area=34, maximum backward search distance reached=1, unknown occupancy cell in clearance circle=267)."
25july1.bag,4.411202846,30,"Rejected frontier (-4.14, 13.97): no safe interior on-path goal; 301 rejected samples (costmap: unknown cell in safety area=47, maximum backward search distance reached=1, unknown occupancy cell in clearance circle=254)."
25july1.bag,4.525291019,30,"Rejected frontier (-5.59, 14.72): no safe interior on-path goal; 301 rejected samples (costmap: unknown cell in safety area=56, maximum backward search distance reached=1, unknown occupancy cell in clearance circle=245)."
25july1.bag,4.591761792,30,"Rejected frontier (-6.29, 14.92): no safe interior on-path goal; 301 rejected samples (maximum backward search distance reached=1, unknown occupancy cell in clearance circle=301)."
25july1.bag,4.659677328,30,"Rejected frontier (-6.09, 14.27): no safe interior on-path goal; 301 rejected samples (maximum backward search distance reached=1, unknown occupancy cell in clearance circle=301)."
25july1.bag,4.731700351,30,"Rejected frontier (-5.29, 12.72): no safe interior on-path goal; 301 rejected samples (maximum backward search distance reached=1, unknown occupancy cell in clearance circle=301)."
25july1.bag,4.797069767,30,"Rejected frontier (-5.99, 13.07): no safe interior on-path goal; 301 rejected samples (maximum backward search distance reached=1, unknown occupancy cell in clearance circle=301)."
25july1.bag,4.932588462,30,"Rejected frontier (-5.39, 12.47): no safe interior on-path goal; 301 rejected samples (costmap: unknown cell in safety area=38, maximum backward search distance reached=1, unknown occupancy cell in clearance circle=263)."
25july1.bag,4.997290612,30,"Rejected frontier (-6.59, 13.52): no safe interior on-path goal; 301 rejected samples (maximum backward search distance reached=1, unknown occupancy cell in clearance circle=301)."
25july1.bag,5.082950799,30,"Rejected frontier (-5.59, 12.32): no safe interior on-path goal; 301 rejected samples (costmap: unknown cell in safety area=33, maximum backward search distance reached=1, unknown occupancy cell in clearance circle=268)."
25july1.bag,5.260832424,30,"Rejected frontier (-4.99, 11.22): no safe interior on-path goal; 301 rejected samples (costmap: unknown cell in safety area=166, maximum backward search distance reached=1, unknown occupancy cell in clearance circle=135)."
25july1.bag,5.450297892,30,"Rejected frontier (-5.19, 11.07): no safe interior on-path goal; 301 rejected samples (costmap: unknown cell in safety area=176, maximum backward search distance reached=1, unknown occupancy cell in clearance circle=125)."
25july1.bag,5.450776478,20,Nav2 found no reachable safe frontier candidate.
25july1.bag,6.583477745,30,"Rejected frontier (5.71, 12.17): endpoint clearance 0.03 m is below required 0.10 m."
25july1.bag,6.585149112,30,"Rejected frontier (7.36, 12.12): endpoint clearance 0.08 m is below required 0.10 m."
25july1.bag,6.586438197,30,"Rejected frontier (7.81, 12.17): endpoint clearance 0.08 m is below required 0.10 m."
25july1.bag,6.588966794,30,"Rejected frontier (5.21, 13.37): endpoint clearance 0.03 m is below required 0.10 m."
25july1.bag,6.589883647,30,"Rejected frontier (5.61, 15.22): endpoint clearance 0.04 m is below required 0.10 m."
25july1.bag,6.591033006,30,"Rejected frontier (5.26, 15.22): endpoint clearance 0.08 m is below required 0.10 m."
25july1.bag,6.597072989,30,"Rejected frontier (4.26, 17.42): endpoint clearance 0.08 m is below required 0.10 m."
25july1.bag,6.599622215,30,"Rejected frontier (-3.69, 19.12): endpoint clearance 0.03 m is below required 0.10 m."
25july1.bag,6.601535384,30,"Rejected frontier (-3.84, 18.92): endpoint clearance 0.08 m is below required 0.10 m."
25july1.bag,6.678978209,30,"Rejected frontier (4.06, 26.72): no safe interior on-path goal; 301 rejected samples (maximum backward search distance reached=1, unknown occupancy cell in clearance circle=301)."
25july1.bag,6.800546744,30,"Rejected frontier (3.81, 17.62): no safe interior on-path goal; 301 rejected samples (maximum backward search distance reached=1, unknown occupancy cell in clearance circle=301)."
25july1.bag,6.8816185,30,"Rejected frontier (4.91, 16.52): no safe interior on-path goal; 301 rejected samples (maximum backward search distance reached=1, unknown occupancy cell in clearance circle=301)."
25july1.bag,6.959453085,30,"Rejected frontier (4.76, 16.12): no safe interior on-path goal; 301 rejected samples (maximum backward search distance reached=1, unknown occupancy cell in clearance circle=301)."
25july1.bag,7.040932,30,"Rejected frontier (4.16, 16.47): no safe interior on-path goal; 301 rejected samples (maximum backward search distance reached=1, unknown occupancy cell in clearance circle=301)."
25july1.bag,7.111390466,30,"Rejected frontier (5.41, 15.02): no safe interior on-path goal; 301 rejected samples (maximum backward search distance reached=1, unknown occupancy cell in clearance circle=301)."
25july1.bag,7.191114234,30,"Rejected frontier (3.76, 16.52): no safe interior on-path goal; 301 rejected samples (maximum backward search distance reached=1, unknown occupancy cell in clearance circle=301)."
25july1.bag,7.275019701,30,"Rejected frontier (3.46, 16.77): no safe interior on-path goal; 301 rejected samples (maximum backward search distance reached=1, unknown occupancy cell in clearance circle=301)."
25july1.bag,7.36964031,30,"Rejected frontier (4.96, 15.27): no safe interior on-path goal; 301 rejected samples (maximum backward search distance reached=1, unknown occupancy cell in clearance circle=301)."
25july1.bag,7.448054561,30,"Rejected frontier (3.36, 16.37): no safe interior on-path goal; 301 rejected samples (maximum backward search distance reached=1, unknown occupancy cell in clearance circle=301)."
25july1.bag,7.528387242,30,"Rejected frontier (3.06, 16.47): no safe interior on-path goal; 301 rejected samples (maximum backward search distance reached=1, unknown occupancy cell in clearance circle=301)."
25july1.bag,7.601979059,30,"Rejected frontier (7.76, 12.12): no safe interior on-path goal; 301 rejected samples (maximum backward search distance reached=1, unknown occupancy cell in clearance circle=301)."
25july1.bag,7.67143198,30,"Rejected frontier (4.26, 15.07): no safe interior on-path goal; 301 rejected samples (maximum backward search distance reached=1, unknown occupancy cell in clearance circle=301)."
25july1.bag,7.742319765,30,"Rejected frontier (7.51, 11.97): no safe interior on-path goal; 301 rejected samples (maximum backward search distance reached=1, unknown occupancy cell in clearance circle=301)."
25july1.bag,7.868998791,30,"Rejected frontier (3.21, 15.67): no safe interior on-path goal; 301 rejected samples (costmap: unknown cell in safety area=74, maximum backward search distance reached=1, unknown occupancy cell in clearance circle=227)."
25july1.bag,7.952663585,30,"Rejected frontier (4.41, 14.47): no safe interior on-path goal; 301 rejected samples (costmap: unknown cell in safety area=16, maximum backward search distance reached=1, unknown occupancy cell in clearance circle=285)."
25july1.bag,8.023643727,30,"Rejected frontier (4.06, 14.57): no safe interior on-path goal; 301 rejected samples (maximum backward search distance reached=1, unknown occupancy cell in clearance circle=301)."
25july1.bag,8.124075771,30,"Rejected frontier (4.61, 14.02): no safe interior on-path goal; 301 rejected samples (costmap: unknown cell in safety area=39, maximum backward search distance reached=1, unknown occupancy cell in clearance circle=262)."
25july1.bag,8.198337259,30,"Rejected frontier (4.06, 14.42): no safe interior on-path goal; 301 rejected samples (maximum backward search distance reached=1, unknown occupancy cell in clearance circle=301)."
25july1.bag,8.356809735,30,"Rejected frontier (3.11, 15.27): no safe interior on-path goal; 301 rejected samples (costmap: unknown cell in safety area=119, maximum backward search distance reached=1, unknown occupancy cell in clearance circle=182)."
25july1.bag,8.452851148,30,"Rejected frontier (7.11, 11.32): no safe interior on-path goal; 301 rejected samples (maximum backward search distance reached=1, unknown occupancy cell in clearance circle=301)."
25july1.bag,8.548649286,30,"Rejected frontier (6.31, 11.92): no safe interior on-path goal; 301 rejected samples (costmap: unknown cell in safety area=41, maximum backward search distance reached=1, unknown occupancy cell in clearance circle=260)."
25july1.bag,8.612649957,30,"Rejected frontier (7.26, 11.07): no safe interior on-path goal; 301 rejected samples (maximum backward search distance reached=1, unknown occupancy cell in clearance circle=301)."
25july1.bag,8.698195756,30,"Rejected frontier (5.66, 12.07): no safe interior on-path goal; 301 rejected samples (costmap: unknown cell in safety area=28, maximum backward search distance reached=1, unknown occupancy cell in clearance circle=273)."
25july1.bag,8.792798939,30,"Rejected frontier (5.91, 11.62): no safe interior on-path goal; 301 rejected samples (costmap: unknown cell in safety area=40, maximum backward search distance reached=1, unknown occupancy cell in clearance circle=261)."
25july1.bag,8.861801236,30,"Rejected frontier (6.51, 10.57): no safe interior on-path goal; 301 rejected samples (costmap: unknown cell in safety area=8, maximum backward search distance reached=1, unknown occupancy cell in clearance circle=293)."
25july1.bag,8.93085951,30,"Rejected frontier (-3.59, 18.77): no safe interior on-path goal; 301 rejected samples (maximum backward search distance reached=1, unknown occupancy cell in clearance circle=301)."
25july1.bag,9.011478426,30,"Rejected frontier (-3.79, 18.82): no safe interior on-path goal; 301 rejected samples (maximum backward search distance reached=1, unknown occupancy cell in clearance circle=301)."
25july1.bag,9.080933509,30,"Rejected frontier (-4.24, 18.57): no safe interior on-path goal; 301 rejected samples (maximum backward search distance reached=1, unknown occupancy cell in clearance circle=301)."
25july1.bag,9.158503453,30,"Rejected frontier (-3.99, 18.32): no safe interior on-path goal; 301 rejected samples (maximum backward search distance reached=1, unknown occupancy cell in clearance circle=301)."
25july1.bag,9.237387661,30,"Rejected frontier (1.91, 11.32): no safe interior on-path goal; 301 rejected samples (costmap: unknown cell in safety area=25, maximum backward search distance reached=1, unknown occupancy cell in clearance circle=276)."
25july1.bag,9.358396977,30,"Rejected frontier (-3.29, 15.77): no safe interior on-path goal; 301 rejected samples (costmap: unknown cell in safety area=24, maximum backward search distance reached=1, unknown occupancy cell in clearance circle=277)."
25july1.bag,9.426736024,30,"Rejected frontier (-4.34, 16.77): no safe interior on-path goal; 301 rejected samples (maximum backward search distance reached=1, unknown occupancy cell in clearance circle=301)."
25july1.bag,9.49895396,30,"Rejected frontier (-4.19, 16.37): no safe interior on-path goal; 301 rejected samples (maximum backward search distance reached=1, unknown occupancy cell in clearance circle=301)."
25july1.bag,9.569337346,30,"Rejected frontier (-4.14, 16.02): no safe interior on-path goal; 301 rejected samples (maximum backward search distance reached=1, unknown occupancy cell in clearance circle=301)."
25july1.bag,9.642274287,30,"Rejected frontier (-4.49, 15.42): no safe interior on-path goal; 301 rejected samples (maximum backward search distance reached=1, unknown occupancy cell in clearance circle=301)."
25july1.bag,9.712150894,30,"Rejected frontier (-5.34, 15.82): no safe interior on-path goal; 301 rejected samples (maximum backward search distance reached=1, unknown occupancy cell in clearance circle=301)."
25july1.bag,9.788065069,30,"Rejected frontier (-5.14, 15.27): no safe interior on-path goal; 301 rejected samples (costmap: unknown cell in safety area=3, maximum backward search distance reached=1, unknown occupancy cell in clearance circle=298)."
25july1.bag,9.870845307,30,"Rejected frontier (-4.34, 14.47): no safe interior on-path goal; 301 rejected samples (costmap: unknown cell in safety area=14, maximum backward search distance reached=1, unknown occupancy cell in clearance circle=287)."
25july1.bag,9.966385609,30,"Rejected frontier (-5.24, 15.12): no safe interior on-path goal; 301 rejected samples (costmap: unknown cell in safety area=34, maximum backward search distance reached=1, unknown occupancy cell in clearance circle=267)."
25july1.bag,10.06610802,30,"Rejected frontier (-4.14, 13.97): no safe interior on-path goal; 301 rejected samples (costmap: unknown cell in safety area=47, maximum backward search distance reached=1, unknown occupancy cell in clearance circle=254)."
25july1.bag,10.222106306,30,"Rejected frontier (-5.59, 14.72): no safe interior on-path goal; 301 rejected samples (costmap: unknown cell in safety area=56, maximum backward search distance reached=1, unknown occupancy cell in clearance circle=245)."
25july1.bag,10.299299046,30,"Rejected frontier (-6.29, 14.92): no safe interior on-path goal; 301 rejected samples (maximum backward search distance reached=1, unknown occupancy cell in clearance circle=301)."
25july1.bag,10.374621688,30,"Rejected frontier (-6.09, 14.27): no safe interior on-path goal; 301 rejected samples (maximum backward search distance reached=1, unknown occupancy cell in clearance circle=301)."
25july1.bag,10.442900257,30,"Rejected frontier (-5.29, 12.72): no safe interior on-path goal; 301 rejected samples (maximum backward search distance reached=1, unknown occupancy cell in clearance circle=301)."
25july1.bag,10.509844634,30,"Rejected frontier (-5.99, 13.07): no safe interior on-path goal; 301 rejected samples (maximum backward search distance reached=1, unknown occupancy cell in clearance circle=301)."
25july1.bag,10.600977324,30,"Rejected frontier (-5.39, 12.47): no safe interior on-path goal; 301 rejected samples (costmap: unknown cell in safety area=38, maximum backward search distance reached=1, unknown occupancy cell in clearance circle=263)."
25july1.bag,10.668431606,30,"Rejected frontier (-6.59, 13.52): no safe interior on-path goal; 301 rejected samples (maximum backward search distance reached=1, unknown occupancy cell in clearance circle=301)."
25july1.bag,10.760580149,30,"Rejected frontier (-5.59, 12.32): no safe interior on-path goal; 301 rejected samples (costmap: unknown cell in safety area=33, maximum backward search distance reached=1, unknown occupancy cell in clearance circle=268)."
25july1.bag,10.937455269,30,"Rejected frontier (-4.99, 11.22): no safe interior on-path goal; 301 rejected samples (costmap: unknown cell in safety area=166, maximum backward search distance reached=1, unknown occupancy cell in clearance circle=135)."
25july1.bag,11.123426256,30,"Rejected frontier (-5.19, 11.07): no safe interior on-path goal; 301 rejected samples (costmap: unknown cell in safety area=176, maximum backward search distance reached=1, unknown occupancy cell in clearance circle=125)."
25july1.bag,11.123819357,20,Nav2 found no reachable safe frontier candidate.
25july2.bag,24.891183064,20,"target_explorer started: final target=(170.00, 202.00) frame=map action=/navigate_to_pose"
25july2.bag,24.893473316,20,Received /map: 500x716 cells at 0.050 m/cell
25july2.bag,25.271305336,30,"Cannot look up robot pose map -> base_footprint: Lookup would require extrapolation at time 1784984282.563663, but only time 1784984282.580567 is in the buffer, when looking up transform from frame [base_footprint] to frame [map]."
25july2.bag,25.437942323,20,Received /global_costmap/costmap: 500x716 cells at 0.050 m/cell
25july2.bag,26.430438119,30,"Rejected frontier (5.46, 11.57): endpoint clearance 0.08 m is below required 0.10 m."
25july2.bag,26.431054576,30,"Rejected frontier (5.36, 11.62): endpoint clearance 0.08 m is below required 0.10 m."
25july2.bag,26.432277611,30,"Rejected frontier (5.11, 11.97): endpoint clearance 0.08 m is below required 0.10 m."
25july2.bag,26.433692311,30,"Rejected frontier (5.11, 12.17): endpoint clearance 0.08 m is below required 0.10 m."
25july2.bag,26.434284151,30,"Rejected frontier (5.11, 12.32): endpoint clearance 0.04 m is below required 0.10 m."
25july2.bag,26.469368208,30,"Rejected frontier (4.86, 14.77): no safe interior on-path goal; 51 rejected samples (maximum backward search distance reached=1, unknown occupancy cell in clearance circle=51)."
25july2.bag,26.495147605,30,"Rejected frontier (3.66, 15.82): no safe interior on-path goal; 51 rejected samples (maximum backward search distance reached=1, unknown occupancy cell in clearance circle=51)."
25july2.bag,26.524264042,30,"Rejected frontier (3.31, 15.47): no safe interior on-path goal; 51 rejected samples (maximum backward search distance reached=1, unknown occupancy cell in clearance circle=51)."
25july2.bag,26.548321512,30,"Rejected frontier (4.06, 14.42): no safe interior on-path goal; 51 rejected samples (maximum backward search distance reached=1, unknown occupancy cell in clearance circle=51)."
25july2.bag,26.573340016,30,"Rejected frontier (3.36, 14.72): no safe interior on-path goal; 51 rejected samples (maximum backward search distance reached=1, unknown occupancy cell in clearance circle=51)."
25july2.bag,26.600964405,30,"Rejected frontier (3.06, 14.87): no safe interior on-path goal; 51 rejected samples (maximum backward search distance reached=1, unknown occupancy cell in clearance circle=51)."
25july2.bag,26.625953644,30,"Rejected frontier (3.61, 14.32): no safe interior on-path goal; 51 rejected samples (maximum backward search distance reached=1, unknown occupancy cell in clearance circle=51)."
25july2.bag,26.649607183,30,"Rejected frontier (3.96, 13.97): no safe interior on-path goal; 51 rejected samples (maximum backward search distance reached=1, unknown occupancy cell in clearance circle=51)."
25july2.bag,26.679507325,30,"Rejected frontier (4.71, 12.92): no safe interior on-path goal; 51 rejected samples (maximum backward search distance reached=1, unknown occupancy cell in clearance circle=51)."
25july2.bag,26.70627056,30,"Rejected frontier (3.91, 13.52): no safe interior on-path goal; 51 rejected samples (maximum backward search distance reached=1, unknown occupancy cell in clearance circle=51)."
25july2.bag,26.731213731,30,"Rejected frontier (3.41, 13.92): no safe interior on-path goal; 51 rejected samples (maximum backward search distance reached=1, unknown occupancy cell in clearance circle=51)."
25july2.bag,26.755818416,30,"Rejected frontier (3.46, 13.87): no safe interior on-path goal; 51 rejected samples (maximum backward search distance reached=1, unknown occupancy cell in clearance circle=51)."
25july2.bag,26.780764592,30,"Rejected frontier (5.06, 12.27): no safe interior on-path goal; 51 rejected samples (maximum backward search distance reached=1, unknown occupancy cell in clearance circle=51)."
25july2.bag,26.8030973,30,"Rejected frontier (5.06, 11.92): no safe interior on-path goal; 51 rejected samples (maximum backward search distance reached=1, unknown occupancy cell in clearance circle=51)."
25july2.bag,26.826060532,30,"Rejected frontier (5.31, 11.67): no safe interior on-path goal; 51 rejected samples (maximum backward search distance reached=1, unknown occupancy cell in clearance circle=51)."
25july2.bag,26.854169094,30,"Rejected frontier (2.81, 13.82): no safe interior on-path goal; 51 rejected samples (maximum backward search distance reached=1, unknown occupancy cell in clearance circle=51)."
25july2.bag,26.873333094,30,"Rejected frontier (5.31, 10.27): no safe interior on-path goal; 51 rejected samples (maximum backward search distance reached=1, unknown occupancy cell in clearance circle=51)."
25july2.bag,26.900957663,30,"Rejected frontier (-4.09, 15.02): no safe interior on-path goal; 51 rejected samples (maximum backward search distance reached=1, unknown occupancy cell in clearance circle=51)."
25july2.bag,26.925404827,30,"Rejected frontier (-4.19, 14.62): no safe interior on-path goal; 51 rejected samples (maximum backward search distance reached=1, unknown occupancy cell in clearance circle=51)."
25july2.bag,26.958321477,30,"Rejected frontier (-4.34, 14.27): no safe interior on-path goal; 51 rejected samples (maximum backward search distance reached=1, unknown occupancy cell in clearance circle=51)."
25july2.bag,26.983519164,30,"Rejected frontier (-3.84, 13.57): no safe interior on-path goal; 51 rejected samples (maximum backward search distance reached=1, unknown occupancy cell in clearance circle=51)."
25july2.bag,27.007065939,30,"Rejected frontier (-4.34, 13.12): no safe interior on-path goal; 51 rejected samples (maximum backward search distance reached=1, unknown occupancy cell in clearance circle=51)."
25july2.bag,27.034600146,30,"Rejected frontier (-3.64, 12.17): no safe interior on-path goal; 51 rejected samples (maximum backward search distance reached=1, unknown occupancy cell in clearance circle=51)."
25july2.bag,27.084095401,30,"Rejected frontier (-4.99, 12.77): no safe interior on-path goal; 51 rejected samples (maximum backward search distance reached=1, unknown occupancy cell in clearance circle=51)."
25july2.bag,27.107243265,30,"Rejected frontier (-4.69, 12.17): no safe interior on-path goal; 51 rejected samples (maximum backward search distance reached=1, unknown occupancy cell in clearance circle=51)."
25july2.bag,27.133764738,30,"Rejected frontier (-4.49, 11.92): no safe interior on-path goal; 51 rejected samples (maximum backward search distance reached=1, unknown occupancy cell in clearance circle=51)."
25july2.bag,27.15832609,30,"Rejected frontier (-4.04, 11.37): no safe interior on-path goal; 51 rejected samples (maximum backward search distance reached=1, unknown occupancy cell in clearance circle=51)."
25july2.bag,27.181599825,30,"Rejected frontier (-4.24, 11.17): no safe interior on-path goal; 51 rejected samples (maximum backward search distance reached=1, unknown occupancy cell in clearance circle=51)."
25july2.bag,27.204257042,30,"Rejected frontier (-5.09, 11.82): no safe interior on-path goal; 51 rejected samples (maximum backward search distance reached=1, unknown occupancy cell in clearance circle=51)."
25july2.bag,27.231081944,30,"Rejected frontier (-5.54, 11.37): no safe interior on-path goal; 51 rejected samples (maximum backward search distance reached=1, unknown occupancy cell in clearance circle=51)."
25july2.bag,27.231641913,20,Nav2 found no reachable safe frontier candidate.
25july2.bag,28.58074335,30,"Rejected frontier (6.11, 11.57): no safe interior on-path goal; 51 rejected samples (maximum backward search distance reached=1, unknown occupancy cell in clearance circle=51)."
25july2.bag,29.098692895,20,Nav2 found no reachable safe frontier candidate.
25july2.bag,30.222516985,30,"Rejected frontier (5.46, 11.57): endpoint clearance 0.08 m is below required 0.10 m."
25july2.bag,30.222948929,30,"Rejected frontier (5.36, 11.62): endpoint clearance 0.08 m is below required 0.10 m."
25july2.bag,30.223702658,30,"Rejected frontier (5.11, 11.97): endpoint clearance 0.08 m is below required 0.10 m."
25july2.bag,30.224786286,30,"Rejected frontier (5.11, 12.17): endpoint clearance 0.08 m is below required 0.10 m."
25july2.bag,30.225364309,30,"Rejected frontier (5.11, 12.32): endpoint clearance 0.04 m is below required 0.10 m."
25july2.bag,30.261531822,30,"Rejected frontier (4.86, 14.77): no safe interior on-path goal; 51 rejected samples (maximum backward search distance reached=1, unknown occupancy cell in clearance circle=51)."
25july2.bag,30.292445247,30,"Rejected frontier (3.66, 15.82): no safe interior on-path goal; 51 rejected samples (maximum backward search distance reached=1, unknown occupancy cell in clearance circle=51)."
25july2.bag,30.324676868,30,"Rejected frontier (3.31, 15.47): no safe interior on-path goal; 51 rejected samples (maximum backward search distance reached=1, unknown occupancy cell in clearance circle=51)."
25july2.bag,30.349625848,30,"Rejected frontier (4.06, 14.42): no safe interior on-path goal; 51 rejected samples (maximum backward search distance reached=1, unknown occupancy cell in clearance circle=51)."
25july2.bag,30.378241838,30,"Rejected frontier (3.36, 14.72): no safe interior on-path goal; 51 rejected samples (maximum backward search distance reached=1, unknown occupancy cell in clearance circle=51)."
25july2.bag,30.402785234,30,"Rejected frontier (3.06, 14.87): no safe interior on-path goal; 51 rejected samples (maximum backward search distance reached=1, unknown occupancy cell in clearance circle=51)."
25july2.bag,30.451132995,30,"Rejected frontier (3.61, 14.32): no safe interior on-path goal; 51 rejected samples (maximum backward search distance reached=1, unknown occupancy cell in clearance circle=51)."
25july2.bag,30.478413856,30,"Rejected frontier (3.96, 13.97): no safe interior on-path goal; 51 rejected samples (maximum backward search distance reached=1, unknown occupancy cell in clearance circle=51)."
25july2.bag,30.50456497,30,"Rejected frontier (4.71, 12.92): no safe interior on-path goal; 51 rejected samples (maximum backward search distance reached=1, unknown occupancy cell in clearance circle=51)."
25july2.bag,30.528587351,30,"Rejected frontier (3.91, 13.52): no safe interior on-path goal; 51 rejected samples (maximum backward search distance reached=1, unknown occupancy cell in clearance circle=51)."
25july2.bag,30.555339633,30,"Rejected frontier (3.41, 13.92): no safe interior on-path goal; 51 rejected samples (maximum backward search distance reached=1, unknown occupancy cell in clearance circle=51)."
25july2.bag,30.584041826,30,"Rejected frontier (3.46, 13.87): no safe interior on-path goal; 51 rejected samples (maximum backward search distance reached=1, unknown occupancy cell in clearance circle=51)."
25july2.bag,30.607225166,30,"Rejected frontier (5.06, 12.27): no safe interior on-path goal; 51 rejected samples (maximum backward search distance reached=1, unknown occupancy cell in clearance circle=51)."
25july2.bag,30.637940232,30,"Rejected frontier (5.06, 11.92): no safe interior on-path goal; 51 rejected samples (maximum backward search distance reached=1, unknown occupancy cell in clearance circle=51)."
25july2.bag,30.669614498,30,"Rejected frontier (5.31, 11.67): no safe interior on-path goal; 51 rejected samples (maximum backward search distance reached=1, unknown occupancy cell in clearance circle=51)."
25july2.bag,30.696234978,30,"Rejected frontier (2.81, 13.82): no safe interior on-path goal; 51 rejected samples (maximum backward search distance reached=1, unknown occupancy cell in clearance circle=51)."
25july2.bag,30.727442353,30,"Rejected frontier (5.31, 10.27): no safe interior on-path goal; 51 rejected samples (maximum backward search distance reached=1, unknown occupancy cell in clearance circle=51)."
25july2.bag,30.752608478,30,"Rejected frontier (-4.09, 15.02): no safe interior on-path goal; 51 rejected samples (maximum backward search distance reached=1, unknown occupancy cell in clearance circle=51)."
25july2.bag,30.777419975,30,"Rejected frontier (-4.19, 14.62): no safe interior on-path goal; 51 rejected samples (maximum backward search distance reached=1, unknown occupancy cell in clearance circle=51)."
25july2.bag,30.801775472,30,"Rejected frontier (-4.34, 14.27): no safe interior on-path goal; 51 rejected samples (maximum backward search distance reached=1, unknown occupancy cell in clearance circle=51)."
25july2.bag,30.82834226,30,"Rejected frontier (-3.84, 13.57): no safe interior on-path goal; 51 rejected samples (maximum backward search distance reached=1, unknown occupancy cell in clearance circle=51)."
25july2.bag,30.854190306,30,"Rejected frontier (-4.34, 13.12): no safe interior on-path goal; 51 rejected samples (maximum backward search distance reached=1, unknown occupancy cell in clearance circle=51)."
25july2.bag,30.876335093,30,"Rejected frontier (-3.64, 12.17): no safe interior on-path goal; 51 rejected samples (maximum backward search distance reached=1, unknown occupancy cell in clearance circle=51)."
25july2.bag,30.901741376,30,"Rejected frontier (-4.99, 12.77): no safe interior on-path goal; 51 rejected samples (maximum backward search distance reached=1, unknown occupancy cell in clearance circle=51)."
25july2.bag,30.926363943,30,"Rejected frontier (-4.69, 12.17): no safe interior on-path goal; 51 rejected samples (maximum backward search distance reached=1, unknown occupancy cell in clearance circle=51)."
25july2.bag,30.948925195,30,"Rejected frontier (-4.49, 11.92): no safe interior on-path goal; 51 rejected samples (maximum backward search distance reached=1, unknown occupancy cell in clearance circle=51)."
25july2.bag,30.974202081,30,"Rejected frontier (-4.04, 11.37): no safe interior on-path goal; 51 rejected samples (maximum backward search distance reached=1, unknown occupancy cell in clearance circle=51)."
25july2.bag,31.000143695,30,"Rejected frontier (-4.24, 11.17): no safe interior on-path goal; 51 rejected samples (maximum backward search distance reached=1, unknown occupancy cell in clearance circle=51)."
25july2.bag,31.02549361,30,"Rejected frontier (-5.09, 11.82): no safe interior on-path goal; 51 rejected samples (maximum backward search distance reached=1, unknown occupancy cell in clearance circle=51)."
25july2.bag,31.049299108,30,"Rejected frontier (-5.54, 11.37): no safe interior on-path goal; 51 rejected samples (maximum backward search distance reached=1, unknown occupancy cell in clearance circle=51)."
25july2.bag,31.049701135,20,Nav2 found no reachable safe frontier candidate.
25july2.bag,32.415402122,30,"Rejected frontier (6.11, 11.57): no safe interior on-path goal; 51 rejected samples (maximum backward search distance reached=1, unknown occupancy cell in clearance circle=51)."
25july2.bag,32.951960633,20,Nav2 found no reachable safe frontier candidate.
25july2.bag,34.022389332,30,"Rejected frontier (5.46, 11.57): endpoint clearance 0.08 m is below required 0.10 m."
25july2.bag,34.022845633,30,"Rejected frontier (5.36, 11.62): endpoint clearance 0.08 m is below required 0.10 m."
25july2.bag,34.023634258,30,"Rejected frontier (5.11, 11.97): endpoint clearance 0.08 m is below required 0.10 m."
25july2.bag,34.024889003,30,"Rejected frontier (5.11, 12.17): endpoint clearance 0.08 m is below required 0.10 m."
25july2.bag,34.0254951,30,"Rejected frontier (5.11, 12.32): endpoint clearance 0.04 m is below required 0.10 m."
25july2.bag,34.070562296,30,"Rejected frontier (4.86, 14.77): no safe interior on-path goal; 51 rejected samples (maximum backward search distance reached=1, unknown occupancy cell in clearance circle=51)."
25july2.bag,34.100935047,30,"Rejected frontier (3.66, 15.82): no safe interior on-path goal; 51 rejected samples (maximum backward search distance reached=1, unknown occupancy cell in clearance circle=51)."
25july2.bag,34.130891873,30,"Rejected frontier (3.31, 15.47): no safe interior on-path goal; 51 rejected samples (maximum backward search distance reached=1, unknown occupancy cell in clearance circle=51)."
25july2.bag,34.163986538,30,"Rejected frontier (4.06, 14.42): no safe interior on-path goal; 51 rejected samples (maximum backward search distance reached=1, unknown occupancy cell in clearance circle=51)."
25july2.bag,34.196679076,30,"Rejected frontier (3.36, 14.72): no safe interior on-path goal; 51 rejected samples (maximum backward search distance reached=1, unknown occupancy cell in clearance circle=51)."
25july2.bag,34.227532404,30,"Rejected frontier (3.06, 14.87): no safe interior on-path goal; 51 rejected samples (maximum backward search distance reached=1, unknown occupancy cell in clearance circle=51)."
25july2.bag,34.257384861,30,"Rejected frontier (3.61, 14.32): no safe interior on-path goal; 51 rejected samples (maximum backward search distance reached=1, unknown occupancy cell in clearance circle=51)."
25july2.bag,34.283761003,30,"Rejected frontier (3.96, 13.97): no safe interior on-path goal; 51 rejected samples (maximum backward search distance reached=1, unknown occupancy cell in clearance circle=51)."
25july2.bag,34.317501281,30,"Rejected frontier (4.71, 12.92): no safe interior on-path goal; 51 rejected samples (maximum backward search distance reached=1, unknown occupancy cell in clearance circle=51)."
25july2.bag,34.377862027,30,"Rejected frontier (3.91, 13.52): no safe interior on-path goal; 51 rejected samples (maximum backward search distance reached=1, unknown occupancy cell in clearance circle=51)."
25july2.bag,34.409028342,30,"Rejected frontier (3.41, 13.92): no safe interior on-path goal; 51 rejected samples (maximum backward search distance reached=1, unknown occupancy cell in clearance circle=51)."
25july2.bag,34.43672821,30,"Rejected frontier (3.46, 13.87): no safe interior on-path goal; 51 rejected samples (maximum backward search distance reached=1, unknown occupancy cell in clearance circle=51)."
25july2.bag,34.484589328,30,"Rejected frontier (5.06, 12.27): no safe interior on-path goal; 51 rejected samples (maximum backward search distance reached=1, unknown occupancy cell in clearance circle=51)."
25july2.bag,34.513314593,30,"Rejected frontier (5.06, 11.92): no safe interior on-path goal; 51 rejected samples (maximum backward search distance reached=1, unknown occupancy cell in clearance circle=51)."
25july2.bag,34.5409563,30,"Rejected frontier (5.31, 11.67): no safe interior on-path goal; 51 rejected samples (maximum backward search distance reached=1, unknown occupancy cell in clearance circle=51)."
25july2.bag,34.567541221,30,"Rejected frontier (2.81, 13.82): no safe interior on-path goal; 51 rejected samples (maximum backward search distance reached=1, unknown occupancy cell in clearance circle=51)."
25july2.bag,34.594223036,30,"Rejected frontier (-4.09, 15.02): no safe interior on-path goal; 51 rejected samples (maximum backward search distance reached=1, unknown occupancy cell in clearance circle=51)."
25july2.bag,34.623381738,30,"Rejected frontier (-4.19, 14.62): no safe interior on-path goal; 51 rejected samples (maximum backward search distance reached=1, unknown occupancy cell in clearance circle=51)."
25july2.bag,34.652404822,30,"Rejected frontier (-4.34, 14.27): no safe interior on-path goal; 51 rejected samples (maximum backward search distance reached=1, unknown occupancy cell in clearance circle=51)."
25july2.bag,34.68249906,30,"Rejected frontier (-3.84, 13.57): no safe interior on-path goal; 51 rejected samples (maximum backward search distance reached=1, unknown occupancy cell in clearance circle=51)."
25july2.bag,34.711281875,30,"Rejected frontier (-4.34, 13.12): no safe interior on-path goal; 51 rejected samples (maximum backward search distance reached=1, unknown occupancy cell in clearance circle=51)."
25july2.bag,34.736225893,30,"Rejected frontier (-3.64, 12.17): no safe interior on-path goal; 51 rejected samples (maximum backward search distance reached=1, unknown occupancy cell in clearance circle=51)."
25july2.bag,34.768495403,30,"Rejected frontier (-4.99, 12.77): no safe interior on-path goal; 51 rejected samples (maximum backward search distance reached=1, unknown occupancy cell in clearance circle=51)."
25july2.bag,34.799854345,30,"Rejected frontier (-4.69, 12.17): no safe interior on-path goal; 51 rejected samples (maximum backward search distance reached=1, unknown occupancy cell in clearance circle=51)."
25july2.bag,34.827307492,30,"Rejected frontier (-4.49, 11.92): no safe interior on-path goal; 51 rejected samples (maximum backward search distance reached=1, unknown occupancy cell in clearance circle=51)."
25july2.bag,34.856368458,30,"Rejected frontier (-4.04, 11.37): no safe interior on-path goal; 51 rejected samples (maximum backward search distance reached=1, unknown occupancy cell in clearance circle=51)."
25july2.bag,34.881766092,30,"Rejected frontier (-4.24, 11.17): no safe interior on-path goal; 51 rejected samples (maximum backward search distance reached=1, unknown occupancy cell in clearance circle=51)."
25july2.bag,34.910488833,30,"Rejected frontier (-5.09, 11.82): no safe interior on-path goal; 51 rejected samples (maximum backward search distance reached=1, unknown occupancy cell in clearance circle=51)."
25july2.bag,34.937047723,30,"Rejected frontier (-5.54, 11.37): no safe interior on-path goal; 51 rejected samples (maximum backward search distance reached=1, unknown occupancy cell in clearance circle=51)."
25july2.bag,34.937749663,20,Nav2 found no reachable safe frontier candidate.
25july2.bag,36.104957791,30,"Rejected frontier (3.66, 15.82): no safe interior on-path goal; 51 rejected samples (maximum backward search distance reached=1, unknown occupancy cell in clearance circle=51)."
25july2.bag,36.142767875,30,"Rejected frontier (3.31, 15.47): no safe interior on-path goal; 51 rejected samples (maximum backward search distance reached=1, unknown occupancy cell in clearance circle=51)."
25july2.bag,36.185915356,30,"Rejected frontier (4.06, 14.42): no safe interior on-path goal; 51 rejected samples (maximum backward search distance reached=1, unknown occupancy cell in clearance circle=51)."
25july2.bag,36.223391122,30,"Rejected frontier (3.36, 14.72): no safe interior on-path goal; 51 rejected samples (maximum backward search distance reached=1, unknown occupancy cell in clearance circle=51)."
25july2.bag,36.255756193,30,"Rejected frontier (3.06, 14.87): no safe interior on-path goal; 51 rejected samples (maximum backward search distance reached=1, unknown occupancy cell in clearance circle=51)."
25july2.bag,36.293869085,30,"Rejected frontier (3.61, 14.32): no safe interior on-path goal; 51 rejected samples (maximum backward search distance reached=1, unknown occupancy cell in clearance circle=51)."
25july2.bag,36.327148011,30,"Rejected frontier (3.96, 13.97): no safe interior on-path goal; 51 rejected samples (maximum backward search distance reached=1, unknown occupancy cell in clearance circle=51)."
25july2.bag,36.353856336,30,"Rejected frontier (4.71, 12.92): no safe interior on-path goal; 51 rejected samples (maximum backward search distance reached=1, unknown occupancy cell in clearance circle=51)."
25july2.bag,36.384405051,30,"Rejected frontier (6.11, 11.57): no safe interior on-path goal; 51 rejected samples (maximum backward search distance reached=1, unknown occupancy cell in clearance circle=51)."
25july2.bag,36.417355199,30,"Rejected frontier (3.91, 13.52): no safe interior on-path goal; 51 rejected samples (maximum backward search distance reached=1, unknown occupancy cell in clearance circle=51)."
25july2.bag,36.444417529,30,"Rejected frontier (3.41, 13.92): no safe interior on-path goal; 51 rejected samples (maximum backward search distance reached=1, unknown occupancy cell in clearance circle=51)."
25july2.bag,36.476205348,30,"Rejected frontier (3.46, 13.87): no safe interior on-path goal; 51 rejected samples (maximum backward search distance reached=1, unknown occupancy cell in clearance circle=51)."
25july2.bag,36.50220997,30,"Rejected frontier (5.06, 12.27): no safe interior on-path goal; 51 rejected samples (maximum backward search distance reached=1, unknown occupancy cell in clearance circle=51)."
25july2.bag,36.527986696,30,"Rejected frontier (5.06, 11.92): no safe interior on-path goal; 51 rejected samples (maximum backward search distance reached=1, unknown occupancy cell in clearance circle=51)."
25july2.bag,36.560109425,30,"Rejected frontier (5.31, 11.67): no safe interior on-path goal; 51 rejected samples (maximum backward search distance reached=1, unknown occupancy cell in clearance circle=51)."
25july2.bag,36.593892171,30,"Rejected frontier (2.81, 13.82): no safe interior on-path goal; 51 rejected samples (maximum backward search distance reached=1, unknown occupancy cell in clearance circle=51)."
25july2.bag,36.623582828,30,"Rejected frontier (-4.09, 15.02): no safe interior on-path goal; 51 rejected samples (maximum backward search distance reached=1, unknown occupancy cell in clearance circle=51)."
25july2.bag,36.657479642,30,"Rejected frontier (-4.19, 14.62): no safe interior on-path goal; 51 rejected samples (maximum backward search distance reached=1, unknown occupancy cell in clearance circle=51)."
25july2.bag,36.687168455,30,"Rejected frontier (-4.34, 14.27): no safe interior on-path goal; 51 rejected samples (maximum backward search distance reached=1, unknown occupancy cell in clearance circle=51)."
25july2.bag,36.718688043,30,"Rejected frontier (-3.84, 13.57): no safe interior on-path goal; 51 rejected samples (maximum backward search distance reached=1, unknown occupancy cell in clearance circle=51)."
25july2.bag,36.754486256,30,"Rejected frontier (-4.34, 13.12): no safe interior on-path goal; 51 rejected samples (maximum backward search distance reached=1, unknown occupancy cell in clearance circle=51)."
25july2.bag,36.808444369,30,"Rejected frontier (-3.64, 12.17): no safe interior on-path goal; 51 rejected samples (maximum backward search distance reached=1, unknown occupancy cell in clearance circle=51)."
25july2.bag,36.84311495,30,"Rejected frontier (-4.99, 12.77): no safe interior on-path goal; 51 rejected samples (maximum backward search distance reached=1, unknown occupancy cell in clearance circle=51)."
25july2.bag,36.875109814,30,"Rejected frontier (-4.69, 12.17): no safe interior on-path goal; 51 rejected samples (maximum backward search distance reached=1, unknown occupancy cell in clearance circle=51)."
25july2.bag,36.903693428,30,"Rejected frontier (-4.49, 11.92): no safe interior on-path goal; 51 rejected samples (maximum backward search distance reached=1, unknown occupancy cell in clearance circle=51)."
25july2.bag,36.935211933,30,"Rejected frontier (-4.04, 11.37): no safe interior on-path goal; 51 rejected samples (maximum backward search distance reached=1, unknown occupancy cell in clearance circle=51)."
25july2.bag,36.961454919,30,"Rejected frontier (-4.24, 11.17): no safe interior on-path goal; 51 rejected samples (maximum backward search distance reached=1, unknown occupancy cell in clearance circle=51)."
25july2.bag,36.986630388,30,"Rejected frontier (-5.09, 11.82): no safe interior on-path goal; 51 rejected samples (maximum backward search distance reached=1, unknown occupancy cell in clearance circle=51)."
25july2.bag,37.02171536,30,"Rejected frontier (-5.54, 11.37): no safe interior on-path goal; 51 rejected samples (maximum backward search distance reached=1, unknown occupancy cell in clearance circle=51)."
25july2.bag,37.022207269,20,Nav2 found no reachable safe frontier candidate.
25july2.bag,38.122452517,30,"Rejected frontier (5.46, 11.57): endpoint clearance 0.08 m is below required 0.10 m."
25july2.bag,38.122904249,30,"Rejected frontier (5.36, 11.62): endpoint clearance 0.08 m is below required 0.10 m."
25july2.bag,38.123773468,30,"Rejected frontier (5.11, 11.97): endpoint clearance 0.08 m is below required 0.10 m."
25july2.bag,38.125268682,30,"Rejected frontier (5.11, 12.17): endpoint clearance 0.08 m is below required 0.10 m."
25july2.bag,38.125995429,30,"Rejected frontier (5.11, 12.32): endpoint clearance 0.04 m is below required 0.10 m."
25july2.bag,38.172801029,30,"Rejected frontier (4.86, 14.77): no safe interior on-path goal; 51 rejected samples (maximum backward search distance reached=1, unknown occupancy cell in clearance circle=51)."
25july2.bag,38.20785446,30,"Rejected frontier (3.66, 15.82): no safe interior on-path goal; 51 rejected samples (maximum backward search distance reached=1, unknown occupancy cell in clearance circle=51)."
25july2.bag,38.236601546,30,"Rejected frontier (3.31, 15.47): no safe interior on-path goal; 51 rejected samples (maximum backward search distance reached=1, unknown occupancy cell in clearance circle=51)."
25july2.bag,38.266010604,30,"Rejected frontier (4.06, 14.42): no safe interior on-path goal; 51 rejected samples (maximum backward search distance reached=1, unknown occupancy cell in clearance circle=51)."
25july2.bag,38.306842413,30,"Rejected frontier (3.36, 14.72): no safe interior on-path goal; 51 rejected samples (maximum backward search distance reached=1, unknown occupancy cell in clearance circle=51)."
25july2.bag,38.33834103,30,"Rejected frontier (3.06, 14.87): no safe interior on-path goal; 51 rejected samples (maximum backward search distance reached=1, unknown occupancy cell in clearance circle=51)."
25july2.bag,38.369671225,30,"Rejected frontier (3.61, 14.32): no safe interior on-path goal; 51 rejected samples (maximum backward search distance reached=1, unknown occupancy cell in clearance circle=51)."
25july2.bag,38.418028848,30,"Rejected frontier (3.96, 13.97): no safe interior on-path goal; 51 rejected samples (maximum backward search distance reached=1, unknown occupancy cell in clearance circle=51)."
25july2.bag,38.454098267,30,"Rejected frontier (4.71, 12.92): no safe interior on-path goal; 51 rejected samples (maximum backward search distance reached=1, unknown occupancy cell in clearance circle=51)."
25july2.bag,38.483349624,30,"Rejected frontier (6.11, 11.57): no safe interior on-path goal; 51 rejected samples (maximum backward search distance reached=1, unknown occupancy cell in clearance circle=51)."
25july2.bag,38.519651036,30,"Rejected frontier (3.91, 13.52): no safe interior on-path goal; 51 rejected samples (maximum backward search distance reached=1, unknown occupancy cell in clearance circle=51)."
25july2.bag,38.55532973,30,"Rejected frontier (3.41, 13.92): no safe interior on-path goal; 51 rejected samples (maximum backward search distance reached=1, unknown occupancy cell in clearance circle=51)."
25july2.bag,38.585359733,30,"Rejected frontier (3.46, 13.87): no safe interior on-path goal; 51 rejected samples (maximum backward search distance reached=1, unknown occupancy cell in clearance circle=51)."
25july2.bag,38.613451076,30,"Rejected frontier (5.06, 12.27): no safe interior on-path goal; 51 rejected samples (maximum backward search distance reached=1, unknown occupancy cell in clearance circle=51)."
25july2.bag,38.647658823,30,"Rejected frontier (5.06, 11.92): no safe interior on-path goal; 51 rejected samples (maximum backward search distance reached=1, unknown occupancy cell in clearance circle=51)."
25july2.bag,38.679083117,30,"Rejected frontier (5.31, 11.67): no safe interior on-path goal; 51 rejected samples (maximum backward search distance reached=1, unknown occupancy cell in clearance circle=51)."
25july2.bag,38.707826454,30,"Rejected frontier (2.81, 13.82): no safe interior on-path goal; 51 rejected samples (maximum backward search distance reached=1, unknown occupancy cell in clearance circle=51)."
25july2.bag,38.742502044,30,"Rejected frontier (-4.09, 15.02): no safe interior on-path goal; 51 rejected samples (maximum backward search distance reached=1, unknown occupancy cell in clearance circle=51)."
25july2.bag,38.772854061,30,"Rejected frontier (-4.19, 14.62): no safe interior on-path goal; 51 rejected samples (maximum backward search distance reached=1, unknown occupancy cell in clearance circle=51)."
25july2.bag,38.805093531,30,"Rejected frontier (-4.34, 14.27): no safe interior on-path goal; 51 rejected samples (maximum backward search distance reached=1, unknown occupancy cell in clearance circle=51)."
25july2.bag,38.83887796,30,"Rejected frontier (-3.84, 13.57): no safe interior on-path goal; 51 rejected samples (maximum backward search distance reached=1, unknown occupancy cell in clearance circle=51)."
25july2.bag,38.869043521,30,"Rejected frontier (-4.34, 13.12): no safe interior on-path goal; 51 rejected samples (maximum backward search distance reached=1, unknown occupancy cell in clearance circle=51)."
25july2.bag,38.898040132,30,"Rejected frontier (-3.64, 12.17): no safe interior on-path goal; 51 rejected samples (maximum backward search distance reached=1, unknown occupancy cell in clearance circle=51)."
25july2.bag,38.933373797,30,"Rejected frontier (-4.99, 12.77): no safe interior on-path goal; 51 rejected samples (maximum backward search distance reached=1, unknown occupancy cell in clearance circle=51)."
25july2.bag,38.963021511,30,"Rejected frontier (-4.69, 12.17): no safe interior on-path goal; 51 rejected samples (maximum backward search distance reached=1, unknown occupancy cell in clearance circle=51)."
25july2.bag,38.99589431,30,"Rejected frontier (-4.49, 11.92): no safe interior on-path goal; 51 rejected samples (maximum backward search distance reached=1, unknown occupancy cell in clearance circle=51)."
25july2.bag,39.055232478,30,"Rejected frontier (-4.04, 11.37): no safe interior on-path goal; 51 rejected samples (maximum backward search distance reached=1, unknown occupancy cell in clearance circle=51)."
25july2.bag,39.085622609,30,"Rejected frontier (-4.24, 11.17): no safe interior on-path goal; 51 rejected samples (maximum backward search distance reached=1, unknown occupancy cell in clearance circle=51)."
25july2.bag,39.123447368,30,"Rejected frontier (-5.09, 11.82): no safe interior on-path goal; 51 rejected samples (maximum backward search distance reached=1, unknown occupancy cell in clearance circle=51)."
25july2.bag,39.154890648,30,"Rejected frontier (-5.54, 11.37): no safe interior on-path goal; 51 rejected samples (maximum backward search distance reached=1, unknown occupancy cell in clearance circle=51)."
25july2.bag,39.155298787,20,Nav2 found no reachable safe frontier candidate.
25july2.bag,40.216177547,30,"Rejected frontier (5.46, 11.57): endpoint clearance 0.08 m is below required 0.10 m."
25july2.bag,40.216780137,30,"Rejected frontier (5.36, 11.62): endpoint clearance 0.08 m is below required 0.10 m."
25july2.bag,40.217811485,30,"Rejected frontier (5.11, 11.97): endpoint clearance 0.08 m is below required 0.10 m."
25july2.bag,40.21908726,30,"Rejected frontier (5.11, 12.17): endpoint clearance 0.08 m is below required 0.10 m."
25july2.bag,40.219903278,30,"Rejected frontier (5.11, 12.32): endpoint clearance 0.04 m is below required 0.10 m."
25july2.bag,40.270834049,30,"Rejected frontier (4.86, 14.77): no safe interior on-path goal; 51 rejected samples (maximum backward search distance reached=1, unknown occupancy cell in clearance circle=51)."
25july2.bag,40.29949535,30,"Rejected frontier (3.66, 15.82): no safe interior on-path goal; 51 rejected samples (maximum backward search distance reached=1, unknown occupancy cell in clearance circle=51)."
25july2.bag,40.332015635,30,"Rejected frontier (3.31, 15.47): no safe interior on-path goal; 51 rejected samples (maximum backward search distance reached=1, unknown occupancy cell in clearance circle=51)."
25july2.bag,40.365381965,30,"Rejected frontier (4.06, 14.42): no safe interior on-path goal; 51 rejected samples (maximum backward search distance reached=1, unknown occupancy cell in clearance circle=51)."
25july2.bag,40.397075843,30,"Rejected frontier (3.36, 14.72): no safe interior on-path goal; 51 rejected samples (maximum backward search distance reached=1, unknown occupancy cell in clearance circle=51)."
25july2.bag,40.432177434,30,"Rejected frontier (3.06, 14.87): no safe interior on-path goal; 51 rejected samples (maximum backward search distance reached=1, unknown occupancy cell in clearance circle=51)."
25july2.bag,40.463838117,30,"Rejected frontier (3.61, 14.32): no safe interior on-path goal; 51 rejected samples (maximum backward search distance reached=1, unknown occupancy cell in clearance circle=51)."
25july2.bag,40.492163897,30,"Rejected frontier (3.96, 13.97): no safe interior on-path goal; 51 rejected samples (maximum backward search distance reached=1, unknown occupancy cell in clearance circle=51)."
25july2.bag,40.52252446,30,"Rejected frontier (4.71, 12.92): no safe interior on-path goal; 51 rejected samples (maximum backward search distance reached=1, unknown occupancy cell in clearance circle=51)."
25july2.bag,40.550446619,30,"Rejected frontier (6.11, 11.57): no safe interior on-path goal; 51 rejected samples (maximum backward search distance reached=1, unknown occupancy cell in clearance circle=51)."
25july2.bag,40.590911976,30,"Rejected frontier (3.91, 13.52): no safe interior on-path goal; 51 rejected samples (maximum backward search distance reached=1, unknown occupancy cell in clearance circle=51)."
25july2.bag,40.649516773,30,"Rejected frontier (3.41, 13.92): no safe interior on-path goal; 51 rejected samples (maximum backward search distance reached=1, unknown occupancy cell in clearance circle=51)."
25july2.bag,40.678154427,30,"Rejected frontier (3.46, 13.87): no safe interior on-path goal; 51 rejected samples (maximum backward search distance reached=1, unknown occupancy cell in clearance circle=51)."
25july2.bag,40.707409751,30,"Rejected frontier (5.06, 12.27): no safe interior on-path goal; 51 rejected samples (maximum backward search distance reached=1, unknown occupancy cell in clearance circle=51)."
25july2.bag,40.740251659,30,"Rejected frontier (5.06, 11.92): no safe interior on-path goal; 51 rejected samples (maximum backward search distance reached=1, unknown occupancy cell in clearance circle=51)."
25july2.bag,40.768482688,30,"Rejected frontier (5.31, 11.67): no safe interior on-path goal; 51 rejected samples (maximum backward search distance reached=1, unknown occupancy cell in clearance circle=51)."
25july2.bag,40.799093228,30,"Rejected frontier (2.81, 13.82): no safe interior on-path goal; 51 rejected samples (maximum backward search distance reached=1, unknown occupancy cell in clearance circle=51)."
25july2.bag,40.830320635,30,"Rejected frontier (-4.09, 15.02): no safe interior on-path goal; 51 rejected samples (maximum backward search distance reached=1, unknown occupancy cell in clearance circle=51)."
25july2.bag,40.862549223,30,"Rejected frontier (-4.19, 14.62): no safe interior on-path goal; 51 rejected samples (maximum backward search distance reached=1, unknown occupancy cell in clearance circle=51)."
25july2.bag,40.895236887,30,"Rejected frontier (-4.34, 14.27): no safe interior on-path goal; 51 rejected samples (maximum backward search distance reached=1, unknown occupancy cell in clearance circle=51)."
25july2.bag,40.926281825,30,"Rejected frontier (-3.84, 13.57): no safe interior on-path goal; 51 rejected samples (maximum backward search distance reached=1, unknown occupancy cell in clearance circle=51)."
25july2.bag,40.956387592,30,"Rejected frontier (-4.34, 13.12): no safe interior on-path goal; 51 rejected samples (maximum backward search distance reached=1, unknown occupancy cell in clearance circle=51)."
25july2.bag,40.987783841,30,"Rejected frontier (-3.64, 12.17): no safe interior on-path goal; 51 rejected samples (maximum backward search distance reached=1, unknown occupancy cell in clearance circle=51)."
25july2.bag,41.018533937,30,"Rejected frontier (-4.99, 12.77): no safe interior on-path goal; 51 rejected samples (maximum backward search distance reached=1, unknown occupancy cell in clearance circle=51)."
25july2.bag,41.047703928,30,"Rejected frontier (-4.69, 12.17): no safe interior on-path goal; 51 rejected samples (maximum backward search distance reached=1, unknown occupancy cell in clearance circle=51)."
25july2.bag,41.081265149,30,"Rejected frontier (-4.49, 11.92): no safe interior on-path goal; 51 rejected samples (maximum backward search distance reached=1, unknown occupancy cell in clearance circle=51)."
25july2.bag,41.111845952,30,"Rejected frontier (-4.04, 11.37): no safe interior on-path goal; 51 rejected samples (maximum backward search distance reached=1, unknown occupancy cell in clearance circle=51)."
25july2.bag,41.142867957,30,"Rejected frontier (-4.24, 11.17): no safe interior on-path goal; 51 rejected samples (maximum backward search distance reached=1, unknown occupancy cell in clearance circle=51)."
25july2.bag,41.173339201,30,"Rejected frontier (-5.09, 11.82): no safe interior on-path goal; 51 rejected samples (maximum backward search distance reached=1, unknown occupancy cell in clearance circle=51)."
25july2.bag,41.231086521,30,"Rejected frontier (-5.54, 11.37): no safe interior on-path goal; 51 rejected samples (maximum backward search distance reached=1, unknown occupancy cell in clearance circle=51)."
25july2.bag,41.231586245,20,Nav2 found no reachable safe frontier candidate.
25july2.bag,42.317046481,30,"Rejected frontier (5.46, 11.57): endpoint clearance 0.08 m is below required 0.10 m."
25july2.bag,42.317485369,30,"Rejected frontier (5.36, 11.62): endpoint clearance 0.08 m is below required 0.10 m."
25july2.bag,42.318745925,30,"Rejected frontier (5.11, 11.97): endpoint clearance 0.08 m is below required 0.10 m."
25july2.bag,42.320420671,30,"Rejected frontier (5.11, 12.17): endpoint clearance 0.08 m is below required 0.10 m."
25july2.bag,42.321109205,30,"Rejected frontier (5.11, 12.32): endpoint clearance 0.04 m is below required 0.10 m."
25july2.bag,42.372894085,30,"Rejected frontier (4.86, 14.77): no safe interior on-path goal; 51 rejected samples (maximum backward search distance reached=1, unknown occupancy cell in clearance circle=51)."
25july2.bag,42.405166395,30,"Rejected frontier (3.66, 15.82): no safe interior on-path goal; 51 rejected samples (maximum backward search distance reached=1, unknown occupancy cell in clearance circle=51)."
25july2.bag,42.436611196,30,"Rejected frontier (3.31, 15.47): no safe interior on-path goal; 51 rejected samples (maximum backward search distance reached=1, unknown occupancy cell in clearance circle=51)."
25july2.bag,42.470596575,30,"Rejected frontier (4.06, 14.42): no safe interior on-path goal; 51 rejected samples (maximum backward search distance reached=1, unknown occupancy cell in clearance circle=51)."
25july2.bag,42.503740298,30,"Rejected frontier (3.36, 14.72): no safe interior on-path goal; 51 rejected samples (maximum backward search distance reached=1, unknown occupancy cell in clearance circle=51)."
25july2.bag,42.537241233,30,"Rejected frontier (3.06, 14.87): no safe interior on-path goal; 51 rejected samples (maximum backward search distance reached=1, unknown occupancy cell in clearance circle=51)."
25july2.bag,42.571321263,30,"Rejected frontier (3.61, 14.32): no safe interior on-path goal; 51 rejected samples (maximum backward search distance reached=1, unknown occupancy cell in clearance circle=51)."
25july2.bag,42.605713689,30,"Rejected frontier (3.96, 13.97): no safe interior on-path goal; 51 rejected samples (maximum backward search distance reached=1, unknown occupancy cell in clearance circle=51)."
25july2.bag,42.63800725,30,"Rejected frontier (4.71, 12.92): no safe interior on-path goal; 51 rejected samples (maximum backward search distance reached=1, unknown occupancy cell in clearance circle=51)."
25july2.bag,42.671113902,30,"Rejected frontier (3.91, 13.52): no safe interior on-path goal; 51 rejected samples (maximum backward search distance reached=1, unknown occupancy cell in clearance circle=51)."
25july2.bag,42.70854144,30,"Rejected frontier (3.41, 13.92): no safe interior on-path goal; 51 rejected samples (maximum backward search distance reached=1, unknown occupancy cell in clearance circle=51)."
25july2.bag,42.739855993,30,"Rejected frontier (3.46, 13.87): no safe interior on-path goal; 51 rejected samples (maximum backward search distance reached=1, unknown occupancy cell in clearance circle=51)."
25july2.bag,42.774886306,30,"Rejected frontier (5.06, 12.27): no safe interior on-path goal; 51 rejected samples (maximum backward search distance reached=1, unknown occupancy cell in clearance circle=51)."
25july2.bag,42.807175649,30,"Rejected frontier (5.06, 11.92): no safe interior on-path goal; 51 rejected samples (maximum backward search distance reached=1, unknown occupancy cell in clearance circle=51)."
25july2.bag,42.872997907,30,"Rejected frontier (5.31, 11.67): no safe interior on-path goal; 51 rejected samples (maximum backward search distance reached=1, unknown occupancy cell in clearance circle=51)."
25july2.bag,42.905960845,30,"Rejected frontier (2.81, 13.82): no safe interior on-path goal; 51 rejected samples (maximum backward search distance reached=1, unknown occupancy cell in clearance circle=51)."
25july2.bag,42.934585484,30,"Rejected frontier (5.31, 10.27): no safe interior on-path goal; 51 rejected samples (maximum backward search distance reached=1, unknown occupancy cell in clearance circle=51)."
25july2.bag,42.975071619,30,"Rejected frontier (-4.09, 15.02): no safe interior on-path goal; 51 rejected samples (maximum backward search distance reached=1, unknown occupancy cell in clearance circle=51)."
25july2.bag,43.008230131,30,"Rejected frontier (-4.19, 14.62): no safe interior on-path goal; 51 rejected samples (maximum backward search distance reached=1, unknown occupancy cell in clearance circle=51)."
25july2.bag,43.04658567,30,"Rejected frontier (-4.34, 14.27): no safe interior on-path goal; 51 rejected samples (maximum backward search distance reached=1, unknown occupancy cell in clearance circle=51)."
25july2.bag,43.077476223,30,"Rejected frontier (-3.84, 13.57): no safe interior on-path goal; 51 rejected samples (maximum backward search distance reached=1, unknown occupancy cell in clearance circle=51)."
25july2.bag,43.109548652,30,"Rejected frontier (-4.34, 13.12): no safe interior on-path goal; 51 rejected samples (maximum backward search distance reached=1, unknown occupancy cell in clearance circle=51)."
25july2.bag,43.147053127,30,"Rejected frontier (-3.64, 12.17): no safe interior on-path goal; 51 rejected samples (maximum backward search distance reached=1, unknown occupancy cell in clearance circle=51)."
25july2.bag,43.183543958,30,"Rejected frontier (-4.99, 12.77): no safe interior on-path goal; 51 rejected samples (maximum backward search distance reached=1, unknown occupancy cell in clearance circle=51)."
25july2.bag,43.216092184,30,"Rejected frontier (-4.69, 12.17): no safe interior on-path goal; 51 rejected samples (maximum backward search distance reached=1, unknown occupancy cell in clearance circle=51)."
25july2.bag,43.249968616,30,"Rejected frontier (-4.49, 11.92): no safe interior on-path goal; 51 rejected samples (maximum backward search distance reached=1, unknown occupancy cell in clearance circle=51)."
25july2.bag,43.281290692,30,"Rejected frontier (-4.04, 11.37): no safe interior on-path goal; 51 rejected samples (maximum backward search distance reached=1, unknown occupancy cell in clearance circle=51)."
25july2.bag,43.321932064,30,"Rejected frontier (-4.24, 11.17): no safe interior on-path goal; 51 rejected samples (maximum backward search distance reached=1, unknown occupancy cell in clearance circle=51)."
25july2.bag,43.355609586,30,"Rejected frontier (-5.09, 11.82): no safe interior on-path goal; 51 rejected samples (maximum backward search distance reached=1, unknown occupancy cell in clearance circle=51)."
25july2.bag,43.384811096,30,"Rejected frontier (-5.54, 11.37): no safe interior on-path goal; 51 rejected samples (maximum backward search distance reached=1, unknown occupancy cell in clearance circle=51)."
25july2.bag,43.385384941,20,Nav2 found no reachable safe frontier candidate.
25july2.bag,44.528684783,30,"Rejected frontier (5.46, 11.57): endpoint clearance 0.08 m is below required 0.10 m."
25july2.bag,44.529150873,30,"Rejected frontier (5.36, 11.62): endpoint clearance 0.08 m is below required 0.10 m."
25july2.bag,44.53002964,30,"Rejected frontier (5.11, 11.97): endpoint clearance 0.08 m is below required 0.10 m."
25july2.bag,44.531421506,30,"Rejected frontier (5.11, 12.17): endpoint clearance 0.08 m is below required 0.10 m."
25july2.bag,44.531960705,30,"Rejected frontier (5.11, 12.32): endpoint clearance 0.04 m is below required 0.10 m."
25july2.bag,44.587289054,30,"Rejected frontier (4.86, 14.77): no safe interior on-path goal; 51 rejected samples (maximum backward search distance reached=1, unknown occupancy cell in clearance circle=51)."
25july2.bag,44.621742465,30,"Rejected frontier (3.66, 15.82): no safe interior on-path goal; 51 rejected samples (maximum backward search distance reached=1, unknown occupancy cell in clearance circle=51)."
25july2.bag,44.65602499,30,"Rejected frontier (3.31, 15.47): no safe interior on-path goal; 51 rejected samples (maximum backward search distance reached=1, unknown occupancy cell in clearance circle=51)."
25july2.bag,44.690766241,30,"Rejected frontier (4.06, 14.42): no safe interior on-path goal; 51 rejected samples (maximum backward search distance reached=1, unknown occupancy cell in clearance circle=51)."
25july2.bag,44.722270103,30,"Rejected frontier (3.36, 14.72): no safe interior on-path goal; 51 rejected samples (maximum backward search distance reached=1, unknown occupancy cell in clearance circle=51)."
25july2.bag,44.756520146,30,"Rejected frontier (3.06, 14.87): no safe interior on-path goal; 51 rejected samples (maximum backward search distance reached=1, unknown occupancy cell in clearance circle=51)."
25july2.bag,44.786547861,30,"Rejected frontier (3.61, 14.32): no safe interior on-path goal; 51 rejected samples (maximum backward search distance reached=1, unknown occupancy cell in clearance circle=51)."
25july2.bag,44.817649195,30,"Rejected frontier (3.96, 13.97): no safe interior on-path goal; 51 rejected samples (maximum backward search distance reached=1, unknown occupancy cell in clearance circle=51)."
25july2.bag,44.85546864,30,"Rejected frontier (4.71, 12.92): no safe interior on-path goal; 51 rejected samples (maximum backward search distance reached=1, unknown occupancy cell in clearance circle=51)."
25july2.bag,44.889828192,30,"Rejected frontier (3.91, 13.52): no safe interior on-path goal; 51 rejected samples (maximum backward search distance reached=1, unknown occupancy cell in clearance circle=51)."
25july2.bag,44.91986256,30,"Rejected frontier (3.41, 13.92): no safe interior on-path goal; 51 rejected samples (maximum backward search distance reached=1, unknown occupancy cell in clearance circle=51)."
25july2.bag,44.955110457,30,"Rejected frontier (3.46, 13.87): no safe interior on-path goal; 51 rejected samples (maximum backward search distance reached=1, unknown occupancy cell in clearance circle=51)."
25july2.bag,44.986028982,30,"Rejected frontier (5.06, 12.27): no safe interior on-path goal; 51 rejected samples (maximum backward search distance reached=1, unknown occupancy cell in clearance circle=51)."
25july2.bag,45.019215456,30,"Rejected frontier (5.06, 11.92): no safe interior on-path goal; 51 rejected samples (maximum backward search distance reached=1, unknown occupancy cell in clearance circle=51)."
25july2.bag,45.050653082,30,"Rejected frontier (5.31, 11.67): no safe interior on-path goal; 51 rejected samples (maximum backward search distance reached=1, unknown occupancy cell in clearance circle=51)."
25july2.bag,45.106650658,30,"Rejected frontier (2.81, 13.82): no safe interior on-path goal; 51 rejected samples (maximum backward search distance reached=1, unknown occupancy cell in clearance circle=51)."
25july2.bag,45.138258799,30,"Rejected frontier (5.31, 10.27): no safe interior on-path goal; 51 rejected samples (maximum backward search distance reached=1, unknown occupancy cell in clearance circle=51)."
25july2.bag,45.17471926,30,"Rejected frontier (-4.09, 15.02): no safe interior on-path goal; 51 rejected samples (maximum backward search distance reached=1, unknown occupancy cell in clearance circle=51)."
25july2.bag,45.212852604,30,"Rejected frontier (-4.19, 14.62): no safe interior on-path goal; 51 rejected samples (maximum backward search distance reached=1, unknown occupancy cell in clearance circle=51)."
25july2.bag,45.245466425,30,"Rejected frontier (-4.34, 14.27): no safe interior on-path goal; 51 rejected samples (maximum backward search distance reached=1, unknown occupancy cell in clearance circle=51)."
25july2.bag,45.280186745,30,"Rejected frontier (-3.84, 13.57): no safe interior on-path goal; 51 rejected samples (maximum backward search distance reached=1, unknown occupancy cell in clearance circle=51)."
25july2.bag,45.316071027,30,"Rejected frontier (-4.34, 13.12): no safe interior on-path goal; 51 rejected samples (maximum backward search distance reached=1, unknown occupancy cell in clearance circle=51)."
25july2.bag,45.346319754,30,"Rejected frontier (-3.64, 12.17): no safe interior on-path goal; 51 rejected samples (maximum backward search distance reached=1, unknown occupancy cell in clearance circle=51)."
25july2.bag,45.380766412,30,"Rejected frontier (-4.99, 12.77): no safe interior on-path goal; 51 rejected samples (maximum backward search distance reached=1, unknown occupancy cell in clearance circle=51)."
25july2.bag,45.412229957,30,"Rejected frontier (-4.69, 12.17): no safe interior on-path goal; 51 rejected samples (maximum backward search distance reached=1, unknown occupancy cell in clearance circle=51)."
25july2.bag,45.44617082,30,"Rejected frontier (-4.49, 11.92): no safe interior on-path goal; 51 rejected samples (maximum backward search distance reached=1, unknown occupancy cell in clearance circle=51)."
