stamp_s,elapsed_s,global_x_m,global_y_m,interpolated_direct_utm_x_m,interpolated_direct_utm_y_m,global_to_direct_utm_m,global_to_centreline_m
1787657848.6629791,-0.16301393508911133,0.0,0.0,446.8024544635555,379.24434032524005,586.0534983970184,438.24934949615687
1787657848.6919792,-0.13401389122009277,0.0,0.0,446.8024544635555,379.24434032524005,586.0534983970184,438.24934949615687
1787657848.7219832,-0.10400986671447754,0.0,0.0,446.8024544635555,379.24434032524005,586.0534983970184,438.24934949615687
1787657848.7619832,-0.0640099048614502,0.0,0.0,446.8024544635555,379.24434032524005,586.0534983970184,438.24934949615687
1787657848.7919831,-0.03400993347167969,0.0,0.0,446.8024544635555,379.24434032524005,586.0534983970184,438.24934949615687
1787657848.823986,-0.002007007598876953,0.0,0.0,446.8024544635555,379.24434032524005,586.0534983970184,438.24934949615687
1787657848.8589861,0.03299307823181152,0.0,0.0,446.8008367846365,379.2446773299417,586.0524831741121,438.24934949615687
1787657848.893986,0.0679929256439209,0.0,0.0,446.7991207121037,379.24503483259883,586.0514062045138,438.24934949615687
1787657848.9219897,0.09599661827087402,0.0,0.0,446.7977476670395,379.24532087368937,586.0505445138048,438.24934949615687
1787657848.9569895,0.1309964656829834,0.0,0.0,446.7960315945067,379.2456783763465,586.0494675500821,438.24934949615687
1787657848.9919896,0.16599655151367188,0.0,0.0,446.79431551028404,379.24603588143896,586.0483905822871,438.24934949615687
1787657849.017993,0.1919999122619629,0.0,0.0,446.7930405432073,379.24630149032726,586.0475904497316,438.24934949615687
1787657849.062993,0.2369999885559082,0.0,0.0,446.7908341508767,379.24676113938386,586.0462057858144,438.24934949615687
1787657849.0919929,0.26599979400634766,0.0,0.0,446.7894122655466,379.2470573551754,586.0453134572039,438.24934949615687
1787657849.1229947,0.29700160026550293,0.0,0.0,446.78789222040007,379.24737402021634,586.0443595291893,438.24934949615687
1787657849.1619947,0.3360016345977783,-0.0011326765208448625,0.0027069842883722106,446.7859800152722,379.2477723824074,586.042271253783,438.2494265517129
1787657849.1869948,0.36100172996520996,4.337173790880082,3.555480759079253,446.78475423915745,379.2480277435356,580.4349673341561,432.9234342641788
1787657849.2219968,0.39600372314453125,4.336859487017423,3.5564245147757685,446.7830380614158,379.2483852681105,580.4335192851751,432.9233899996601
1787657849.262997,0.43700385093688965,4.336484084845073,3.5575343644035566,446.7810277899904,379.2488040600685,580.4318257814565,432.9233433479949
1787657849.2889967,0.46300363540649414,4.333151011184641,3.5560844292955847,446.7797529982617,379.2490696324272,580.4345051259025,432.92697456632663
1787657849.3209991,0.49500608444213867,4.331662724961905,3.556129182820049,446.7781838907417,379.24939651843994,580.434626132017,432.92834826575563
1787657849.360999,0.535006046295166,4.329783373328259,3.5561798871158143,446.77622265830996,379.2498050942968,580.4347953536837,432.93008500140814
1787657849.3929992,0.5670061111450195,4.328264638925247,3.556216466100502,446.77465366768865,379.2501319559564,580.4349449341337,432.9314900596081
1787657849.4210057,0.5950126647949219,4.32692424738241,3.5562455235193915,446.77328048234614,379.25041802627067,580.4350862914159,432.93273127897226
1787657849.4630058,0.6370127201080322,4.330139012159945,3.5561766580244774,446.7712211836169,379.2508470318945,580.4313883142269,432.92975407219717
1787657849.4910057,0.6650125980377197,4.330139483835502,3.5561712426186785,446.7698483255906,379.2511330340202,580.430530102802,432.92975556979496
1787657849.5230117,0.6970186233520508,4.330140623994054,3.556161641841761,446.7682790427226,379.2514599565624,580.4295508528292,432.92975794102017
1787657849.5620117,0.7360186576843262,4.3301428648025375,3.556144967568199,446.7663668375947,379.2518583187535,580.4283601907807,432.92976181591456
1787657849.5900116,0.7640185356140137,4.330138253690488,3.556176935673176,446.7649939795685,379.2521443208792,580.427481663889,432.9297546810697
1787657849.6230152,0.7970221042633057,4.3301388093158435,3.5561734591275114,446.76337578629534,379.2524814327342,580.4264682170578,432.92975540640964
1787657849.6600153,0.8340222835540771,4.330140181889889,3.5561650956758797,446.76156163577514,379.2528593675936,580.4253343682994,432.92975711780537
1787657849.6930153,0.8670222759246826,4.330142078806733,3.5561536692696696,446.75994361784996,379.2531964429191,580.4243251611208,432.9297594357385
1787657849.7230167,0.8970236778259277,4.330144350789505,3.5561400224846427,446.758472623387,379.2535028894236,580.4234093515333,432.9297621980632
1787657849.7630167,0.9370236396789551,4.332626268622348,3.560291842196447,446.75651139095527,379.25391146528045,580.4175996230937,432.9259588389342
1787657849.7910168,0.9650237560272217,4.333275836662708,3.561360578577521,446.75513852123913,379.2541974698415,580.415551370478,432.92496982460443
1787657849.8230188,0.997025728225708,4.334026839824656,3.562592331353194,446.7535694370989,379.25452435098356,580.4131971764804,432.92382775642454
1787657849.8630188,1.0370256900787354,4.334978404054089,3.564147316156875,446.7527139916661,379.2537222433863,580.410294077795,432.9223827387322
1787657849.8920188,1.066025733947754,4.3336573330089285,3.5594868286961727,446.75215894048966,379.25306938559663,580.4134720516462,432.9252841495443
1787657849.9230237,1.0970306396484375,4.333689034376723,3.5586372482288375,446.7515655169258,379.25237139374894,580.413093673405,432.92555858806304
1787657849.9630237,1.1370306015014648,4.3337294566762035,3.5575183544675846,446.75079993098444,379.25147090246696,580.4126206658565,432.92592126496646
1787657849.9930236,1.1670305728912354,4.333759418511639,3.5566623005738824,446.7502257415284,379.2507955340055,580.4122771097839,432.92619964795534
1787657850.0220249,1.1960318088531494,4.333788084979329,3.5558209887323993,446.7496706675357,379.25014264937903,580.4119541234103,432.92647396618065
1787657850.063025,1.2370319366455078,4.332650419243185,3.5564968276652493,446.7488859387516,379.2492196420579,580.4111882337772,432.92729441606434
1787657850.092025,1.2660319805145264,4.332355896836043,3.5561394452721746,446.74833088757515,379.24856678426823,580.4107983892728,432.9276973305182
1787657850.123028,1.2970349788665771,4.332036303672104,3.5557494641848177,446.7477375005173,379.2478688353593,580.4103903472965,432.9281353216934
1787657850.163028,1.3370349407196045,4.331616754523285,3.555234231485452,446.7469719145759,379.24696834407735,580.4098772091339,432.92871147347336
1787657850.191028,1.365035057067871,15.326789426399793,12.557188988791602,446.74643600167906,379.24633799695954,566.2012393588284,419.46399573727143
1787657850.2230318,1.3970386981964111,15.32610332924651,12.556029952141369,446.74582346265186,379.24561752127676,566.2015794322799,419.4650422087967
1787657850.260032,1.4340388774871826,15.325294194187519,12.55466395673318,446.7451152915492,379.2447845620103,566.20200157293,419.46627603627456
1787657850.293032,1.467038869857788,15.32455837989418,12.553421929348803,446.7444836826913,379.2440416561659,566.2024042194702,419.46739799608247
1787657850.320034,1.4940409660339355,15.323946205986362,12.55238908776939,446.7439668715679,379.24343377678116,566.2027521005259,419.46833126330614
1787657850.3590338,1.5330407619476318,15.326133763927878,12.557065174493838,446.7432204284694,379.24255580153834,566.1969195452382,419.4646535160665
1787657850.391034,1.5650408267974854,15.326330927021145,12.557696679711325,446.742607957891,379.24183540636585,566.195427110538,419.46424896674444
1787657850.4230354,1.5970423221588135,15.32653025183066,12.55833560794699,446.7419954599331,379.2411149789892,566.1939281800855,419.463839808918
1787657850.4630353,1.6370422840118408,15.326782274869613,12.559144712076,446.74122987399176,379.2402144877072,566.1920456250309,419.4633220412335
1787657850.4900355,1.6640424728393555,15.328561491455774,12.55542383045682,446.74071309937443,379.2396066512612,566.1923122808494,419.4629484857116
1787657850.5230384,1.6970453262329102,15.329390394352508,12.554467492287952,446.7400814357575,379.23886368100864,566.1913375821898,419.4625040867749
1787657850.5580382,1.7320451736450195,15.33028253930402,12.553432683915547,446.73941155034044,379.23807575382057,566.1903072795973,419.4620277010637
1787657850.5930383,1.767045259475708,15.33118823154985,12.552376733906916,446.7387416603601,379.23728782126517,566.1892803423389,419.4615459738889
1787657850.6170382,1.7910451889038086,15.331817074597666,12.551640415180229,446.738282309708,379.23674752756943,566.1885781474904,419.46121259730864
1787657850.6600382,1.834045171737671,15.330993759197773,12.554889695245471,446.7374593043647,379.2357794989046,566.1858471044436,419.46085399921583
1787657850.6910384,1.8650453090667725,15.331246124752054,12.555264744313291,446.73686597206586,379.2350816144039,566.1845078556355,419.46048691550675
1787657850.7210402,1.8950471878051758,15.33149183675915,12.555632274223619,446.73629174610386,379.23440620300363,566.1832076587358,419.4601286858469
1787657850.7630403,1.9370472431182861,15.331838259694818,12.556154339434277,446.73548787904014,379.2334606850106,566.1813807374264,419.4596222725838
1787657850.7870402,1.9610471725463867,15.331027812820194,12.55650515661547,446.735028528388,379.23292039131485,566.1810711448832,419.4602600364558
1787657850.821044,1.9950509071350098,15.330898955692808,12.556958266357352,446.73437770823847,379.232154888921,566.1798842223149,419.4602232028774
1787657850.861044,2.035050868988037,15.330740337193115,12.557499149004698,446.73327034494986,379.23124832046136,566.17822390882,419.4601837351703
1787657850.893044,2.0670509338378906,15.330607960207235,12.557937975966901,446.73234533274604,379.2305223679545,566.176865610689,419.46015517178074
1787657850.917044,2.091050863265991,15.330505478274937,12.558270665457698,446.7316515770391,379.22997790627875,566.1758470177137,419.46013550713775
1787657850.9630482,2.1370551586151123,15.330787868144297,12.557360088312373,446.73032175052697,379.2289342542208,566.174532397248,419.4601875537165
1787657850.9910483,2.165055274963379,15.330784389174656,12.557357106859328,446.72951236312565,379.2282990444251,566.1735088812658,419.46019185262037
1787657851.0200505,2.1940574645996094,15.330778802365174,12.557352131436016,446.7286740092199,379.227641101625,566.1724514689728,419.4601988214018
1787657851.0630505,2.2370574474334717,15.330766806906045,12.557341219133528,446.7274310270862,379.22666560531025,566.1708888190157,419.4602138639609
1787657851.0910506,2.2650575637817383,15.331306290112368,12.556495551015598,446.7266216396849,379.22603039551456,566.1699973405854,419.46000229801933
1787657851.1210532,2.295060157775879,15.331484481486763,12.556192975750593,446.7257543675177,379.22534975757134,566.1689559006155,419.45994050751443
1787657851.1610532,2.3350601196289062,15.331723552255083,12.555778992880287,446.7245981057088,379.2244423196421,566.1675731453772,419.4598604011291
1787657851.1910532,2.3650600910186768,32.11396521262759,26.29726040702218,446.7237309093522,379.22376174119523,544.4799106992589,398.9909560621936
1787657851.223053,2.397059917449951,32.11453067965,26.297219750930708,446.72280590404023,379.22303579409714,544.4783315378847,398.9904380720036
1787657851.263053,2.4370598793029785,32.11330427034447,26.297308501574186,446.7216496422314,379.2221283561679,544.47773923404,398.99156131643804
1787657851.2910528,2.465059757232666,32.113300742423256,26.29730617221865,446.72084026172195,379.221493151781,544.4767153712195,398.9915654260208
1787657851.3230557,2.4970626831054688,32.1132943242359,26.29730205314927,446.7199151668157,379.22076713436905,544.4755478912141,398.99157286208373
1787657851.3630557,2.537062644958496,32.11328272685251,26.297294739319998,446.71875890500684,379.21985969643987,544.474092802244,398.99158625483074
1787657851.3930557,2.5670626163482666,32.113305095793976,26.297308622489478,446.7178917086502,379.21917911799295,544.4729652741836,398.9915604990287
1787657851.423056,2.597062826156616,32.11330278456799,26.297307169731692,446.7170245054017,379.2184985341373,544.4718664713889,398.99156316641717
1787657851.4600558,2.6340627670288086,32.11329710817628,26.297303634491122,446.7159549639177,379.21765915459366,544.4705145749223,398.99156970641815
1787657851.487056,2.6610629558563232,32.113290998443844,26.29729985086807,446.71517448099405,379.21704662912356,544.4695303259,398.99157673838124
1787657851.5160558,2.6900627613067627,32.113282585889955,26.297294651135303,446.7143361960069,379.21638874041105,544.4684753293014,398.9915864173732
1787657851.5600555,2.734062433242798,32.11448477618029,26.297294104760418,446.7130643162874,379.2153905651794,544.4659447255817,398.9904559729957
1787657851.5930555,2.7670624256134033,32.11485230007187,26.297287640117986,446.71211039960593,379.21464192834696,544.4644574087963,398.9901125230055
1787657851.618061,2.7920680046081543,32.11513383151519,26.297281738564546,446.71138757401656,379.21407465253543,544.4633287357369,398.9898497554014
1787657851.661061,2.8350679874420166,32.11562409045057,26.297269603071165,446.71014459188285,379.21309915622066,544.4613844700102,398.9893928034647
1787657851.691061,2.865067958831787,32.11348687203711,26.304550541985027,446.7092773955262,379.2124185777738,544.4571910089558,398.98892828601686
1787657851.7190633,2.8930702209472656,32.11301464017865,26.30688335100238,446.70846794609815,379.2117833192993,544.4550103760406,398.98857957399497
1787657851.7610633,2.935070276260376,32.112288684105735,26.31045043553482,446.7072538684421,379.2108305073101,544.4517089797813,398.9880499993055
1787657851.7910633,2.9650702476501465,32.11175713832633,26.31304841833077,446.70638667208544,379.21014992886325,544.4493283059223,398.98766694792374
1787657851.8180685,2.9920754432678223,32.11126938329313,26.315422724185364,446.7056060444326,379.20953728980925,544.4471692336604,398.9873187318421
1787657851.8610685,3.0350754261016846,32.11725811517937,26.30271887353966,446.7050466380888,379.208573936033,544.4497928456822,398.98600404107657
1787657851.8920684,3.066075325012207,32.11864142270346,26.30074480079556,446.7047560773857,379.2078814296309,544.4493489279134,398.985373988081
1787657851.9210706,3.0950775146484375,32.11995637367439,26.298861856585887,446.7044842411247,379.20723355003435,544.4489411858543,398.9847772515508
1787657851.9620705,3.136077404022217,32.121849655716154,26.29614041664018,446.7040999509463,379.20631765395484,544.4483772200351,398.9839215823012
1787657851.9910705,3.1650774478912354,32.11785755227298,26.295908765085294,446.7038281347975,379.2056698222926,544.4509403548763,398.98775478598714
1787657852.0210736,3.195080518722534,32.117481293746636,26.294422533935364,446.7035469173206,379.204999584022,544.4515416481613,398.9886137620307
1787657852.0620737,3.2360806465148926,32.11695141516103,26.292347563773426,446.7031626249075,379.20408368261644,544.4524038110847,398.9898173042411
1787657852.0920737,3.266080617904663,32.11655220384796,26.2907971071947,446.70288143648156,379.2034135135843,544.4530642813879,398.9907196946257
1787657852.1190765,3.293083429336548,32.11618457934568,26.28937829294264,446.70262834030547,379.2028102980756,544.4536801602145,398.9915476381078
1787657852.1610763,3.335083246231079,32.11585537903344,26.297788311922364,446.70223467784996,379.2018720646261,544.4475716076228,398.9889989926096
1787657852.1920764,3.3660833835601807,53.450099359652626,43.76885163227575,446.7019441149122,379.20117955289794,516.8770260106968,372.98691357958984
1787657852.222077,3.3960838317871094,53.44978682551429,43.77025242934254,446.70166292201685,379.2005093732137,516.8757058779706,372.9867314317596
1787657852.2620769,3.4360837936401367,53.44936310775629,43.7721600055705,446.7012880041156,379.1996158145041,516.8739251937033,372.9864816141182
1787657852.291077,3.4650838375091553,53.45170189703773,43.77241991592714,446.7010161879668,379.19896798284185,516.8713498912202,372.98419370717653
1787657852.3200798,3.494086742401123,53.45225416497781,43.773476155787186,446.70074434500174,379.19832008726723,516.8696169783306,372.9833153365779
1787657852.3580797,3.5320866107940674,53.452991264043526,43.77488550474567,446.7003881738894,379.19747120862354,516.8673197026923,372.98214312835603
1787657852.3920798,3.566086769104004,53.45366357729604,43.77617118434343,446.7000694918856,379.19671167945955,516.8652384817323,372.98107388016024
1787657852.422078,3.5960848331451416,53.454266877998066,43.77732494527511,446.6997883213371,379.1960415530356,516.8633819357304,372.9801143707615
1787657852.4620779,3.636084794998169,53.450641961152186,43.77277326288206,446.69941340343587,379.195147994326,516.8682285760527,372.9850704611316
1787657852.491078,3.6650848388671875,53.4500499615206,43.772287218103244,446.69914158728704,379.19450016266376,516.8683671894775,372.9857924104634
1787657852.5220768,3.6960837841033936,53.4494042248311,43.77175657376503,446.6988510355227,379.19380767756576,516.8685323983225,372.9865800558801
1787657852.563077,3.737083911895752,53.4485297206665,43.77103708174291,446.69846674310963,379.19289177616025,516.8687779067317,372.98764703366663
1787657852.5910769,3.7650837898254395,53.452068030816655,43.768786853031415,446.69820430147263,379.19226628719395,516.8669405635452,372.9850841093574
1787657852.6220791,3.796086072921753,53.45281835158619,43.767612677815436,446.6979137184227,379.19157372753153,516.866461164152,372.9847775094762
1787657852.6600792,3.8340861797332764,53.45375537856162,43.76614230351337,446.69755754507565,379.1907248435618,516.8658805865814,372.9843959840183
1787657852.6920793,3.86608624458313,53.454559430250555,43.76487754063956,446.6972576098608,379.1900099944637,516.8653975197465,372.9840696388931
1787657852.7180793,3.8920862674713135,53.4552227569631,43.76383204062961,446.69701391277806,379.18942918023725,516.8650089993479,372.9838011228798
1787657852.760078,3.934084892272949,53.45344902756171,43.76662735955273,446.696620261496,379.18849097341797,516.8636360901392,372.9845192471492
1787657852.792078,3.9660849571228027,53.45344572175288,43.766627338826225,446.69632032628107,379.1877761243199,516.8629465146568,372.9845223632243
1787657852.8220809,3.9960877895355225,53.453440931694075,43.76662795729667,446.6960391110389,379.1871058913753,516.862300850398,372.9845266579606
1787657852.8620808,4.03608775138855,53.45343194128723,43.766629712216904,446.6956854683762,379.18501558044284,516.8606809745828,372.984534516783
1787657852.8920808,4.06608772277832,53.45021427260912,43.76594865868088,446.69542201175835,379.1833479804924,516.8622884072838,372.98779211872005
1787657852.9240825,4.0980894565582275,53.44907594070697,43.76571197857875,446.6951409758721,379.18156910914036,516.861939864284,372.9889431302589
1787657852.9590826,4.133089542388916,53.44780455229025,43.76544877813685,446.69483360877103,379.1796235692384,516.8615815791925,372.99022829140995
1787657852.9920826,4.1660895347595215,53.44658055878308,43.765196434817014,446.694543806282,379.1777892079676,516.8612657078431,372.99146518889853
1787657853.019086,4.1930928230285645,53.44556074253704,43.76498692539195,446.6943066662226,379.17628818379677,516.8610230830022,372.99249550511547
1787657853.0590858,4.233092784881592,53.44946798251993,43.766929854159535,446.6939553907321,379.17406471719613,516.8550792959074,372.9881605144255
1787657853.091086,4.265092849731445,53.44984651292284,43.76735116993244,446.6936743695022,379.17228593861444,516.8531497577227,372.98766132655715
1787657853.1220875,4.2960944175720215,53.450220280965105,43.76776771703227,446.69340211696885,379.1705626632045,516.8512696300633,372.98716823826385
1787657853.1620874,4.336094379425049,53.45071279460859,43.768317343325606,446.6930508414784,379.1683391966039,516.8488280839458,372.98651824405624
1787657853.1900873,4.364094257354736,78.09263003641608,63.94676761481477,446.69280494947253,379.1667827752846,485.0048936904685,342.9535090505537
1787657853.2140875,4.388094425201416,78.0918842548956,63.946646508701726,446.6925941825032,379.16544868472187,485.00451194233364,342.95425159895456
1787657853.2620869,4.436093807220459,78.09036277772971,63.94640078366918,446.6921726569397,379.16278055660814,485.00377351458513,342.955766023118
1787657853.2920868,4.4660937786102295,78.08939156343236,63.94624491425369,446.69190920032185,379.16111295665763,485.0033288991361,342.95673240018243
1787657853.3220885,4.496095418930054,78.08840468480803,63.9460872745884,446.69164572904765,379.15944526393685,485.00289727303584,342.9577141107983
1787657853.3570886,4.531095504760742,78.09204343538605,63.94614818477157,446.6913383619466,379.15749972403484,484.99859418308273,342.95427125528636
1787657853.3920884,4.566095352172852,78.09245571712023,63.94604251230915,446.6910309969393,379.15555419738575,484.99685148983895,342.95391942867764
1787657853.4210913,4.595098257064819,78.09280601821403,63.94595458468834,446.6907762964554,379.1539420210895,484.99540104721166,342.9536198625132
1787657853.4600914,4.634098291397095,78.09328943239954,63.94583586486462,446.69043380222405,379.15177413717805,484.99344156361406,342.953205571912
1787657853.4880912,4.662098169326782,78.0939867745935,63.947134620090495,446.6901879102182,379.1502177158588,484.9908690735236,342.9521083407034
1787657853.5200913,4.694098234176636,78.0945283739951,63.947547121255006,446.68990688898833,379.1484389372771,484.9888197311633,342.95145878625226
1787657853.5620914,4.736098289489746,78.09525726540383,63.94810255692782,446.6895380488858,379.14610429204527,484.98610714545566,342.9505845102448
1787657853.5900912,4.764098167419434,78.09575457960182,63.948481681847746,446.68929215687996,379.144547870726,484.98428436875776,342.94998794826074
1787657853.622092,4.796098947525024,78.09633411525235,63.9489236217529,446.6890111293688,379.14276905238563,484.982187039671,342.94929271058646
1787657853.660092,4.834099054336548,78.09500186083426,63.947907453240035,446.68867741639656,379.1406567511633,484.9822335607178,342.9508910203208
1787657853.687092,4.861099004745483,78.09500286723764,63.94790863090346,446.68844030564986,379.13915591253317,484.9810764201158,342.95088967357975
1787657853.722095,4.896101951599121,78.09500485904928,63.94791079008869,446.6881329134236,379.1372102135963,484.9795753637363,342.9508870665043
1787657853.7630951,4.9371020793914795,78.09500817684355,63.947914229730394,446.68777285458026,379.1349311510536,484.9778157901038,342.950882777196
1787657853.7920952,4.966102123260498,78.09254590334487,63.94693339350794,446.6875181792215,379.13331913379227,484.979083407808,342.9535318336512
1787657853.8210995,4.99510645866394,78.09177659654127,63.94662885219736,446.687263466175,379.1317068779786,484.97862463285963,342.95435884974336
1787657853.8590994,5.033106327056885,78.09074948766731,63.94622263181622,446.68658800287045,379.1306859039795,484.97849236732895,342.95546287917585
1787657853.8920994,5.06610631942749,78.08983985456572,63.94586321006675,446.68595640103604,379.12994300650564,484.97845445985234,342.9564405204655
1787657853.921103,5.095109939575195,78.08902681856243,63.94554221160615,446.68540128758383,379.1292900755626,484.9784347672349,342.9573142559508
1787657853.963103,5.137109994888306,78.09111186788881,63.94636561441945,446.6845974294592,379.12834456822304,484.9750895207542,342.9550734751627
1787657853.993103,5.167109966278076,78.09111492693945,63.946367015378485,446.6840232463882,379.1276692073711,484.9742109791301,342.9550701220682
1787657854.0231037,5.197110652923584,78.09111972395466,63.94636934944721,446.68344904962765,379.12699383041735,484.97333048935764,342.95506481733224
1787657854.060104,5.2341108322143555,78.09112803268428,63.94637351544776,446.6827408863999,379.12616088053613,484.9722419165923,342.9550555873112
1787657854.0881038,5.262110710144043,78.09512015817839,63.951188751032674,446.68220498402565,379.12553054588795,484.9652614633718,342.9496645744892
1787657854.1241007,5.298107624053955,78.09675513721366,63.9531525407132,446.6815160227495,379.124720181567,484.9616923080017,342.94745949886743
1787657854.1621008,5.3361077308654785,78.09852123031534,63.95527219018063,446.68078872145503,379.1238647212675,484.95786376440617,342.9450781428279
1787657854.1911008,5.365107774734497,104.87557769189685,85.87724849433242,446.6802336764508,379.1232118708338,450.35943188672275,310.3114644704009
1787657854.2221065,5.396113395690918,104.87743011621934,85.87933191323319,446.6796402457963,379.1225138707487,450.35576449517333,310.3090142354067
1787657854.2611063,5.435113191604614,104.87196163970687,85.87436199718024,446.67889381099826,379.12163590539836,450.36201275746083,310.3158462897381
1787657854.2931063,5.467113256454468,104.87162781877053,85.87433583989112,446.6782813472306,379.12091551834277,450.36134924017983,310.3161691299087
1787657854.3191063,5.493113279342651,104.87135213072891,85.87431310361264,446.67778372098985,379.120330204531,450.36081448325393,310.3164361348644
1787657854.361111,5.535117864608765,104.87089840775722,85.87427352220216,446.6769797761644,379.11938459521286,450.3599587315113,310.316876302273
1787657854.390111,5.564117908477783,104.87397254656328,85.8760713320618,446.6764247311602,379.1187317447792,450.3556086087216,310.3133741429979
1787657854.4231126,5.597119569778442,104.87484431842422,85.8767042920067,446.67579309738335,379.11798880973436,450.35357168762806,310.31233914388446
1787657854.4601126,5.634119510650635,104.87584260179564,85.87742723354899,446.67508493871884,379.1171558652204,450.351263471161,310.31115458246967
1787657854.4931126,5.66711950302124,104.87675170163634,85.87808376437495,446.6744533368845,379.11641296774656,450.34918292045677,310.31007646646054
1787657854.5171125,5.691119432449341,104.87742388535953,85.87856825791741,446.67399399134035,379.1158726801385,450.34765686192156,310.3092796331919
1787657854.5601213,5.73412823677063,104.87105054830229,85.87409762767247,446.6731708263105,379.11490446379094,450.35414977597327,310.3167929978314
1787657854.589121,5.763128042221069,104.86988279975354,85.87328691184841,446.67261578586954,379.11425161872455,450.3547175938068,310.3181667682191
1787657854.6191268,5.793133735656738,104.8686530451964,85.87243174986278,446.6720414932817,379.11357612905766,450.3553320561582,310.31961395929994
1787657854.6621268,5.836133718490601,104.86685258255679,85.87117730580495,446.67121849709036,379.1126081112999,450.3562604195597,310.3217335881483
1787657854.6921268,5.866133689880371,104.86440554752525,85.86658731660243,446.6706443140194,379.111932750448,450.3602307912112,310.32559492901424
1787657854.7221289,5.8961358070373535,104.862723439529,85.86447821323047,446.67007008987963,379.11125734129047,450.3620051615524,310.32789371492834
1787657854.7591288,5.933135747909546,104.86060969297236,85.86182512574135,446.6693619312151,379.1104243967765,450.36425710871924,310.33078332598404
1787657854.7911289,5.965135812759399,104.85874658936994,85.85948421833686,446.66874946744747,379.10970400972093,450.36626147526465,310.333331115266
1787657854.8191295,5.993136405944824,104.85708968159119,85.85740065102,446.6682135513836,379.10907365897083,450.3680585066981,310.3355975222543
1787657854.8591294,6.033136367797852,104.86366486430563,85.85636588674319,446.66776366622673,379.10854449871243,450.3630560097706,310.32976540402433
1787657854.8921294,6.066136360168457,104.86438930432006,85.85442405345336,446.66744786389825,379.10817304824684,450.36328906804084,310.3297440425537
1787657854.9191365,6.093143463134766,104.86499593091779,85.85280966493345,446.66718941214145,379.10786905420775,450.3634857822986,310.3297221954684
1787657854.9631367,6.137143611907959,104.86601071440855,85.85013094954397,446.66676834084905,379.1073737851312,450.3638178068253,310.32967821178295
1787657854.9921365,6.166143417358398,104.86641721987334,85.85493720147385,446.6664908193883,379.1070473610788,450.359956507786,310.3276624386326
1787657855.0231407,6.197147607803345,104.86707274718403,85.85520224556332,446.6661941164247,379.106698375514,450.3588339882315,310.3269558529488
1787657855.0611408,6.235147714614868,104.86789600315731,85.85554168743501,446.6658304641523,379.10627064337365,450.3574336402054,310.32606623761177
1787657855.0911407,6.265147686004639,104.86856136192561,85.85582101818314,446.6655433713338,379.1059329613762,450.3563090103601,310.3253455501867
1787657855.1201432,6.294150114059448,104.86921753691489,85.85610058075743,446.66526582477536,379.1056065078036,450.3552057561388,310.3246334210885
1787657855.1621432,6.336150169372559,104.86756258394276,85.85539387972888,446.66486389391684,379.10513375193364,450.3563090686051,310.3264300443898
1787657855.1921432,6.366150140762329,132.67622492808349,108.62197065005932,446.66457680109835,379.1047960699362,414.426886144048,276.50865276351556
1787657855.2211466,6.395153522491455,132.67628777977154,108.62203389894132,446.6642992454134,379.10446960562894,414.42637388319105,276.50857305490814
1787657855.2601466,6.4341535568237305,132.6763773897294,108.62212831156671,446.66392602406495,379.1040306182271,414.4256750888258,276.5084580636271
1787657855.2891467,6.463153600692749,132.67622578150431,108.62196330635587,446.66364850032255,379.10370419149115,414.425474335084,276.5086542908447
1787657855.3191476,6.493154525756836,132.67622741350274,108.62196837723413,446.6633613983776,379.103366498759,414.425031866815,276.50865113033996
1787657855.3601475,6.534154415130615,132.67623264618774,108.62198317041305,446.66296903887684,379.1029050008342,414.4244197736982,276.50864146308123
1787657855.3911476,6.565154552459717,132.67623892579448,108.62200039516598,446.6626723747006,379.1025560608916,414.42395126633795,276.5086300296919
1787657855.418151,6.59215784072876,132.6762459908838,108.62201961125544,446.6624139594496,379.102252109791,414.42353920602324,276.508617218089
1787657855.461151,6.635157823562622,132.6746702716003,108.6297393731446,446.66200245951495,379.1017680986596,414.41906700510253,276.5076551252969
1787657855.4911509,6.665157794952393,132.67425323662957,108.63185082490146,446.66171536669646,379.1014304166621,414.4175670256076,276.5073787997038
1787657855.5211568,6.695163726806641,132.67383084360105,108.63400402600963,446.6614282168377,379.10109266757314,414.4160437802344,276.5070942894589
1787657855.562157,6.736163854598999,132.6732449317159,108.63701294031688,446.6610358550553,379.10063116696466,414.41392548172,276.5066926189377
1787657855.592157,6.7661638259887695,132.6780099256617,108.63280885901636,446.66074876223684,379.1002934849672,414.41262110028197,276.50351249828725
1787657855.6171567,6.791163682937622,132.6790252258243,108.63300094211966,446.6605095193622,379.10001208464445,414.41136156667307,276.50248883671725
1787657855.6611583,6.83516526222229,132.6808518964928,108.63334674656599,446.66008843438016,379.09951679946596,414.40910960064434,276.50064705306767
1787657855.6891584,6.863165378570557,132.68204081396493,108.63357193551983,446.6598204797139,379.0992016279914,414.4076531252515,276.4994482620842
1787657855.7221587,6.896165609359741,132.68346849779456,108.63384251531772,446.6595046751038,379.0988301748422,414.4059131374475,276.4980086689164
1787657855.7631586,6.9371654987335205,132.67765342549018,108.63509400939991,446.659112315603,379.09836867691735,414.4089037057971,276.5031235414254
1787657855.7921586,6.966165542602539,132.67699219843928,108.63557742894844,446.65883479186067,379.0980422501814,414.4086658789084,276.50359664057794
1787657855.8191607,6.9931676387786865,132.6763664454305,108.63603515562333,446.6585763880177,379.0977383124991,414.408447108585,276.50404428303057
1787657855.8561606,7.030167579650879,132.67549322603665,108.63667425037464,446.6576365375365,379.097311425303,414.40770091728683,276.5046688452922
1787657855.8931606,7.067167520523071,132.6768795755605,108.6356593511156,446.6565597150195,379.09688210320763,414.40621683685407,276.5036773531833
1787657855.9161606,7.09016752243042,132.67688040298523,108.63565918240467,446.6558903377351,379.0966152268619,414.4055349824464,276.50367662240757
1787657855.9631698,7.137176752090454,132.6768840483866,108.63565777084332,446.6545222113054,379.09606976380155,414.40414057024753,276.50367361539526
1787657855.99117,7.165176868438721,132.6768874788281,108.63565625117579,446.65370731390146,379.09574486953585,414.4033095056038,276.50367084656597
1787657856.022173,7.1961798667907715,132.67689236915288,108.6356539764716,446.6528050225482,379.0953851318741,414.40238887244016,276.5036669338701
1787657856.060173,7.234179973602295,132.67700469697292,108.6307131595997,446.651699091844,379.0949442045348,414.4044027216419,276.5051321906109
1787657856.0891728,7.263179779052734,132.67703976260998,108.62939023882039,446.65085510013046,379.09460771055814,414.4043805024674,276.50551980157576
1787657856.121175,7.2951819896698,132.67708020954646,108.6279037579641,446.64992372834513,379.0942363787182,414.4043720191673,276.50595435035683
1787657856.162175,7.336181879043579,132.67713474824384,108.62595852463517,446.6487304938958,379.0937606439467,414.404385737316,276.5065214935325
1787657856.191175,7.365181922912598,160.37991305560192,131.3093448334829,446.6478864952435,379.0934241472036,378.6110175081908,243.35776438367543
1787657856.222177,7.396183967590332,160.37939722773828,131.30932671588633,446.6469842316453,379.0930644206076,378.61050175604163,243.35826616442864
1787657856.257177,7.4311840534210205,160.3788061295046,131.30930907562376,446.6459656116251,379.09265830346703,378.60992426576615,243.35884032858033
1787657856.2931771,7.467184066772461,160.37818811806576,131.30929393462313,446.6449178903565,379.0922405838491,378.60933589215006,243.35943974908236
1787657856.3231802,7.49718713760376,160.37766518687033,131.3092836102415,446.64404470025164,379.09189244866474,378.6088499790705,243.35994628238575
1787657856.36218,7.536186933517456,160.3789961434464,131.30931107876722,446.64290967523783,379.0914399216145,378.60667131527185,243.358656742095
1787657856.3891802,7.563187122344971,160.37899931186163,131.30931453735874,446.6421238790823,379.0911266298262,378.60586748070205,243.35865276200337
1787657856.4191802,7.593187093734741,160.37900501904375,131.30932027147037,446.6412507791816,379.09077853060563,378.6049714473664,243.3586457257636
1787657856.4631765,7.637183427810669,160.3790175226901,131.30933231252044,446.63997033813,379.09026802713214,378.6036518714684,243.35863045026076
1787657856.4891765,7.6631834506988525,160.38086626680618,131.31480482236,446.6392136501616,379.0899663405877,378.5979029419386,243.35538144528832
1787657856.5211825,7.695189476013184,160.38153673888758,131.31676426871115,446.6382821673558,379.08959496448466,378.5951662849056,243.35420994135893
1787657856.5621827,7.736189603805542,160.38241804855357,131.31933137314192,446.6370889259677,379.0891192269467,378.59160631511116,243.35267234610373
1787657856.5931826,7.7671895027160645,160.3831008934867,131.32131496851724,446.6361867248186,379.08875952524875,378.5888742820276,243.35148247308672
1787657856.6201863,7.794193267822266,160.38370738153583,131.3230727278762,446.6354008245813,379.0884461919637,378.58646606397605,243.35042674408862
1787657856.6611862,7.835193157196045,160.3822774110956,131.3226505591948,446.63420759013195,379.0879704571922,378.5866100054001,243.35191755108292
1787657856.6921864,7.8661932945251465,160.38234762354796,131.32388001593907,446.63330538204406,379.0876107527278,378.5848347283186,243.35152015446573
1787657856.7211897,7.8951966762542725,160.38241519979573,131.32504934041327,446.6324612862488,379.0872742172544,378.58315990072634,243.3511414309208
1787657856.7631898,7.937196731567383,160.38251649243924,131.3267752198004,446.6312389436123,379.08678687723904,378.58071065682,243.35058096255833
1787657856.79119,7.965196847915649,160.38422838916145,131.31859604917364,446.63042404620836,379.08646198297333,378.5839403851169,243.35112558265016
1787657856.8211946,7.995201587677002,160.38483399923513,131.31686168678107,446.62955080753204,379.08611382842383,378.58372945425305,243.35100738632875
1787657856.8581946,8.032201528549194,160.3855963628414,131.31467663529338,446.62814766623205,379.086388371075,378.5837018588538,243.35085909211674
1787657856.8931947,8.067201614379883,160.3863333774133,131.31256258087407,446.6267720364739,379.08675231861315,378.5837263062486,243.3507161941595
1787657856.9171946,8.091201543807983,160.38684767875864,131.31108647059196,446.62582875258374,379.08700188129353,378.5837536712223,243.35061672763774
1787657856.963204,8.137210845947266,160.3852914029627,131.31555390238665,446.6240204208704,379.0874803078988,378.58095237938966,243.35091755021844
1787657856.989204,8.16321086883545,160.38529081717337,131.31555255803298,446.622998526085,379.0877506685021,378.5803580099552,243.35091847515633
1787657857.0232034,8.197210311889648,160.3852896509436,131.31555082034828,446.62166222520125,379.08810421088083,378.5795810633922,243.35092006477126
1787657857.0612035,8.235210418701172,160.38528781431197,131.31554890886545,446.6201686837854,379.08849935406397,378.5787130818113,243.35092234683876
1787657857.0932033,8.267210245132446,160.383864919262,131.3153315783143,446.6189109750555,379.088832103478,378.5791979930428,243.35235139153406
1787657857.123209,8.297215938568115,160.3834168804599,131.3152625446133,446.6177316429531,379.08914411694883,378.57889446847906,243.35280152797273
1787657857.162209,8.33621597290039,160.38282222379578,131.31517106149613,446.616198800775,379.08954965785387,378.5785104248127,243.35339893079328
1787657857.191209,8.36521601676941,187.2386676754088,153.30192171129318,446.615058994332,379.08985121410217,343.88413962087964,212.04511819733463
1787657857.2232113,8.397218227386475,187.23844975366788,153.30208153117817,446.613801191895,379.0901839883081,343.88346884503653,212.04529889998068
1787657857.2612114,8.435218334197998,187.23894931210074,153.3017141824068,446.6123076504792,379.09057913149127,343.8824661868133,212.0448848623735
1787657857.2902114,8.464218378067017,187.23895098529735,153.3017153379225,446.6111678440362,379.09088068773957,343.8818024664633,212.04488298850595
1787657857.3222163,8.496223211288452,187.2389539452774,153.30171727545132,446.60990993852135,379.0912134892166,343.8810687044508,212.04487969530038
1787657857.3622162,8.53622317314148,187.23895928265614,153.30172068006317,446.60833779558095,379.0916294278436,343.8801497651644,212.04487377524734
1787657857.387216,8.561223030090332,187.2389635400709,153.3017233660788,446.6073552109285,379.0918893882458,343.87957437196695,212.04486905912174
1787657857.4232175,8.597224473953247,187.23949610280496,153.30660563606367,446.60594022418377,379.0922637483811,343.8751455766767,212.04335098593157
1787657857.4622176,8.636224508285522,187.23968665696523,153.30829037796923,446.60440738200566,379.0926692892861,343.8730057988666,212.04282052490834
1787657857.4902174,8.66422438621521,187.23982712145965,153.30952405133613,446.60330688569564,379.09296044533335,343.87145095994146,212.0424311866691
1787657857.522219,8.696225881576538,187.23999136071373,153.31095871766303,446.6020491113708,379.09329321210174,343.86965491362247,212.04197755355813
1787657857.564219,8.738225936889648,187.24016663575622,153.30154999338293,446.600398357535,379.0937299486517,343.87474220670424,212.0437267010863
1787657857.589219,8.76322603225708,187.24029102805912,153.30002795773675,446.5994157635119,379.09398991153313,343.8750773730667,212.04391568075565
1787657857.6232202,8.797227144241333,187.24046373860293,153.29792039724023,446.5980793970332,379.0943434712662,343.87555521300226,212.044176923586
1787657857.6622202,8.836227178573608,187.2406668597951,153.29544975541475,446.596546554855,379.09474901217123,343.8761344979332,212.04448255564216
1787657857.6922202,8.866227149963379,187.2366195740046,153.29542776294025,446.5953674476497,379.0950609661415,343.8785169987873,212.0484490599517
1787657857.723224,8.897230863571167,187.23538752641156,153.29402640851475,446.5941488897508,379.0953833575006,343.87965903194805,212.0499412946298
1787657857.762224,8.936230897903442,187.2338061782322,153.2922291820507,446.5926160475727,379.0957888984057,343.881142020638,212.0518563129676
1787657857.7912238,8.965230703353882,187.232607526285,153.2908679033146,446.59147625050036,379.0960904521748,343.8822782817473,212.05330768551784
1787657857.820226,8.994232892990112,187.2313893570616,153.28948530435915,446.59033635972094,379.09639203073584,343.8834432124682,212.0547825234622
1787657857.862226,9.036232948303223,187.23590843430858,153.2952814368409,446.5890556940782,379.0964247925081,343.8752845644396,212.04917509516963
1787657857.892226,9.066232919692993,187.23627618561966,153.29587592928297,446.5881766875807,379.0964091674876,343.8739436256208,212.04869370345372
1787657857.9222279,9.096234798431396,187.23665254680438,153.2964841155699,446.58729762519744,379.09639354147373,343.87258715885594,212.04820108839274
1787657857.963228,9.137234926223755,187.23718075303083,153.29733732629347,446.5860963114275,379.0963721871921,343.8707084725736,212.04750979896747
1787657857.988228,9.162235021591187,187.23628942728914,153.2958978755624,446.58536380252013,379.0963591662796,343.87176490428783,212.04867625961725
1787657858.0232298,9.197236776351929,187.23629169326526,153.29590171378618,446.5843382425468,379.09634093615773,343.8709752246389,212.0486732576659
1787657858.0622299,9.236236810684204,187.23629652790308,153.29590943967338,446.58319553200437,379.09632062359384,343.8700913337347,212.0486669473599
1787657858.0932298,9.267236709594727,187.2363021088289,153.29591817357306,446.58228722738596,379.0963044777766,343.86938574441655,212.048659700666
1787657858.123236,9.297242879867554,187.23630897482315,153.29592881569988,446.5814080392597,379.0962888495275,343.8687002333138,212.04865080634315
1787657858.163236,9.337242841720581,187.23619287738742,153.29696074369033,446.5802360305964,379.09626801616685,343.86721257453985,212.0485537543041
1787657858.1902359,9.364242792129517,212.78046586345144,174.214308209713,446.5794449254472,379.09625395366083,310.86745455621036,182.8655346152303
1787657858.2232401,9.397247076034546,212.78048954126504,174.21466877307142,446.5784778918584,379.0962367638907,310.8664604925416,182.86544004893787
1787657858.2612402,9.43524718284607,212.78052033967631,174.21509603084644,446.5773644794368,379.0962169721236,310.865305313838,182.8653253038167
1787657858.2932403,9.467247247695923,212.78046487271078,174.21436633797316,446.5764268697119,379.0962003053854,310.865111802456,182.86552408258297
1787657858.3212457,9.49525260925293,212.78046714354377,174.21436882631858,446.57560630577024,379.0961857192265,310.8644817106385,182.8655213642111
1787657858.3622456,9.536252498626709,212.7804734168506,174.21437536768428,446.57440499898604,379.0961643650691,310.8635551289362,182.8655139204211
1787657858.3922455,9.56625247001648,212.78048022715086,174.2143823361643,446.57352599248856,379.09614874004865,310.86287403453167,182.86550586573108
1787657858.423247,9.597254037857056,212.78046473209324,174.21436665073062,446.57261763897014,379.09613259336214,310.86220223212047,182.86552415852347
1787657858.4622471,9.636254072189331,212.78046667853403,174.21436856226225,446.5714749284277,379.09611228079825,310.861326716029,182.86552187228136
1787657858.4902472,9.664254188537598,212.78046985743566,174.21437167956412,446.5706545181719,379.0960976973713,310.8606956495738,182.86551813932837
1787657858.5222487,9.696255683898926,212.78047531456565,174.21437702831642,446.56971686653264,379.09608102988807,310.8599718523303,182.86551173159495
1787657858.5632486,9.737255573272705,212.78048514875132,174.2143866648129,446.5685155597485,379.09605967573066,310.8590405621267,182.86550018481736
1787657858.5912488,9.765255689620972,212.78238635131126,174.22203003903726,446.56769514949275,379.0960450923037,310.8519465178031,182.86212393385682
1787657858.6212509,9.795257806777954,212.7829871770969,174.22441900336685,446.5668160801237,379.0960294661656,310.8492487206306,182.8610622068441
1787657858.6622508,9.836257696151733,212.78382793042192,174.2277544141137,446.5656147733396,379.0960081120082,310.8455005829942,182.8595779925383
1787657858.6902506,9.864257574081421,212.78441516811333,174.23007918669634,446.56479437006954,379.09599352870543,310.8429001264109,182.85854228864608
1787657858.7222548,9.89626169204712,212.78509934462366,174.23278306451792,446.5638566415873,379.0959768598562,310.8398872978482,182.85733653694484
1787657858.762255,9.936261892318726,212.78240538611877,174.22408677789025,446.56268462593823,379.09595602637137,310.8467496545761,182.8616982394826
1787657858.7932549,9.967261791229248,212.78212017836796,174.2234873629402,446.5617763213199,379.0959398805541,310.84666545887023,182.86209643263118
1787657858.8232598,9.99726676940918,212.7818396332959,174.22289441086588,446.5608971681222,379.09592425292595,310.8465957647554,182.86248877629538
1787657858.8622596,10.036266565322876,212.78146838894344,174.22210490608364,446.55901720788535,379.0967111102442,310.84650005927784,182.86300892383372
1787657858.8932598,10.067266702651978,212.78151263193837,174.21913990563775,446.55749111936046,379.0973713241936,310.84770841514495,182.8635523401959
1787657858.9232614,10.097268342971802,212.78132699994387,174.21776815187573,446.5560141852897,379.0980102730225,310.8480625325273,182.8640057756889
1787657858.9632616,10.137268543243408,212.78107568700398,174.2158994091192,446.55404503767016,379.09886216248077,310.84856381463766,182.86462194897263
1787657858.9912615,10.165268421173096,212.78089716407374,174.21456419485955,446.5526666472472,379.0994584795162,310.84893455395485,182.8650611847086
1787657859.0232642,10.19727110862732,212.78069048922794,174.21301078910352,446.5510912047396,379.10014004490574,310.8493782933701,182.8655711964422
1787657859.0632641,10.237271070480347,212.78118604732748,174.21674053078638,446.549122068857,379.1009919292864,310.845627897337,182.86434731039674
1787657859.093264,10.267271041870117,212.78118781713047,174.21674126068004,446.54764521694506,379.10163084257186,310.8449365587983,182.86434543114922
1787657859.1212678,10.29527473449707,212.7811904260188,174.21674279181264,446.5462666387304,379.1022272408494,310.8442899502118,182.8643425708442
1787657859.1602678,10.334274768829346,212.78119559161027,174.2167462924063,446.5443467277238,379.10305782964383,310.8433873905305,182.8643368146403
1787657859.1932678,10.367274761199951,236.8327041387297,193.9126457743551,446.542722189447,379.10376063476565,279.7749822519411,155.39064173973043
1787657859.2232666,10.397273540496826,236.8341002271025,193.91345160434736,446.54124539621995,379.104399522663,279.7727183373418,155.38911378724606
1787657859.2632666,10.437273502349854,236.8360030685021,193.9145498953669,446.5392762603374,379.1052514070437,279.7696529535619,155.38703122546352
1787657859.2882667,10.462273597717285,236.83721626682032,193.91525027571808,446.5380455445423,379.10578383732036,279.7677099319992,155.385703414605
1787657859.323268,10.49727487564087,236.83894565483845,193.91624895280083,446.53632248609165,379.10652926408045,279.7649545094577,155.3838105895115
1787657859.363268,10.537274837493896,236.83511672779832,193.91403365905774,446.5343533502091,379.1073811484611,279.7683788321202,155.38800220069479
1787657859.3932679,10.567274808883667,236.8351159591617,193.91403404733495,446.5328764982971,379.1080200617466,279.76769511692135,155.38800287728745
1787657859.4232702,10.597277164459229,236.83511439793034,193.91403464019973,446.5313995290154,379.10865902580844,279.7670118135875,155.3880042903099
1787657859.4632702,10.637277126312256,236.83511120579263,193.91403546110448,446.5294303931328,379.10951091018904,279.7661016389487,155.38800725685184
1787657859.4902701,10.664277076721191,236.82840586229605,193.91453140843598,446.5281012275858,379.11008593163825,279.77018363551844,155.39448182884652
1787657859.5232694,10.69727635383606,236.82599016886266,193.9147111338397,446.5264767245199,379.1107887215272,279.7711229121836,155.39681417514578
1787657859.5632694,10.737276315689087,236.8229978023147,193.91493399710072,446.52450758863733,379.11164060590784,279.7723062517299,155.39970325168423
1787657859.5932693,10.767276287078857,236.82070735970518,193.91510465202532,446.5230307367254,379.11227951919335,279.7732260394135,155.40191461951537
1787657859.623272,10.797278881072998,236.8246102613974,193.91481453156638,446.52155375570675,379.11291848833275,279.7698086285166,155.39814632730764
1787657859.661272,10.835278987884521,236.82461269379203,193.9148144044687,446.5196830695761,379.113727781541,279.76894047759015,155.3981439681752
1787657859.691272,10.865278959274292,236.82461781550094,193.91481401150875,446.51820621766416,379.11436669482646,279.7682529006406,155.39813902553428
1787657859.7212768,10.895283699035645,236.82462576178156,193.9148133505128,446.5167291310127,379.1150057096646,279.7675632829495,155.39813136723282
1787657859.761277,10.935283899307251,236.82464074908555,193.91481206530383,446.51475998339316,379.1158575991229,279.7666409193881,155.3981169307029
1787657859.791277,10.965283870697021,236.8266847285859,193.9092093927542,446.5132831314812,379.1164965124084,279.76813391092116,155.3972221672125
1787657859.8212795,10.995286464691162,236.82733533024813,193.90746195619383,446.5118061504626,379.11713548154785,279.7681191103118,155.39693025749088
1787657859.8602793,11.034286260604858,236.82820198474565,193.90514394518064,446.51091853666264,379.1175964503054,279.76864403209066,155.39653948688294
1787657859.8882794,11.062286376953125,236.82883880993788,193.90344729693217,446.5103660768102,379.1178970396572,279.7690749001192,155.3962510299629
1787657859.9232795,11.097286462783813,236.8296519933785,193.90128836442068,446.5096755031707,379.11827277570706,279.7696258950884,155.3958811906238
1787657859.9632795,11.13728642463684,236.82560428101127,193.90520792303005,446.5088862788422,379.11870218687295,279.76975749141377,155.3990731504488
1787657859.9912794,11.165286302566528,236.8250510521824,193.90500049078696,446.50833382369393,379.1190027736652,279.770094390876,155.39965648882333
1787657860.021284,11.19529104232788,236.82444940929702,193.90477692863738,446.5077418113646,379.11932488322947,279.7704628558828,155.4002904758629
1787657860.063284,11.237290859222412,236.82359192765995,193.90446175747718,446.5069131286422,379.1197757634179,279.7709915845342,155.40119337129784
1787657860.0932841,11.267291069030762,236.8243364336993,193.90652854598184,446.50632120569173,379.12009782435183,279.7688349025953,155.40005456557267
1787657860.1212835,11.295290470123291,236.82414696938974,193.9069870528879,446.5057687599517,379.1203984060252,279.7684583039816,155.40014954238703
1787657860.1612835,11.335290431976318,236.82387398597157,193.90765930727989,446.50497953562325,379.120827817191,279.7679106223673,155.4002840850267
1787657860.1912835,11.365290403366089,259.1943074032117,212.23487105694022,446.5043876173769,379.1211498755654,250.87067626122604,129.8452832163381
1787657860.222287,11.396293878555298,259.1943139533808,212.2356000951477,446.50377589937136,379.1214827068435,250.86995106943596,129.8451325164274
1787657860.2612867,11.435293674468994,259.19644836412846,212.2267427267303,446.503006408944,379.12190138093854,250.8739537473135,129.84479322635204
1787657860.291287,11.465293884277344,259.19704055811576,212.22481378753497,446.5024144859935,379.12222344187245,250.874567167718,129.84459448911525
1787657860.322291,11.496297836303711,259.19766644924186,212.22278716441727,446.50180275857963,379.1225562782695,250.87521282271823,129.84438205322007
1787657860.3622909,11.536297798156738,259.19849483050655,212.22012278550372,446.5010135342512,379.1229856894354,250.87606334262983,129.8440973463157
1787657860.391291,11.565297842025757,259.1973357724612,212.229469965024,446.50044134520175,379.12329701329844,250.87049022157333,129.84338363933014
1787657860.4212933,11.595300197601318,259.19741622459463,212.23102746983,446.49984937991394,379.1236190972678,250.8691663118957,129.84299654259436
1787657860.4602933,11.634300231933594,259.1975255478266,212.23310088934605,446.4990798847824,379.12403777392234,250.8674093445604,129.8424790444031
1787657860.4922934,11.666300296783447,259.1976192454194,212.23484337590665,446.498448503438,379.1243813038788,250.86593732620116,129.84204235562623
1787657860.5212963,11.695303201675415,259.1977072579078,212.23645477028768,446.4978762579388,379.12469265845584,250.86457951025687,129.8416371831265
1787657860.5582962,11.732303142547607,259.19884096883067,212.24314643585166,446.4971462259054,379.12508986352833,250.85900062459515,129.83920159053952
1787657860.5922964,11.766303300857544,259.19926710312313,212.2465410775999,446.49647538146286,379.1254548650669,250.8561661505346,129.8381120726886
1787657860.6212988,11.795305728912354,259.1996386901897,212.24949219602675,446.495903145372,379.1257662145249,250.85370539253043,129.83716379806754
1787657860.658299,11.832305908203125,259.20012354018354,212.2533311731229,446.4951731086344,379.1261634221569,250.85050874108808,129.83592879025457
1787657860.6892989,11.863305807113647,259.2012660839128,212.2407233821234,446.4945614611911,379.12649621504255,250.85780766665627,129.83730397171496
1787657860.7223012,11.896308183670044,259.20197892063857,212.23860085109075,446.4939103036082,379.12685050510527,250.85843703918684,129.8370252903977
1787657860.7613013,11.93530821800232,259.20284036889353,212.23603512997127,446.49314080847665,379.1272691817598,250.8592048183167,129.8366886457852
1787657860.7893012,11.963308095932007,259.20347158466865,212.234154691414,446.4925883533284,379.1275697685521,250.8597720960748,129.83644206010217
1787657860.8213053,11.995312213897705,259.2042061157038,212.23196605398232,446.49195689201343,379.12791334202,250.86043692065218,129.8361551962518
1787657860.8613052,12.035312175750732,259.1982174351896,212.24171568917518,446.4908303041354,379.1275387045997,250.85733148308105,129.84009594154585
1787657860.8883052,12.062312126159668,259.1972092785688,212.24278424141664,446.49004451082857,379.1272254139221,250.85657821711163,129.8408726879786
1787657860.922309,12.096315860748291,259.19591661855674,212.24415460844142,446.48905488282395,379.12683085567693,250.85563033808415,129.84186858051248
1787657860.962309,12.136315822601318,259.19436319493116,212.2458018073807,446.4878907435636,379.1263667209298,250.85451641833282,129.84306529310734
1787657860.991309,12.165315866470337,259.19608958091925,212.24526435928334,446.48704674051817,379.1260302224082,250.852730997336,129.8414794153891
1787657861.0213118,12.195318698883057,259.19579191273834,212.2459900942814,446.4861735528071,379.1256820881503,250.85158690917453,129.84162757055842
1787657861.0613117,12.235318660736084,259.19538908679357,212.24697562968953,446.4850094135467,379.1252179534032,250.85005410242877,129.84182738818788
1787657861.0923116,12.266318559646606,259.1950721928581,212.24775354776935,446.4841072077016,379.12485824980416,250.8488602934547,129.84198406163458
1787657861.1223147,12.296321630477905,259.1947615777556,212.24851819750614,446.4832340130517,379.12451011277983,250.84769997919682,129.84213720628728
1787657861.1623147,12.336321592330933,259.1983346509939,212.24373558339994,446.4820698737914,379.1240459780327,250.84703601280978,129.83958129973405
1787657861.1893148,12.363321781158447,279.76612644509726,229.0944503476907,446.4812840735457,379.12373268458856,224.2826996038772,106.34377256640815
1787657861.2213192,12.395326137542725,279.7669562907962,229.09367031377084,446.48035263446315,379.12336132588797,224.28166377488805,106.34311350535428
1787657861.263319,12.437325954437256,279.76807368384016,229.09262296645235,446.47913029240306,379.1228739860634,224.2802992162953,106.34222548650175
1787657861.293319,12.467325925827026,279.76776388371457,229.09281210040655,446.4782571879578,379.12252588500303,224.27952112493924,106.34249172894846
1787657861.3223221,12.496329069137573,279.7682274519421,229.09234876742832,446.47741309470774,379.12218935051743,224.27863394238256,106.34212902468157
1787657861.3633223,12.537329196929932,279.7688983834092,229.09167972175615,446.4762198471087,379.1217136104651,224.27737758911044,106.34160376979702
1787657861.392322,12.566329002380371,279.7693840034768,229.09119662726113,446.4753758510021,379.12137711471,224.2764873431089,106.34122336071825
1787657861.4223275,12.596334457397461,279.76989601635677,229.09068807344963,446.4745025869641,379.121028950021,224.27556495392267,106.34082211932838
1787657861.4613276,12.635334491729736,279.7650323690889,229.08849687056417,446.47336754910356,379.1205764178127,224.27949953520945,106.34602321784264
1787657861.4923275,12.666334390640259,279.7640669432077,229.08753483729112,446.4724653432584,379.1202167142136,224.27994945668206,106.34715993889314
1787657861.522329,12.696336030960083,279.7631164244376,229.0865875151346,446.47159219024144,379.119868593788,224.28040780100216,106.34827913628993
1787657861.562329,12.73633599281311,279.7618243100951,229.08529964875908,446.47042805098107,379.1194044590409,224.28105396457,106.349800567937
1787657861.592329,12.76633596420288,279.76180795554353,229.07964236019916,446.4695549465358,379.1190563579806,224.2839687976168,106.35093619685718
1787657861.6233308,12.797337770462036,279.76108503926946,229.07709836738468,446.46865268518013,379.1186966322498,224.28529670999626,106.35214828028683
1787657861.6603308,12.834337711334229,279.76020761260264,229.07400381582394,446.4675758570582,379.11826730788533,224.28693148257136,106.35362077568743
1787657861.691331,12.86533784866333,279.759460147168,229.0713622156881,446.46667364427424,379.1179076015198,224.28834301896345,106.35487623957316
1787657861.7233331,12.897340059280396,279.7607436164615,229.07590634183268,446.4657422676411,379.11753626771736,224.28340840576217,106.35271885642058
1787657861.7593331,12.933340072631836,279.76074654466606,229.07590982333005,446.46469454091897,379.1171185458917,224.28234569948813,106.35271529713066
1787657861.7903333,12.964340209960938,279.76075214744446,229.07591917471956,446.46379232813507,379.11675883952614,224.2814240475683,106.3527079544931
1787657861.822334,12.996340990066528,279.7607609427333,229.07593498849093,446.46286099313477,379.1163875223225,224.28046628668093,106.35269620355953
1787657861.862334,13.036340951919556,279.7607762732848,229.07596354480242,446.4628027529539,379.11471256706835,224.2792719815962,106.3526755248264
1787657861.8873339,13.061340808868408,279.7602521948597,229.08109447459773,446.46282245319554,379.1136043023784,224.27550230900945,106.3521738082219
1787657861.9223351,13.096342086791992,279.76007598622965,229.08299844829094,446.4628500346987,379.11205266628286,224.2733421184963,106.3519697284369
1787657861.9633353,13.13734221458435,279.75986915958987,229.085287142534,446.46288234338056,379.110235096126,224.27077297996965,106.35171952349664
1787657861.9923353,13.16634225845337,279.7597226118883,229.08694402529434,446.4629051958262,379.1089494997847,224.268930550359,106.35153526962024
1787657862.022337,13.196343898773193,279.75957079684883,229.08869132514877,446.46292883754404,379.10761950183013,224.2670024620753,106.35133828503218
1787657862.062337,13.23634386062622,279.7618802709465,229.09183702318353,446.4629603580809,379.10584626987077,224.2620187915965,106.34845194389973
1787657862.0923371,13.26634407043457,279.7623860046105,229.09386273879005,446.4629839986715,379.104516335332,224.25941577565754,106.34755531646195
1787657862.1203358,13.294342756271362,279.76286819778164,229.0957868986082,446.46300606203283,379.10327513003466,224.2569563903468,106.34670186217832
1787657862.1633358,13.337342739105225,279.76362788209246,229.09880512404544,446.46303994662884,379.10136890462144,224.2531228844046,106.34535988558034
1787657862.1933358,13.367342710494995,298.5688353742099,244.50387464655887,446.4630635870315,379.1000389806519,199.9720735305716,84.8633725692969
1787657862.2223346,13.396341562271118,298.568835164333,244.50387542289266,446.46308643853774,379.0987534371571,199.97122479905036,84.8633726213835
1787657862.2623348,13.436341762542725,298.5688405199259,244.50387472636922,446.46311795926255,379.09698019462843,199.97005110489275,84.86336750956076
1787657862.2923348,13.466341733932495,298.5688478077217,244.50387298417553,446.4631415996653,379.09565027065895,199.9691692470419,84.8633607106932
1787657862.322337,13.496343851089478,298.56885730552506,244.50387027061126,446.4631652417589,379.09432025156576,199.96828635064455,84.86335193776642
1787657862.362337,13.536344051361084,298.56897682352366,244.49744208031512,446.4631967624837,379.0925470090371,199.9713543538853,84.86450694573139
1787657862.391337,13.565343856811523,298.56901940001984,244.49581243271317,446.46321961474143,379.0912614232651,199.97157134482998,84.86478772448096
1787657862.4203389,13.594345808029175,298.56906510721785,244.49415432408654,446.46324246869005,379.0899757423694,199.97180511434328,84.8650710669889
1787657862.4633389,13.637345790863037,298.56913851552014,244.4916437272485,446.46327635328606,379.0880695169562,199.97218267084148,84.86549596677507
1787657862.4933388,13.667345762252808,298.56932337293284,244.49381171620496,446.46329999368874,379.0867395929867,199.96970909401568,84.86488571272318
1787657862.5233421,13.697349071502686,298.569420520753,244.49321736097295,446.4633236367217,379.08540952104704,199.96915954549056,84.86490811138952
1787657862.563342,13.737349033355713,298.56955536694176,244.49241147460657,446.46335515725866,379.0836362890877,199.96843204236146,84.86493542008046
1787657862.5923421,13.766349077224731,298.5696568218952,244.4918175440084,446.4633780097043,379.0823506927464,199.96790837541644,84.86495351276565
1787657862.6173422,13.791349172592163,298.5688788885283,244.4948991625571,446.4633977101338,379.08124241748715,199.9656782755683,84.86510619632614
1787657862.663339,13.837345838546753,298.5685295672038,244.4960840793518,446.46343395615855,379.0792033465902,199.96379356252916,84.86521410928067
1787657862.6933389,13.867345809936523,298.5682981480658,244.49687756992543,446.4634575965613,379.07787342262066,199.96255307681753,84.86528391664164
1787657862.7233403,13.897347211837769,298.5680639225252,244.4976874196956,446.4634812380912,379.0765434352354,199.96130362996942,84.86535323735473
1787657862.7603405,13.93434739112854,298.56777120621155,244.49870866206797,446.46351039475695,379.0749031861606,199.95975045671733,84.86543805662077
1787657862.7903404,13.96434736251831,298.5686109811207,244.4966801043951,446.4635340351597,379.07357326219113,199.9596170159489,84.86501635010153
1787657862.823342,13.99734902381897,298.5687050556224,244.49666873656503,446.46356004093656,379.0721102707827,199.9585897011097,84.86492638598835
1787657862.8613422,14.035349130630493,298.56881800616213,244.4966570467635,446.46323133279435,379.07081838225145,199.95740144435433,84.86481798289644
1787657862.8933423,14.067349195480347,298.5689169756194,244.49664836905248,446.46293770408084,379.0697488954272,199.9563971282548,84.86472268825838
1787657862.9233444,14.097351312637329,298.5687428921786,244.49666085780422,446.462662408293,379.068746182803,199.9556390266543,84.86489085701822
1787657862.9633443,14.137351274490356,298.56874471443956,244.49666227851645,446.46229537349495,379.0674093282569,199.95446553670115,84.86488878963476
1787657862.9903445,14.164351463317871,298.56874729565226,244.49666430051533,446.4620476230374,379.06650694426673,199.95367171144957,84.86488585931376
1787657863.023347,14.197353839874268,298.56875193248345,244.49666793538276,446.4617447972332,379.0654039587865,199.95269954023988,84.8648805948388
1787657863.061347,14.235353946685791,298.5687592858764,244.496673706376,446.4613961128625,379.06413394218663,199.95157759306446,84.86487224478465
1787657863.093347,14.267354011535645,298.5683098990153,244.4979813654902,446.46110248414897,379.0630644553624,199.95009298725915,84.86505395297989
1787657863.1233494,14.297356367111206,298.5681834853442,244.49837252566968,446.46082718617345,379.06206173476994,199.94904479487704,84.86510045436411
1787657863.1633494,14.337356328964233,298.568013323191,244.49890620977703,446.4604601513754,379.06072488022375,199.9476403279757,84.86516163295049
1787657863.1903493,14.364356279373169,315.55787952501606,258.4165063848469,446.4602124031055,379.05982250420186,178.0175004801515,65.96181982460976
1787657863.2233517,14.397358655929565,315.5579231683116,258.4171179404327,446.45990957730135,379.05871951872166,178.01608375985003,65.96171963111131
1787657863.2633517,14.437358617782593,315.550765203682,258.4038948489922,446.45954254250336,379.05738266417546,178.02913274605842,65.9700735246218
1787657863.2903516,14.464358568191528,315.54907388834783,258.401061716118,446.4592947942334,379.05648028815364,178.03150274156786,65.97202039538439
1787657863.3233545,14.497361421585083,315.54697278941336,258.39753869126463,446.4589919640539,379.0553772867368,178.03446514344483,65.9744392885815
1787657863.3633544,14.53736138343811,315.5443762929884,258.3931803175191,446.45862492925585,379.0540404321906,178.03815225847177,65.9774289439325
1787657863.3933544,14.56736135482788,315.54863396769446,258.400326993977,446.4583496531573,379.053037791281,178.02929613854738,65.97252658410635
1787657863.4233572,14.5973641872406,315.5486393935676,258.4003305779499,446.4580743508064,379.05203505475197,178.02840771624375,65.97252084912446
1787657863.4633572,14.637364149093628,315.5486538858948,258.40034440628574,446.4577073160084,379.0506982002058,178.02721179799008,65.97250513634937
1787657863.4883573,14.66236424446106,315.54866722942785,258.40035825302886,446.45747791816575,379.0498626621303,178.02645766880158,65.97249056570583
1787657863.5233562,14.697363138198853,315.552228059465,258.4054068506662,446.45715677256214,379.04869295025964,178.0193889504438,65.96847669894967
1787657863.5633562,14.73736310005188,315.5540565708557,258.40798971305867,446.4567897377641,379.04735609571344,178.01511809892784,65.96641644327748
1787657863.5933561,14.76736307144165,315.5554614570145,258.4099732547357,446.45651446166556,379.0463534548038,178.0118588900803,65.96483358901878
1787657863.6233568,14.797363758087158,315.55689511471047,258.4119965774463,446.45623917900394,379.0453507899893,178.0085515502869,65.96321839654296
1787657863.6633568,14.837363719940186,315.55885134765447,258.4147561210926,446.4558721442059,379.04401393544316,178.00406707222697,65.96101457819498
1787657863.6933568,14.867363691329956,315.5551728260764,258.40956580859006,446.45559686810736,379.0430112945335,178.0094075721663,65.96515877679
1787657863.7233593,14.897366285324097,315.5551761412574,258.409570050349,446.45532156794417,379.04200856597276,178.00852028752303,65.96515508236905
1787657863.7603593,14.934366226196289,315.55518282534644,258.40957779825465,446.45498206097477,379.0407719763144,178.00742245410038,65.96514770827986
1787657863.7933593,14.967366218566895,315.55519119547637,258.40958706116373,446.4546792570476,379.03966907051694,178.0064399407075,65.96513851486407
1787657863.8213618,14.995368719100952,315.55517314643043,258.4095675782589,446.45442230949936,379.03873318787083,178.00564324516904,65.96515829363268
1787657863.8613617,15.03536868095398,315.5551754436072,258.40956977757963,446.4533592725065,379.0369849422705,178.00367361102133,65.96515580231696
1787657863.8933618,15.067368745803833,315.55517945495114,258.409573641583,446.4524468758005,379.035549715771,178.0020244887567,65.96515144978282
1787657863.921364,15.095371007919312,315.55518455346703,258.40957855522396,446.4516484658024,379.03429379367145,178.00057918756855,65.96514591738334
1787657863.9593642,15.133371114730835,315.5551938371883,258.4095875150392,446.4505649938643,379.0325894608667,177.99861456951584,65.96513584243678
1787657863.993364,15.167371034622192,315.56173122909223,258.41434090929636,446.44959557661286,379.03106453939427,177.98883968584767,65.95818564020804
1787657864.0213675,15.195374488830566,315.56356569116156,258.41567522825085,446.4487971326255,379.02980856382845,177.9851481719137,65.9562352959412
1787657864.0613675,15.235374450683594,315.56624075015475,258.4176214169703,446.44765664014193,379.02801453605076,177.9798077134227,65.95339121274748
1787657864.0923674,15.266374349594116,315.5683581779681,258.41916229391336,446.4467727605065,379.026624167731,177.97561423769037,65.9511399593182
1787657864.1213698,15.295376777648926,315.56133082333514,258.42199007474915,446.4459458334379,379.0253233874517,177.97737623776132,65.95787465048852
1787657864.1603699,15.334376811981201,315.55965287897635,258.4246707708948,446.4448338512271,379.02357420716044,177.974790653532,65.95929665009103
1787657864.1933699,15.367376804351807,330.7995060395049,270.9081934851108,446.4438929442484,379.0220941331745,158.31057998729395,49.626987829428806
1787657864.2213714,15.395378351211548,330.7982838209007,270.91022147561745,446.44309455464395,379.0208382431547,158.30864697640683,49.628016625101715
1787657864.2613714,15.435378313064575,330.7965021694032,270.91317322541056,446.4419540621604,379.019044215377,158.30587445189545,49.62951673693243
1787657864.2923713,15.466378211975098,330.7997329594974,270.90781112659135,446.441070182525,379.01765384705726,158.30558097481546,49.626797362336426
1787657864.3213732,15.495380163192749,330.79973311505637,270.9078075745601,446.4402432690521,379.0163530881644,158.3040909191656,49.62679753699611
1787657864.3613732,15.535380125045776,330.7997353688884,270.9077971464537,446.4391027765685,379.0145590603867,158.30203809794818,49.62679626037607
1787657864.3913732,15.565380096435547,330.79973854717434,270.9077851106957,446.4382474072059,379.0132135395534,158.3005002745047,49.62679421244286
1787657864.4223764,15.596383333206177,330.7997292264092,270.90781399067794,446.4373634324003,379.0118230215282,158.298892015392,49.626800813601356
1787657864.4613764,15.635383367538452,330.7997300969155,270.9078093713943,446.4362514501895,379.010073841237,158.29688769585462,49.626800375414064
1787657864.4913764,15.665383338928223,330.7997317968179,270.90780195719486,446.4353960808268,379.0087283204037,158.2953477995734,49.6267993707125
1787657864.52138,15.69538688659668,330.7997346042733,270.9077912109704,446.4345406094961,379.0073826391717,158.2938091866184,49.62679757237108
1787657864.5613801,15.735387086868286,330.79974011676865,270.9077717091521,446.4334001102147,379.0055886007007,158.2917601778395,49.62679389297664
1787657864.5913801,15.765387058258057,330.799728497843,270.90781203459466,446.432544740852,379.0042430798674,158.29019741290014,49.6268017205052
1787657864.6213837,15.795390605926514,330.79972977119587,270.9078074523938,446.43168926952126,379.0028973986354,158.28865571451553,49.6268008777684
1787657864.6613836,15.835390567779541,330.7997328525646,270.90779661096786,446.4305487770377,379.0011033708577,158.28660258419544,49.62679881552756
1787657864.6913836,15.865390539169312,330.79973616328346,270.9077849259883,446.4296934076751,378.9997578500244,158.28506443423646,49.62679660318837
1787657864.7163837,15.890390634536743,330.79973959369744,270.90777286366153,446.42898059647393,378.99863657731674,158.28378373428578,49.626794306679614
1787657864.762386,15.936393022537231,330.8007494027116,270.9066754273446,446.42766896077956,378.99657333630125,158.28142833717604,49.625890670198594
1787657864.7913861,15.96539306640625,330.8010001675704,270.9063931902322,446.4268421016896,378.99527266295445,158.2799456300216,49.62566717209736
1787657864.8213906,15.995397567749023,330.8012648255256,270.9060935544584,446.4259866031674,378.9939269389494,158.27841296876392,49.62543145502204
1787657864.8603904,16.03439736366272,330.8016167426176,270.90569248593835,446.42620719129644,378.99414104944464,158.27873713575823,49.62511826581866
1787657864.8883905,16.062397480010986,330.7990274347023,270.90895524600234,446.42647514935504,378.9944562248886,158.2788115537313,49.627393695880905
1787657864.9213963,16.09540319442749,330.7983570279291,270.9098223111267,446.42679101044104,378.99482774444107,158.279193657182,49.62798076720422
1787657864.9583962,16.132403135299683,330.7975903957347,270.91081144167214,446.4271450958384,378.99524422388157,158.2796213351429,49.628652324024685
1787657864.9913962,16.165403127670288,330.7968931945287,270.91170892717895,446.4274609021651,378.99561567902543,158.28000217062205,49.62926325189425
1787657865.0213988,16.19540572166443,330.7980589442239,270.9102103863325,446.4277480237163,378.9959533947965,158.28061422142576,49.62824156069391
1787657865.0593987,16.233405590057373,330.7980604021129,270.9102072325767,446.4281116783109,378.99638112964027,158.28117306187255,49.6282404016897
1787657865.0923986,16.26640558242798,330.7980632803643,270.91020045499226,446.42842748463755,378.99675258478413,158.28165995250077,49.62823816465814
1787657865.1223943,16.296401262283325,330.7980671924802,270.91019103427476,446.4287145400212,378.9970902227281,158.28210379631133,49.62823514344386
1787657865.1623943,16.336401224136353,330.7980743421548,270.91017364960857,446.4290973352921,378.99754047106205,158.28269755356996,49.62822963750799
1787657865.1923943,16.366401195526123,344.46065934658344,282.0935714016666,446.42938443174523,378.99787815731247,140.6700592282722,34.98700805172853
1787657865.2223957,16.396402597427368,344.46049553443646,282.092787939501,446.42967154188824,378.9982158596651,140.6711584370755,34.987243844795486
1787657865.2623956,16.436402559280396,344.46027521393023,282.09171812261974,446.4300543371591,378.998666107999,140.6726427642599,34.987562469696016
1787657865.2923956,16.466402530670166,344.4601085455125,282.0908968277744,446.4303414336123,378.99900379424946,140.6737700890933,34.98780461672601
1787657865.3193965,16.493403434753418,344.46059457463844,282.0881054513918,446.4305998293185,378.99930772234126,140.6757374149514,34.98757966010233
1787657865.3573964,16.531403303146362,344.4606784153205,282.0860709298691,446.4309634839132,378.999735457185,140.67763649238353,34.98768493833216
1787657865.3923965,16.56640338897705,344.4607596867452,282.08415502098296,446.43129843091606,379.000129425819,140.6794116657277,34.9877817701845
1787657865.4173963,16.591403245925903,344.4608202023277,282.08276184151157,446.4315376768195,379.0004108296859,140.68069486485203,34.98785077096281
1787657865.462398,16.636404991149902,344.46093422092105,282.0802022414108,446.43196833861157,379.0009173791893,140.68303672386946,34.987974716784926
1787657865.492398,16.666404962539673,344.4621041660722,282.0806323874631,446.4322554350647,379.0012550654397,140.6823331129674,34.98676990997087
1787657865.5224054,16.696412324905396,344.46250355374343,282.07949040267,446.4325426022487,379.0015928348846,140.6832712280831,34.9864781951033
1787657865.5624053,16.736412286758423,344.46304893902885,282.0779393942533,446.43292539751957,379.0020430832185,140.68453213082503,34.98607906040941
1787657865.5914054,16.76541233062744,344.46345366257844,282.07679435581844,446.43320292477546,379.0023695140657,140.68545370560656,34.98578231598619
1787657865.6214068,16.795413732528687,344.4632035775764,282.07589791021934,446.43349003491846,379.0027072164183,140.68669333832767,34.98611449209537
1787657865.659407,16.83341383934021,344.46344806694344,282.0744875164876,446.43385369179475,379.00313495394573,140.68804610680957,34.98600190967994
1787657865.691407,16.865413904190063,344.4636590247799,282.0732792461568,446.43415992892415,379.00349515368634,140.6891957846173,34.98590396171797
1787657865.7224112,16.89641809463501,344.4638678604911,282.0720906348214,446.4344566356441,379.0038441436465,140.6903188334115,34.985806302820905
1787657865.7624114,16.936418294906616,344.4641437254784,282.0705310776631,446.4348394331966,379.0042943946641,140.69178104605982,34.98567631908322
1787657865.7914112,16.965418100357056,344.46341878332396,282.07227573286394,446.43511695817085,379.00462082282763,140.69153049598216,34.98623627018283
1787657865.8184166,16.99242353439331,344.4633679485226,282.07195295236204,446.43537539722826,379.00492480190957,140.6921864735354,34.986316832413195
1787657865.8624167,17.036423683166504,344.4632839071469,282.0714242336239,446.43582562984204,379.0037799148411,140.6921491885628,34.986449564376095
1787657865.8894167,17.06342363357544,344.46323155493866,282.07109806283324,446.4361052932324,379.00288691095545,140.69199930252944,34.98653195201021
1787657865.9194174,17.093424320220947,344.46342553349825,282.0730282129148,446.4364160380157,379.00189465988313,140.69007052073232,34.986159736098166
1787657865.9594173,17.133424282073975,344.463470529894,282.0736716885372,446.43683035451534,379.0005716899955,140.68898342732595,34.986055233882624
1787657865.9904175,17.164424419403076,344.4635065843323,282.07418687244547,446.43715145153124,378.9995463828127,140.68812872348377,34.98597153760837
1787657866.0224183,17.196425199508667,344.4635448789926,282.07473379397015,446.4374829131273,378.9984879800918,140.68723525509088,34.98588266624593
1787657866.0594182,17.23342514038086,344.4635904901508,282.0753852852273,446.43786615564255,378.99726423373426,140.6861880797498,34.98577680825092
1787657866.0894182,17.26342511177063,344.46069695548397,282.0747172619384,446.43817689301727,378.9962720063185,140.68828731802046,34.98871984014386
1787657866.122424,17.296430826187134,344.459785610543,282.07493664654123,446.43851876364494,378.9951803661201,140.6882925412564,34.989606900455335
1787657866.1594238,17.333430767059326,344.45874336588395,282.07519290927587,446.43890200616016,378.99395661976257,140.6883062498979,34.99062087444864
1787657866.1924238,17.36643075942993,356.3753378893781,291.83456462065703,446.43924381751935,378.9928651688167,125.33186548311012,22.219976330940284
1787657866.2184298,17.392436742782593,356.3767067611969,291.8339923577933,446.4395131854761,378.99200503967455,125.3308751891255,22.218666456186885
1787657866.2594297,17.433436632156372,356.37670913780266,291.8339970691253,446.43993785914734,378.99064899790534,125.33023235894746,22.218663652727262
1787657866.2894297,17.463436603546143,356.37671311325454,291.8340045641549,446.4402485965221,378.9896567704896,125.32975758078116,22.21865899905377
1787657866.3224301,17.496437072753906,356.3767196648228,291.83401674074247,446.4405904128203,378.9885653037727,125.32923102507888,22.218651346032864
1787657866.3614302,17.53543710708618,356.37670669961227,291.83399289396624,446.44099437214834,378.9872754057666,125.3286502222976,22.218666467761185
1787657866.3924303,17.566437244415283,356.3767077302872,291.83399472609966,446.4413154691642,378.98625009858375,125.32816596307656,22.218665271551412
1787657866.4194334,17.593440294265747,356.37671011634075,291.8339989866536,446.4415951646583,378.9853569921864,125.32774122665417,22.218662500506724
1787657866.4624333,17.63644027709961,356.3767167844723,291.83401092811886,446.4420405551424,378.9839347987686,125.32705923532905,22.218654753239313
1787657866.4924333,17.66644024848938,356.3767235200196,291.834022998286,446.4423512925171,378.98294257135285,125.32657933896924,22.218646926906327
1787657866.5224347,17.696441650390625,356.3767072184807,291.8339937422047,446.442662044709,378.98195029662395,125.32614471997108,22.218665872433483
1787657866.5604348,17.73444175720215,356.3767094090394,291.83399767134426,446.4430556468654,378.9806934704994,125.3255493239205,22.21866332678816
1787657866.5904348,17.76444172859192,356.3767129056991,291.83400394531435,446.4433663842401,378.9797012430836,125.32507580822765,22.2186592631283
1787657866.6194355,17.793442487716675,356.37671776721527,291.8340126680813,446.4436667718518,378.9787420638928,125.32461515788911,22.218653613306127
1787657866.6584356,17.83244252204895,356.3767266003429,291.8340285161335,446.4440707311798,378.9774521658867,125.32399117560436,22.218643347938126
1787657866.6924355,17.866442441940308,356.3767080798999,291.8339952773734,446.4444228997106,378.9763276430593,125.3234987661708,22.218664872300977
1787657866.7154355,17.889442443847656,356.37670960573195,291.8339980186207,446.4446611319448,378.97556693458534,125.32313802831482,22.218663098724647
1787657866.762439,17.936445951461792,356.37671530798366,291.8340082553661,446.4451479906278,378.9740123274731,125.32239574631032,22.218656471330323
1787657866.792439,17.966445922851562,356.37672076129064,291.8340180424396,446.44545872800256,378.9730201000573,125.3219184281573,22.218650133526396
1787657866.8224385,17.996445417404175,356.3772960276276,291.83706346072984,446.4457694604382,378.9720278884126,125.31892088719265,22.217794802863366
1787657866.8624384,18.036445379257202,356.377577258553,291.8385235359502,446.43270262175724,378.9766185163924,125.31150466339076,22.217379323164216
1787657866.8924384,18.066445350646973,356.3777940171742,291.83964391790636,446.42208360129877,378.980420699526,125.30558273602077,22.21705955349768
1787657866.9174385,18.091445446014404,356.37797848394587,291.8405941490781,446.4132343753871,378.98358920057916,125.30063403663705,22.21678772252305
1787657866.9624364,18.136443376541138,356.3783200406034,291.8423423329253,446.39730656203545,378.9892922184344,125.29169489113477,22.216285447359173
1787657866.9924364,18.166443347930908,356.38314942110196,291.840798047361,446.386687541577,378.99309440156793,125.28431519553959,22.211620171066546
1787657867.0174363,18.19144320487976,356.3844604584605,291.841145495172,446.37783840005784,378.996262872404,125.27897891656947,22.210282553106136
1787657867.0624354,18.23644232749939,356.38686717746293,291.84178846070876,446.3619101647438,379.0019660413446,125.26932951225935,22.207826561977306
1787657867.0934353,18.267442226409912,356.3885621023219,291.8422451913056,446.35093720225444,379.00589495485076,125.26264716076749,22.206096573309917
1787657867.1194377,18.293444633483887,356.39043381303446,291.8391517525044,446.34173319038723,379.00919048844725,125.25913903943265,22.20451993621489
1787657867.1624377,18.33644461631775,356.3931034010615,291.83796695332205,446.3265125859575,379.0146402872937,125.25091002142833,22.20197178481606
1787657867.1924376,18.36644458770752,366.6644416916626,300.24337155698305,446.31589356549904,379.0184424704272,112.02618257812875,11.195104638764773
1787657867.2154377,18.389444589614868,366.6659398142379,300.24272649856107,446.30775230804164,379.02135748051796,112.02183267867713,11.193672824498751
1787657867.2604396,18.434446573257446,366.668922621534,300.24143989968536,446.2918230600179,379.0270610120633,112.01330442541142,11.19082224947488
1787657867.2924397,18.4664466381073,366.64184058545396,300.24463502581597,446.28049607110523,379.0311166861593,112.0251094173885,11.217491042764005
1787657867.3194404,18.493447303771973,366.636081635813,300.24492147192916,446.27093870795443,379.03453873860894,112.0246144823997,11.223198577741746
1787657867.3614404,18.535447359085083,366.62693525634893,300.24537534539775,446.2560720455556,379.03986180708273,112.0239729814777,11.23226339873711
1787657867.3914404,18.565447330474854,366.6202619261928,300.2457070935286,446.24545302509716,379.04366399021626,112.02360942510859,11.238877167410044
1787657867.4194405,18.59344744682312,366.5824011732973,300.2780490125966,446.2355418887004,379.04721271260445,112.02322962594161,11.273574028631517
1787657867.4604428,18.63444972038269,366.5573551821891,300.2943538592345,446.2210284088002,379.0524093226592,112.02290896212324,11.296999274908334
1787657867.4904428,18.66444969177246,366.53865701970307,300.3065428350267,446.21040938834176,379.0562115057927,112.02275858612443,11.314485930595186
1787657867.5204453,18.6944522857666,366.51964007346106,300.3189484085915,446.1997894395661,379.060014021314,112.02268349237073,11.332269899744478
1787657867.5614452,18.73545217514038,366.4931396922373,300.3362512365523,446.18527680359057,379.065210329198,112.02270179381591,11.357050673236664
1787657867.5864453,18.760452270507812,366.47753135764134,300.311375267454,446.17642757767896,379.06837883025116,112.04722071021114,11.374899611202348
1787657867.622448,18.796454906463623,366.45375373287163,300.3141793036604,446.1636838079331,379.07294178844256,112.05630558208459,11.398314529715144
1787657867.6614478,18.83545470237732,366.4274843350404,300.31725292185547,446.1498791404118,379.0778846053642,112.06648623334648,11.42418546292481
1787657867.6934478,18.867454767227173,366.40553343141846,300.31980614827324,446.13855215149914,379.0819402794601,112.07510003170111,11.445804808579558
1787657867.7214532,18.89546012878418,366.3783682219213,300.3366987679278,446.12863915846805,379.0854896666238,112.07799865477237,11.471285600863537
1787657867.7554533,18.929460287094116,366.35126629893097,300.34528514127044,446.1166042011011,379.0897988316821,112.08571526732035,11.49747401023544
1787657867.7924533,18.96646022796631,366.3212464784646,300.35480600849115,446.1035074176416,379.0944881878584,112.09436520304976,11.526481032105275
1787657867.8194642,18.993471145629883,366.2989866093605,300.3618788827057,446.0939464256145,379.0979115396419,112.1008405438234,11.54798869017793
1787657867.8594642,19.03347110748291,366.2654836043147,300.37252637942595,446.06509793806265,379.10724255135835,112.10322911713858,11.580359347690472
1787657867.8894641,19.06347107887268,366.23442571485737,300.3620634979047,446.04151604423254,379.11480519794424,112.12121116057475,11.612253998360263
1787657867.922465,19.096472024917603,366.2041390668424,300.36518825407467,446.01557519262934,379.1231243556092,112.12795296193526,11.642120110471877
1787657867.9614651,19.135472059249878,366.1677428138526,300.3689289583382,445.9849186744266,379.1329558142015,112.13631654780244,11.678012330194754
1787657867.989465,19.163471937179565,366.1411991958523,300.37160751208893,445.9629089818167,379.1400142603073,112.14262015312241,11.704192953821732
1787657868.019465,19.193471908569336,366.1145824912513,300.3860468177361,445.93932708798667,379.14757690689316,112.13995038307813,11.72935521868142
1787657868.0624676,19.23647451400757,366.0736952214082,300.3960246828445,445.9055242932211,379.1584173674714,112.14559926434261,11.769140418420703
1787657868.0864675,19.26047444343567,366.0505331784678,300.40165438560547,445.8866588156395,379.16446747271954,112.14895310322757,11.791680252623465
1787657868.1184778,19.292484760284424,366.0192584749097,300.40922939103626,445.8614966618632,379.1725369041961,112.15365178680005,11.822117276828692
1787657868.163478,19.33748483657837,365.97455749431543,300.420021915847,445.826123727412,379.1838809041261,112.1606798865098,11.86562415648435
1787657868.192478,19.366484880447388,374.9383932169727,307.7448093680809,445.8033278404859,379.19119148052323,100.63013701745575,2.2608768562688937
1787657868.2164779,19.39048480987549,374.91650492762574,307.7460000196663,445.7844623629043,379.1972415857714,100.63571588847748,2.282560273647388
1787657868.2634869,19.437493801116943,374.87310861204435,307.7484368954213,445.7475102929802,379.2090920099767,100.64693757403688,2.325543329537255
1787657868.2924867,19.466493606567383,374.8459414391355,307.7497577934802,445.7247145934664,379.21640252627117,100.6542686289362,2.3524707781640743
1787657868.3204863,19.49449324607849,374.8269122686108,307.7662144622001,445.7027050882688,379.2234609122744,100.64549705794958,2.3698910694314486
1787657868.3564863,19.53049325942993,374.79559796461103,307.7743941576584,445.67440677819025,379.2325361001979,100.64825675942946,2.4003114218035977
1787657868.3874862,19.561493158340454,374.76830691053414,307.7815690160264,445.6500388774562,379.24035081697247,100.65076961010183,2.4268191029868573
1787657868.4204862,19.59449315071106,374.7389213318678,307.7892957671261,445.6240987755019,379.2486697342272,100.65361647246213,2.4553610717587033
1787657868.4574854,19.631492376327515,374.70556233108846,307.7980381868086,445.5950150207561,379.2579968120317,100.65704242306757,2.4877650939064297
1787657868.4924855,19.666492462158203,374.67978147506403,307.79078160702807,445.56750271758153,379.2668199297665,100.66723934463703,2.5141079997323508
1787657868.5174856,19.691492557525635,374.65816092805045,307.7930179676292,445.54785104568373,379.273122165306,100.67151265916691,2.5354278115800026
1787657868.5624933,19.73650026321411,374.61882086352495,307.79697406498093,445.51247211404103,379.28446808851834,100.67954901267237,2.574231162279103
1787657868.5924935,19.76650047302246,374.5922939900988,307.7995187226718,445.48889003279874,379.29203079520676,100.68518566742245,2.60040753606041
1787657868.6204934,19.79450035095215,374.56102800838215,307.81269875019365,445.4668803401889,379.2990892413125,100.68735730144432,2.6303158575454364
1787657868.6624908,19.83649778366089,374.52008432822964,307.8215157876096,445.43386767539647,379.3096763094454,100.69419925400211,2.6702649226832382
1787657868.690491,19.864497900009155,374.4924690252461,307.8274119465507,445.4118577953744,379.3167348156537,100.69897212887254,2.6972140884594724
1787657868.7214966,19.895503520965576,374.4615955495995,307.8339764954649,445.38748539674674,379.3245509748901,100.70443927656764,2.727345362663141
1787657868.7604966,19.93450355529785,374.42233027809215,307.84232511575925,445.356828878544,379.33438243348246,100.71155520206271,2.7656667167658338
1787657868.7924964,19.966503381729126,374.3783843520256,307.8619262589056,445.3316749709059,379.3424492204458,100.71660544568888,2.807604559202493
1787657868.8185012,19.99250817298889,374.34888168433537,307.87070189958166,445.31123354385943,379.3490047282255,100.72141359561141,2.8361657988972073
1787657868.857501,20.031507968902588,374.3041632962883,307.88407091731693,445.2742325598072,379.36404384770105,100.72803612399636,2.879450971015105
1787657868.890501,20.064507961273193,374.26587555681493,307.89554447963985,445.24174833001274,379.3777342156058,100.73369826113702,2.916509085780699
1787657868.9195085,20.093515396118164,374.24539794478153,307.8833020000239,445.21319425737323,379.3897682321759,100.74523723966013,2.938034199130586
1787657868.9555085,20.129515409469604,374.2085278942667,307.88652932159397,445.17775689444363,379.404703187973,100.75455651265194,2.974445803068729
1787657868.9905086,20.164515495300293,374.17233908291615,307.88965581216416,445.1433038309949,379.41922331410933,100.76386685855385,3.010188460924035
1787657869.020507,20.19451403617859,374.14104810422094,307.8923131672713,445.1137741424894,379.43166850066024,100.77205566435562,3.0410979361093595
1787657869.060507,20.234513998031616,374.0989213020377,307.8957686742834,445.0743993469436,379.4482628740102,100.78332158598892,3.082722448352092
1787657869.090507,20.264513969421387,374.0748090569032,307.91000887153757,445.0448682502843,379.4607086540227,100.77823148515428,3.105409528481956
1787657869.118507,20.292513847351074,374.0468515900409,307.91526909683654,445.01730598727914,379.4723246758036,100.78302238215448,3.132758382516646
1787657869.160508,20.3345148563385,374.0045329421632,307.9230839507772,444.97596141931,379.48974920302624,100.7905314769906,3.1741694648126204
1787657869.187508,20.361515045166016,381.7579630838363,314.31023629664287,444.94938322109357,379.5009504940567,90.79088498595145,5.138401666503158
1787657869.219508,20.39351487159729,381.7178401320587,314.30427871964736,444.91788352547235,379.51422593339055,90.81069706014011,5.097899041856062
1787657869.2555122,20.429519176483154,381.6774351262562,314.3055324169706,444.8824419380814,379.5291626695724,90.82397717239085,5.057784621864403
1787657869.290512,20.464519023895264,381.6378982906377,314.3070853107687,444.847989109325,379.5436826967985,90.8368274424732,5.01856238616735
1787657869.3235092,20.49751615524292,381.60031056801625,314.30845403060135,444.81550769583805,379.55737187778004,90.84922910040152,4.981263769576123
1787657869.3605094,20.53451633453369,381.55777848077514,314.3097098210476,444.7790857987352,379.572721762148,90.8636034208206,4.939031636675976
1787657869.3895092,20.56351613998413,381.5325193524438,314.32467958935416,444.7505392362491,379.58475261358956,90.85920519769992,4.915270307573401
1787657869.4235086,20.59751558303833,381.49554682715967,314.3304440801178,444.7170711763583,379.5988576133345,90.86763420591127,4.878992062413943
1787657869.4615085,20.635515451431274,381.45384913398726,314.33669159759984,444.6796652144667,379.61462222845284,90.87745620608594,4.838053843421751
1787657869.4905086,20.664515495300293,381.42173731731833,314.34115342372223,444.65111841728833,379.62665317880464,90.88537347976356,4.806494484473153
1787657869.5195086,20.69351553916931,381.3971509272218,314.35503467513627,444.62257162010997,379.63868412915645,90.88128909642558,4.783302002415098
1787657869.557511,20.731518030166626,381.35787307282817,314.365041607627,444.5851630766032,379.65444983228775,90.88672635510571,4.745121973331289
1787657869.593511,20.767518043518066,381.32037664644827,314.37466624810565,444.5497257136735,379.6693847880848,90.89197353276096,4.708680220767453
1787657869.6235073,20.79751420021057,381.2889329739772,314.3827959169494,444.52019837209093,379.681828985533,90.8964061090353,4.678126416573049
1787657869.6635072,20.8375141620636,381.24672251280487,314.39374900066434,444.48082357654516,379.698423358883,90.90243137767168,4.6371142106678604
1787657869.6905072,20.864514112472534,381.211221806489,314.3947645210208,444.454245613021,379.70962455100323,90.91595570046968,4.601860839977935
1787657869.7235074,20.89751434326172,381.17380983817844,314.40192832859213,444.42176114853424,379.72331501781827,90.92407219191486,4.565274871913727
1787657869.7615075,20.935514450073242,381.13042062883346,314.4102734996802,444.3843549519504,379.73907973184686,90.93356438121826,4.522847046962568
1787657869.7935076,20.967514514923096,381.09362485284373,314.4173765044736,444.35285502163686,379.75235527009096,90.94168269749584,4.486868972399839
1787657869.8215146,20.995521545410156,381.0681567788287,314.4112480485403,444.3252857178629,379.76397425917986,90.9529723800845,4.460942163740597
1787657869.8625147,21.036521673202515,381.02377234482816,314.4145414203116,444.28235478844,379.78339769252767,90.96557383490129,4.417054714633921
1787657869.8925147,21.066521644592285,380.99109960348136,314.4169127174026,444.2507378703673,379.79780157162423,90.97495513065856,4.3847428968171265
1787657869.9195209,21.093527793884277,380.96154902503565,314.41903501425253,444.2222761362366,379.8107680276322,90.9835058740372,4.355516674113816
1787657869.9625208,21.13652777671814,380.91422352162,314.42236471887543,444.1769585285388,379.8314135991178,90.99734785131692,4.308704211609403
1787657869.9925208,21.16652774810791,380.89038733553724,314.43373030223273,444.1453416104661,379.84581747821437,90.99412282692528,4.28602530110608
1787657870.022528,21.196534872055054,380.8596352429345,314.43848898554006,444.1137171543255,379.8602247914666,91.00045271488167,4.255847343175475
1787657870.062528,21.23653483390808,380.8184541861919,314.44483944841136,444.07156126356193,379.8794299635953,91.0090170852924,4.215433083292883
1787657870.091528,21.2655348777771,380.7884630395102,314.44944395823535,444.0409981673776,379.89335374773026,91.01532029629765,4.1859984854492245
1787657870.1225293,21.296536207199097,380.7437328489925,314.4752117789739,444.0083259198029,379.90823840861964,91.01587614439119,4.143851888526139
1787657870.1635294,21.337536334991455,380.69504812896724,314.4916987260931,443.96511595588197,379.92792379018186,91.021981045572,4.096906764548001
1787657870.1935294,21.367536306381226,387.4070630599051,320.0801746380018,443.93349903780927,379.9423276692785,82.33295409436059,11.298455425706198
1787657870.2235355,21.397542476654053,387.3713034701305,320.09300477338763,443.9018755867444,379.95673452464325,82.33694021253795,11.264040415560725
1787657870.2585354,21.432542324066162,387.3292010982599,320.10776145154347,443.8649893079607,379.97353899302,82.3420103539967,11.223488719762202
1787657870.2895355,21.463542461395264,387.2982721358799,320.1131147304754,443.83231831673066,379.9884230815501,82.34774391393391,11.193189819856006
1787657870.3215418,21.495548725128174,387.2613252034351,320.12454236794434,443.79858697062,380.00379024131007,82.35281594463643,11.15746246828959
1787657870.3605418,21.53454875946045,387.21599118035147,320.1384459847203,443.7574849017448,380.0225153184772,82.35922700108692,11.113613915061803
1787657870.3915417,21.56554865837097,387.1797816166118,320.1497146379586,443.72481416178374,380.0373992925354,82.3642852140452,11.078606001729689
1787657870.4235415,21.597548484802246,387.1336058118067,320.1497499046525,443.6910895999342,380.0527633615553,82.38397898658563,11.032632630190909
1787657870.4605415,21.63454842567444,387.086372951302,320.15848987222415,443.6520954261047,380.0705281343272,82.39619704704887,10.986414360299126
1787657870.4935415,21.667548418045044,387.04400508048826,320.1663880004914,443.6173167910979,380.08637241278063,82.40718494084594,10.944961993333445
1787657870.523543,21.69754981994629,387.00526215793053,320.1735632479261,443.5856983654116,380.1007769787083,82.41733256399219,10.907051872932938
1787657870.558543,21.732549905776978,386.9597945599042,320.1819384706255,443.54881183535895,380.1175815615569,82.42935271446228,10.862557411724849
1787657870.591543,21.765549898147583,386.93018251176716,320.19604002492565,443.5140332003521,380.1334258400103,82.42707308338923,10.834381386936078
1787657870.6215484,21.795555353164673,386.8945611423994,320.2050448714668,443.482410503094,380.14783235195955,82.4337459187691,10.79974910128467
1787657870.6555486,21.82955551147461,386.85403416288904,320.2153747093606,443.4465777949298,380.1641568398465,82.44132746185556,10.76035529297105
1787657870.6915486,21.86555552482605,386.81092344750243,320.2264154699789,443.4086374429888,380.18144151765676,82.44941708643306,10.718454850168268
1787657870.7225542,21.89656114578247,386.7650157969488,320.2088203159237,443.37596067257334,380.19632823903953,82.48212040519383,10.671112774470805
1787657870.7625542,21.936561107635498,386.7128015809969,320.2090230352991,443.33380478180976,380.2155334111683,82.50284413858567,10.619142571914107
1787657870.7915542,21.965561151504517,386.67473875195844,320.2090830148396,443.30324168562544,380.22945719530316,82.51807475499646,10.581249476775868
1787657870.8205607,21.99456763267517,386.63648593360034,320.2090426832894,443.27267180518004,380.2433840701782,82.53350650395046,10.54315790517633
1787657870.8575609,22.031567811965942,386.5874297892582,320.208846600966,443.230915726356,380.25826277013823,82.54948141184558,10.494295153397381
1787657870.8915608,22.0655677318573,386.5486962657954,320.224332641175,443.1921481505052,380.27151966882735,82.54783650314099,10.457165443993839
1787657870.9195654,22.09357237815857,386.5128897306449,320.228121441449,443.1602165385153,380.28243895216764,82.55568233717095,10.42186486080764
1787657870.9625654,22.13657236099243,386.45763407232886,320.2338954975695,443.11118686134483,380.2992050627315,82.56795054242635,10.367383227225366
1787657870.9925654,22.166572332382202,386.4188860790004,320.2378965931985,443.0769801287969,380.3109023426858,82.57666523379056,10.329173568871282
1787657871.0215702,22.195577144622803,386.38137250015285,320.2527458160223,443.0439081020931,380.32221160043105,82.57713763788013,10.293199460166484
1787657871.0615702,22.23557710647583,386.3292882191031,320.26298775778093,442.9982991253625,380.3378079737034,82.58547584817292,10.242290043463763
1787657871.0935702,22.267577171325684,386.2874188884304,320.2712841881991,442.9618118352377,380.3502851095059,82.59221009024702,10.201371019756195
1787657871.1215773,22.295584201812744,386.25063011699837,320.278631539661,442.92987750473833,380.3612053224633,82.59814015343514,10.16542258935004
1787657871.163577,22.337584018707275,386.1976367990446,320.28207379965505,442.8819882422818,380.3775814586222,82.61105095160944,10.112977200791441
1787657871.193577,22.367583990097046,392.05335839888,325.1913141742188,442.8477815097339,380.3892787385765,75.01259035130394,16.398908217515668
1787657871.221584,22.395591020584106,392.01688603348504,325.1961805581077,442.81584717923454,380.4001989515339,75.02011797024254,16.36304465112104
1787657871.2635841,22.437591075897217,391.96195279509044,325.2035070155173,442.7679576449271,380.4165751806545,75.03154686536665,16.309028074339373
1787657871.291584,22.465590953826904,391.9251915287041,325.20851500283703,442.73603146995606,380.42749260476046,75.03916939130688,16.272889990590983
1787657871.3235822,22.497589111328125,391.88389871379786,325.2267898552762,442.6995463546388,380.4399689968692,75.03815826684279,16.23347076655938
1787657871.3615823,22.53558921813965,391.83389553026234,325.2386577610158,442.6562176636342,380.45478560725496,75.04484793348871,16.18478432382412
1787657871.3905823,22.564589262008667,391.7955383743721,325.24764336868355,442.6231510739493,380.46609300576586,75.05013919414952,16.147426266468443
1787657871.4205875,22.594594478607178,391.75572516100857,325.257140665655,442.5889383606806,380.4777923308779,75.05555232316387,16.1086659048983
1787657871.4575877,22.63159465789795,391.70641833193025,325.2689172579747,442.54674981253896,380.49221905982034,75.06232321848226,16.060664341359622
1787657871.4925876,22.66659450531006,391.6539146832689,325.27548306266635,442.5068420938252,380.5058658399527,75.0760641479618,16.008996303961638
1787657871.5165877,22.69059467315674,391.62043239992545,325.28222013894026,442.4794764903061,380.5152237382855,75.08213537448552,15.97628348074817
1787657871.563596,22.737602949142456,391.55454156769747,325.295534874541,442.4258764550497,380.5335527212444,75.09414976450475,15.911912147380642
1787657871.592596,22.766602993011475,391.5136844856199,325.3038087257795,442.3928098653648,380.5448601197553,75.10165882668426,15.871998911494739
1787657871.6236024,22.797609329223633,391.46845209469234,325.3092441894391,442.3574556499784,380.5569497911192,75.11324555030117,15.827465900172324
1787657871.6596024,22.833609342575073,391.41676756545763,325.3183089887684,442.3164075165507,380.57098654565664,75.12410880906589,15.776845299081856
1787657871.6916025,22.865609407424927,391.3706119238744,325.32640404920795,442.2799202264259,380.58346368145914,75.13388257668042,15.731639769242198
1787657871.719604,22.893610954284668,391.3300578328592,325.3335146293793,442.24799214849827,380.5943817562971,75.14252770961726,15.691920292502386
1787657871.7606041,22.934611082077026,391.27040275402857,325.34398943023297,442.20124275705376,380.6103681039744,75.15532632570451,15.633494335726313
1787657871.791604,22.96561098098755,391.2400682266824,325.33218225144816,442.1658958816429,380.6224552653719,75.16950320639988,15.602195207033454
1787657871.822607,22.9966139793396,391.19893022778484,325.3344545738086,442.1305454721697,380.63454363527177,75.18064432822992,15.561445460649134
1787657871.861607,23.035614013671875,391.1470236403244,325.3371988595481,442.0871659500341,380.64777446947915,75.1941345640428,15.510017359268714
1787657871.890607,23.064614057540894,391.10831300274725,325.3391537466899,442.0549769322116,380.65749023770843,75.20426129997782,15.47165505396429
1787657871.920609,23.094615936279297,391.06616944131036,325.34955497027767,442.0216759132967,380.66754164665053,75.20999461337573,15.43065825918748
1787657871.963609,23.13761591911316,391.00745041204107,325.3564027889966,441.97394746088275,380.6819477582056,75.22300012343003,15.372827813284973
1787657871.989609,23.163615942001343,390.97182765381234,325.36049943878606,441.9450883597065,380.69065844145416,75.23097634785547,15.337738775799828
1787657872.02261,23.196616888046265,390.92648964432465,325.3656935793275,441.9084584826899,380.70171461587125,75.24118799429512,15.293078212168169
1787657872.05761,23.231616973876953,390.87825492252455,325.3711962606386,441.86960963157514,380.713440554062,75.25212461118404,15.245562055624518
1787657872.09061,23.26461696624756,390.8459891938561,325.3875581624856,441.8329808131031,380.7244964089735,75.24526595658213,15.214953504733808
1787657872.1226084,23.29661536216736,390.80560131100606,325.39589943521037,441.79746373108753,380.73521670304854,75.25031607069148,15.175513699547254
1787657872.1616085,23.335615396499634,390.7563037333944,325.40615240932186,441.75417507932315,380.74828272792143,75.25645666663264,15.12737999047579
1787657872.1886084,23.36261534690857,395.9414585649889,329.77466725487494,441.7242060941436,380.75732841287146,68.52219866634027,17.485178961388584
1787657872.2206092,23.39461612701416,395.9028168529459,329.7760383738719,441.6886863657665,380.76804950571074,68.53124138897975,17.451962765204097
1787657872.2606091,23.434616088867188,395.85299146694905,329.7832769646064,441.6442878299988,380.7814505322851,68.53945236028468,17.406192389209536
1787657872.2906091,23.464616060256958,395.8155975347243,329.7888039478121,441.610988928173,380.7915013022158,68.54555427089387,17.37180698712063
1787657872.3216128,23.495619773864746,395.7769164412254,329.79452027914135,441.5765759081655,380.8018883518707,68.55188111929945,17.336253434024417
1787657872.3556128,23.529619693756104,395.7344475363684,329.80075206097285,441.5388372056902,380.81327920848355,68.55888008824668,17.29726015849319
1787657872.3936126,23.567619562149048,395.6651733020817,329.79771971968097,441.4966587025653,380.8260101517786,68.58871247105638,17.24092254109821
1787657872.4206164,23.59462332725525,395.6260724638839,329.80016771720045,441.46668548320736,380.8350571147513,68.59972112047991,17.206882285994475
1787657872.4636164,23.63762331008911,395.56360048659684,329.80405202683846,441.4189570307934,380.84946322630634,68.61740106065045,17.152555981422662
1787657872.4906163,23.664623260498047,395.52423420855274,329.80644608881096,441.38898804561387,380.85850891125637,68.62862932451095,17.118381194164115
1787657872.5236201,23.697627067565918,395.484873665171,329.8300916368589,441.3523549929635,380.86956604419055,68.62108853065546,17.07250673146654
1787657872.5626202,23.736627101898193,395.431399712519,329.84226797727587,441.3090663411991,380.8826320690634,68.62855864663443,17.021193365667504
1787657872.59362,23.767627000808716,395.38878100922426,329.8520139022059,441.27465755537,380.89301784069556,68.63452301471212,16.98028955645742
1787657872.6226206,23.796627521514893,395.3488198437256,329.8611832022133,441.24246800827524,380.9027337686777,68.6401254812403,16.9419319039671
1787657872.6596208,23.833627700805664,395.29772078106106,329.8730255768417,441.2013991245176,380.9151297901478,68.64724384839873,16.892836226270205
1787657872.6906207,23.864627599716187,395.2619379992481,329.8552479085911,441.16699033868844,380.92551556177995,68.66910563313829,16.872960685227447
1787657872.7216213,23.895628213882446,395.2210147609585,329.85717852632433,441.1325807589509,380.93590157304135,68.67974840133903,16.837896689204385
1787657872.760621,23.934628009796143,395.16945577197055,329.8594806003867,441.08929237182264,380.9489675180378,68.69328254542769,16.793830600747338
1787657872.7906213,23.964628219604492,395.1297402990225,329.861179337854,441.0559932053607,380.959018367845,68.70378344423112,16.759957937262033
1787657872.8226223,23.996629238128662,395.0797626837656,329.8729189917595,441.0204732123475,380.9697395405607,68.71269136096583,16.711983684179355
1787657872.8626223,24.03662919998169,395.0232669811575,329.8794483311702,440.9683418956123,380.99120530710576,68.72671685787094,16.661564715143182
1787657872.8906221,24.064629077911377,394.98361576536314,329.88399751767355,440.93141034093884,381.00668992800934,68.73666783923343,16.62622209229054
1787657872.9206285,24.094635486602783,394.9410283188852,329.88885594074657,440.89183219256535,381.023284209757,68.74740817686141,16.58830096766765
1787657872.9586287,24.132635593414307,394.88695814995555,329.89501274479613,440.8417104375409,381.0442992030991,68.76109919865205,16.54019076663797
1787657872.9906287,24.16463565826416,394.8427461342923,329.90931751501415,440.79950267693835,381.06199602571866,68.76496194094437,16.49562199009629
1787657873.0236278,24.19763469696045,394.7959956045128,329.91746082943723,440.75597727997615,381.08024530543616,68.774635084066,16.452436143448057
1787657873.057628,24.231634855270386,394.74771581906344,329.9259138495732,440.71113141640905,381.09904822891366,68.78462950093102,16.407813184787837
1787657873.090628,24.26463484764099,394.7007456099047,329.93416222886543,440.6676047615601,381.1172980360365,68.79437136367658,16.364386699321237
1787657873.1206331,24.294640064239502,394.6677444878439,329.9405742589003,440.628028185545,381.13389165852743,68.79755390965683,16.33352722153179
1787657873.1626332,24.336640119552612,394.61234846532255,329.9506641326844,440.5726305390632,381.15711872173415,68.80732896921826,16.282106347675658
1787657873.1906333,24.36464023590088,399.28112022845545,333.8970999527143,440.535698669918,381.1726034744891,62.744828277875854,18.11095326470339
1787657873.2216387,24.39564561843872,399.2402388790085,333.9047831347259,440.49480288518487,381.1897502133347,62.75194947541331,18.07217335710853
1787657873.2606385,24.434645414352417,399.18873429578963,333.9143893390974,440.44336255038564,381.2113180593288,62.761005559117365,18.023373046662392
1787657873.2916386,24.46564555168152,399.14000826590285,333.91646708233446,440.40247368402953,381.228461897445,62.77751114664509,17.980939188085486
1787657873.320639,24.494645833969116,399.0995378532003,333.9221263859429,440.36422260616627,381.2444997665546,62.78679184458858,17.943630729784033
1787657873.3586388,24.53264570236206,399.04638762798015,333.929376311888,440.3141011656135,381.26551462804537,62.799157409240365,17.89475380534947
1787657873.3916388,24.565645694732666,399.0001821933096,333.9358914329657,440.27057451076456,381.2837644351682,62.809763252772576,17.852172316773935
1787657873.4176388,24.59164571762085,398.9533699231315,333.9476040931979,440.23628074458395,381.29814308706517,62.819998956556326,17.806324004489145
1787657873.4606376,24.634644508361816,398.8876448373418,333.9592868974516,440.1795657762141,381.32192247551853,62.83503786680527,17.74449725298408
1787657873.4906375,24.664644479751587,398.84161230403515,333.96742386269364,440.13999611857605,381.3385131972801,62.84565705312108,17.70121926980139
1787657873.5206387,24.694645643234253,398.7954358720214,333.9755643349869,440.10042488857965,381.3551045782983,62.85636762751695,17.657817695245605
1787657873.5586386,24.732645511627197,398.73906928826426,333.9816486081534,440.05030344802685,381.37611943978914,62.87172602381379,17.60689321936372
1787657873.5936387,24.767645597457886,398.68581481226823,333.98936720428134,440.0041386902134,381.39547534776995,62.88515705152456,17.557729499452034
1787657873.6216416,24.7956485748291,398.64309258249915,333.9955601553482,439.967203047408,381.4109616827409,62.89596495578921,17.51828852060546
1787657873.6576416,24.831648588180542,398.58801857277274,334.0035325978023,439.91971939534807,381.4308705752251,62.90995056834462,17.46745030104394
1787657873.6916416,24.8656485080719,398.53586162278043,334.01116155704864,439.8748738462527,381.44967336685124,62.92317803751786,17.419262764736995
1787657873.7206469,24.894653797149658,398.4973286320716,334.02618156401064,439.83661616448404,381.46571400483884,62.924128376099574,17.37865723334035
1787657873.7606468,24.934653759002686,398.4382402956796,334.03887628262487,439.78385662096673,381.4878349671876,62.93539282126706,17.32190463350575
1787657873.7906468,24.964653730392456,398.39382506457434,334.0484679223205,439.74428696332876,381.50442568894914,62.943852970630736,17.279218802867632
1787657873.8216503,24.995657205581665,398.34783957444046,334.0584703303549,439.703393694369,381.5215713729841,62.95258387984698,17.23498563022264
1787657873.8626504,25.036657333374023,398.2799245694619,334.0646673041439,439.650588819732,381.55126748977506,62.980227513867874,17.174232483417168
1787657873.8926504,25.066657304763794,398.23279325281675,334.07206132062726,439.61205231609847,381.5735533009068,62.997101687131156,17.130421334207842
1787657873.922657,25.09666395187378,398.185524700451,334.0794836679067,439.5735072371595,381.5958440711713,63.014042914510895,17.086478989313626
1787657873.962657,25.136663913726807,398.12231260098963,334.08939325204506,439.52212523231475,381.62555848601363,63.0367471484688,17.027723711365756
1787657873.992657,25.166663885116577,398.0747528381707,334.0968358085221,439.48358872868124,381.6478442971454,63.05386663871107,16.983524258763673
1787657874.0216603,25.195667266845703,398.0416417214816,334.0969321480656,439.44633239563785,381.669389780606,63.067322243951466,16.955464897858302
1787657874.0596604,25.233667373657227,397.98632631309795,334.10348170684244,439.3975193072788,381.6976185809734,63.08794472793362,16.90518141629427
1787657874.0926604,25.266667366027832,397.9382217735193,334.1091457858108,439.3551291226558,381.72213299092954,63.10591703605738,16.861469745916704
1787657874.1176603,25.291667222976685,397.9017410516639,334.11345213565573,439.3230155227583,381.7407044116501,63.119546403399816,16.828314590948885
1787657874.1626635,25.336670398712158,397.8409270153145,334.1103332779995,439.26520663278575,381.77413551935814,63.1491012282027,16.77853683969855
1787657874.1906633,25.364670276641846,402.0519623290819,337.70149850623096,439.2292393518988,381.794935538903,57.67478752614078,18.887136388380682
1787657874.2226667,25.396673679351807,402.00686171867784,337.70292664511413,439.1881293378659,381.818709621188,57.694444874370134,18.84564913208509
1787657874.2626667,25.436673641204834,401.95047103104764,337.70447543690256,439.1367473330212,381.8484240360304,57.719211213677916,18.793876327055735
1787657874.2876668,25.461673736572266,401.915208870602,337.7052580906122,439.1046334268628,381.8669956338628,57.734845298699526,18.761580270760554
1787657874.3206668,25.49467372894287,401.87502138994364,337.701277164298,439.0622432422398,381.8915100438189,57.75522617943924,18.72683041219129
1787657874.359665,25.533671855926514,401.82267317887647,337.7001641765225,439.0121481457252,381.9204802345287,57.779697131257365,18.67984590771849
1787657874.392665,25.56667184829712,401.7784128857195,337.69908865101195,438.9697579611022,381.94499464448484,57.8004874174901,18.640177397614078
1787657874.4196696,25.593676567077637,401.74221691018295,337.69813143868157,438.93506901323997,381.9650553990299,57.81754754805096,18.60776935457453
1787657874.4636695,25.63767647743225,401.6742600502572,337.7220462929328,438.8785488691629,381.9977412199341,57.83161996511456,18.536069239617174
1787657874.4906695,25.664676427841187,401.6352907043821,337.72879489661494,438.8438660465188,382.01779843224153,57.844566842273174,18.4978938875197
1787657874.5216708,25.695677757263184,401.59050192184856,337.7366338793527,438.804043247077,382.0408281132821,57.85939236357591,18.45398280335409
1787657874.562671,25.736677885055542,401.53119088633025,337.74704921498517,438.7513764777285,382.0712855124738,57.87901293917979,18.395819420685992
1787657874.5906708,25.76467776298523,401.49063722782273,337.75420924001475,438.71540919684156,382.0920855320187,57.89240815711933,18.356034174956644
1787657874.6186736,25.792680501937866,401.44906361489996,337.7626768344619,438.67943824082374,382.11288767690615,57.90545739872788,18.314772301992402
1787657874.6556737,25.829680681228638,401.39497184227525,337.7727756919961,438.6319096107075,382.14037367003607,57.922994438401325,18.261473863149053
1787657874.6906736,25.864680528640747,401.34373819402384,337.78241951777727,438.58695050959886,382.16637369446715,57.939556884235024,18.21095845725609
1787657874.7226799,25.896686792373657,401.29682744878755,337.79128322206066,438.5458368204351,382.1901499020948,57.95470698433849,18.164691171593603
1787657874.7626798,25.936686754226685,401.24460971824493,337.79843965195687,438.49445481559036,382.2198643169371,57.97252736462974,18.11433380017153
1787657874.7926798,25.966686725616455,401.2027688446957,337.8054501336071,438.45591831195685,382.2421501280689,57.9863557367412,18.073444809729985
1787657874.820687,25.994693994522095,401.1637074480523,337.81206411378315,438.41994153698175,382.26295563808213,57.999213234268126,18.035242847139394
1787657874.856687,26.030694007873535,401.1134989133254,337.8206622270542,438.36042896717123,382.2969180909603,58.01268080435282,17.98609819559378
1787657874.891687,26.065693855285645,401.0646733905648,337.8290478649351,438.3009528789762,382.3308167447655,58.025407741548285,17.938296965626577
1787657874.917687,26.091693878173828,401.02993466696034,337.8353137479186,438.25677041051676,382.3559987338307,58.03385814412609,17.90416052451328
1787657874.959695,26.133702039718628,400.9720018615016,337.84538505681644,438.1853849244165,382.3966852005011,58.04872284107479,17.847391766373995
1787657874.9916952,26.16570210456848,400.9278764635332,337.8531153901225,438.1310064393664,382.4276784533379,58.060008200785674,17.804127918718393
1787657875.0226967,26.196703672409058,400.88513016809685,337.86063895986024,438.07832472446177,382.45770462468863,58.070922045552436,17.76220153729086
1787657875.0616968,26.235703706741333,400.82777044101255,337.86183701014136,438.0120510217726,382.4954776082864,58.09330938544535,17.709698359156462
1787657875.0936966,26.267703533172607,400.78232966849157,337.8666421307003,437.95767294187294,382.5264706302059,58.10771402403464,17.66647706068551
1787657875.1216974,26.29570436477661,400.74255002617724,337.870841641851,437.9100904507151,382.55359047691917,58.12034157390545,17.62864332919098
1787657875.1606975,26.334704399108887,400.6871100509569,337.87664035116865,437.843816748026,382.59136346051696,58.13800233339382,17.575938145159082
1787657875.1926975,26.36670446395874,404.4694524412469,341.1541578724783,437.7894382629758,382.62235671335367,53.196174395031356,19.631897811554303
1787657875.2226992,26.396706104278564,404.42176421655574,341.16456151218546,437.7384557491195,382.651414417715,53.20865435886394,19.58421543376691
1787657875.2616992,26.43570613861084,404.3641729925264,341.17295081406417,437.67218204643035,382.6891874013128,53.22613425285879,19.52837217835147
1787657875.2916992,26.46570611000061,404.31980726923337,341.1793781454908,437.6212023686273,382.7182434892532,53.239649225113844,19.485367780573217
1787657875.3227024,26.49670934677124,404.27389278187803,341.1859496671783,437.56851781766943,382.74827127702486,53.2537194369958,19.44089557753993
1787657875.3597023,26.533709287643433,404.22011666123456,341.19955356663314,437.50564292222737,382.78410709572637,53.26538604652427,19.386345360600608
1787657875.3917024,26.565709352493286,404.17301327965157,341.20856579590884,437.4512644371772,382.8151003485631,53.27800406907683,19.33977477616278
1787657875.4197054,26.593712329864502,404.1317569412723,341.2165345135366,437.40367829966516,382.84222227353166,53.2890104277766,19.298953740619073
1787657875.4597054,26.63371229171753,404.07275051772035,341.2279397735515,437.33570539592773,382.88096372411894,53.30477062567857,19.240566530819752
1787657875.4917054,26.665712356567383,404.025506554868,341.23722485296776,437.2813269108776,382.9119569769557,53.31728505051,19.193754391253464
1787657875.5227053,26.696712255477905,403.98941269617336,341.2260315776785,437.22864803202623,382.9419815318857,53.33917178110406,19.165616230253697
1787657875.5577054,26.731712341308594,403.94118450311925,341.22904261103173,437.16917153868076,382.97588041660816,53.35632660894629,19.12052583962837
1787657875.5907054,26.7647123336792,403.895733303827,341.2318622374014,437.1130938525823,383.0078421364344,53.372516694928464,19.078039286121054
1787657875.6197078,26.79371476173401,403.85579660464924,341.23427379459383,437.0638093243229,383.035932066558,53.386803079750706,19.040735048199984
1787657875.6547077,26.828714609146118,403.79485875208894,341.2396572286708,437.0043332361279,383.06983072036326,53.41004221914754,18.983103497629408
1787657875.6917076,26.86571455001831,403.7380381515338,341.24368209866503,436.9414583406858,383.10566653906477,53.431197380796725,18.92978066178792
1787657875.7227094,26.896716356277466,403.6903472057023,341.24702487901294,436.88877622063075,383.1356929413328,53.44900561371052,18.88504023628671
1787657875.7607095,26.93471646308899,403.6317851733605,341.25106879030784,436.8242017189899,383.1724974579411,53.47095190544149,18.83012666678947
1787657875.7917094,26.96571636199951,403.5839239477494,341.2543251796964,436.7715228401385,383.2025220128711,53.48895154886544,18.785267499021547
1787657875.8217127,26.99571967124939,403.52509336444615,341.2719592528923,436.720537490229,383.2315813336532,53.502779328444674,18.724442654302536
1787657875.8597128,27.033719778060913,403.46134784118806,341.2815833422774,436.65344395761537,383.27153575222496,53.52449297276726,18.662490820629937
1787657875.891713,27.065719842910767,403.4074960828269,341.28976566348956,436.5968257665621,383.30532962736964,53.54287272885687,18.610132690669456
1787657875.9207144,27.09472131729126,403.35855668936915,341.2972540920222,436.5455130262598,383.33595682168385,53.55956122019253,18.56252878385328
1787657875.9617143,27.13572120666504,403.2971910645032,341.3085015836286,436.47297131171587,383.3792550196389,53.57780034384503,18.502063078392492
1787657875.9897144,27.163721323013306,403.2522279932709,341.3160555383532,436.42343028908493,383.40882472333635,53.5922557783313,18.458045939585055
1787657876.0167143,27.19072127342224,403.20880056112054,341.3234076724902,436.37565887493776,383.43733819533435,53.6061902628024,18.415508708924484
1787657876.0627217,27.23672866821289,403.1346340853611,341.33603038248805,436.29425730652406,383.48592460172387,53.629974779616106,18.342834791051395
1787657876.0827217,27.256728649139404,403.1023266789848,341.34155199996775,436.2588710425752,383.5070457107434,53.64033271716535,18.311167927523684
1787657876.1197271,27.293734073638916,403.0446613941378,341.3573450861147,436.1933967941901,383.54612552827126,53.65381490461952,18.252169930459115
1787657876.1587272,27.33273410797119,402.98232373596,341.37055651948305,436.1243934529386,383.5873117663944,53.6716983959208,18.19000176375752
1787657876.1917272,27.365734100341797,406.41875854524915,344.4450087384561,436.0660060752392,383.622161621455,49.130526092464855,17.012956750498006
1787657876.2227283,27.396735191345215,406.3690978660992,344.45577335180286,436.011155383482,383.6549005238177,49.14491982811265,17.024034404992673
1787657876.257728,27.431735038757324,406.31277285259233,344.4716682943442,435.94922963249024,383.6918623387101,49.15834813482314,17.03325341520247
1787657876.2927282,27.466735124588013,406.25655949313506,344.4862378357493,435.887303459661,383.72882440538604,49.17277283909507,17.04362850593416
1787657876.3197346,27.493741512298584,406.2131654585965,344.4977857726775,435.8395206559002,383.75734467553804,49.183675010352545,17.05136443918791
1787657876.3617346,27.535741567611694,406.14562600783756,344.5161419646569,435.76520933287253,383.8016991051924,49.200352805553834,17.063057454280177
1787657876.3917346,27.565741539001465,406.0973264376028,344.529485762815,435.7121299369492,383.8333807687218,49.212119939505186,17.071222803457626
1787657876.423739,27.597745895385742,406.0466579805738,344.53091380590683,435.6555041528203,383.86717917596906,49.23439392249804,17.09119753484576
1787657876.458739,27.63274598121643,405.99041629158785,344.5421539964834,435.59357797999104,383.904141242645,49.25153014797335,17.104606285778505
1787657876.491739,27.665745973587036,405.93730768730353,344.5528137154742,435.53519060229166,383.9389910977056,49.267693693067685,17.117226598259784
1787657876.5187423,27.69274926185608,405.89377975082385,344.56152886515787,435.48741328241886,383.9675080946723,49.28097345466371,17.127589823137498
1787657876.5607424,27.73474931716919,405.82307871565484,344.577444799842,435.4131019593912,384.0118625243268,49.30154943644284,17.14282489854663
1787657876.5907423,27.76474928855896,405.7735937913664,344.58810308917094,435.3600225634679,384.04354418785607,49.31621031444374,17.15392527159524
1787657876.6207423,27.79474925994873,405.72403147730057,344.59886002594646,435.30694316754466,384.07522585138537,49.33084352468201,17.16496859935704
1787657876.6607423,27.834749221801758,405.6577999520238,344.6132298596528,435.2361706396469,384.11746806942443,49.350429066714526,17.17973061837333
1787657876.6907423,27.86474919319153,405.60803585046204,344.62412148194863,435.1830912437236,384.1491497329538,49.36508644535371,17.190736414884064
1787657876.7207446,27.89475154876709,405.56946640381415,344.6432476533126,435.1300076294249,384.1808339143179,49.36644938515901,17.189568848606157
1787657876.7627447,27.9367516040802,405.50432984252535,344.6619370831776,435.0556963063973,384.2251883439723,49.38151587595132,17.199950668426048
1787657876.7897446,27.963751554489136,405.4624188043051,344.67402943313044,435.00792489225006,384.2537018159703,49.39116718529467,17.206569916018786
1787657876.8207476,27.994754552841187,405.41427882868106,344.68806739571244,434.95307082579257,384.28644273260085,49.402141269075685,17.214038232918423
1787657876.8577476,28.03175449371338,405.3668101948499,344.7112731243508,434.89110992311635,384.3209197847928,49.40251393410643,17.212903919444177
1787657876.8927476,28.066754579544067,405.31647295495776,344.7299723348727,434.8326886352364,384.35328324823104,49.40864049760316,17.217064041107843
1787657876.919757,28.093763828277588,405.27765808171677,344.74450244029225,434.7876054573461,384.3782578393823,49.413273127240934,17.220170962448424
1787657876.9627569,28.13676381111145,405.21591891600946,344.76783639611864,434.7158309369029,384.4180185525137,49.42045886346826,17.224911101001062
1787657876.9927568,28.16676378250122,405.1728855243432,344.78426795879534,434.6657557178468,384.4457585695501,49.42532983924176,17.22806318485923
1787657877.02276,28.19676685333252,405.1197999738954,344.77077175977496,434.61567532527874,384.4735014525413,49.460220458477686,17.262598082506745
1787657877.05876,28.23276686668396,405.0646044112623,344.7799776852263,434.555584982819,384.50678951707664,49.47663603555906,17.27741399361144
1787657877.09176,28.265766859054565,405.01398220309903,344.7883635725603,434.50050220206117,384.5373035578625,49.491747712162606,17.291054268671864
1787657877.1207645,28.294771432876587,404.9694783158407,344.79573555005015,434.4520884762981,384.564123162505,49.50503969464075,17.303046284697068
1787657877.1627645,28.336771488189697,404.88897377505396,344.8108440632276,434.3819830104347,384.6029592745392,49.53029403050774,17.28379072061603
1787657877.1907644,28.364771366119385,408.0434324478435,347.70626237553904,434.3352462985007,384.62884986892334,45.327000151832564,13.370950069146422
1787657877.2207673,28.394774198532104,407.9919427243582,347.71555911776,434.2851663038951,384.65659253145645,45.34284459399691,13.384127825834508
1787657877.2557673,28.429774284362793,407.93174299101725,347.7264087637176,434.2267450160152,384.6889559948947,45.36140462233993,13.399552645418735
1787657877.2927673,28.466774225234985,407.8679607335529,347.7379611660602,434.16498561897566,384.7231686605271,45.381043302609484,13.415843592660872
1787657877.3217742,28.495781183242798,407.8216234547413,347.751693111114,434.1165679135879,384.7499904697501,45.3905068437431,13.42283287537221
1787657877.3637743,28.537781238555908,407.75041377475577,347.76657149169307,434.0464624477245,384.7888265817844,45.410676583452634,13.439223181371089
1787657877.3917742,28.565781116485596,407.70284948972113,347.7765695884562,433.99972573579055,384.8147171761685,45.42411338738761,13.450116461895108
1787657877.422779,28.59678602218628,407.650084309054,347.7876604892369,433.94797310494295,384.8433864239213,45.439033656839385,13.462201256733996
1787657877.4577792,28.631786108016968,407.5991405744437,347.80625479590947,433.889551817063,384.8757498873595,45.44593699816391,13.466711199846412
1787657877.4907792,28.664786100387573,407.5460999755983,347.82052041871225,433.8344690363051,384.9062639281454,45.45801050991333,13.476030192484043
1787657877.522784,28.69679093360901,407.4946122546031,347.834431447551,433.7810473508777,384.9358577769953,45.469687768334616,13.485019114728354
1787657877.558784,28.73279094696045,407.43664036154155,347.8501565753604,433.720957008418,384.9691458415307,45.482795271787445,13.49508361864196
1787657877.590784,28.764791011810303,407.385048652268,347.86416147660077,433.66754328223993,384.9987352812194,45.49446225229147,13.504030995669137
1787657877.6187909,28.792797803878784,407.3421252261584,347.86524273856367,433.62079502939446,385.0246322688872,45.51251165222407,13.52106907216137
1787657877.660791,28.834797859191895,407.2752849215873,347.87894721196045,433.550689563531,385.06346838092145,45.53114871890217,13.5366905501539
1787657877.692791,28.866797924041748,407.2243199820632,347.88936904010325,433.49727583735296,385.0930578206102,45.545391295397,13.54862685581455
1787657877.7227912,28.896798133850098,407.1765113269745,347.8991345256231,433.4472002203345,385.12079805810475,45.55876788343802,13.559833845331388
1787657877.760791,28.934798002243042,407.11474666542864,347.90296439074183,433.3837717687152,385.15593532483433,45.583390870945955,13.58228688415723
1787657877.7847912,28.95879817008972,407.07614660781854,347.90853292302165,433.34371127510036,385.17812751482995,45.59613618046576,13.593437279338694
1787657877.8227932,28.996800184249878,407.0149882002969,347.91731623010827,433.28047683860365,385.21305042222946,45.616309389716946,13.611139993894284
1787657877.8597932,29.03380012512207,406.95538485286085,347.92576892026,433.2260976695859,385.2391826729238,45.633772556915794,13.628489960043368
1787657877.8917933,29.065800189971924,406.90379854663905,347.93304388213994,433.17906686645415,385.2617836203085,45.6489269941606,13.643543259900477
1787657877.9208,29.094806909561157,406.862653222832,347.93496399739854,433.1364354116461,385.28227043326706,45.66325578098775,13.659073525642485
1787657877.9587998,29.1328067779541,406.80345631619736,347.9417002255247,433.08058663953244,385.3091089109454,45.68162442265806,13.677810752083978
1787657877.9887998,29.162806749343872,406.7567058105464,347.94686799741555,433.0364953929987,385.33029723597235,45.69625938884003,13.692746477653442
1787657878.0208027,29.194809675216675,406.7068301431764,347.9522958914974,432.98946038499395,385.35290020403517,45.71194434030479,13.708758069350926
1787657878.0608027,29.234809637069702,406.6518547304619,347.9707157262792,432.9306720562822,385.3811513040712,45.71779664598853,13.715118882133543
1787657878.0898027,29.26380968093872,406.60901318681863,347.9791875842202,432.88805041284445,385.40163340211427,45.72775140459094,13.725414771370627
1787657878.1208093,29.294816255569458,406.56323719011607,347.9881805668767,432.8424797518445,385.4235326690407,45.73843216192653,13.736469576694843
1787657878.1608093,29.334816217422485,406.50426741447666,347.9999103566019,432.7836914231328,385.4517837690767,45.75205949824302,13.750579223241578
1787657878.1928093,29.36681628227234,409.40281695053346,350.72671649093695,432.736660620001,385.4743847164615,41.85533069397823,10.058866216022174
1787657878.2208111,29.39481806755066,409.39037573999656,350.7528893537929,432.6955061268166,385.4941617662495,41.83401858754666,10.040334219853118
1787657878.2628112,29.43681812286377,409.34141660732183,350.77298412458583,432.6337782415069,385.52382548864324,41.83485491796929,10.042649175121271
1787657878.2928112,29.46681809425354,409.30657167731266,350.7872101065101,432.58968699497314,385.54501381367027,41.835491839357566,10.044365523514335
1787657878.319813,29.49381995201111,409.27537673929316,350.800230723939,432.5500021048847,385.56408463647426,41.83579477864295,10.04564359538521
1787657878.362813,29.53681993484497,409.18784646758394,350.82105542879737,432.48680461647905,385.59445458585196,41.857266271936716,10.06348838795183
1787657878.3878129,29.561819791793823,409.1488541066302,350.83320554874484,432.45006208623727,385.61211143917956,41.86309339077343,10.068829928929082
1787657878.4228184,29.59682536125183,409.0942535082748,350.8504130569323,432.3986140640717,385.63683510887233,41.87109241577392,10.076133718260227
1787657878.4598184,29.633825302124023,409.0365097806916,350.86874867631747,432.34423489505394,385.66296735956666,41.87944249610357,10.083733117085844
1787657878.4928184,29.66682529449463,408.9850264407269,350.88537533740634,432.2957344888262,385.6862745339353,41.886652940891466,10.09025545274234
1787657878.5228226,29.696829557418823,408.9529809221665,350.90992228415973,432.251636934983,385.70746588997946,41.87715860707932,10.081429137619784
1787657878.5628226,29.73682951927185,408.8966003792718,350.934505457386,432.1928486062713,385.7357169900155,41.87886705240245,10.082785894509884
1787657878.5928226,29.76682949066162,408.8543818757544,350.95306267104,432.14875735973754,385.7569053150425,41.88001184308906,10.083666612881604
1787657878.622827,29.796833992004395,408.81216401984983,350.9716146122349,432.1046594554883,385.77809683947646,41.88115982938537,10.084551844743357
1787657878.659827,29.833833932876587,408.7912557037045,350.9440949295995,432.0502802864706,385.8042290901708,41.90717335057027,10.118306514129541
1787657878.691827,29.86583399772644,408.75768834207935,350.9459537023571,432.0032494833388,385.8268300375555,41.91696132454541,10.130711192917232
1787657878.7178319,29.891838788986206,408.7306620132335,350.94742290317464,431.9650299914734,385.84519665405367,41.924819237723625,10.140723498158845
1787657878.762832,29.93683886528015,408.68433255053185,350.9496952024693,431.8988929464697,385.8769792257891,41.93841894519032,10.158110441152482
1787657878.7908318,29.96483874320984,408.6557699856204,350.9509002438626,431.8577412565339,385.8967549284584,41.94692158541773,10.169007420085824
1787657878.8228345,29.996841430664062,408.594248952449,351.0244512653145,431.8106872875176,385.9195106470717,41.91262552289473,10.128078244931153
1787657878.8588345,30.032841444015503,408.54755207260405,351.0516925055268,431.75742900986313,385.9476979713563,41.90977910838849,10.12295725656969
1787657878.8908343,30.064841270446777,408.50615570689,351.0761873110305,431.71008859294903,385.972753225527,41.9069542439621,10.118103792921225
1787657878.9208374,30.094844341278076,408.4674354277022,351.09937706996266,431.665702168388,385.99624505812164,41.904068718383485,10.113311375510508
1787657878.9608376,30.134844541549683,408.4205988931586,351.10783283104735,431.6065260299932,386.0275644525201,41.91628411143198,10.125298989476436
1787657878.9908376,30.164844512939453,408.38367218912754,351.12380165867586,431.5621441907337,386.05105385831104,41.918426861538606,10.12630744371946
1787657879.020841,30.19484782218933,408.3468620915281,351.13986163062356,431.5177574134572,386.07454587758286,41.9204312174212,10.127184222150124
1787657879.062841,30.23684787750244,408.29551034400436,351.16243179560684,431.45562269740776,386.10743112036107,41.92306980684195,10.128256903949742
1787657879.092841,30.266847848892212,408.2589696382,351.17864745137626,431.4112408581483,386.130920526152,41.92480239352045,10.128879289598295
1787657879.120844,30.294850826263428,408.220288498611,351.19294916955755,431.3698133639574,386.1528463236897,41.92964238481873,10.132137356541957
1787657879.162844,30.336850881576538,408.16744702519225,351.21543044641675,431.30767864790795,386.1857315664679,41.93318828779875,10.133916108069652
1787657879.1908438,30.364850759506226,410.81421296413544,353.72599278787976,431.2662557390187,386.2076549372019,38.38416899775686,6.7441689954840935
1787657879.2228434,30.39685034751892,410.77408338110894,353.7430696288916,431.21891567482004,386.2327100046954,38.38707984813421,6.745516383509581
1787657879.2628434,30.43685030937195,410.69578556883323,353.73535717339365,431.1597398891407,386.2640292124167,38.43029964814158,6.785386091133234
1787657879.2928433,30.46685028076172,410.6490160294314,353.7418108534801,431.11535804988125,386.2875186182076,38.445991333363715,6.799162698135206
1787657879.3228488,30.49685573577881,410.60221569040124,353.7481747582996,431.0709680981652,386.31101231757424,38.461776025582196,6.813033716299206
1787657879.3628488,30.536855697631836,410.5397306238619,353.7563998927429,431.0117923124859,386.3423315252955,38.48309044430061,6.831799973850635
1787657879.3888488,30.56285572052002,410.4990620590811,353.7616231971622,430.97332798125126,386.3626890476498,38.497078585778,6.844132071400696
1787657879.4208536,30.594860553741455,410.4683577899326,353.77033097384896,430.9259801573115,386.38774822204175,38.50208073427963,6.849118555411363
1787657879.4608536,30.634860515594482,410.41349248158093,353.77920845232455,430.86680437163227,386.419067429763,38.518805294800934,6.864093927559066
1787657879.4928536,30.666860580444336,410.36963995225693,353.78619364033926,430.8194636020026,386.4441228706109,38.53226737313972,6.876163556385312
1787657879.5228572,30.696864128112793,410.32855857854736,353.7926653285541,430.7750764720106,386.4676150765599,38.54494045918891,6.887535901635157
1787657879.5608573,30.734864234924316,410.2679739823059,353.8007359996456,430.71885926398596,386.4973684359014,38.565638611023346,6.90564452647377
1787657879.5908573,30.764864206314087,410.2240979554636,353.80699411903106,430.6744774247265,386.5208578416924,38.579980561188826,6.918383917748146
1787657879.6228592,30.796866178512573,410.17727167651947,353.8135717467616,430.6271338333728,386.5459147759579,38.595377215610625,6.932071847574493
1787657879.6598592,30.833866119384766,410.1231077195053,353.82107535069963,430.572396266891,386.5748850244324,38.61328074946947,6.9479997378595675
1787657879.6928592,30.86686611175537,410.0747715300799,353.82765213922056,430.52357620843406,386.60072338947015,38.629364632975985,6.9623222965151825
1787657879.7228615,30.896868467330933,410.03270927645434,353.84582958776065,430.47919084201953,386.6242146620331,38.632643405393395,6.963482100838438
1787657879.7608616,30.934868574142456,409.9777056339823,353.8578027188459,430.4229736339949,386.6539680213747,38.647088404472754,6.97570588683755
1787657879.7928615,30.96686840057373,409.93137054376064,353.8678512595232,430.3756332170808,386.6790232755454,38.659292354112075,6.9860373622682745
1787657879.8218684,30.995875358581543,409.88935163475287,353.87690853607387,430.33289760359565,386.7016278382401,38.67041206201702,6.995456571355692
1787657879.8598685,31.033875465393066,409.83253750925354,353.88414205928217,430.2834357490139,386.7272885922252,38.689940721037566,7.012742143390618
1787657879.8938684,31.067875385284424,409.7825754361837,353.89290384752854,430.239180634106,386.75024809558056,38.7050095886651,7.025764117649408
1787657879.9218717,31.09587860107422,409.7414015843449,353.90005730947786,430.2027309737383,386.76915813798485,38.717486871642556,7.0365564978515645
1787657879.9638715,31.13787841796875,409.67960212993063,353.91065518218755,430.1480630001455,386.7975198206005,38.73633637995225,7.0528814005425415
1787657879.9888716,31.16287851333618,409.64279506891313,353.91691059917787,430.11552227367525,386.81440191253796,38.74761275115165,7.062655661187422
1787657880.023872,31.19787883758545,409.58044087396684,353.94289438231203,430.0699650083518,386.8380369700501,38.754496579379826,7.065248969869155
1787657880.0638719,31.237878799438477,409.51724871792516,353.9595370689626,430.0179000942645,386.8650481883505,38.76918065786746,7.07667217367281
1787657880.0918717,31.265878677368164,409.4729398012357,353.9712589607113,429.981454778536,386.8839559767609,38.77943799804775,7.084634294600979
1787657880.1218731,31.29588007926941,409.4253937953138,353.98387134509454,429.94240423098233,386.9042153564835,38.79042107332073,7.093147135923657
1787657880.161873,31.335880041122437,409.36433693915455,353.9961091792669,429.89033931689505,386.93122657478386,38.80771484469927,7.107671839630493
1787657880.191873,31.365880012512207,411.76093079364165,356.31890252486016,429.85129063132956,386.95148498850915,35.57550038227554,3.993369960690599
1787657880.2188795,31.39288640022278,411.71869543186875,356.32918624455704,429.81613846640687,386.96972189175005,35.58595044586077,4.001766899938216
1787657880.2628794,31.436886310577393,411.6497154119228,356.34574598254216,429.75886712297716,386.99943419968054,35.60322986763297,4.0156951602257
1787657880.2878795,31.461886405944824,411.61042850321417,356.3550431942699,429.7263263965069,387.01631629161807,35.613191719226386,4.023749694745967
1787657880.321878,31.495884895324707,411.5593521309564,356.37104503534994,429.68207314358716,387.0392748289761,35.62265200088711,4.030668279292101
1787657880.358878,31.5328848361969,411.50169551480855,356.38522707629096,429.6339131290896,387.0642601898039,35.636784203848535,4.042000956684903
1787657880.392878,31.566884994506836,411.44851894984305,356.3978319156916,429.5896577038503,387.0872198541589,35.65023768966886,4.052884379728172
1787657880.417878,31.59188485145569,411.4093669887501,356.40708804936554,429.55711728771143,387.1041017850968,35.66016675795454,4.0609195456782015
1787657880.4578779,31.631884813308716,411.33112123557225,356.4043637771823,429.50505237362415,387.13111300339716,35.6990880978961,4.096240050779205
1787657880.4908779,31.66488480567932,411.27355978252086,356.4099132773497,429.462098788469,387.1533972745949,35.72092887173806,4.115367798108956
1787657880.516878,31.690884828567505,411.22808714863913,356.4141757572214,429.428256532246,387.17095459869006,35.73829333215275,4.130588723645245
1787657880.5608876,31.734894514083862,411.1508475492978,356.4210855276632,429.3709724652302,387.2006735076025,35.76808616863649,4.156742843374213
1787657880.5918877,31.765894651412964,411.09623941261725,356.425719424495,429.3306219395806,387.221607314485,35.78937575695419,4.17546179025988
1787657880.6208875,31.794894456863403,411.07018973916973,356.435243319793,429.29287509409926,387.2411903350531,35.7920750034386,4.17775353310089
1787657880.6578875,31.831894397735596,411.013943117812,356.4424911455546,429.2447150796017,387.2661756958809,35.81145871897434,4.194787883161766
1787657880.6918874,31.865894317626953,410.9622182196678,356.4489197968621,429.2004599646938,387.28913519923634,35.829489921220585,4.210667488336532
1787657880.720895,31.894901990890503,410.91806805750616,356.45428238564676,429.16270287827734,387.3087235327899,35.844989025606004,4.224334759465983
1787657880.760895,31.93490195274353,410.86084892043795,356.4603767250256,429.11063796419006,387.33573475109023,35.86561770524982,4.242824297010593
1787657880.792895,31.966902017593384,410.8134053458339,356.46577667160466,429.0689859087877,387.35734379013036,35.88251859511639,4.257840250884791
1787657880.8188982,31.992905139923096,410.7748531055814,356.47005816843716,429.0351396182569,387.3749032072198,35.896343969771706,4.270138704257471
1787657880.862898,32.03690505027771,410.70963215366857,356.477173082062,428.9751044389203,387.3985142418181,35.91318444417489,4.291061151280504
1787657880.8918982,32.06590509414673,410.6666591282218,356.48180461556643,428.93544870316015,387.4138841602513,35.924117490790074,4.304897771597746
1787657880.919904,32.093910932540894,410.6161703740857,356.51101516656115,428.89715248084696,387.42872715337626,35.91795124011635,4.299581253796103
1787657880.959904,32.13391089439392,410.55328796994604,356.5269686628711,428.84245504918704,387.44992698858306,35.92663335279427,4.311499941568949
1787657880.988904,32.16291093826294,410.5076443880332,356.5385646301226,428.8027993134269,387.46529690701624,35.932930065203564,4.3201366518161715
1787657881.0199041,32.19391107559204,410.45881478043333,356.55105446967923,428.7604085756748,387.48172686775416,35.93959975351777,4.329299578315638
1787657881.0599027,32.233909606933594,410.41110908189444,356.55386835121817,428.7057131001493,387.50292594479504,35.95186646219198,4.34677272330955
1787657881.0939028,32.26790976524353,410.36323061882285,356.5628020419738,428.65922002242047,387.5209459058096,35.96039348714792,4.35876396758049
1787657881.120909,32.29491591453552,410.32524849683233,356.5698896382513,428.6222908120696,387.5352590673237,35.967149753136034,4.368276226009138
1787657881.160909,32.33491587638855,410.26906595096347,356.5803561010446,428.5675933804097,387.55645890253044,35.97714622999462,4.382362395011223
1787657881.190909,32.36491584777832,412.44916252889635,358.7012340188434,428.5265703066647,387.57235877893555,33.04579982033196,1.5422084230611632
1787657881.219912,32.39391899108887,412.401951093395,358.70802362434785,428.48691033261326,387.5877303400615,33.05697163554082,1.555865649209797
1787657881.260912,32.43491888046265,412.34179636318964,358.718367129891,428.43084556296856,387.6094601332402,33.06890925145669,1.5717309566944526
1787657881.288912,32.46291899681091,412.30072318461333,358.72535967782017,428.3925571651932,387.6243000937015,33.07712015909492,1.58262712172239
1787657881.319916,32.49392294883728,412.25527290399856,358.73315136787386,428.35016121108254,387.6407320762152,33.08615499006764,1.5946355006567237
1787657881.3599162,32.53392314910889,412.1815827972728,358.74417942792314,428.2954634534002,387.661932037783,33.10428319424803,1.6155617078904252
1787657881.390916,32.56492304801941,412.13102752842366,358.75216038890335,428.25307304167046,387.67836187215994,33.11563805487005,1.6295413985891016
1787657881.4219208,32.595927715301514,412.0804007745178,358.76019633101635,428.21067610949257,387.69479423375657,33.12697900768126,1.6435011973557685
1787657881.4549208,32.62892770767212,412.0264241465282,358.76869166330374,428.16555069577095,387.71228411043825,33.13914527440763,1.658450338976567
1787657881.4899206,32.66392755508423,411.9690851283754,358.7777076675176,428.1176906060797,387.7308339030637,33.15208858708617,1.6743384575460631
1787657881.5199206,32.693927526474,411.9467187408389,358.769328392254,428.07666753233474,387.7467337794688,33.16421672512805,1.6913331190914755
1787657881.5609207,32.73492765426636,411.89022038410667,358.7733633378303,428.0206024366677,387.7684636990084,33.17988954346252,1.7113892056698667
1787657881.5929208,32.76692771911621,411.84621860887194,358.7764166078748,427.9768443609308,387.7854236177182,33.192161346470456,1.7270901546537756
1787657881.6199226,32.79392957687378,411.8091496650561,358.7789015691681,427.9399210189833,387.7997345047346,33.20256810469242,1.7403964754112577
1787657881.6609228,32.83492970466614,411.7509211862357,358.7878558659432,427.8838559233162,387.8214644242742,33.214786001859046,1.7567140001045858
1787657881.6899228,32.863929748535156,411.7106181397451,358.7919440633376,427.84420018755605,387.83683434270745,33.22496231802347,1.7699228911275304
1787657881.7199268,32.89393377304077,411.6689722573829,358.7960842361731,427.80317157143014,387.85273636724924,33.23554453550857,1.783648336967193
1787657881.761927,32.93593382835388,411.61076705084196,358.80173267467404,427.7457391377783,387.8749962447608,33.25044328820215,1.8029565370077456
1787657881.7899268,32.96393370628357,411.57202533250046,358.8054263262145,427.70745106602527,387.8898360788611,33.26040971277923,1.8158680710819102
1787657881.8219306,32.99593758583069,411.51269474649706,358.80947480525793,427.6636928337269,387.9070645914953,33.27949023921262,1.837100856960807
1787657881.8619306,33.035937547683716,411.4515980080973,358.81449823776063,427.6091974711625,387.93891030685637,33.30614656154828,1.8581901995183028
1787657881.8929307,33.06693768501282,411.4042206034575,358.8182990340533,427.5669633378025,387.963590869132,33.326900378651004,1.874629787054749
1787657881.9209328,33.09493970870972,411.3614052636385,358.821671903073,427.52881379057277,387.9858845022975,33.345710293972594,1.8895425924745162
1787657881.9619327,33.135939598083496,411.3204562205464,358.83782784275127,427.47295614138966,388.0185263035979,33.35290716497888,1.8920698169610788
1787657881.9909327,33.164939641952515,411.28285509729886,358.84468275404276,427.4334469060851,388.0416145041793,33.36618706709179,1.9016333187039391
1787657882.0229292,33.19693613052368,411.24148252213047,358.85226036159565,427.3898553583761,388.0670883051627,33.38077466193112,1.9121241631138017
1787657882.056929,33.23093605041504,411.19764433740005,358.86027981788396,427.34353436516,388.0941571252565,33.39624750194294,1.9232490530556983
1787657882.0919292,33.26593613624573,411.15265113073366,358.868509343214,427.29585076050716,388.12202222110517,33.41213716576156,1.9346681646306596
1787657882.122933,33.296939849853516,411.09077012037307,358.886143620257,427.25361175487745,388.1467056306123,33.427801885016585,1.9446409617400604
1787657882.161933,33.33593988418579,411.0324859400324,358.8992373362629,427.20047867893174,388.17775526003396,33.446010240650295,1.9572248729521802
1787657882.189933,33.36394000053406,412.9845864051399,360.8197911698612,427.1623317302459,388.20004737467593,30.83321086661037,0.6053982559263043
1787657882.2229342,33.39694118499756,412.93532418993146,360.8312200250914,427.1173713995586,388.2263210579075,30.848371491122425,0.5950907539854995
1787657882.2599342,33.43394112586975,412.8721255378923,360.8469228761204,427.0669632216683,388.25577832563494,30.866466819529716,0.5828118146245355
1787657882.2869344,33.460941314697266,412.8293832977276,360.85707955836193,427.03017855960115,388.2772743543375,30.87927571558144,0.5740867845224901
1787657882.3219366,33.495943546295166,412.7739047086795,360.87036972907134,426.9824920315865,388.3051411585251,30.89580290426267,0.5628589781930655
1787657882.3619366,33.53594350814819,412.7104050834094,360.8856855902731,426.9279966690221,388.3369868738861,30.914621987968342,0.5501024513204325
1787657882.3919365,33.565943479537964,412.66271173167,360.89725882034395,426.8871251470988,388.3608711604069,30.928691207005297,0.5405846019666912
1787657882.4219422,33.59594917297363,412.6415862413153,360.8834802248322,426.84624582954393,388.3847600024981,30.95307324688312,0.5192103728348799
1787657882.4619422,33.63594913482666,412.5882404511974,360.88926949893545,426.7917504669795,388.41660571785917,30.975699121700103,0.5020700019147053
1787657882.4919422,33.66594910621643,412.5483367213246,360.89358300920486,426.75087894505623,388.4404900043799,30.992648977099467,0.48923324303712884
1787657882.5219452,33.69595217704773,412.50850612410056,360.89780945736464,426.71000320049916,388.4643767585014,31.00964611179977,0.4763481667318921
1787657882.5629454,33.73695230484009,412.4370912295628,360.9240772224841,426.6541452264981,388.49701874961727,31.022439117685128,0.47020888216307344
1787657882.5919452,33.76595211029053,412.393464221096,360.9342680748481,426.6146363160115,388.52010676038316,31.03578952979232,0.46114343568527394
1787657882.6189454,33.79295229911804,412.35282674816193,360.9437920799112,426.5778516539443,388.5416027890858,31.0481962360064,0.4527277692199092
1787657882.6619422,33.835949182510376,412.2880770868319,360.9590440681288,426.5192733293396,388.57583448447974,31.067894350815294,0.4393884995859085
1787657882.6929421,33.8669490814209,412.2413703912714,360.9701154708093,426.4770395207976,388.6005148569399,31.082040566900258,0.4298293870402664
1787657882.7219455,33.895952463150024,412.1982834911297,360.9727348767668,426.43752573804124,388.6236057149374,31.10187579351804,0.4141187253293299
1787657882.7609456,33.9349524974823,412.13971385450054,360.98382289916213,426.3843926620956,388.65465534435907,31.12211179437718,0.3995945815400881
1787657882.7919455,33.96595239639282,412.09314284492615,360.99266289684545,426.3421588535536,388.67933571681925,31.13818088865176,0.3880671748770814
1787657882.8179455,33.991952419281006,412.0540804944041,361.0001353818167,426.3067368029231,388.700035469767,31.15160793171352,0.3784507622841615
1787657882.8619535,34.03596043586731,411.99514218449525,361.0175930984643,426.2441227554015,388.726846200067,31.15824376884456,0.36955307515308516
1787657882.8929534,34.06696033477783,411.95094137106474,361.02813246313315,426.1998785861776,388.7453053104124,31.165267244260583,0.360563057641372
1787657882.9189608,34.09296774864197,411.91388085197764,361.03700655544145,426.1627598709391,388.7607916100195,31.171121427524007,0.3530591420560629
1787657882.9609609,34.13496780395508,411.8540762398952,361.0514175214344,426.102815883378,388.78580084175206,31.180484274399458,0.3410325021091929
1787657882.991961,34.16596794128418,411.8099735069584,361.0621313370207,426.05857137387454,388.80426009406557,31.187309103953567,0.33224199342125366
1787657883.0199642,34.193971157073975,411.76039519982186,361.05605892402843,426.01860417843966,388.82093480812784,31.211934514499134,0.30591738855310535
1787657883.0629642,34.23697113990784,411.69515342328543,361.06446178645984,425.95723305840414,388.8465394538163,31.229005027914276,0.2861551603694738
1787657883.0899642,34.26397109031677,411.65415675392904,361.06967933360625,425.91869775935754,388.86261676637014,31.239790352002675,0.2736800976713183
1787657883.121965,34.29597187042236,411.6055354524471,361.07578888591524,425.8730250965409,388.88167185854365,31.252654105400886,0.25881377730735095
1787657883.162965,34.33697199821472,411.54121725329065,361.09463203269206,425.8145082414543,388.90608567632034,31.260258946535906,0.24891502526810333
1787657883.192965,34.36697196960449,413.30636744017187,362.86897957243934,425.77169120470484,388.92394937270984,28.883312619013044,2.6003566307098223
1787657883.2229712,34.39697813987732,413.2600798657666,362.8781915467074,425.7288653206868,388.9418167602684,28.892614454109243,2.5892858227642312
1787657883.260971,34.434978008270264,413.2013797024587,362.88975158493275,425.6746305435826,388.96444405224133,28.904525144176247,2.575135291740615
1787657883.290971,34.464977979660034,413.1550173545108,362.8990220137998,425.6318135068331,388.9823077486309,28.913807029712412,2.564086147774616
1787657883.319971,34.49397802352905,413.13538198047064,362.91221398593296,425.5904236025581,388.9995760310645,28.90810475077363,2.567816356415481
1787657883.3599725,34.533979415893555,413.0834805869757,362.92660350301657,425.5333321785481,389.0233951447255,28.91437944419604,2.5590880555170923
1787657883.3899724,34.563979387283325,413.04468350203587,362.9374919181901,425.49051514179865,389.04125884111505,28.91894487652878,2.5526833506382016
1787657883.4179723,34.59197926521301,413.00854747981475,362.9476303934929,425.45055271027763,389.05793156762473,28.923196945682484,2.5467151153927836
1787657883.4579785,34.6319854259491,412.9469201603959,362.9627164578141,425.39345448067644,389.0817535206465,28.933031532757376,2.5345360238640153
1787657883.4879785,34.66198539733887,412.9049585097304,362.9738711070795,425.3506374439269,389.09961721703604,28.938720323037987,2.527044458129844
1787657883.5209785,34.69498538970947,412.8588302333035,362.9861615081799,425.30353866947456,389.11926729726133,28.944947508064825,2.518834549248066
1787657883.5629785,34.73698544502258,412.80018277248644,363.00189967280386,425.24359468191346,389.14427652899394,28.952760967457547,2.5084982713823396
1787657883.5929785,34.76698541641235,412.7583472905824,363.01325685563654,425.200777645164,389.1621402253835,28.958214285643432,2.501243494274265
1787657883.6199782,34.79398512840271,412.7049436888861,363.0352316137231,425.162242686397,389.1782173959692,28.959281826801387,2.4987690349692437
1787657883.6629784,34.83698534965515,412.63847268878743,363.05789205627576,425.1008712260819,389.20382218362573,28.964133674712695,2.491431160783234
1787657883.6909783,34.86498522758484,412.59533255233845,363.073361574735,425.0609087945609,389.22049491013547,28.96658717746832,2.487361099635465
1787657883.7229803,34.896987199783325,412.54623694774585,363.0918936235957,425.0152344303465,389.2395507121492,28.968532400549446,2.483570503644932
1787657883.7629805,34.93698740005493,412.50826098625623,363.082287715639,424.9581447077343,389.26336911596997,28.99049202702639,2.458909563664229
1787657883.7899804,34.96398735046387,412.4733954151534,363.0889772585724,424.9196094086877,389.2794464285237,28.997395022915747,2.4503443681731762
1787657883.8219814,34.99598836898804,412.4321354523978,363.09682519842227,424.8741016557224,389.2985712636148,29.005758391559162,2.440146156489102
1787657883.8609815,35.03498840332031,412.38195195858646,363.10619393368506,424.8248693026082,389.3245022904181,29.021128253720484,2.427582102774734
1787657883.8919814,35.065988302230835,412.34217862552964,363.11359171302536,424.78573605578424,389.345114046877,29.03334092851528,2.4175994126250697
1787657883.9189813,35.09298825263977,412.3130126616392,363.1070884490422,424.75165221161956,389.3630662474257,29.05333240789331,2.3994529537992477
1787657883.9639814,35.137988328933716,412.25802514835254,363.1118409173204,424.6948456040306,389.3929866873562,29.075300962030326,2.3806823600962868
1787657883.9909813,35.16498827934265,412.2251726491578,363.11460147953136,424.6607617598659,389.41093888790493,29.088506967965717,2.36939626099513
1787657884.0239792,35.197986125946045,412.1851356435777,363.11775787731017,424.61910636997203,389.4328790748655,29.104797399515732,2.355453340219755
1787657884.059979,35.233985900878906,412.1320455337592,363.14320884257296,424.57366144506693,389.45681523658124,29.106694898997016,2.3562655425026917
1787657884.092979,35.26698589324951,412.08881067050953,363.15394603871755,424.5320033464275,389.4787568502572,29.117498316877636,2.347860589913463
1787657884.1209822,35.29498910903931,412.05217521774665,363.1630574883819,424.4966530132367,389.49737611948746,29.126643565076925,2.34075054806165
1787657884.1599822,35.33398914337158,412.00123774692116,363.1757575631546,424.44742066012253,389.5233071462907,29.139334895372603,2.3308935437307867
1787657884.191982,35.365988969802856,413.5771165492436,364.78458774217285,424.4070251378767,389.5445837520962,27.024883393819998,4.452652209185819
1787657884.2219841,35.39599108695984,413.52556114087923,364.80789170395605,424.36915145772906,389.5645320859239,27.027295350474112,4.452160034328473
1787657884.2609842,35.434991121292114,413.469967868082,364.8259140318716,424.3199191046149,389.5904631127271,27.037091800214792,4.445179058103404
1787657884.2899842,35.46399116516113,413.42861251068854,364.839390884601,424.2833104086347,389.6097451704929,27.04431396623472,4.4400496826983895
1787657884.3219872,35.495994091033936,413.38298741843437,364.8544326436513,424.2429109737564,389.6310238371094,27.052123960886767,4.434548185352761
1787657884.3619874,35.53599429130554,413.33156188009167,364.86330422417115,424.1924160442486,389.65761987178314,27.068731806431238,4.421011490916789
1787657884.3919873,35.56599426269531,413.2905668722958,364.8743955373566,424.15454507284653,389.6775667788955,27.07809679388756,4.41386824141878
1787657884.4219897,35.595996618270874,413.2496053251199,364.885545829943,424.1166710917272,389.6975152712471,27.08739459475526,4.406792569402118
1787657884.4619896,35.6359965801239,413.1950255323558,364.90041087213154,424.06617646319114,389.7241111473969,27.099778927460115,4.39737145806789
1787657884.4909897,35.66499662399292,413.1555202656417,364.91134066742404,424.02956776721095,389.74339320516265,27.108591669494643,4.390707012522594
1787657884.5189927,35.692999601364136,413.1225509236607,364.9272071665021,423.99421773499193,389.762012315869,27.110158355561516,4.391267001624073
1787657884.5599926,35.733999490737915,413.0691739573203,364.9458392581532,423.94246083103394,389.7892730413654,27.11871253542323,4.385769871182543
1787657884.5919926,35.76599955558777,413.0276886366161,364.96070598583856,423.90206500781636,389.8105498056948,27.12502164669671,4.381847407368439
1787657884.6189945,35.79300141334534,412.99278935365635,364.9734199831988,423.86797875587786,389.8285032744349,27.130147621206834,4.378735942136261
1787657884.6629944,35.83700132369995,412.9380321382997,365.0029355623631,423.81243472468253,389.8577587064949,27.129593899223746,4.382537388903733
1787657884.6929944,35.86700129508972,412.90011504618224,365.01998774747875,423.77456375328046,389.87770561360725,27.132264413339225,4.382096436373177
1787657884.7229993,35.89700627326965,412.86224916805804,365.03709962419754,423.7366864614721,389.89765584972207,27.13486027771032,4.381731160674282
1787657884.7629993,35.93700623512268,412.8118473561152,365.0600056913204,423.68619183293606,389.92425172587184,27.138203674290455,4.381362135743599
1787657884.7889993,35.963006258010864,412.77909955565923,365.0748690336068,423.65337026419326,389.941539077074,27.140395032002626,4.381104649239269
1787657884.8220024,35.996009349823,412.71347083006947,365.0828302095327,423.61170451308203,389.96369295603,27.163004775237724,4.3607790970081215
1787657884.8590024,36.03300929069519,412.6584544987526,365.1003079803766,423.56485839656415,389.9960852460679,27.179944290691793,4.353546075452779
1787657884.8930023,36.06700921058655,412.60781954882606,365.11639438170135,423.521810646452,390.0258511116456,27.195518679738807,4.34688955007953
1787657884.9180067,36.0920135974884,412.5705243937423,365.1282192616741,423.4901522601235,390.0477416696749,27.207000381944074,4.341965311150061
1787657884.9640067,36.1380136013031,412.512770640902,365.1509308423695,423.4319110443883,390.08801323309325,27.222889363783395,4.338333389943526
1787657884.9910066,36.165013551712036,412.4754305870061,365.16396689811296,423.3977260486013,390.11165084450664,27.233866277844815,4.334489583075567
1787657885.0190067,36.1930136680603,412.43671229813066,365.17752248889894,423.3622747294358,390.13616406989206,27.245214332224013,4.330538724596788
1787657885.0630043,36.237011194229126,412.37591793037456,365.1989987911465,423.30656887724206,390.17468252681425,27.262866837263363,4.3245091829712266
1787657885.088004,36.26201105117798,412.3413822517376,365.21125210594613,423.2749162263472,390.1965691190115,27.272847878747744,4.321132238247882
1787657885.1220038,36.29601073265076,412.28823794607644,365.23013240197,423.2318687781,390.22633477586123,27.286868433445083,4.3159580537030395
1787657885.160004,36.33401083946228,412.23347329745076,365.2495963555536,423.1837563382036,390.2596026798712,27.302181506520782,4.3106333780673065
1787657885.192004,36.366010904312134,413.6487675973863,366.7090134216645,423.14324063111866,390.2876177349608,25.41841064172316,6.229368434590692
1787657885.2220063,36.396013259887695,413.60548887959135,366.7245287885217,423.1052542502766,390.31388385811437,25.43036009767435,6.225281809050429
1787657885.2590063,36.43301320075989,413.5523555244264,366.7348126099187,423.0584081337587,390.34627614815224,25.45321682280502,6.212309935904142
1787657885.2880063,36.462013244628906,413.5105620688377,366.74712772955917,423.02169079307953,390.3716647787817,25.467240140996527,6.205942239039674
1787657885.3210084,36.495015382766724,413.4629717374502,366.761131104519,422.97990634769667,390.4005571176674,25.483220098857704,6.198673273010535
1787657885.3580086,36.532015562057495,413.40957145151333,366.77679370610076,422.93305992931386,390.4329496164333,25.501187133950452,6.19047120043002
1787657885.3930085,36.567015409469604,413.35904607444166,366.7916754403036,422.8887461576881,390.46359088725507,25.51812619696529,6.182767300791286
1787657885.423013,36.59701991081238,413.3278914734186,366.8128810168374,422.85075706006165,390.4898588889606,25.520271357065962,6.188934950754117
1787657885.460013,36.63401985168457,413.2787639299729,366.83163834539994,422.80391094354377,390.5222511789985,25.533772969571146,6.185335413831552
1787657885.492013,36.666019916534424,413.2363061075546,366.8478679431233,422.76339523645885,390.55026623408816,25.545432312130103,6.182241650173829
1787657885.516013,36.690019845962524,413.2044753563313,366.86002944955777,422.73300860707764,390.5712774210414,25.554182168008513,6.179916919425477
1787657885.5610108,36.73501777648926,413.1390359123872,366.8747174797241,422.6760361296404,390.6106717006636,25.580263796967053,6.165776219428207
1787657885.593011,36.76701784133911,413.09463016052683,366.88808333770305,422.6355204225555,390.63868675575327,25.595307181465355,6.159265534375711
1787657885.623012,36.79701900482178,413.0529689736488,366.9005028925171,422.5975355510381,390.6649518352668,25.609525272889627,6.153048151391306
1787657885.660012,36.83401894569397,413.0014810321384,366.91545499571475,422.5506894345202,390.69734412530465,25.62743903873788,6.145004030835914
1787657885.6910121,36.86501908302307,412.95830821466035,366.9278354013894,422.5114397489489,390.72448377515025,25.64259729309478,6.1381165262581465
1787657885.7210147,36.89502167701721,412.9168276275771,366.9526499505373,422.4734530662419,390.7507501070318,25.645246359383634,6.14322483739223
1787657885.7610147,36.93502163887024,412.8611726921663,366.9734754441035,422.4228085833183,390.7857688215298,25.660284425695433,6.138762168928905
1787657885.7910147,36.96502161026001,412.8194299773961,366.98914925633034,422.3848252211255,390.8120328574034,25.671512796074865,6.135464171632011
1787657885.823018,36.99702501296997,412.7748934786086,367.00590245004327,422.3441566819956,390.8396507070534,25.68303631259807,6.131972993720705
1787657885.859018,37.03302502632141,412.71048759100637,367.0167509526675,422.2958909193313,390.8639363205447,25.70152149069312,6.114781374122876
1787657885.890018,37.064024925231934,412.6625266441689,367.03044758412585,422.25432888576137,390.8848488562113,25.710603460274715,6.10707841720296
1787657885.9230223,37.09702920913696,412.6113766150468,367.04506886222737,422.21007954289826,390.9071135502449,25.7202697223433,6.098875892095283
1787657885.9600224,37.134029388427734,412.55392654082596,367.06150984316696,422.16047284262424,390.93207387580344,25.731101008017376,6.089680168791774
1787657885.9900224,37.164029359817505,412.50725611008653,367.0748600596627,422.1202514270126,390.95231186024,25.73989866825694,6.08220456501302
1787657886.0210261,37.19503307342529,412.46877223602127,367.09524635463043,422.07868427902025,390.97322696930183,25.739237900699393,6.084551761592209
1787657886.0600262,37.23403310775757,412.411592098887,367.1151041470952,422.0263963428297,390.9995363973205,25.747049628354322,6.0785705070226
1787657886.0900261,37.26403307914734,412.36755780144694,367.13038134067193,421.98617492721803,391.01977438175703,25.75307545291673,6.073950516238545
1787657886.123028,37.29703497886658,412.319072061434,367.14720515282545,421.94192878086886,391.0420374674186,25.759704633114445,6.068865523583272
1787657886.163028,37.337034940719604,412.26093992064966,367.1674683525055,421.88830022672,391.0690214466673,25.76762128672209,6.062852567135432
1787657886.1910279,37.36503481864929,413.5548596735219,368.5142434198226,421.8507603666763,391.08791016780657,24.049789994087615,7.828398527871964
1787657886.219033,37.39303994178772,413.5138052544897,368.52851613259674,421.8132134743019,391.10680242736424,24.055335973699744,7.824117821908989
1787657886.2600331,37.43404006958008,413.4536592078153,368.5494870852179,421.7582439825433,391.13446111868024,24.06339918575123,7.8179017856767885
1787657886.291033,37.4650399684906,413.40812271362,368.56531900923244,421.71668194897336,391.1553736543468,24.069539369016375,7.813154647429711
1787657886.3210332,37.49504017829895,413.3625606177278,368.578039228208,421.6764602137103,391.1756117996206,24.078438749477414,7.805572532628383
1787657886.3600333,37.534040212631226,413.3045937888759,368.5969261510892,421.6241722775197,391.2019212276393,24.08736574720363,7.798379845984187
1787657886.3930333,37.56704020500183,413.25551944254676,368.6129974136377,421.5799286883817,391.22418302660316,24.09484393218016,7.792364728783416
1787657886.4230363,37.59704327583313,413.2108536255082,368.6275997304661,421.5397031173019,391.24442310192336,24.101668682326686,7.78686709528359
1787657886.4580364,37.63204336166382,413.17248892494,368.64427865327394,421.4927779725959,391.2680341641846,24.105217759937425,7.785899456419219
1787657886.4930365,37.66704344749451,413.1256102461171,368.66116968026836,421.44585282788995,391.29164522644584,24.11150887160907,7.781550120384182
1787657886.521034,37.6950409412384,413.0881559771524,368.6747058042706,421.4083161643602,391.310532339213,24.116502824016592,7.778112234761545
1787657886.559034,37.73304104804993,413.03738858113167,368.69311880834215,421.35736884612794,391.3361672160016,24.123219370588536,7.773511766491761
1787657886.593034,37.767040967941284,412.9920248666192,368.70961523435744,421.31178463903166,391.3591035661956,24.12918822432128,7.7694402736270085
1787657886.616034,37.79004096984863,412.9554655210706,368.7195095868472,421.2809481884309,391.3746193703474,24.136438447852274,7.7630727559384916
1787657886.6590369,37.833043813705444,412.8956332696244,368.739954180658,421.22329362493895,391.4036290941699,24.145229085242207,7.75651072141363
1787657886.691037,37.8650438785553,412.85111587883324,368.75515216684164,421.1803906537593,391.42521634190376,24.151783122114487,7.751616036102949
1787657886.7210376,37.895044565200806,412.8093622470226,368.7693242759934,421.1401682791934,391.4454548088519,24.158005403776382,7.746950488184917
1787657886.7610376,37.93504452705383,412.7641869458673,368.7791838982263,421.08653972504453,391.47243878810065,24.171168223275547,7.736934432240223
1787657886.7910378,37.96504473686218,412.72590931977203,368.790439330038,421.04631798978147,391.49267693337436,24.17893282662218,7.731080908149963
1787657886.821036,37.9950430393219,412.6877080048202,368.8016523005743,421.00609881172954,391.5129137919505,24.186711726610167,7.725220881345422
1787657886.861036,38.03504300117493,412.63687455254575,368.81650626305185,420.97057520812285,391.5326808973653,24.196593905618048,7.71736244434064
1787657886.8910363,38.065043210983276,412.59884621281725,368.82763173934524,420.9439331030903,391.5475060216061,24.203990633941885,7.711495622255736
1787657886.9230342,38.09704113006592,412.5348797121872,368.84747319943506,420.9155169044547,391.56331834854916,24.21249059033267,7.702650598539267
1787657886.9590342,38.13304114341736,412.4812688169407,368.8634412225995,420.8835465901465,391.58110837981945,24.22169838893094,7.694637316311832
1787657886.988034,38.1620409488678,412.4380162850334,368.8762465123763,420.85779290816663,391.5954391368878,24.229204524563283,7.6881019782652915
1787657887.0180385,38.19204545021057,412.39321983606186,368.88949048303095,420.831146991977,391.61026638186485,24.237002127605656,7.681316650111907
1787657887.0610385,38.235045433044434,412.33981647022705,368.9110570059996,420.7929602570715,391.6315155695185,24.242006460226143,7.678471769679386
1787657887.0920384,38.266045331954956,412.2970162133408,368.9255931419188,420.7654303641791,391.64683470747576,24.24806912953096,7.673697239889267
1787657887.1160386,38.290045499801636,412.26388272466346,368.93682688521784,420.74411668015307,391.6586948068684,24.252786433496105,7.669983562806546
1787657887.1610458,38.335052728652954,412.2017778116127,368.9579283649149,420.70414738240675,391.68093590997137,24.26160258950463,7.663063654014531
1787657887.191046,38.365052938461304,413.37413456010387,370.1934040302998,420.6775052773741,391.6957610342122,22.708821646170463,9.276559964222681
1787657887.2220476,38.39605450630188,413.34900496643195,370.2005092725758,420.6499739023651,391.71108099690025,22.715828034891608,9.272459270237022
1787657887.2580476,38.43205451965332,413.30571839241736,370.2148171674436,420.6180035880569,391.7288710281706,22.722764539215568,9.267273427443783
1787657887.2910476,38.465054512023926,413.2661754545678,370.2279018498374,420.58869748425207,391.7451785470168,22.729111846664637,9.262548974329409
1787657887.3220484,38.496055364608765,413.2291384721173,370.24014036596276,420.56116674443587,391.76049815624884,22.73509265448473,9.25810853962328
1787657887.3620484,38.53605532646179,413.1769228051835,370.25822266210946,420.52564422003366,391.78026483147835,22.74207566545257,9.252599925435824
1787657887.3910484,38.56505537033081,413.1411239628089,370.27031964317644,420.49989032632277,391.7945957063654,22.747437271858832,9.248550808170505
1787657887.422053,38.596060037612915,413.102938033133,370.2832470440801,420.47235619881144,391.80991720069625,22.75315037818675,9.244253282163381
1787657887.4610531,38.63506007194519,413.0550231146429,370.2994693550264,420.43772167400004,391.82918974439065,22.760340464556766,9.238861991664974
1787657887.491053,38.66506004333496,413.0182589344482,370.3119298274635,420.4110797806984,391.84401475081285,22.7658621890558,9.23473753134542
1787657887.5200584,38.69406533241272,412.9715218943898,370.34773411528334,420.38532122890666,391.8583482177108,22.7523831638805,9.247613607088933
1787657887.5610585,38.73506546020508,412.91701604143043,370.3741036289076,420.34891049318276,391.8786091422941,22.7525122243074,9.2486651619718
1787657887.5920584,38.7660653591156,412.875821086349,370.3941425912746,420.32138060029035,391.89392828025143,22.752519446153112,9.249558990524942
1787657887.6180634,38.792070388793945,412.8412835616303,370.4110432771272,420.2982864707329,391.9067791169066,22.752440565353442,9.25039929251331
1787657887.6580637,38.83207058906555,412.79090286243604,370.38967379145475,420.26276373459973,391.9265459099548,22.796174361975662,9.209853993756933
1787657887.6910636,38.86507058143616,412.748151035248,370.394445730802,420.2334576307949,391.9428534288011,22.81148152024599,9.196237667844052
1787657887.721066,38.89507293701172,412.7093265696155,370.39859454349727,420.20681362018377,391.95767961341,22.825565954104466,9.183704506986546
1787657887.759066,38.93307304382324,412.66022191661403,370.4036233260946,420.1730670949631,391.9764580255693,22.84359953345142,9.167654351157182
1787657887.792066,38.96607303619385,412.6176282516094,370.4077600584299,420.1437609911582,391.99276554441553,22.85946490719627,9.153527899291522
1787657887.8230689,38.99707579612732,412.5888868084672,370.44851154409656,420.1160618875486,392.0087016076236,22.836378001919538,9.178448755707993
1787657887.861069,39.03507590293884,412.5439538147121,370.466021420703,420.0791366471617,392.03921900186134,22.851298304344546,9.175477903865062
1787657887.893069,39.067075967788696,412.50623799704215,370.480799751737,420.0480417322753,392.0649178400119,22.863791401020375,9.173057664137861
1787657887.9230762,39.09708309173584,412.4709728621184,370.49468135868165,420.0188833862063,392.08901617310283,22.87545080117461,9.170852352097706
1787657887.961076,39.135082960128784,412.41938702481895,370.5332437251291,419.9819583774941,392.11953337586965,22.87269958596865,9.184196153508715
1787657887.993076,39.16708302497864,412.3796035955563,370.5552008980134,419.9508634626077,392.14523221402027,22.879104619730615,9.187423542716592
1787657888.0230763,39.19708323478699,412.342365391605,370.57591524081846,419.921711835105,392.16932499445574,22.884969680973445,9.190591418160626
1787657888.0560763,39.23008322715759,412.3014778559906,370.5988704602975,419.8896452765268,392.1958268614639,22.891238730046226,9.194261140236902
1787657888.0930765,39.267083406448364,412.25570806565014,370.6247803482062,419.8536916798317,392.22554122684403,22.89808344681849,9.198562970149014
1787657888.1200845,39.29409146308899,412.2258769201558,370.6136401901112,419.8274475698142,392.2472310477749,22.930244868699898,9.175928752440347
1787657888.1610847,39.33509159088135,412.1767876183603,370.63068226892267,419.787607166677,392.28015772005614,22.94829757315932,9.170788483858523
1787657888.1900845,39.36409139633179,413.2576450991522,371.73664138090834,419.75942764621556,392.30344708869234,21.570041105918964,10.628321882010637
1787657888.2180846,39.392091512680054,413.2242661131285,371.7482549390137,419.7322195377713,392.32593361994185,21.582268594215133,10.62484986950181
1787657888.2610838,39.43509078025818,413.16385544286953,371.7673100439359,419.6904365422745,392.36046577552554,21.602646222919404,10.616783891813377
1787657888.2920837,39.4660906791687,413.12395674556404,371.7805417438322,419.66031350275466,392.38536139334775,21.616719280370308,10.612043524521786
1787657888.3240852,39.49809217453003,413.08280185095543,371.7942015218245,419.62921719782,392.4110613803236,21.63123815963051,10.607164329922231
1787657888.3590853,39.53309226036072,413.0378309074449,371.8091522499399,419.5952071201834,392.4391694965177,21.64709667344526,10.601854826131673
1787657888.3910854,39.56509232521057,412.9967447573667,371.8228168806213,419.56411220529696,392.4648683346683,21.661592818342307,10.597008895163743
1787657888.4210882,39.59509515762329,412.964536066763,371.8303337932111,419.5349580293726,392.4889632212835,21.6783166923348,10.590310002708495
1787657888.460088,39.63409495353699,412.91689430600474,371.8449265778236,419.49706137696853,392.52028345290785,21.697211355238455,10.583554403191975
1787657888.4910882,39.66509509086609,412.87908436975243,371.8564590509833,419.466938105774,392.54517926220086,21.7122767305793,10.578148664147847
1787657888.5230904,39.697097301483154,412.8401025908276,371.8682884813233,419.4358411058153,392.5708798235894,21.727886571016594,10.57252050299159
1787657888.5610905,39.73509740829468,412.7940292748356,371.8818859839713,419.39891586542836,392.60139721782707,21.746785340469685,10.565520011161535
1787657888.5890903,39.763097286224365,412.7600772811302,371.8920356562223,419.3717079886588,392.62388355760567,21.760587722275105,10.560478803335583
1787657888.6230934,39.79710030555725,412.7188945511004,371.9042628327851,419.3386667746176,392.6511909425928,21.777428918143176,10.554287673363934
1787657888.6580932,39.83210015296936,412.67657604077453,371.9167872331283,419.3046569286556,392.67929886731605,21.79480088498349,10.547889502396583
1787657888.6930933,39.86710023880005,412.63432863545023,371.9292442511675,419.27064685101897,392.7074069835102,21.812215980729807,10.54146002446465
1787657888.719098,39.893105030059814,412.5803773682932,371.9183627835033,419.2453776281391,392.7282910949913,21.851209229537258,10.508934863373385
1787657888.763098,39.93710494041443,412.517615589203,371.92525122948564,419.20262229392637,392.76362685384515,21.884405710553285,10.488839242729732
1787657888.792098,39.96610498428345,412.4761767695252,371.9296374088008,419.17444254179026,392.7869164139522,21.906456853052,10.475424001794588
1787657888.820104,39.99411082267761,412.4360960867738,371.9337315446779,419.14722887315315,392.8094075405028,21.927908052504097,10.462313849913938
1787657888.860104,40.03411102294922,412.38496745411265,371.96524714873016,419.0981166940088,392.8391877314741,21.926873196355274,10.46945384361065
1787657888.891104,40.06511092185974,412.3425035632553,371.9780146594057,419.05984964069717,392.8622201913224,21.937930144465884,10.463215291729263
1787657888.918104,40.09211087226868,412.3055108533455,371.9892105580927,419.02652022421444,392.88228074943885,21.947490721807497,10.457847148049346
1787657888.9631095,40.13711643218994,412.24380251574394,372.0078777383326,418.9709642314095,392.9157192053134,21.963436424137242,10.448884317730435
1787657888.9901094,40.16411638259888,412.20674996976066,372.0190650281771,418.9376348149268,392.9357797634299,21.973023599742184,10.443483241089334
1787657889.021113,40.195119857788086,412.1479397860982,372.0415347244235,418.899363346967,392.9588148803996,21.97986190179193,10.43918828766318
1787657889.060113,40.23411989212036,412.0882570003739,372.06137133753367,418.8512207256876,392.98779132085286,21.992106121701248,10.432137187369122
1787657889.090113,40.26411986351013,412.0422232031106,372.07669701279275,418.8141880080057,393.01008084955356,22.00150145276219,10.426721800328142
1787657889.1191165,40.29312348365784,411.997611097666,372.0915526734053,418.7783852113054,393.03163010422804,22.010582463648117,10.42147665370593
1787657889.1621165,40.3361234664917,411.95376054953,372.12314637165105,418.72530495319705,393.06357844641315,22.00807826886664,10.431742899156227
1787657889.1901166,40.364123582839966,412.9428688940519,373.14662757858406,418.69074090677475,393.0843821128186,20.74974911997813,11.775901452159918
1787657889.2171166,40.3911235332489,412.90742117129025,373.1631511644673,418.657411490292,393.1044426709351,20.753734498025615,11.776017387524098
1787657889.2621179,40.43612480163574,412.8483805502188,373.19098259515863,418.60186079506485,393.13787793826396,20.76008595253475,11.77649208377819
1787657889.2901177,40.46412467956543,412.8116545862755,373.2084217401707,418.5672970429524,393.158681427528,20.763917782588507,11.776902382606634
1787657889.323121,40.49712800979614,412.7584083623807,373.23637012189806,418.5265569037331,393.1832024067929,20.764095352237902,11.779915739088613
1787657889.3611212,40.535128116607666,412.704997924152,373.26288090985935,418.47964861808344,393.2114359160986,20.767557330458384,11.781555376605645
1787657889.3911211,40.56512808799744,412.6627652964348,373.28391147499957,418.44261590040156,393.2337254447993,20.770213057014864,11.782913578690902
1787657889.4211235,40.595130443573,412.62048530147865,373.3050689145753,418.40558023962086,393.25601674491423,20.772762040042334,11.784367048885036
1787657889.4581234,40.63213038444519,412.5721530911791,373.3235517551735,418.3599065839109,393.2835071459309,20.782153634636966,11.780852267085203
1787657889.4911234,40.665130376815796,412.5269734969445,373.34450129554926,418.3191705650298,393.3080256452158,20.7868191731026,11.780899780233309
1787657889.520131,40.694138050079346,412.4872344945927,373.36298187865003,418.2833627650616,393.32957791129456,20.790864822285414,11.780990416496092
1787657889.563131,40.73713803291321,412.42828797137616,373.39050104514695,418.2302825069533,393.36152625347967,20.796754277115646,11.781221199914883
1787657889.5911312,40.765138149261475,412.3898915665592,373.40852772864304,418.19571846053094,393.38232991988514,20.800490376374146,11.781463498710362
1787657889.621136,40.79514288902283,412.33635390664455,373.4183229846439,418.1586798566515,393.4046229914144,20.817100360731263,11.76787846755342
1787657889.663136,40.83714294433594,412.2737953115761,373.44192435198653,418.1068339341729,393.4358284024519,20.82739875145047,11.763037035492214
1787657889.693136,40.86714291572571,412.2290192566897,373.4588386205234,418.06980121649104,393.4581179311526,20.83472838427467,11.759591484720714
1787657889.7201376,40.8941445350647,412.18865788441366,373.4741120029944,418.03646973983916,393.478179729259,20.84129624311878,11.756509945277235
1787657889.7611375,40.93514442443848,412.125007534634,373.4930091750663,417.98585844730025,393.5086420320075,20.85605744344713,11.746940593528482
1787657889.7911375,40.96514439582825,412.0793066923688,373.50878259886923,417.94882572961836,393.5309315607082,20.864747848433367,11.742071365584382
1787657889.8231437,40.99715065956116,412.03045592492913,373.52564670316684,417.90920564651367,393.55437884418683,20.873663058163928,11.736869702525494
1787657889.8601437,41.03415060043335,411.97385256103104,373.54516205769664,417.8614729468594,393.57568008522713,20.877876478675837,11.73081977827043
1787657889.8881438,41.062150716781616,411.93092248379793,373.55993719856076,417.82535069605495,393.5918000360549,20.881087440304217,11.726207673691697
1787657889.9201498,41.09415674209595,411.9094855084657,373.55660443234143,417.78406052214,393.6102262292837,20.896372382930103,11.714183468695962
1787657889.9601498,41.134156703948975,411.85840141005565,373.57019031534156,417.73245757034323,393.6332546128148,20.905288440458282,11.705068881909723
1787657889.9871497,41.16115665435791,411.8239695293393,373.5792844243901,417.69762560863813,393.6487987579723,20.911366318912453,11.698868170829684
1787657890.0221536,41.196160554885864,411.7793892116498,373.59097854051186,417.65246795078133,393.668950858352,20.91932184063321,11.690766904988081
1787657890.0631537,41.23716068267822,411.7060106957666,373.6181669406935,417.59957470988513,393.6925550475534,20.921643211118727,11.684638865226892
1787657890.0911536,41.26516056060791,411.66446405441604,373.63117431632537,417.56345276665854,393.7086748611212,20.926158174720978,11.672216677638566
1787657890.1221547,41.29616165161133,411.6183995616511,373.6455709226971,417.52345903340006,393.7265225034798,20.931181136157416,11.63013994307037
1787657890.1621547,41.336161613464355,411.5588659264251,373.6641491675636,417.4718560816033,393.74955088701097,20.93768886020645,11.575825693920706
1787657890.1901548,41.36416172981262,412.46439948907425,374.60605686609125,417.4357338307988,393.7656708378388,19.794064076980096,12.671361137346159
1787657890.2201586,41.39416551589966,412.4239230116576,374.6403890251668,417.39702669570556,393.78294432164705,19.77799746008413,12.639852017428307
1787657890.2601585,41.434165477752686,412.3658113832651,374.6669553139104,417.3454237439087,393.8059727051782,19.776211112483725,12.589395547751526
1787657890.2871585,41.46116542816162,412.3265400474378,374.6849889828413,417.3105917822037,393.82151685033574,19.774920240501988,12.55531596816113
1787657890.3221598,41.496166706085205,412.27559504450835,374.70853102754427,417.26543750770327,393.8416674408554,19.77309881677316,12.511139939796253
1787657890.3621597,41.53616666793823,412.2274685131101,374.71603429292225,417.2138345559065,393.86469582438656,19.78724550712741,12.466023302036922
1787657890.3921597,41.566166639328,412.18687551359665,374.7304540783266,417.1751323420589,393.88196711203494,19.790481491540334,12.4298273658297
1787657890.4181683,41.592175245285034,412.1517062770551,374.7429768567588,417.14157928907264,393.89694053014193,19.793260395330076,12.3984745005819
1787657890.4591682,41.63317513465881,412.0963088931387,374.76276329912474,417.0886863557543,393.9205445820834,19.79758612596274,12.349102542347554
1787657890.4911683,41.66517519950867,412.0530862322858,374.77818573899026,417.0474038712857,393.9389673438123,19.80097877345744,12.310577530033077
1787657890.5181735,41.69218039512634,411.99755840426747,374.82011970162785,417.01256514286786,393.95451450868967,19.780681414469065,12.266165385241438
1787657890.5591733,41.73318028450012,411.93451842227,374.8513314634903,416.95967220954947,393.9781185606311,19.77589834230451,12.211979268938043
1787657890.5901735,41.764180421829224,411.88673172051153,374.8750696687092,416.9196797066025,393.9959656539497,19.772183205429886,12.170922164289294
1787657890.6221762,41.79618310928345,411.8372968483991,374.8997214557149,416.87839383877747,394.0143899255386,19.768237391777603,12.12847077836761
1787657890.6611762,41.83518314361572,411.77691496436523,374.896505737974,416.82808086850224,394.0368426406595,19.795625116156845,12.068964509538565
1787657890.692176,41.866183042526245,411.7289112991556,374.9101037894863,416.7880886731331,394.0546895967181,19.8017787441388,12.025367284026446
1787657890.7211769,41.895183801651,411.6839084270386,374.92275021130126,416.7506755180735,394.07138562773616,19.807634060289455,11.984472064099677
1787657890.761177,41.93518400192261,411.6217113801671,374.9401308966369,416.69907225869883,394.0944141485273,19.815805822234253,11.927929672066815
1787657890.793177,41.96718382835388,411.5718417284663,374.953964307475,416.6577900818081,394.1128367729962,19.822443461969225,11.882570400102663
1787657890.817177,41.99118399620056,411.5404908330015,374.97372932609187,416.62682806466773,394.1266539129229,19.81679456075252,11.856597174256716
1787657890.8601809,42.03418779373169,411.4758310852871,374.99618308161985,416.570503772948,394.15615128609295,19.825742644118478,11.798823083091207
1787657890.8881807,42.06218767166138,411.4336787873216,375.0108248404055,416.53377417270497,394.17567478210407,19.831854331550336,11.761160515329948
1787657890.9201884,42.09419536590576,411.38544061107376,375.0275771866027,416.4917872105743,394.19799281122107,19.83884096450302,11.7180595161083
1787657890.9591885,42.13319540023804,411.34605252269233,375.03401023617545,416.44062785644826,394.22518639458707,19.855879234486217,11.681201912612702
1787657890.9911885,42.16519546508789,411.3043988626414,375.0461259386554,416.398650902383,394.24749910395036,19.86565214830163,11.643444476271645
1787657891.0201907,42.19419765472412,411.26671537735547,375.0570751547841,416.36060649253994,394.2677214826014,19.87452286284719,11.609283165100852
1787657891.0621908,42.23619771003723,411.2122555130561,375.07287028223567,416.30551177942334,394.2970068928604,19.887400227753528,11.55990695152222
1787657891.0911908,42.26519775390625,411.1747202556827,375.08370411684416,416.2674701843487,394.3172277753307,19.896344743632923,11.52586340523047
1787657891.1221962,42.29620313644409,411.1293838988217,375.1196960790338,416.226798031818,394.3388469218078,19.883646294394033,11.490005543354574
1787657891.1611962,42.33520317077637,411.0770927375942,375.14282501235,416.175638677692,394.3660405051738,19.887865259671035,11.444424461504576
1787657891.1901963,42.364203214645386,411.9105217859265,376.00614888487206,416.1375970826174,394.38626138764414,18.85992314879498,12.453858842492885
1787657891.2212002,42.39520716667175,411.8690841952902,376.0247652143436,416.0969268065989,394.40787953666734,18.863020578200686,12.417804742227693
1787657891.2582002,42.432207107543945,411.7848344553298,376.04414399409274,416.048391129384,394.43367851335734,18.87731165574422,12.340258108260683
1787657891.2912002,42.46520709991455,411.7283345762264,376.06313424517083,416.00510249323924,394.4566884429375,18.8842150973285,12.289630261253677
1787657891.3182003,42.492207288742065,411.68193100532227,376.07862841127456,415.9696842623237,394.475514884974,18.889951294778726,12.248025848104621
1787657891.3632054,42.53721237182617,411.6042745681932,376.1044873510479,415.9106476224235,394.50689561321434,18.89956292430203,12.178384600063755
1787657891.3922055,42.56621241569519,411.55909115823033,376.12162939090297,415.87260602734887,394.52711649568465,18.904189114860007,12.13834620753576
1787657891.4202075,42.59421443939209,411.5121393352917,376.1379008373547,415.8358736123374,394.5466414878765,18.909690913303518,12.096386722011703
1787657891.4612074,42.63521432876587,411.4431878340114,376.16179789469544,415.7820908940523,394.5752295116763,18.917730933641668,12.034767101725546
1787657891.4932075,42.66721439361572,411.3891959067875,376.18049205092086,415.7401139399871,394.5975422210396,18.924011855319996,11.986512155340094
1787657891.5212133,42.69522023200989,411.3418242869121,376.1969062005613,415.7033765209429,394.6170698731083,18.929489364840244,11.944176870927752
1787657891.5632133,42.737220287323,411.30432965956265,376.2177124119665,415.64828180782627,394.64635528336726,18.933694788604637,11.912463291544569
1787657891.5892134,42.76322031021118,411.2686795919693,376.23200459423833,415.6141755717423,394.66448433894465,18.937783525250033,11.881048840232008
1787657891.622213,42.79621982574463,411.22348797022795,376.2501939335273,415.5708875611016,394.6874939360402,18.942911988007264,11.841242995776854
1787657891.6632128,42.83721971511841,411.1674309426649,376.2728784288177,415.51710484281654,394.71608195984,18.949179916935,11.791894643534215
1787657891.6872127,42.86121964454651,411.13465925248096,376.2861873148707,415.48562228364364,394.7328164087413,18.952809929542862,11.763055781602402
1787657891.7222164,42.896223306655884,411.07399641165637,376.27546179377407,415.4397052793071,394.7572234386321,18.990390396577652,11.701551239614638
1787657891.7622163,42.93622326850891,411.0147649997126,376.2866810454551,415.3872342431016,394.785114242215,19.00816977037429,11.646480064068651
1787657891.7932165,42.96722340583801,410.968839021147,376.29523353731764,415.34656897111586,394.8067297313614,19.02209270445683,11.603746134618714
1787657891.822219,42.99622583389282,410.92583735874933,376.30306491035464,415.30863202417237,394.8268881888643,19.035254606458963,11.563692721276295
1787657891.8622189,43.03622579574585,410.86361292286864,376.32336926866725,415.2605044269821,394.8521962228891,19.043373734673274,11.507795172119925
1787657891.8922188,43.06622576713562,410.81828430871775,376.33439646503206,415.22440872908936,394.8711772484078,19.05324576597705,11.46621101979951
1787657891.9222217,43.09622859954834,410.77300885368004,376.345728285775,415.1883095888394,394.8901600840998,19.06281278575171,11.424748570623885
1787657891.9592218,43.13322877883911,410.71720521517153,376.3599630141007,415.14379130326154,394.9135701513358,19.074354568323784,11.373706118600952
1787657891.9922218,43.16622877120972,410.66740769920375,376.3726797134629,415.1040860068932,394.9344492944911,19.084637916007384,11.328160571305407
1787657892.0212264,43.19523334503174,410.62068399477187,376.4220745821419,415.0691879624723,394.95280053052136,19.057203145388133,11.29403078580824
1787657892.0622263,43.23623323440552,410.55767969268203,376.45246825170256,415.0198572614112,394.9787412201425,19.056070391243285,11.239691498802907
1787657892.0922263,43.26623320579529,410.5115240285516,376.47486842379897,414.98376156351844,394.9977222456612,19.055104887542388,11.199914514109354
1787657892.1212249,43.29523181915283,410.4668459780535,376.496607085104,414.9488706906752,395.0160697104968,19.054108256695525,11.161423708311055
1787657892.1622248,43.33623170852661,410.41769593029386,376.50563607261284,414.8995399896141,395.042010400118,19.070503385633423,11.1156613387788
1787657892.1922247,43.36623167991638,411.1924274418706,377.311160231053,414.86344429172135,395.06099142563664,18.125475777151404,12.054692095868253
1787657892.2202258,43.394232749938965,411.15328480354253,377.3260817531632,414.8297536541179,395.07870774335385,18.12931749285792,12.020022985549293
1787657892.264226,43.43823289871216,411.09161039838125,377.34897068856407,414.7768130677181,395.1065467014594,18.135937377699666,11.96525438037824
1787657892.291226,43.465232849121094,411.05352035724684,377.3622999985989,414.7443269683009,395.12362960934144,18.14075199603476,11.931244034051625
1787657892.3212264,43.49523329734802,411.00527553346166,377.33975879223,414.708230696682,395.1426109365557,18.183878063095953,11.879111749726185
1787657892.3622265,43.53623342514038,410.9452648642524,377.3439771489412,414.65889970875776,395.1685517770246,18.207321176670668,11.821674206050709
1787657892.3872263,43.56123328208923,410.9088020887203,377.3462209184607,414.6288201039454,395.1843692228663,18.221911781247528,11.786701532715847
1787657892.4222283,43.596235275268555,410.8579578000362,377.3495020028882,414.58670601806745,395.2065150348442,18.24216208942672,11.737970054781059
1787657892.4622283,43.63623523712158,410.7957666868264,377.4435818426471,414.5385784208772,395.231823068869,18.177738187101493,11.699049449961057
1787657892.4922285,43.66623544692993,410.7508827648182,377.47345324434514,414.50248243612134,395.2508042452355,18.16889398677253,11.662226177568153
1787657892.5162284,43.69023537635803,410.715038629626,377.4975617412548,414.47360593517976,395.26598903548086,18.161603362604723,11.632877425871392
1787657892.5602307,43.73423767089844,410.64936032545864,377.5422139270256,414.420662767012,395.29382935121646,18.147798000695197,11.579210470569338
1787657892.5922308,43.76623773574829,410.6016435514481,377.5751693004299,414.3821605745145,395.31407583877547,18.13728519205272,11.540338393480022
1787657892.6172307,43.791237592697144,410.58952579131017,377.5084128002757,414.3520809697022,395.3298932846171,18.21433468793758,11.513212162100952
1787657892.662231,43.83623790740967,410.5333456545634,377.51509610254635,414.2979369925684,395.35836504916676,18.236073992052418,11.460068889818197
1787657892.692231,43.86623787879944,410.49602160477673,377.5191738487623,414.26184129467566,395.3773460746854,18.250909927660103,11.424679188499407
1787657892.7222311,43.89623808860779,410.4588563123794,377.52309068761946,414.22574530991983,395.39632725105184,18.2658708517335,11.389407043825155
1787657892.7592313,43.93323826789856,410.4003376532132,377.5347408401353,414.18122702434204,395.41973731828784,18.28026869223324,11.33512853491588
1787657892.7872312,43.96123814582825,410.36209453593256,377.5400388204368,414.1475378210541,395.43745288176615,18.29335975012631,11.299124594956604
1787657892.822235,43.9962420463562,410.3143385608505,377.5464828246123,414.1054325944617,395.45952263443394,18.309816744029323,11.254125319754209
1787657892.857235,44.03124189376831,410.2666491964391,377.5527467649319,414.0637122597631,395.478957422666,18.32393834448039,11.209149518036917
1787657892.891235,44.06524205207825,410.2203591902094,377.5585689367519,414.0231835692293,395.49783710144936,18.33790652017279,11.165434201464027
1787657892.9212363,44.09524321556091,410.19512252202037,377.58464658721226,413.9874217395531,395.5144962100487,18.32651196635159,11.146861615803061
1787657892.9592364,44.13324332237244,410.1489992562088,377.5979759711416,413.9421250513678,395.53559698857447,18.334286216347515,11.105032814217134
1787657892.9892364,44.16324329376221,410.11261815383455,377.60804405403616,413.9063646426839,395.552255435226,18.340862425591677,11.07193669350134
1787657893.0212371,44.1952440738678,410.07375102195107,377.6180115583687,413.8682192404796,395.57002489511217,18.348644960978394,11.03639790182393
1787657893.062237,44.23624396324158,409.97457648105916,377.648985376223,413.81934676720454,395.5927913991524,18.351088064246902,10.946988562711251
1787657893.0902371,44.264244079589844,409.9263728774979,377.6623783041219,413.7859702152472,395.6083393621276,18.35630708789267,10.90314963168173
1787657893.121242,44.29524898529053,409.872837911143,377.67726733421637,413.7490119100323,395.6255558307982,18.362074632954663,10.854465481229797
1787657893.159242,44.33324885368347,409.80701919667973,377.6956544448235,413.70371550604546,395.64665647693437,18.369069548680816,10.794629392238935
1787657893.190242,44.36424899101257,410.5360681833435,378.45051518700257,413.6667628847999,395.6638702978136,17.495737866252224,11.677562648213147
1787657893.2212455,44.39525246620178,410.49077531899763,378.467266901282,413.6298062847757,395.68108597214683,17.497687916081453,11.63732807864169
1787657893.2612455,44.43525242805481,410.43237397965163,378.4890927594076,413.5821257398639,395.7032972343489,17.49999348160021,11.585500876186483
1787657893.2912455,44.46525239944458,410.388595512614,378.5056096705643,413.54636533118,395.71995568100044,17.501577608720456,11.546686290675725
1787657893.3212478,44.49525475502014,410.3448086211367,378.5221808333683,413.5106020805115,395.73661545154766,17.503114221503356,11.507875966277776
1787657893.359248,44.533254861831665,410.307069902046,378.5178646059625,413.4653053923262,395.75771623007336,17.526749140483066,11.470154780478573
1787657893.391248,44.56525492668152,410.2659432351931,378.52778615623646,413.42716084271734,395.77548529279085,17.535005624955478,11.432406303471955
1787657893.419255,44.59326195716858,410.23004307656504,378.5364433489785,413.3937760490045,395.7910370950634,17.54224078227562,11.399454220759589
1787657893.461255,44.63526201248169,410.1763670852477,378.549370312972,413.3437113631677,395.8143589733314,17.55311662404181,11.350182174413284
1787657893.489255,44.66326189041138,410.1406824638922,378.557930728126,413.3103350954088,395.829906803917,17.560405899841207,11.317417639447363
1787657893.5212595,44.69526648521423,410.09597816905756,378.57791923187875,413.27218514602913,395.8476783820363,17.559409781225934,11.278499320412376
1787657893.5612597,44.73526668548584,410.0437944271216,378.59385075191017,413.2245043169188,395.8698897766279,17.5664008774314,11.23136970775087
1787657893.5912597,44.76526665687561,410.004807635532,378.60602792412953,413.1887439082349,395.8865482232795,17.57139243196072,11.196221964563083
1787657893.622262,44.796268939971924,409.9645665578331,378.6185094831103,413.15178872920313,395.9037632356648,17.576643094171107,11.15992337669639
1787657893.662262,44.83626890182495,409.8881250065093,378.6767908030433,413.1041081842913,395.9259744978669,17.546420886823203,11.099146291675485
1787657893.691262,44.86526894569397,409.84337209775106,378.700297644789,413.0695397039707,395.94207770268025,17.54101299777519,11.061255792297812
1787657893.721269,44.895275831222534,409.7969613186364,378.7247820361442,413.0337710535313,395.9587399886292,17.53528568252972,11.022094774557736
1787657893.7592688,44.93327569961548,409.7380580751759,378.7560591408767,412.9884746495445,395.97984063476537,17.527802396654074,10.972602544479644
1787657893.7922688,44.966275691986084,409.7228796434349,378.73297325026647,412.9491381715724,395.998164939321,17.56404247746449,10.952228202760438
1787657893.8222713,44.996278285980225,409.6887061510207,378.7412846940984,412.913952078003,396.0147023469229,17.571942655791492,10.921133024643385
1787657893.8612714,45.0352783203125,409.64450412912163,378.7519305350787,412.89002836651275,396.0315715679813,17.581792337570825,10.880923559745122
1787657893.8922715,45.0662784576416,409.609514460323,378.7601658668293,412.8710120155193,396.0449804835989,17.58983179676951,10.849076000350234
1787657893.921273,45.095279932022095,409.57691033079874,378.7677024053721,412.8532217002606,396.0575248900519,17.597504872606347,10.819388467285522
1787657893.963273,45.137279987335205,409.57005895808385,378.74852813362185,412.8274576920209,396.07569175143226,17.63069044451259,10.807965313631186
1787657893.991273,45.16527986526489,409.5493674845414,378.74799811253246,412.81028178402954,396.08780292360154,17.64376357114833,10.787794582076952
1787657894.0202732,45.19428014755249,409.52836420014705,378.74761735020815,412.79249220003396,396.1003468144222,17.657059536000002,10.76736122267435
1787657894.061273,45.23528003692627,409.4993044511084,378.7473675771193,412.76734172154585,396.1180810602776,17.67545627459006,10.739163052347804
1787657894.0912733,45.26528024673462,409.4783725572153,378.7469567591635,412.7489387540513,396.13105746349675,17.689080262870835,10.718796670710184
1787657894.121273,45.29527997970581,409.44975096489003,378.74822231315324,412.73053607906206,396.1440336604629,17.702480148175887,10.691411664471236
1787657894.162273,45.33627986907959,409.4190737817369,378.7483349110039,412.70538560057395,396.16176790631835,17.72082091927273,10.661753243837955
1787657894.192273,45.36627984046936,410.09535253334093,379.44019764945983,412.686982779332,396.17474420641105,16.93403660674866,11.501581431752943
1787657894.2222743,45.396281242370605,410.0735060661354,379.4398137319426,412.66857908057443,396.1877211252625,16.94776699171573,11.480589964755104
1787657894.2612743,45.43528127670288,409.98243027528474,379.53206059113313,412.6446553690842,396.2045903463209,16.88374042940952,11.421314072523689
1787657894.2922742,45.4662811756134,409.93974352008206,379.56088489713,412.62563916434334,396.2179991588121,16.872269881038406,11.389491881847542
1787657894.319276,45.49328303337097,409.9023657420031,379.58606235684005,412.60907546983,396.2296786435946,16.862272701253335,11.361726753113958
1787657894.3612761,45.53528308868408,409.84392831768497,379.62548379803803,412.58331146159026,396.2478455049749,16.846576172188644,11.31855948344577
1787657894.389276,45.56328296661377,409.80473681322303,379.65183136911406,412.5661355535989,396.2599566771442,16.836126313691654,11.289734245853039
1787657894.4212763,45.5952832698822,409.7934376382438,379.6243361436445,412.54650567285387,396.2737982082868,16.875543565916775,11.270291329668355
1787657894.4602764,45.63428330421448,409.75114911827086,379.64084486983796,412.52258196136364,396.2906674293452,16.878904919065384,11.23543922172344
1787657894.4882762,45.662283182144165,409.72087451213685,379.65260877555704,412.50540605337227,396.30277860151443,16.88140311518438,11.210517177699662
1787657894.522277,45.69628405570984,409.68426236866986,379.6669224845798,412.4845489668715,396.3174854668334,16.88439672176832,11.180458066592173
1787657894.562277,45.736284017562866,409.6804552530408,379.55517342976657,412.4600118718823,396.3347872002903,17.008273671519248,11.141267159936975
1787657894.590277,45.764283895492554,409.6617883898692,379.5317674434094,412.4428359638909,396.3468983724596,17.043557544423383,11.116207754770391
1787657894.6222794,45.7962863445282,409.64069095071534,379.5042493378362,412.4232047668723,396.3607408317403,17.084603847358185,11.08758357294868
1787657894.6602793,45.83428621292114,409.6160642348712,379.47049491501895,412.3998945851336,396.3771774372738,17.134340527938633,11.053710496590174
1787657894.6922793,45.866286277770996,409.5778543901882,379.5525956818091,412.38026485064125,396.39101886528994,17.070032211300628,11.043084820025866
1787657894.7212868,45.89529371261597,409.55351897892206,379.561860513959,412.36247087906696,396.40356584990457,17.074344772205606,11.022945304063013
1787657894.7612867,45.935293674468994,409.5202918574911,379.5745981087089,412.3379337840778,396.4208675833615,17.08027813705239,10.995515203165171
1787657894.7892869,45.96329379081726,409.49725553508694,379.5835058426358,412.3207577298338,396.4329788586572,17.084405332389316,10.976550091680918
1787657894.8212845,45.99529147148132,409.4711536229472,379.5936914235697,412.30112945786766,396.4468192554086,17.08908075182917,10.95511862740563
1787657894.8612845,46.03529143333435,409.4396919666437,379.6076409923821,412.25979334406793,396.4616207872243,17.088288583234448,10.929869214072458
1787657894.8912845,46.06529140472412,409.41595070213583,379.6175179753822,412.22879005704294,396.4727217572405,17.08829891371531,10.91063699970619
1787657894.9212854,46.09529232978821,409.39242090457174,379.627404325845,412.197785784449,396.4838230801473,17.088268646344577,10.891634387824666
1787657894.9612856,46.135292530059814,409.36138013536305,379.6406019003825,412.1564478220235,396.4986244617249,17.08816339024598,10.866658037873382
1787657894.9922855,46.16629242897034,409.3082347561805,379.6542791887823,412.12441116601536,396.51009543760813,17.089452623928327,10.821038063717587
1787657895.0212884,46.195295333862305,409.27639830529415,379.6650539532289,412.09443829126684,396.5208274604292,17.08971766556067,10.794613437594426
1787657895.0612884,46.23529529571533,409.23253794057666,379.67995187948037,412.05310057523354,396.53562875378407,17.090038515666343,10.758292605505307
1787657895.0922883,46.266295194625854,409.1985592514778,379.69144472935,412.02106391922536,396.5470997296673,17.09033756510324,10.730191293364875
1787657895.1212893,46.29529619216919,409.16673862727276,379.70201929690904,411.99109301561464,396.55783104670707,17.09079774193045,10.703852724703651
1787657895.1592894,46.33329629898071,409.1262782051796,379.74562166259835,411.9518220375477,396.57189232832786,17.061860463179944,10.680797286078057
1787657895.1902893,46.364296197891235,409.76155093515496,380.4090691546945,411.9197853815395,396.58336330421105,16.317652011262076,10.993485290645472
1787657895.2212937,46.39530062675476,409.72760560215073,380.428892838543,411.8877440440791,396.59483595632497,16.30962645113797,10.96928659839439
1787657895.2632937,46.43730068206787,409.6815462781234,380.4559007170021,411.84433934368724,396.6103773496367,16.298613104150515,10.93634340493956
1787657895.2872937,46.46130061149597,409.6552536596717,380.4715295791713,411.8195367633457,396.6192581080051,16.29212257484462,10.917328326076937
1787657895.322297,46.49630403518677,409.5932344287855,380.47475735845734,411.7833626891293,396.6322105189193,16.30521249261348,10.90580900057479
1787657895.363297,46.53730392456055,409.5396700325989,380.49473068656135,411.7409916041128,396.64738181814124,16.301961699125094,10.87882985134732
1787657895.391297,46.56530404090881,409.5029905763624,380.5084388705654,411.7120550550542,396.6577427764233,16.29969271228065,10.860324549821435
1787657895.4232976,46.597304582595825,409.46099390436405,380.52422119151214,411.67898429088615,396.6695840228416,16.29700040835673,10.83905048602919
1787657895.4632976,46.63730454444885,409.40583295151606,380.53545305470556,411.63764657485285,396.6843853161965,16.302423293349186,10.820519571843406
1787657895.4922976,46.66630458831787,409.36679462781217,380.5473198051178,411.607676656811,396.6951162803456,16.30254223344533,10.803522581521115
1787657895.5213017,46.695308685302734,409.32749545058067,380.558753250936,411.57770255010144,396.70584874428,16.30313236350316,10.786919981298567
1787657895.5623016,46.736308574676514,409.27155245464866,380.57419154680434,411.53533146508494,396.72102004350194,16.304746729399305,10.76411574223901
1787657895.5893016,46.76330852508545,409.23454605976076,380.58408069809076,411.5074285314017,396.7310109076942,16.306113881722315,10.749351082974885
1787657895.6223013,46.796308279037476,409.20000329360323,380.5434124009385,411.4733251374272,396.7432218953116,16.358539661583105,10.785017321143599
1787657895.6623013,46.8363082408905,409.14943867895164,380.53921486180576,411.43198742139384,396.7580231886665,16.378637681598327,10.782392976552684
1787657895.6913013,46.86530828475952,409.1127226114329,380.5359141669673,411.40201750335206,396.7687541528156,16.39347324725062,10.780737867853889
1787657895.7213042,46.89531111717224,409.074676180041,380.5322793518883,411.3710112596204,396.77985618150376,16.40904956516264,10.779235372169676
1787657895.7613041,46.93531107902527,409.0461033132754,380.58420541679783,411.32967354358703,396.79465747485864,16.37050545717674,10.723945320333208
1787657895.791304,46.96531105041504,409.01468108874195,380.5970795780464,411.29867025656205,396.8057584448748,16.368808054549632,10.706971830846431
1787657895.8233073,46.99731421470642,408.9812427148942,380.61082126329364,411.26605449286507,396.81820686362266,16.36764225105457,10.6888681664818
1787657895.8603072,47.03431415557861,408.94269461935295,380.62681755849417,411.2334734193186,396.839389360565,16.373611450980345,10.667844736630006
1787657895.8923073,47.06631422042847,408.90945718314254,380.64077419930084,411.2052950914136,396.8577094243234,16.378640352411175,10.649555018611196
1787657895.9193096,47.09331655502319,408.8372471781843,380.6490966096347,411.1815176196496,396.8731682833514,16.392562507937086,10.631619889967443
1787657895.9613097,47.135316610336304,408.7761260857062,380.666332104953,411.14453359051726,396.89721334997245,16.402769891050973,10.606339987139165
1787657895.9893095,47.16331648826599,408.73522770121855,380.6779061281602,411.1198777110587,396.91324330338995,16.409531646662785,10.589383524938226
1787657896.022313,47.19632005691528,408.68686055410416,380.6916157091093,411.0908157268471,396.9321378739087,16.417477292748018,10.569308775530333
1787657896.0613132,47.23532009124756,408.64537404996736,380.7248017637513,411.0564734290774,396.95446542602144,16.407784213791828,10.530856767958788
1787657896.0933132,47.26732015609741,408.603241000681,380.7435841667641,411.0282951011723,396.9727854897799,16.409383381872917,10.506591448406422
1787657896.1213152,47.29532217979431,408.56630629901423,380.76012740276866,411.0036373322135,396.98881667165085,16.410695839949266,10.48524248139297
1787657896.1603153,47.33432221412659,408.51476155731405,380.78334498793043,410.96929503444375,397.0111442237636,16.412379554131025,10.455319370101774
1787657896.1873152,47.36132216453552,409.11604574094633,381.39387409677965,410.9455196621246,397.0266017178433,15.739413829702707,9.930980437519521
1787657896.2193198,47.39332675933838,409.06742668011725,381.3318186749277,410.91733734527446,397.0449243750036,15.821626345316679,9.985951915939145
1787657896.2613199,47.43532681465149,409.00936430147755,381.3255482982114,410.88035331614213,397.06896944162463,15.854207933285922,9.984375741217725
1787657896.2923198,47.46632671356201,408.96640477104404,381.32058578176543,410.8530557053209,397.0867169095504,15.878612738092619,9.983529783973685
1787657896.320325,47.49433183670044,408.92752250765574,381.31586654568423,410.8283952070838,397.1027498658542,15.9009119859237,9.982989766950256
1787657896.358325,47.53233194351196,408.8851350542545,381.38594860441856,410.79493341645355,397.1245049586292,15.854005358234305,9.907854450534673
1787657896.392325,47.56633186340332,408.8411684170148,381.4060577965651,410.7649940742697,397.1439699410632,15.855061773056956,9.882028336203236
1787657896.42133,47.5953369140625,408.8036243446015,381.423375326618,410.7394530688932,397.16057535670484,15.855815893127629,9.859830319970914
1787657896.45733,47.63133692741394,408.7569873832372,381.44511215893414,410.7077525024862,397.18118539430935,15.856528164121263,9.83203302016261
1787657896.4913301,47.66533708572388,408.7119085230641,381.4484760963351,410.67781295035786,397.2006505132382,15.874374919277574,9.82265154992523
1787657896.5213306,47.695337533950806,408.6726682720659,381.4611174465691,410.6513954267871,397.21782579481584,15.880466590265502,9.80485987148616
1787657896.5623305,47.736337423324585,408.6189976680957,381.4785561087103,410.6152921147386,397.24129826560426,15.888651038474602,9.780378223551153
1787657896.5913305,47.7653374671936,408.58099935559886,381.49098123766663,410.58975551819617,397.25790081485434,15.89436548825645,9.762967434607498
1787657896.6193345,47.793341398239136,408.5442687155733,381.50301989712193,410.5650960696815,397.27393308868403,15.899856794666402,9.74610969676407
1787657896.6613345,47.835341453552246,408.5052888583324,381.5032443211949,410.52811204054916,397.2979781553051,15.923737956802036,9.740657620748744
1787657896.6913345,47.86534142494202,408.4704038229751,381.5113698324082,410.50169493686735,397.315153163893,15.933791487837864,9.72792526620749
1787657896.7213347,47.895341634750366,408.4355580351804,381.5194584919455,410.4752776232411,397.33232830897583,15.943879949631686,9.71523469577028
1787657896.7593346,47.93334150314331,408.39149320078144,381.52970698873776,410.4418160425552,397.35408326525595,15.956650911025505,9.699166953588014
1787657896.7923346,47.966341495513916,408.35328801173245,381.5385978494009,410.41275720751077,397.37297578835216,15.96774680666957,9.68523072495639
1787657896.8193367,47.99334359169006,408.2821788119673,381.5386879127913,410.38897940859647,397.38843481883396,15.98915525409536,9.67560120420869
1787657896.8623366,48.036343574523926,408.21640349343386,381.54740561961233,410.34304256061444,397.41768068468957,16.012127415283423,9.658137654061347
1787657896.8923366,48.066343545913696,408.17032630424586,381.553396834997,410.310993614676,397.43808476583365,16.028280231952905,9.646018719082045
1787657896.9173367,48.09134364128113,408.1318195645026,381.55837442138574,410.28428603237614,397.45508824786566,16.04177740701815,9.63591992839015
1787657896.95633,48.13033699989319,408.0731197454413,381.5774967737526,410.24262945791213,397.4816090615979,16.05140367870975,9.609095074178194
1787657896.99033,48.164336919784546,408.02086585045527,381.5880990120686,410.2063073701224,397.50473365446305,16.06597065151546,9.591578114116079
1787657897.0223339,48.196340799331665,407.97149990130197,381.5980385976572,410.172117650669,397.5265006670619,16.079758156617082,9.575105273288889
1787657897.060334,48.23434090614319,407.91267542014174,381.60987452117706,410.13152216632557,397.5523459338054,16.096138531508785,9.555484247550027
1787657897.0913339,48.26534080505371,407.872881422179,381.6169158225526,410.09840499859985,397.5734301023404,16.11096841131153,9.543167696240863
1787657897.117334,48.291340827941895,407.83482882078494,381.62420509552015,410.0706291945128,397.5911136717634,16.122685036719922,9.530839047368842
1787657897.1623416,48.33634853363037,407.7687667303212,381.6366866219023,410.0225474977777,397.6217250635893,16.143140392438124,9.509607231277018
1787657897.1933415,48.367348432540894,408.3406140676315,382.211775817645,409.989430330052,397.6428092321243,15.518871972730475,9.016438450637935
1787657897.2223403,48.39634728431702,408.297819005277,382.2196580256887,409.95845087941274,397.66253241509133,15.531904829358917,9.002885961312069
1787657897.2633402,48.437347173690796,408.22541596002463,382.2365020408217,409.9146507297076,397.6904179440077,15.5459650986953,8.97648037111842
1787657897.2933402,48.467347145080566,408.1776315098942,382.2462297626166,409.88260178376913,397.7108220251518,15.558294812776241,8.96042965838547
1787657897.322346,48.49635291099548,408.13128434732073,382.25564238310875,409.8516149467608,397.7305499106783,15.570237646169637,8.944884029964447
1787657897.362346,48.53635287284851,408.06715219319415,382.26872915326436,409.8088830188429,397.75775535220373,15.586646812590747,8.92331136934809
1787657897.392346,48.56635284423828,408.05069372891114,382.292848297248,409.7768340729044,397.7781594333478,15.581220153408347,8.897202153999224
1787657897.418346,48.592352867126465,408.01804569469687,382.3054753229752,409.7490582688173,397.79584300277077,15.586785922281019,8.880309106595274
1787657897.4603498,48.63435673713684,407.96535727217747,382.32595379623666,409.70418556738446,397.82441137575097,15.595695277358331,8.852946902980653
1787657897.4913497,48.66535663604736,407.9265054857185,382.34112645805993,409.6710683996588,397.845495544286,15.602210116602656,8.832698915900144
1787657897.520353,48.69436001777649,407.8901842573441,382.3553993558469,409.64008410967426,397.8652218082402,15.608226740983408,8.813682067230303
1787657897.563353,48.73736000061035,407.84002852615725,382.35151789193753,409.5941472616922,397.8944676740958,15.641618217724401,8.810799362301813
1787657897.592353,48.76636004447937,407.8048239131793,382.35954932991905,409.563166537541,397.9141916678489,15.653710967229703,8.798117354785505
1787657897.620353,48.79435992240906,407.7708847463921,382.3672928911751,409.53325428987944,397.9332354120538,15.665392206105519,8.785890398266828
1787657897.6603513,48.83435821533203,407.7224821956408,382.3783053950314,409.4905241448782,397.9604397184787,15.682119831458289,8.768483592297068
1787657897.6923513,48.866358280181885,407.6838403270338,382.3871259427251,409.4563385006629,397.98220413656196,15.695483861525402,8.754558454413928
1787657897.7223482,48.89635515213013,407.6172186736661,382.3844807852221,409.4242928658554,398.00260610966217,15.722320305412728,8.74824149165484
1787657897.7633483,48.937355279922485,407.5565129907479,382.39182931658314,409.3804924614479,398.0304918007358,15.74467101602247,8.732814899454374
1787657897.7883482,48.96235513687134,407.5194129947512,382.3962282611568,409.3537851338504,398.04749512061056,15.758396982261202,8.723478253096085
1787657897.8223498,48.99635672569275,407.46886236205125,382.4021531390419,409.3174458836998,398.0692902612416,15.77581841434281,8.710824882247525
1787657897.8603497,49.03435659408569,407.41838460165803,382.43260463726006,409.2767043997658,398.0824818454713,15.759822622863785,8.673876408496733
1787657897.8923497,49.06635665893555,407.3725342895607,382.4457333324148,409.2423955933645,398.0935906089664,15.759182042313967,8.654714961039296
1787657897.9233532,49.097360134124756,407.3280458956225,382.4584859479201,409.2091552786019,398.10435340819885,15.758545018349318,8.636108913111045
1787657897.962353,49.13635993003845,407.2719823955199,382.4745544585075,409.1673417243491,398.1178921154233,15.757740955913036,8.612663989704153
1787657897.990353,49.16436004638672,407.24263160283846,382.4971961421976,409.137321454843,398.1276123041731,15.744832772431547,8.586289195041111
1787657898.0203538,49.19436073303223,407.20314246742726,382.5133556667416,409.1051562778393,398.1380269872121,15.740013037088989,8.564977758204233
1787657898.0623538,49.23636078834534,407.14788820386775,382.53624304488443,409.06012600139013,398.1526072289536,15.733006188384739,8.534884185504573
1787657898.090354,49.2643609046936,407.11108386766426,382.55169925130195,409.03010573188396,398.16232741770347,15.728139008318863,8.514629910755508
1787657898.120358,49.29436492919922,407.07165696502767,382.56837537775846,408.99793697620015,398.1727432594744,15.722813096560358,8.492814891885718
1787657898.162358,49.33636498451233,407.01401095277186,382.5221127155649,408.95290669975094,398.18732350121593,15.784744080172185,8.530925301068631
1787657898.189358,49.363364934921265,407.5680043780902,383.06694920995204,408.92395875618365,398.1966964842046,15.190387251753119,8.06534036628161
1787657898.2203586,49.394365549087524,407.5266366156727,383.0647501361775,408.89072150886113,398.2074582902382,15.204023738303004,8.06196950758512
1787657898.2613587,49.43536567687988,407.4719449134097,383.06148559616094,408.8467633027308,398.22169140898507,15.222416558838548,8.05786689370643
1787657898.2903588,49.4643657207489,407.45128015638755,383.0895696402237,408.81567096290587,398.2317587207296,15.203534208291945,8.027264292508685
1787657898.323364,49.49737095832825,407.4139708250386,383.09766450111607,408.7802844625456,398.24321642808394,15.207056129590558,8.014237058723687
1787657898.363364,49.537370920181274,407.3689274958685,383.1074079121243,408.737398582354,398.2571023410696,15.21137582222471,7.998538557483741
1787657898.392364,49.56637096405029,407.3363977655907,383.1144826193679,408.7063062425291,398.2671696528141,15.214485649168596,7.987163503175282
1787657898.423364,49.597370862960815,407.3017405081277,383.1220376113482,408.67306976206663,398.27793121054805,15.217807158489526,7.975027069428188
1787657898.4583638,49.632370710372925,407.26014627372905,383.1555230049822,408.63554474470897,398.29008134302717,15.196926565646793,7.9362639756449385
1787657898.4933639,49.66737079620361,407.2203821714389,383.17217347339874,408.59801947173133,398.30223155827287,15.192647635709246,7.91442914290063
1787657898.5203674,49.694374322891235,407.1897927172325,383.1851291145207,408.5690676938639,398.31160578276007,15.189229600475192,7.897486637712879
1787657898.5633674,49.7373743057251,407.14123935574924,383.205929268717,408.5229653470959,398.32653314749626,15.183603932338247,7.870360436407978
1787657898.5933673,49.76737427711487,407.0916822150618,383.18985495423243,408.4908009369522,398.3369475822355,15.211572840414929,7.8796406578610885
1787657898.6203704,49.79437732696533,407.05668892038614,383.19415099279183,408.4618496703248,398.34632164118955,15.217186076648119,7.870688629955378
1787657898.6603706,49.83437752723694,407.0048594050734,383.20039273593454,408.4189635345132,398.36020763694177,15.225625711992903,7.85754967897726
1787657898.6903706,49.86437749862671,406.9659930926225,383.2049849640715,408.3867991243695,398.370622071681,15.232046437020546,7.847784520988807
1787657898.7223709,49.89637780189514,406.9245395492747,383.2097975520417,408.35249006234824,398.38173091794266,15.238983060792648,7.837453882992815
1787657898.7613707,49.93537759780884,406.8718033873421,383.2462025515904,408.3106765080954,398.3952696251671,15.217246434797335,7.794302736958847
1787657898.7913709,49.96537780761719,406.8322762979975,383.25899065238127,408.27851184233174,398.4056841426729,15.215581518250902,7.776327151420515
1787657898.8213747,49.995381593704224,406.79272837595016,383.2718235779449,408.24778507420007,398.4163451765019,15.214260561863757,7.75830435136997
1787657898.8613746,50.03538155555725,406.7399789540742,383.2890080207528,408.21935718861266,398.4326907576219,15.215770989199765,7.7341982135940865
1787657898.8893745,50.06338143348694,406.70963847713296,383.30106366841414,408.1994577364789,398.444132625435,15.216178852215364,7.718180968898378
1787657898.920378,50.09438490867615,406.67111681352935,383.31454499085055,408.1774236343283,398.456801882985,15.216993922118103,7.6996533206154325
1787657898.960378,50.134384870529175,406.6214705461855,383.33206150513223,408.1489957487409,398.473147464105,15.217943923587201,7.675634444180012
1787657898.989378,50.16338491439819,406.58551858463034,383.3448579962254,408.128385480857,398.48499803964523,15.218550482678577,7.658130196479234
1787657899.0173779,50.19138479232788,406.55083513335967,383.35727583556354,408.10848602872323,398.4964399074583,15.21908555424983,7.641171365215644
1787657899.0623858,50.23639273643494,406.4893958239132,383.35168687820885,408.07649898107803,398.51483195003453,15.245978646866657,7.63846687026935
1787657899.0893857,50.26339268684387,406.45461401385825,383.3575427790905,408.0573101752509,398.5258652075478,15.252758448208057,7.62799745602064
1787657899.118391,50.29239797592163,406.4172546948442,383.36379017128564,408.03669617960855,398.5377179264897,15.2601007284594,7.616794281783043
1787657899.161391,50.33539795875549,406.3618693556519,383.37292808498586,408.00613618565774,398.5552894359364,15.271139760970504,7.600308281585736
1787657899.191391,50.365397930145264,406.88515806926097,383.88350655827907,407.9848152714672,398.56754862177644,14.72516000880548,7.164552190514789
1787657899.2213938,50.39540076255798,406.84928918970576,383.8893895738269,407.9634923239539,398.57980897674463,14.73261249262973,7.153910061498851
1787657899.2583938,50.432400703430176,406.80512468378606,383.89653584000365,407.9371965467299,398.5949286295379,14.741924477431747,7.140903130944267
1787657899.2933939,50.467400789260864,406.7634256631744,383.90322119322826,407.9123220621192,398.6092310617316,14.750819949685006,7.128683724884385
1787657899.3213956,50.495402574539185,406.73011523321196,383.90850039914454,407.8924212544369,398.6206737089634,14.758014730481953,7.118983197570385
1787657899.3633957,50.537402629852295,406.68155051310725,383.92860705311915,407.8625719067927,398.6378366081104,14.756566187083298,7.092542702766248
1787657899.3933957,50.567402601242065,406.64633573212916,383.9374616539997,407.84125099260217,398.6500957939504,14.7610780709186,7.079043610237372
1787657899.4234014,50.597408294677734,406.61117518125224,383.94632498236695,407.8199260117661,398.66235731804676,14.765591294460298,7.065543144835095
1787657899.4604015,50.634408473968506,406.56789783142756,383.95723845514755,407.79363006509857,398.6774770682674,14.771182902389553,7.048922090413628
1787657899.4934015,50.66740846633911,406.5391711484795,383.968744823509,407.77017704254456,398.69096218243413,14.773593316274138,7.0336656716194454
1787657899.5214033,50.69541025161743,406.5095589504547,383.9774865273731,407.7502762348623,398.702404829666,14.77709708938222,7.021030118547439
1787657899.5634034,50.73741030693054,406.4653330766068,383.99061622147883,407.72042688721814,398.71956772881293,14.782329754772569,7.002085621776544
1787657899.5924032,50.76641011238098,406.4349274311642,383.99968703032636,407.69981678877775,398.7314182069258,14.785934145213696,6.989017487276183
1787657899.6234035,50.79741048812866,406.4025430784757,384.00938676300905,407.6777848893935,398.7440861979203,14.789780563398729,6.975060644287317
1787657899.6634035,50.83741044998169,406.36008597017104,384.0294635098661,407.6493570038061,398.76043177904035,14.78727986972549,6.949469205863751
1787657899.6934035,50.86741042137146,406.32875956223853,384.04087068981977,407.62803608961553,398.7726909648803,14.789004297493396,6.933962290074104
1787657899.7214072,50.89541411399841,406.29963041839795,384.05160246114684,407.60813392638477,398.784134391531,14.790526647493053,6.9194194696939375
1787657899.759407,50.93341398239136,406.26029576577935,384.06634276925723,407.58112750285414,398.79966265462406,14.792407218644623,6.89953514439805
1787657899.792407,50.96641397476196,406.21002902114,384.07447603959497,407.5576744803002,398.8131477687908,14.800155155422946,6.8847314342280646
1787657899.823406,50.99741291999817,406.17254345673393,384.0850828017888,407.53482939654054,398.825468231092,14.8032018694,6.869191364699539
1787657899.8634062,51.037413120269775,406.1241711187029,384.0987172036455,407.50097140349845,398.8395001259053,14.804940397900966,6.849190418271372
1787657899.8934062,51.067413091659546,406.08790730334266,384.10895535953716,407.4755780600732,398.85002398428816,14.806239709281463,6.834179536886528
1787657899.9214077,51.09541463851929,406.05408704513104,384.1185740299815,407.45187627427447,398.85984680411104,14.807394697596258,6.820110376904679
1787657899.9634075,51.13741445541382,406.00099877555505,384.1212571000293,407.4163257145641,398.87458015566534,14.82105568197645,6.8103290466210735
1787657899.9914076,51.165414571762085,405.96665785806584,384.12813967377105,407.3926251396155,398.88440247367106,14.825001669738969,6.798901393237903
1787657900.0234082,51.1974151134491,405.9274323180606,384.1360633494283,407.36553842228847,398.89562812333963,14.829460593099865,6.785786711437732
1787657900.061408,51.23541498184204,405.8808419998866,384.1453870946021,407.3333736013398,398.90895831050346,14.834853659548243,6.770296532180716
1787657900.091408,51.26541495323181,405.8440516467506,384.1526621364974,407.30798025791455,398.91948216888636,14.839206880677581,6.758151333586249
1787657900.1234112,51.29741811752319,405.82382380859525,384.12740611807584,407.2808913206956,398.93070873855305,14.87483829183517,6.780465175926303
1787657900.1614113,51.33541822433472,405.7837724622989,384.12568881151793,407.2487262979386,398.94403900935305,14.890587373446206,6.776793520806286
1787657900.1914113,51.36541819572449,406.29220077775506,384.60208765607547,407.22333295451335,398.9545628677359,14.382647594651043,6.372914321166645
1787657900.2214124,51.39541935920715,406.2607321942655,384.6003964292895,407.1979386020463,398.96508714429973,14.395231682355321,6.370368317061395
1787657900.2584124,51.432419300079346,406.237667642395,384.6369810219333,407.166620165336,398.97806656127494,14.371140777147515,6.331020053864488
1787657900.2934124,51.467419385910034,406.20641014805017,384.64831908207043,407.1369944971023,398.9903444378731,14.372184195075823,6.3155908786922135
1787657900.3234196,51.49742650985718,406.17979410284516,384.6580842973551,407.1115950994264,399.0008708053417,14.373022573937337,6.302343042450892
1787657900.3634195,51.537426471710205,406.1445718311895,384.67111848651854,407.0777373081927,399.01490261651884,14.374106614865463,6.28470114354284
1787657900.3904197,51.56442666053772,406.11356648419945,384.65691762950513,407.05488311748246,399.024374164336,14.398259765831057,6.2946138219354015
1787657900.4214246,51.5954315662384,406.08400310846747,384.65891041863796,407.0286391518434,399.03525054926746,14.407341628697266,6.288672718089681
1787657900.4584246,51.632431507110596,406.0489092656076,384.6611479433704,406.99732071513307,399.04822996624273,14.41830827144597,6.281747103456198
1787657900.4934244,51.667431354522705,406.0158910068504,384.663100741209,406.96769524870774,399.0605077592046,14.428834331180267,6.275382109545653
1787657900.5234265,51.69743347167969,405.98772503776974,384.664645747361,406.9423000890073,399.0710323703132,14.437977318808242,6.2700722215705875
1787657900.5614266,51.73543357849121,405.944432115353,384.70904790275875,406.91013506625023,399.0843626411132,14.407715155989262,6.220263160208932
1787657900.5884266,51.76243352890015,405.91735839874787,384.7206071637975,406.88728107734835,399.0938341052942,14.405915545852322,6.2051760949703585
1787657900.6174266,51.791433572769165,405.888355631252,384.73309993497185,406.8627341181614,399.1040071934885,14.40390186264257,6.188905150730066
1787657900.6614244,51.83543133735657,405.8444514748954,384.75201746200923,406.8254924044412,399.1194414163304,14.40087887556332,6.164268310549988
1787657900.6914246,51.86543154716492,405.7861658317381,384.7653238069915,406.8000988592076,399.1299653583494,14.400381490890853,6.143262449642788
1787657900.7234247,51.89743161201477,405.7442029802899,384.7789335666369,406.7730125454973,399.14119084074565,14.399058411200077,6.124145842918436
1787657900.7634249,51.93743181228638,405.691363779569,384.79530076799824,406.7391545524552,399.155222735559,14.398097944457087,6.1008375130013475
1787657900.7904248,51.96443176269531,405.6553591835773,384.80562593299146,406.7163005635533,399.1646941997399,14.3982095449708,6.085775186971288
1787657900.8184264,51.992433309555054,405.6177091663687,384.81561683436087,406.6923410057404,399.1742924264667,14.398833228755981,6.070823346791572
1787657900.8614264,52.035433292388916,405.5731518676234,384.7714312311985,406.644773636144,399.1796441744105,14.448009324184037,6.108631505160155
1787657900.8914263,52.06543326377869,405.53687208200444,384.7631967754698,406.611587117617,399.1833779499754,14.460174186825613,6.111924085319944
1787657900.9214275,52.09543442726135,405.50109962099975,384.7538635906825,406.57839928037487,399.18711187390744,14.47339733999262,6.116373525668129
1787657900.9634275,52.13743448257446,405.4518689273456,384.73754777110355,406.5319380489398,399.1923391715677,14.49508688274596,6.125936866146845
1787657900.9914277,52.16543459892273,405.4196977202785,384.7253363859955,406.50096380673546,399.1958240465657,14.510828697370675,6.133721643006574
1787657901.020434,52.194440841674805,405.3423389269417,384.7644607335507,406.4688765690516,399.1994341433558,14.478865439006961,6.072291552522317
1787657901.063434,52.23744082450867,405.27467177344545,384.7606296315813,406.4213091994552,399.2047858912996,14.489597214618671,6.054045288831043
1787657901.090434,52.26444101333618,405.23206353988184,384.75715157296554,406.3914410954122,399.2081463160141,14.4974275435294,6.043564603482123
1787657901.117434,52.29144096374512,405.189359956056,384.7531753756146,406.36157325511215,399.2115067110552,14.505772265683346,6.033524498242486
1787657901.158435,52.33244204521179,405.14486223115847,384.71193399750024,406.31621710686636,399.2166096771257,14.55189639930008,6.058169346519939
1787657901.191435,52.3654420375824,405.62216737424825,385.154857151582,406.2797119101123,399.22071683321445,14.081220593400912,5.7352481677601075
1787657901.2194366,52.39344358444214,405.5834158682173,385.14096806137627,406.24873608544993,399.2242018862529,14.098940596995496,5.7438126448026345
1787657901.2624366,52.436443567276,405.5235790448868,385.1196239736642,406.20116871585356,399.22955363419663,14.126189960048452,5.75693583643678
1787657901.2904365,52.46444344520569,405.50588511121333,385.12456092375453,406.17019473739214,399.23303847952127,14.124108687666194,5.749669637218298
1787657901.3194363,52.49344325065613,405.4721403730851,385.11561888479054,406.13811462076944,399.2366477751293,14.136724465743864,5.754003514773875
1787657901.3614364,52.53544330596924,405.42332483327067,385.10254185744486,406.0916533893344,399.2418750727896,14.155119456698367,5.760413042902758
1787657901.3914363,52.56544327735901,405.3885107513553,385.09307740052725,406.05846687080737,399.24560884835455,14.168379850347462,5.765121148235502
1787657901.4114363,52.58544325828552,405.3653219180885,385.08673567997295,406.0363425251226,399.2480980320645,14.177251225900605,5.7682944353713355
1787657901.4614358,52.63544273376465,405.312306755998,385.14745760981293,405.9810321883969,399.2543209319926,14.122704645166058,5.700145985916808
1787657901.4914358,52.66544270515442,405.2791055386979,385.1578377176726,405.9478456698699,399.2580547075575,14.116066467854262,5.679591594544148
1787657901.521438,52.6954448223114,405.2459598435524,385.1684773093713,405.9146567776558,399.26178875018314,14.109166628734545,5.6588095940268035
1787657901.5614378,52.73544478416443,405.2018664409769,385.18323292935077,405.8704080862864,399.2667671176031,14.099393006905824,5.6305939314293285
1787657901.5894377,52.763444662094116,405.1634560291123,385.1347923825184,405.839434107825,399.27025196292766,14.151613473815758,5.664019084478433
1787657901.6214423,52.79544925689697,405.12547986632893,385.12732722279327,405.80403003811523,399.27423523252776,14.163171840075973,5.658808682495334
1787657901.6614425,52.83544945716858,405.07801659196735,385.1179533524444,405.7597810830028,399.2792136296211,14.17766184739854,5.652338063320657
1787657901.6914425,52.86544942855835,405.0424326088343,385.11079414156325,405.72659456447576,399.28294740518606,14.188657642961227,5.647611347606736
1787657901.7224426,52.89644956588745,405.005697062546,385.1031614284538,405.6923016440444,399.28680566070784,14.20025315121135,5.642960503447544
1787657901.7604427,52.934449672698975,404.95320116838644,385.10263346020423,405.6502652289977,399.29153512756085,14.206013826211462,5.626492142567312
1787657901.7924428,52.96644973754883,404.913300554205,385.0961358741194,405.6148661704049,399.29551783336615,14.216702934872629,5.619744073312762
1787657901.8194456,52.99345254898071,404.87971855044907,385.0899189888279,405.58499101724414,399.2980168481745,14.22559151786626,5.614772703967144
1787657901.8584454,53.03245234489441,404.83142498497784,385.07955718435306,405.5417675567834,399.2860074456526,14.224198240888567,5.608968617809855
1787657901.8934455,53.0674524307251,404.7762142383675,385.0110760558947,405.5029769736384,399.2752296938928,14.282656023365998,5.655928327235832
1787657901.9164455,53.090452432632446,404.7458408255702,384.9930171881594,405.47748607939786,399.2681471880889,14.293867261603342,5.663200384856741
1787657901.9594507,53.13345766067505,404.68986037853267,384.9580951531384,405.42982339987975,399.25490437278665,14.315945624930977,5.67815359534264
1787657901.9894507,53.16345763206482,404.6511335204521,384.93326227074294,405.39657444185804,399.2456663313143,14.331803520854082,5.689136009969499
1787657902.0194526,53.19345951080322,404.6125545682343,384.90787342907436,405.36332336992245,399.2364277025025,14.348209691810489,5.7006923480370775
1787657902.0604527,53.23445963859558,404.5699261892943,384.8711669805227,405.31788294232535,399.2238023277647,14.372111212877044,5.7216499116265
1787657902.0894527,53.2634596824646,404.5349612777697,384.84582161412123,405.2857422036326,399.21487219898285,14.388651316539413,5.734333256632785
1787657902.1194532,53.29346013069153,404.4986988475565,384.8193690350018,405.2524927171324,399.2056340106756,14.405999623355193,5.747644990961098
1787657902.1624532,53.33646011352539,404.4465907226359,384.7810761903281,405.2048358508773,399.19239281055684,14.431250202355384,5.767039704761861
1787657902.1904533,53.36446022987366,404.89861082449573,385.2777878065592,405.1738033315135,399.1837705944655,13.908705483022658,5.443094742519753
1787657902.2174532,53.39146018028259,404.86541583811305,385.27069188283554,405.1438792957179,399.1754563644821,13.907552523261637,5.4390803204038205
1787657902.2544556,53.428462505340576,404.81996683851486,385.26100058000503,405.10286963152276,399.16406205316696,13.90593946185626,5.433561158703897
1787657902.2924554,53.46646237373352,404.7735005146541,385.2506354642178,405.06075439039097,399.1523605633356,13.904692571954548,5.428350816407035
1787657902.3224554,53.49646234512329,404.737095807383,385.24166185060943,405.02750543236925,399.14312252186323,13.904493753628747,5.425075831515015
1787657902.3624556,53.5364625453949,404.6986157224918,385.2148052974135,404.98317322410105,399.13080505981594,13.918908806329163,5.438053053865939
1787657902.3894556,53.56346249580383,404.66878950187265,385.2017787051521,404.95324918830545,399.12249082983254,13.92361818535077,5.440739824117333
1787657902.4194553,53.593462228775024,404.63565178384107,385.187433894614,404.9200004945229,399.1132528617776,13.928721696389792,5.443603694510432
1787657902.4594553,53.63346219062805,404.5915780315425,385.1682672391347,404.87566855049397,399.1009354731478,13.935564270672186,5.447495783023476
1787657902.4904552,53.664462089538574,404.523080530952,385.12941144609675,404.8413113731433,399.0913895189849,13.965604268227391,5.4621257702630714
1787657902.5194616,53.69346857070923,404.48175492032163,385.103155337782,404.80916349999137,399.0824574079325,13.983135655015111,5.473615033092569
1787657902.5604615,53.73446846008301,404.4229524588973,385.06585390373937,404.76372333663346,399.0698321066121,14.00812372509782,5.489907775716853
1787657902.5904617,53.76446866989136,404.3796900763465,385.03834451148185,404.7304741143725,399.0605939917223,14.026636443832075,5.501957035630846
1787657902.6224635,53.796470403671265,404.3333870139335,385.0087132156896,404.695006603779,399.0507395375295,14.046681884025302,5.515031475844949
1787657902.6604633,53.83447027206421,404.31126179871495,385.0478950523232,404.6528913626472,399.03903804769817,13.99531325394263,5.470801412937755
1787657902.6894634,53.86347031593323,404.2777730507706,385.04001095981437,404.62075062395445,399.0301079189163,13.994300502017978,5.467437901277476
1787657902.7194655,53.89347243309021,404.24319099529765,385.03191726774696,404.5874992877797,399.02086921668706,13.993188515489486,5.463919353916689
1787657902.7614655,53.93547248840332,404.194936377633,385.0205174862639,404.54095064085357,399.0079359292588,13.991697558544717,5.459110117270412
1787657902.7924654,53.96647238731384,404.1703396564586,384.98628507963,404.5065934635029,398.9983899750959,14.016138919984016,5.483554724057439
1787657902.8174655,53.991472482681274,404.1444089030283,384.9736841449767,404.4788858663652,398.99069157049354,14.020997539618842,5.487097797742196
1787657902.8624685,54.03647541999817,404.098335161773,384.9500148777217,404.4318136963302,398.96740595480827,14.021357300240126,5.494604360814353
1787657902.8904686,54.064475536346436,404.06993428834284,384.93500983635437,404.4025264966989,398.95291680054413,14.021851990152335,5.499624089160113
1787657902.9224727,54.096479654312134,404.0375942126605,384.91788865721014,404.3690512432311,398.93635570499276,14.022385037249615,5.5053731165820565
1787657902.9624727,54.13647961616516,403.98355359915575,384.7956451951287,404.32721260036755,398.9156570189359,14.124193265938029,5.603587527923362
1787657902.9924726,54.16647958755493,403.95001081162013,384.75350144013663,404.29583361821983,398.90013300439324,14.15085785485763,5.632627225765545
1787657903.022475,54.19648194313049,403.9163300412138,384.7109625755052,404.2644521422923,398.8846077561116,14.177919688832572,5.661996225076885
1787657903.061475,54.23548197746277,403.8723783972116,384.6550533424381,404.2236593906869,398.864426500194,14.213714640189236,5.700698095992248
1787657903.0904748,54.26448178291321,403.8448785660893,384.68899164505063,404.19332654917537,398.8494200391645,14.164714903652065,5.6596928947330705
1787657903.1224766,54.296483516693115,403.8108133860729,384.66920274843056,404.15985378948744,398.8328601773522,14.167957543946217,5.667408845249799
1787657903.1624765,54.33648347854614,403.7682756393236,384.64455377730906,404.1180151466238,398.81216149129534,14.171923865882512,5.6769854458240845
1787657903.1884766,54.362483501434326,404.19972093052905,385.0684282119112,404.0908199788869,398.7987073206836,13.730710972927069,5.415317625206268
1787657903.2194765,54.39348340034485,404.1668074855631,385.0494425211874,404.058395105481,398.7826658760017,13.733651260949216,5.422645753854933
1787657903.260476,54.43448305130005,404.14152443776453,385.04100668627547,404.0155108207372,398.76144988317947,13.72102186249791,5.422456656216096
1787657903.2924762,54.4664831161499,404.11283743807854,385.0263175949545,403.98203980669507,398.74489088498444,13.71919681083039,5.42708491086574
1787657903.316476,54.490483045578,404.09141430981083,385.0153817787132,403.95693667085254,398.7324716980251,13.717749089769343,5.430509223609473
1787657903.3624768,54.53648376464844,404.0505363985947,384.99466685687594,403.90882143354986,398.70866781426326,13.714733150540633,5.436899446774096
1787657903.3884768,54.56248378753662,404.0183017529177,384.980615664123,403.8816262658129,398.6952136436515,13.715278995662606,5.439777355784548
1787657903.4224787,54.59648561477661,403.98496492485964,384.96464322537497,403.84606147423057,398.67761879818676,13.713679055203581,5.444117129405136
1787657903.4604788,54.634485721588135,403.94778883890615,384.9469628454732,403.8063146138834,398.6579549724084,13.711721994746856,5.448832221129245
1787657903.4924788,54.66648578643799,403.9165942692104,384.93213229262244,403.7728435998413,398.64139597421337,13.710017321153613,5.452783834468998
1787657903.5194812,54.693488121032715,403.89038511541935,384.91959142381046,403.74460004706634,398.62742313972336,13.708606918208076,5.456180080544075
1787657903.560481,54.734488010406494,403.8254248992599,384.86603869564044,403.70171551294453,398.60620702352725,13.7407252243441,5.485861441602125
1787657903.587481,54.76148796081543,403.7935155364886,384.84503884329666,403.6734744539494,398.59223542277624,13.74772067130956,5.49542016048109
1787657903.6224787,54.79648566246033,403.75221341328717,384.8175684942698,403.63686801053456,398.5741252445286,13.757040313418718,5.508066077882043
1787657903.6604788,54.83448576927185,403.70734903581433,384.78757215179104,403.5971211501874,398.55446141875024,13.76733054282805,5.521950988887106
1787657903.692479,54.866485834121704,403.66566498901346,384.76398897911275,403.56365013614527,398.53790242055516,13.774291216703435,5.530794938041569
1787657903.7184808,54.89248776435852,403.6338280171289,384.7438273128634,403.5364529733845,398.52444726295226,13.780963976004413,5.5395838614273725
1787657903.7624807,54.936487674713135,403.5797991062068,384.70965159424355,403.4904305161101,398.5016787329645,13.7923166777779,5.554461601585745
1787657903.7904809,54.9644877910614,403.54526216619064,384.6879509542892,403.4611433164788,398.48718957870034,13.799495012293647,5.5638341924510915
1787657903.822485,54.9964919090271,403.5056673890073,384.66314678046194,403.4275403628343,398.4695734352185,13.806647703385147,5.574508906314502
1787657903.8604848,55.034491777420044,403.4779662365455,384.63422532968497,403.3868228857484,398.44188852005385,13.807964002309044,5.592924208081234
1787657903.8904848,55.064491748809814,403.44572243990063,384.611199132941,403.3546774284272,398.42003195322894,13.809132958038147,5.604292404078784
1787657903.915485,55.089491844177246,403.4188353771729,384.5920089960814,403.3278894195914,398.4018180606913,13.810108528472266,5.6137618824317155
1787657903.9604843,55.134491205215454,403.37049632947236,384.5573232296948,403.27967187228296,398.3690336447053,13.812009038157104,5.630961398496096
1787657903.9914842,55.16549110412598,403.3332746331867,384.53403922763465,403.24645497635845,398.3464485777631,13.81268220543454,5.640964579421656
1787657904.0164843,55.19049119949341,403.3053902609912,384.5148750465721,403.2196669675227,398.3282346852254,13.813625627973975,5.650087139810038
1787657904.0624866,55.2364935874939,403.2540998365452,384.4794770093908,403.17037466050897,398.294719511015,13.815496201142611,5.667006734536643
1787657904.0914867,55.265493631362915,403.22173185537287,384.4571437150848,403.13930064179095,398.2735914443074,13.816693626165161,5.67767908207754
1787657904.1224873,55.296494245529175,403.1871101569616,384.4332409644309,403.1060829794583,398.25100585626353,13.818002460900637,5.689108182971858
1787657904.1624873,55.3364942073822,403.135635642897,384.3974385634377,403.0632223696966,398.2218637671637,13.824614855233806,5.706350933739186
1787657904.1904871,55.36449408531189,403.5342401225578,384.7952989052556,403.03322004505117,398.201464374274,13.415524354298114,5.458685851054912
1787657904.2154872,55.38949418067932,403.504859878658,384.7747129223447,403.0064320362154,398.1832504817363,13.41779824694565,5.468670390751529
1787657904.2604856,55.43449258804321,403.45238090760813,384.736860310752,402.9582155107845,398.1504667605526,13.42270603975036,5.487528635484526
1787657904.2914858,55.465492725372314,403.4156126813537,384.700791241182,402.9249983593906,398.1278815199098,13.43605060149827,5.509777181489583
1787657904.3214889,55.49549579620361,403.3817726070399,384.6703895618105,402.8928495809673,398.10602269497775,13.444526150611834,5.527609002891136
1787657904.3584888,55.532495737075806,403.34103770320644,384.6315737131838,402.85320354248466,398.07906627993043,13.456338227804512,5.551174757051261
1787657904.3924887,55.56649565696716,403.30580738790013,384.5932236128552,402.8167720752811,398.05429553893566,13.469952224714845,5.5760789842904614
1787657904.4204903,55.594497203826904,403.27753254068284,384.5610055356305,402.78676796235,398.03389493014214,13.481824746972883,5.597428524062165
1787657904.4634902,55.63749718666077,403.2528801865395,384.4471430599801,402.7406927813092,398.0025671669897,13.565097075176954,5.697210844656154
1787657904.4894903,55.66349720954895,403.23361663106107,384.40225862794114,402.7128333338702,397.9836247743347,13.591347307939655,5.733459511553472
1787657904.5174904,55.69149732589722,403.2134822635369,384.35364179915945,402.68283075375535,397.9632252077445,13.619924800822735,5.772958759769501
1787657904.5614948,55.735501766204834,403.18253898963786,384.2765438176671,402.6356792801931,397.93116564416425,13.665568146493799,5.835916643327796
1787657904.5904949,55.76450181007385,403.1129135718622,384.29007012662953,402.604605261475,397.9100375774567,13.62944939093287,5.800611717611866
1787657904.618495,55.79250192642212,403.079331318442,384.25866488132965,402.5746026813602,397.88963801086646,13.640314492534438,5.819476569826608
1787657904.662498,55.83650493621826,403.02606538358816,384.20952965732084,402.5274527406142,397.8575794894896,13.657154857037193,5.848757433839039
1787657904.689498,55.8635048866272,402.99314141354387,384.17946082158596,402.49852185457195,397.8379085967172,13.667400781937499,5.866570385808557
1787657904.7225,55.896507024765015,402.9528820518804,384.1425723149194,402.4631595267472,397.81386479253484,13.680060897529941,5.888465960787645
1787657904.7585,55.932507038116455,402.88239055160176,384.1756021165115,402.42458492686774,397.7876368776048,13.6197311400501,5.834424508991631
1787657904.7935,55.967506885528564,402.83218298354325,384.15837900343786,402.38708202106096,397.76213763649275,13.61103830768315,5.834494777323102
1787657904.819502,55.99350905418396,402.79510401113555,384.1450237329718,402.3594361457276,397.7431090739699,13.605062713196718,5.8351483118464085
1787657904.8555021,56.0295090675354,402.74378055722235,384.1257753888856,402.3247577317784,397.7153541248585,13.596037303179557,5.836774418804178
1787657904.8915021,56.06550908088684,402.77535004693243,384.0449749079579,402.2900793178291,397.68759917574715,13.651252125449757,5.923441751693725
1787657904.9225042,56.096511125564575,402.75776506360387,384.0093109119876,402.2602153917213,397.66369751315665,13.663448654354264,5.951507472573408
1787657904.9615042,56.13551115989685,402.73611714101537,383.9647228376468,402.2226470908041,397.6336296363015,13.678547604288033,5.986705002406194
1787657904.990504,56.16451096534729,402.720149895156,383.9317175287398,402.1947118995574,397.6112716411347,13.68964155122985,6.012777642208078
1787657905.0205076,56.19451451301575,402.703682707117,383.8975933708732,402.1658098145544,397.5881397903054,13.701108294994993,6.039747479685518
1787657905.0615075,56.235514402389526,402.6218225650734,383.84981771252666,402.1263150754359,397.55653008416357,13.715665922990075,6.05849939209888
1787657905.0935075,56.26751446723938,402.5884411612466,383.8128424116465,402.09548976755525,397.5318589774393,13.727870068187544,6.082700230745616
1787657905.1195097,56.293516635894775,402.56121294199033,383.78277741055757,402.07044216661666,397.51181207187926,13.737803633977787,6.102350563335744
1787657905.1635098,56.33751678466797,402.5149147931678,383.73187331358025,402.0280573108643,397.47788925417996,13.754635016869624,6.135557514074543
1787657905.1885097,56.36251664161682,402.9362098575876,384.11423006190233,402.00397522568613,397.45861510140026,13.376908218691357,5.909897990646471
1787657905.222511,56.39651799201965,402.91748660569584,384.07428076062985,401.9712221016083,397.4324010625071,13.391594173627022,5.941651073794427
1787657905.262511,56.43651795387268,402.89583383016225,384.0271220010511,401.93269058159046,397.40156227100863,13.409075190031963,5.979279731339535
1787657905.292511,56.46651792526245,402.8801593168643,383.99147050481065,401.9037919415771,397.37843317738475,13.422520733767467,6.007951135252182
1787657905.320514,56.49452090263367,402.86626353914033,383.9578372066416,401.8768169837733,397.35684370728325,13.435489559006191,6.03528760561142
1787657905.3595138,56.53352069854736,402.8291298338661,383.90369818350024,401.8392489125221,397.3267760142418,13.459527580438536,6.074518016418965
1787657905.390514,56.564520835876465,402.8108555037009,383.8635649952591,401.8093868237421,397.3028758221609,13.476572821716166,6.106590218628273
1787657905.4205167,56.594523668289185,402.7936466386478,383.82454534712554,401.78048542773706,397.27974452277266,13.49329020275,6.137953038233905
1787657905.4625168,56.636523723602295,402.769900468882,383.7698294311021,401.74002723985194,397.24736371817374,13.516825416016315,6.182056562600427
1787657905.4925168,56.666523694992065,402.75393377167075,383.7300713035626,401.71112859983856,397.22423462454987,13.534396416533593,6.214519721387596
1787657905.5205202,56.69452714920044,402.7384983371452,383.69330866062796,401.68415318270286,397.202644786821,13.550417199302768,6.244319904248518
1787657905.5625203,56.73652720451355,402.71509655919533,383.6382134603016,401.64369499481774,397.1702639822221,13.574398426448207,6.2888936698086955
1787657905.5925202,56.76652717590332,402.69842718948087,383.5987788515561,401.61479635480435,397.1471348885982,13.591622680618984,6.3208235542376885
1787657905.6225219,56.796528816223145,402.7067386401321,383.57188317785926,401.58589610712914,397.12400450827846,13.598392571851697,6.348961994400707
1787657905.6575217,56.831528663635254,402.6976270515631,383.53096814853325,401.5521811419465,397.09702065762417,13.61432433179368,6.38473569789097
1787657905.6925218,56.86652874946594,402.68904527806615,383.48996618570266,401.5184659470979,397.0700366231561,13.630428058439227,6.420762917991853
1787657905.719524,56.89353084564209,402.6831090595427,383.45818223177343,401.49245512705875,397.04921880295274,13.643090993835402,6.448922042045204
1787657905.7615237,56.93553066253662,402.67528454820314,383.408514819996,401.45199716883957,397.01683818216753,13.663194968305667,6.49339433428121
1787657905.7905238,56.96453070640564,402.6003311111663,383.3738318340499,401.4240617479269,396.99448000318705,13.671344709366196,6.501988781373487
1787657905.821526,56.99553298950195,402.57591993678756,383.33561992110623,401.3955575656095,396.9686986578631,13.68408167068239,6.530259256386111
1787657905.863526,57.03753304481506,402.54379469092225,383.28287832169786,401.3694023200561,396.91655102286404,13.68415977556797,6.569786113831858
1787657905.8925261,57.06653308868408,402.52175591668833,383.24615036387524,401.35134274221036,396.8805443154594,13.684537457509723,6.597419108483494
1787657905.92053,57.094537019729614,402.5003644033852,383.21063127532733,401.3339034867738,396.8457743904244,13.684946431724224,6.62411733435733
1787657905.9595299,57.13353681564331,402.5151594947311,383.1575553807485,401.30961663212446,396.7973519036638,13.692968369937727,6.6791263718625595
1787657905.99053,57.16453695297241,402.5035531861388,383.1173413031244,401.2903115098339,396.7588618627744,13.695365586375406,6.684205482318444
1787657906.0175326,57.19153952598572,402.4934977148384,383.082266360393,401.2734958432241,396.725335232606,13.697508270436993,6.656747319743661
1787657906.0605326,57.23453950881958,402.47753737341395,383.02635939929945,401.2467178996851,396.67194607887586,13.700983629168503,6.613037579271877
1787657906.0905325,57.26453948020935,402.4639389020078,382.9958679922127,401.2280356238537,396.63469785274015,13.694712004177628,6.585085545343302
1787657906.1185374,57.2925443649292,402.4528159986426,382.96193477930973,401.21059577452303,396.59992674361484,13.694449090914999,6.5573489704439645
1787657906.1575375,57.331544399261475,402.4373908695768,382.9147244682988,401.18630877140015,396.5515039608316,13.694048391339264,6.518801760386027
1787657906.1925373,57.366544246673584,402.7673452197989,383.28068872801606,401.1645128571669,396.50804784501787,13.324117261298452,6.6441153094710845
1787657906.2205403,57.3945472240448,402.74070668390027,383.2443250991569,401.1470741956245,396.47327910407324,13.324597126062743,6.669916773292554
1787657906.2605402,57.43454718589783,402.7173584371564,383.1948528037998,401.12216449451597,396.4236148025589,13.324593342179352,6.70918676212582
1787657906.2905402,57.4645471572876,402.6997251569067,383.1577996793693,401.1034822186846,396.3863665764232,13.324525269879379,6.738551435220156
1787657906.3205462,57.494553089141846,402.6820355971431,383.1207630822431,401.0847962310149,396.3491109497228,13.32442722580463,6.767882277211133
1787657906.3625462,57.536553144454956,402.65718420508927,383.0689613860237,401.0586409854615,396.2969633147237,13.324240145340696,6.787106510734216
1787657906.390546,57.564553022384644,402.66623499024973,383.03371439859916,401.04120425407496,396.26219842207274,13.327922360698558,6.77561283571162
1787657906.4205487,57.594555616378784,402.65582296478976,382.996536559643,401.0225203450347,396.22494693968855,13.328860365034794,6.746715450174678
1787657906.4575486,57.63155555725098,402.6430529099685,382.95071648001374,400.9994788863567,396.17900749039006,13.330004449597702,6.7111530449824786
1787657906.4925487,57.666555643081665,402.6311003187066,382.9073835064674,400.97768282364996,396.13555107855376,13.33109923180218,6.677625434143276
1787657906.5195515,57.69355845451355,402.6032081258308,382.87696530214345,400.9608670085667,396.1020241523628,13.326644961775683,6.6377000113307165
1787657906.5625515,57.73655843734741,402.5789198361502,382.8253969221797,400.93408906502765,396.0486349986327,13.325145158390843,6.589342182698192
1787657906.5905514,57.7645583152771,402.5629821516723,382.79188850549366,400.9166523336411,396.01387010598165,13.324083432393456,6.557789256031999
1787657906.621554,57.79556083679199,402.54532923324655,382.7548126912413,400.89734572661524,395.9753771048664,13.322881559667948,6.522861600227775
1787657906.657554,57.83156085014343,402.52475392691633,382.7118178923387,400.87492696592284,395.93067917429903,13.321419691344149,6.4822703461347695
1787657906.6925538,57.86656069755554,402.5234750805968,382.64728764150453,400.8531310516896,395.8872230584853,13.344884376446554,6.446226603757512
1787657906.7195551,57.89356207847595,402.51273342865375,382.6091856072393,400.83631612744756,395.85369790842987,13.350186555407085,6.4165513644984475
1787657906.761555,57.93556189537048,402.496047659329,382.5498039737362,400.8101610303677,395.80155056945335,13.35855536960537,6.370349018170436
1787657906.7915552,57.96556210517883,402.48408078873155,382.50732458700713,400.79147860606275,395.7643020472951,13.364593279683364,6.337271965088033
1787657906.818555,57.99256205558777,402.4623872022756,382.4748215287033,400.77483703338083,395.73086951185655,13.363032354379706,6.301426334913021
1787657906.862562,58.03656888008118,402.43919204462856,382.4154050680416,400.755098862276,395.68026849780756,13.37134143073121,6.249734346210962
1787657906.891562,58.065568923950195,402.4238436639771,382.37621625760454,400.7420916109116,395.6469229509718,13.376843652722169,6.215598490235826
1787657906.9225633,58.09657025337219,402.40742806102185,382.3342758262029,400.72818673248304,395.6112762365434,13.382772184254469,6.179074591308328
1787657906.9595633,58.133570194244385,402.38786244449847,382.2841414497382,400.71159132547035,395.5687320505123,13.389930257274111,6.135462986586429
1787657906.9895632,58.163570165634155,402.36434319791823,382.2582781159706,400.6981355813841,395.5342367423133,13.380109314566868,6.101681060167359
1787657907.0215652,58.19557213783264,402.3452676301025,382.21939530517767,400.6837818894234,395.49743944408846,13.381591498074624,6.064578537227122
1787657907.0615654,58.23557233810425,402.321626721902,382.1707078410085,400.6658407903717,395.45144542567874,13.383557742391469,6.018325964158385
1787657907.0915654,58.26557230949402,402.3042169359017,382.1340498472062,400.6523850462855,395.41695011747964,13.385215283348396,5.983829064202819
1787657907.1235638,58.29757070541382,402.2739387037711,382.08758015135743,400.638032958376,395.38015693142,13.39286321372974,5.9332000077425935
1787657907.1605637,58.33457064628601,402.24827172102596,382.0387822791788,400.62143755136333,395.3376127453889,13.397965561404478,5.885184804499163
1787657907.1915638,58.36557078361511,402.5545194533123,382.39446704481963,400.6075332076185,395.3019674016822,13.05351756820084,6.3353141385263365
1787657907.2185676,58.39257454872131,402.53651683023855,382.35830634149625,400.5954213376466,395.270917265408,13.057693999465833,6.300588474557406
1787657907.2615676,58.435574531555176,402.5085042087402,382.3002478550401,400.5761347604293,395.22147396290825,13.064920046269677,6.245583568581753
1787657907.2925677,58.46657466888428,402.545670102843,382.23560186488066,400.5622304166845,395.1858286192015,13.101236810963927,6.241787718180468
1787657907.3205712,58.49457812309265,402.54365070517036,382.19171832455186,400.54967016092746,395.15362899570835,13.114384722809518,6.216310037724657
1787657907.3565712,58.53057813644409,402.54186119179695,382.1351891217733,400.5335232466366,395.11223457104063,13.131531894425759,6.1841728770198285
1787657907.3935711,58.567578077316284,402.54092009669523,382.07693165396125,400.5169278396239,395.06969038500955,13.149460981345069,6.151812216594383
1787657907.4215724,58.595579385757446,402.5407220282656,382.0327354584058,400.50436854629766,395.03749322881544,13.16322377575314,6.127695831586285
1787657907.4615724,58.635579347610474,402.51885631071804,381.9752523175112,400.4864275541827,394.99149948455005,13.173968914637626,6.078168827489541
1787657907.4915724,58.665579319000244,402.514044199235,381.92901439161454,400.47297181009645,394.95700417635095,13.186906169716227,6.049068188780661
1787657907.5205777,58.694584608078,402.50999921798876,381.8841487121205,400.4599622061236,394.92365259833974,13.199670956078538,6.0213558996420335
1787657907.5615776,58.73558449745178,402.5053394169225,381.82048384742535,400.4415727212868,394.876509092711,13.218128769971605,5.982939610454196
1787657907.5885775,58.76258444786072,402.48058595331685,381.7838382665484,400.42946256230283,394.84546334274626,13.221692660031298,5.942277494979963
1787657907.6205816,58.794588565826416,402.47078836830457,381.73543124032415,400.4151079079114,394.80866357722243,13.233866626567051,5.9078114146449705
1787657907.6615818,58.835588693618774,402.45913199117786,381.6730997422576,400.3967183161378,394.76151979744935,13.249916592497405,5.864237453839597
1787657907.6915817,58.865588665008545,402.451113342375,381.62730304740603,400.3832625720516,394.72702448925025,13.261927034267694,5.832681006558229
1787657907.7225792,58.896586179733276,402.4432374069167,381.57983467716036,400.369359404611,394.6913821611313,13.27454885835567,5.800338620751605
1787657907.761579,58.93558597564697,402.4608930849251,381.54663130938553,400.3518670121546,394.64653845237353,13.268592922029589,5.797184304827592
1787657907.7895792,58.96358609199524,402.4609107549512,381.51018825188277,400.33930825351206,394.61434266690117,13.274790397846555,5.777450661444144
1787657907.813579,58.98758602142334,402.46117494957906,381.4789886030662,400.32854367963046,394.58674647517074,13.280114177494124,5.760765611260263
1787657907.8585756,59.0325825214386,402.4624694380478,381.4205754682664,400.3051182191826,394.5372225463581,13.29287759865226,5.730199475343939
1787657907.8915756,59.065582513809204,402.45905401129176,381.360173515864,400.2877060425472,394.5010607435743,13.319071631790687,5.694597184050852
1787657907.9225779,59.09658479690552,402.4591439270007,381.3143636040091,400.27134794090557,394.4670880555026,13.333439607756464,5.669848360367752
1787657907.9625778,59.136584758758545,402.45917218746604,381.25521920312684,400.25024228750516,394.42325559894795,13.35202433433262,5.6378217589371245
1787657907.9895778,59.16358470916748,402.4589790161167,381.215262131466,400.2359959840398,394.39366871689975,13.364582061999029,5.616006671020472
1787657908.0215805,59.195587396621704,402.4590095107259,381.1678385454642,400.2191100272038,394.3585997732686,13.379586371231047,5.590333457220769
1787657908.0575805,59.231587409973145,402.44031207572516,381.11790237527646,400.20011491398344,394.319150510117,13.389975191952644,5.547558917528344
1787657908.0915804,59.2655873298645,402.4346923524599,381.06852104952424,400.182175133753,394.281892974298,13.403993115596942,5.516076118706537
1787657908.122582,59.29658889770508,402.4293886732322,381.023488998923,400.1658174095102,394.2479210700124,13.416756630005828,5.4872158092127155
1787657908.161582,59.33558893203735,402.4225812597301,380.96682328186057,400.1452393597049,394.205184346493,13.432813919919639,5.450787412617279
1787657908.191582,59.365588903427124,402.72416436608177,381.32712341767916,400.12941011965455,394.172310004077,13.1046391800281,5.899497463902778
1787657908.2215836,59.39559054374695,402.72366458092966,381.28635242787203,400.1135799990069,394.1394338328267,13.115420051495947,5.87698362230704
1787657908.2615836,59.435590505599976,402.7231101325492,381.232029950923,400.09247434560643,394.095601376272,13.129802529307103,5.84708028806845
1787657908.2925835,59.4665904045105,402.7226043620917,381.1899669034213,400.07611750196094,394.06163130082075,13.140914620380332,5.823861250058781
1787657908.319586,59.493592977523804,402.70002486783,381.16082944379843,400.06186981469983,394.03204154489003,13.138796102978501,5.7890948829458795
1787657908.362586,59.536592960357666,402.7054228852912,381.1046800950868,400.03918122471435,393.98492162796754,13.153306296819133,5.763204274802632
1787657908.3905861,59.56459307670593,402.70904402734755,381.06817336385836,400.02440719185427,393.9542387516221,13.162748805481685,5.746464639294839
1787657908.4225807,59.59658765792847,402.7133626975026,381.0265143420822,400.0075255122053,393.91917869090065,13.173547315914282,5.7275192099477525
1787657908.4625807,59.636587619781494,402.7189343569585,380.97451645832143,399.9864198588048,393.875346234346,13.18704077466141,5.704024216985445
1787657908.4925807,59.666587591171265,402.7027782841434,380.93001887215723,399.9705906187545,393.84247189193,13.198344306265938,5.666332716086957
1787657908.5195858,59.69359278678894,402.70141760537166,380.8935976135017,399.95634154769755,393.8128792621167,13.207697788738832,5.645452461967278
1787657908.5625858,59.7365927696228,402.6993597025585,380.83565197007107,399.9336529577121,393.7657593451943,13.222587134547632,5.612322166014614
1787657908.5925858,59.76659274101257,402.6978955427155,380.7952572820404,399.91782371766175,393.7328850027783,13.232951688601592,5.589201740451797
1787657908.622588,59.796594858169556,402.696481553183,380.7548871985711,399.9019933454149,393.7000083090038,13.243312459770975,5.56613681338545
1787657908.662588,59.83659482002258,402.6881456374197,380.69966561143696,399.8808876920144,393.65617585244917,13.257143538390745,5.529206371892428
1787657908.6925879,59.86659479141235,402.6850127220207,380.65902311634164,399.86505845196405,393.6233015100332,13.267428400196769,5.5045491658281245
1787657908.7225878,59.896594762802124,402.6818682570369,380.6184034439511,399.8492292119137,393.5904271676172,13.27769721929644,5.47989462062107
1787657908.7625878,59.93659472465515,402.677552837916,380.5642827236058,399.82812355851325,393.54659471106254,13.291338222992465,5.446939736941963
1787657908.7925878,59.96659469604492,402.6743187152407,380.5160555756516,399.81229431846293,393.51372036864655,13.309037294966593,5.418087348307552
1787657908.8225927,59.99659967422485,402.671125483975,380.4730607457346,399.79904298367126,393.4782862969172,13.318586618920339,5.3921047198827035
1787657908.8575928,60.03159976005554,402.66724571293815,380.4228876555769,399.7986751820047,393.422017554245,13.311877215982195,5.361655194490856
1787657908.8925927,60.06659960746765,402.66329102157613,380.37268899785363,399.7983073828436,393.3657491948722,13.30517735821486,5.331128847775142
1787657908.9195948,60.0936017036438,402.6602155736952,380.3339425086643,399.7980236287973,393.3223386155754,13.300021660112535,5.307547385542732
1787657908.9625947,60.13660168647766,402.6349995239408,380.26714392683795,399.7975717594669,393.2532086431321,13.292436689124655,5.250156580616302
1787657908.9925947,60.16660165786743,402.62627361552455,380.22286025814566,399.7972565019693,393.2049784565414,13.286787826480378,5.218825630902162
1787657909.0165946,60.19060158729553,402.61923631434945,380.18740412678494,399.7970042964723,393.1663943839287,13.282288268885145,5.193697502005869
1787657909.0626028,60.23660969734192,402.6054862414319,380.11937385872756,399.7965208159565,393.0924283223151,13.27367427944215,5.145275745688765
1787657909.0906026,60.264609575271606,402.59776725369164,380.0746513301233,399.79622657662765,393.04741363481685,13.271819467553135,5.114553237159322
1787657909.1226063,60.29661321640015,402.588229380706,380.02607536016166,399.7958902633797,392.9959621996419,13.267069095134516,5.080213879349916
1787657909.1626062,60.336613178253174,402.5761454590646,379.9652658841691,399.79546992004964,392.93165528418757,13.261199437689895,5.037105375581481
1787657909.1906064,60.36461329460144,402.8167913140929,380.3080394345824,399.7951756782153,392.8866402133899,12.936435312851732,5.42510348629823
1787657909.2196088,60.39361572265625,402.81628649287666,380.25735395462465,399.7948709034949,392.84001375170124,12.94033537945314,5.397212749646545
1787657909.2626088,60.43661570549011,402.8074150973884,380.1880393629426,399.7944190341645,392.77088377925793,12.938551653187467,5.352195268375277
1787657909.2896087,60.46361565589905,402.8017640421324,380.14440784611304,399.7941353026672,392.72747664965624,12.937521058887558,5.323801958442703
1787657909.3186135,60.49262046813965,402.79562248865136,380.09744348930354,399.7938305028924,392.680846354973,12.936490358884278,5.293190346641796
1787657909.3626134,60.53662037849426,402.786169283925,380.0260126558365,399.79336812573035,392.6101088246332,12.935081567505279,5.246537096405746
1787657909.3896134,60.5636203289032,402.78408232059627,379.9881352518071,399.7930843942331,392.5667016950315,12.929284680991444,5.22425735632426
1787657909.4226182,60.596625089645386,402.77800048138954,379.93629511493214,399.79273756062634,392.5136407854627,12.926771399777204,5.1910537455901276
1787657909.457618,60.631624937057495,402.77144184184687,379.88122848762583,399.79236976146524,392.45737242608993,12.92417373842818,5.1557009761056785
1787657909.492618,60.666625022888184,402.7648313394643,379.82605945085277,399.79200195979865,392.4011036834177,12.921665990558967,5.120249123169734
1787657909.512618,60.6866250038147,402.757140419042,379.8022401709818,399.7917917881336,392.3689502256906,12.911835427310445,5.100877674780455
1787657909.5566173,60.730624198913574,402.746321386322,379.7373920432979,399.7913294184879,392.2982138452491,12.903728990890048,5.0566436925093505
1787657909.5926173,60.766624212265015,402.73728432306893,379.68432085433767,399.79095110898976,392.24033754468036,12.89707077349544,5.020289277389971
1787657909.620617,60.79462385177612,402.73020126609987,379.64302714798134,399.79065687216627,392.19532324048157,12.891898946148428,4.991959311281387
1787657909.662617,60.83662390708923,402.7194927123195,379.581057171639,399.7902155106675,392.1278008259348,12.884154657979336,4.949377850560919
1787657909.692617,60.866623878479004,402.7374052842639,379.51204720442996,399.78990025316995,392.07957063934407,12.908541017304762,4.92703584195026
1787657909.7226195,60.896626472473145,402.736878294842,379.4605241727331,399.7895849681125,392.0313362364594,12.91169446259135,4.898672604871915
1787657909.7626195,60.93662643432617,402.736282515872,379.3915991593612,399.78916462478236,391.9670293210051,12.916150650033625,4.860821419673714
1787657909.7926195,60.96662640571594,402.73587063585387,379.33973642650454,399.7888493672848,391.9187991344144,12.919665358163408,4.832370841413108
1787657909.8226178,60.99662470817566,402.7219870459473,379.29540549982056,399.7876555950769,391.87055606763084,12.912966849901938,4.796679545535789
1787657909.8576179,61.03162479400635,402.7159972639968,379.23794622043437,399.78113467258004,391.8141783217912,12.914140788209469,4.760508290166294
1787657909.8926177,61.06662464141846,402.70996337697215,379.18036245796236,399.77461379450335,391.7578009599935,12.915426297404029,4.724232509609832
1787657909.9206178,61.094624757766724,402.7051076077785,379.1342058716496,399.76939704762185,391.7126986865134,12.916535061176257,4.695139257008869
1787657909.9596179,61.133624792099,402.6983636055852,379.06977856999765,399.762130888262,391.6498778684743,12.918218179370223,4.654558151062433
1787657909.9906178,61.16462469100952,402.6899979713059,379.04130714544783,399.75635524704836,391.5999435788761,12.89672860459663,4.632098646816505
1787657910.0226207,61.196627616882324,402.6833737626969,378.9953320619727,399.750392730262,391.54839362469284,12.891149379867741,4.6016174781668315
1787657910.0576205,61.231627464294434,402.6759998435825,378.945095823361,399.7438718521853,391.49201626289516,12.884975245375342,4.5681971005015685
1787657910.0926206,61.26662755012512,402.6686118049604,378.8948937400099,399.7373509296885,391.4356385170555,12.878764299493065,4.534783364932418
1787657910.1186237,61.292630672454834,402.6514636771668,378.84754662916276,399.7325062459866,391.39375297915046,12.881288998447083,4.494713940902287
1787657910.1606238,61.334630727767944,402.63671455516186,378.78235257655456,399.72468114787443,391.32609976095125,12.877326274938364,4.446989486064279
1787657910.1906238,61.364630699157715,402.871742261877,379.0960195149826,399.7190918047715,391.2777761433924,12.583099755564746,4.814492989658722
1787657910.220629,61.394635915756226,402.8608554150771,379.04938220114195,399.71350148442525,391.2294440769101,12.580132911155214,4.78007045412931
1787657910.260629,61.43463587760925,402.84615278945904,378.9871623646938,399.70604902695464,391.16501258683166,12.576179374997697,4.733996804684729
1787657910.2906291,61.4646360874176,402.84490125201785,378.9448553950877,399.70045963943153,391.1166885852308,12.571437318923946,4.710018810673735
1787657910.317629,61.49163603782654,402.837273106777,378.9039384453183,399.6954292350809,391.07319736783205,12.568295255813114,4.681434893375591
1787657910.362624,61.53663086891174,402.82447072347804,378.83572105493056,399.6870461754597,391.0007201983962,12.563066383452249,4.633708214522059
1787657910.392624,61.566630840301514,402.8157512485587,378.79023785540966,399.6814568323568,390.95239658083733,12.559534479825711,4.601732646000403
1787657910.4226277,61.59663462638855,402.81350179788194,378.73922167931084,399.67586677853143,390.9040668186069,12.56296982316322,4.572196443565748
1787657910.4576278,61.63163471221924,402.8057135720668,378.6839167699745,399.6693458560346,390.84768907276725,12.561614509463249,4.5356811519253215
1787657910.4906278,61.664634704589844,402.7983546728926,378.63170679398013,399.6631975741794,390.79453305504836,12.56039619958474,4.501203829311803
1787657910.52263,61.69663691520691,402.79120585731835,378.58101500645944,399.65723519065347,390.742984252991,12.559270205433723,4.467725776361854
1787657910.56063,61.73463702201843,402.7826591413519,378.5207530405501,399.65015532940436,390.68177410699127,12.557986045154356,4.427886787903568
1787657910.5926301,61.766637086868286,402.80440319012416,378.4771941781439,399.6441933456598,390.6302287613117,12.557196177519932,4.422556871498497
1787657910.6196358,61.79364275932312,402.8055168061347,378.43609455782916,399.63916187522557,390.58672832690553,12.556420849060107,4.4012271956438695
1787657910.6576357,61.831642627716064,402.80724902203644,378.37823297575676,399.6320820583966,390.5255185649478,12.555406502075433,4.371693195111666
1787657910.6906357,61.86464262008667,402.80885309420046,378.32796062927883,399.62593377654133,390.47236254722884,12.554579775023752,4.346580405322035
1787657910.7226377,61.896644592285156,402.8054729228052,378.2669725598975,399.6199714374356,390.4208141292135,12.56436566665129,4.312130819682914
1787657910.7626379,61.93664479255676,402.80545732580185,378.20033052100536,399.6125189355448,390.3563822550931,12.568390880530188,4.2783509074300845
1787657910.7926378,61.96664476394653,402.80556086187295,378.1502395627381,399.6069295924419,390.3080586375342,12.571547504315397,4.253571626007433
1787657910.8216407,61.9956476688385,402.8057204297536,378.1017261546811,399.6019372417311,390.2623673976081,12.575588342301632,4.230051737776851
1787657910.8596408,62.033647775650024,402.8060322914954,378.0380333947712,399.5987678306751,390.2109166959162,12.588313357433345,4.19991389593632
1787657910.891641,62.06564784049988,402.79596916016595,377.99942006122416,399.596098855037,390.1675898232083,12.581872886264234,4.172932682260242
1787657910.9186418,62.09264874458313,402.7937020800263,377.9578798715202,399.59384683600064,390.1310316243514,12.586687299689927,4.151746722600002
1787657910.959642,62.13364887237549,402.7903133456641,377.89478189063243,399.5904272072358,390.07551900816753,12.59403144451383,4.120210421093101
1787657910.9916418,62.16564869880676,402.7877365997784,377.8455158428025,399.58775825148297,390.0321924582693,12.599799536481722,4.096158416881498
1787657911.0226448,62.19665169715881,402.7770737735952,377.815622888258,399.5851724364948,389.990215575739,12.586061387576677,4.073576120449487
1787657911.0586448,62.232651710510254,402.77082133573356,377.7677032896681,399.58216984387326,389.94147292464504,12.584441404449784,4.047455203312645
1787657911.0906446,62.26465153694153,402.7652514857488,377.72522536390335,399.5795008881205,389.8981463747468,12.582885710619903,4.024619010802573
1787657911.1226468,62.296653747558594,402.7596765712301,377.6828551045017,399.5768317335139,389.8548165967515,12.581222032449338,4.002150236014478
1787657911.1626468,62.33665370941162,402.7526950051969,377.63005204660294,399.57349552390895,389.8006581672715,12.578988937362027,3.974583200288091
1787657911.1896467,62.36365365982056,402.97707890885476,377.92292224771614,399.5712435844141,389.7641012596534,12.32125134269855,4.3003173135874135
1787657911.2206495,62.39465641975403,402.9720025571389,377.88035840214394,399.5686577893113,389.7221246999328,12.321127572594472,4.277430864715757
1787657911.2566495,62.43065643310547,402.9660994488504,377.8310233107444,399.56565519668976,389.67338204883885,12.320896135986791,4.251272766464245
1787657911.2916496,62.46565651893616,402.96037219705306,377.78314858496657,399.5627360033427,389.62599326163894,12.32058853060996,4.22629369984133
1787657911.3176496,62.49165654182434,402.92558873450105,377.72704858750893,399.56056746312237,389.59079021791496,12.331736845629655,4.171797968288878
1787657911.3626573,62.53666424751282,402.90180699416175,377.65422945433204,399.556813581042,389.52985149343453,12.337721821691051,4.121256054359003
1787657911.3926573,62.56666421890259,402.8856951885001,377.6056110113594,399.5543114238382,389.4892326713245,12.341741430796745,4.087746253213347
1787657911.4226637,62.596670627593994,402.86932625519626,377.55692887838995,399.55180872972926,389.44860513335243,12.345763916607957,4.054344076228795
1787657911.4616637,62.63567066192627,402.8477048959951,377.49357341489264,399.5485559193988,389.39580056776646,12.35100786042918,4.011144891064438
1787657911.4906635,62.66467046737671,402.84621573947794,377.4615432939747,399.54613718135494,389.3565359323602,12.344284845912615,3.9983934839470683
1787657911.522663,62.696670055389404,402.83243438337405,377.41406352189597,399.54346824548753,389.3132097052717,12.345322116069259,3.9690129499501143
1787657911.559663,62.7336699962616,402.81633181654644,377.35917567628553,399.5403822535915,389.2631131902836,12.3464802221603,3.9353876302469843
1787657911.5906632,62.7646701335907,402.8026763279854,377.3132040832704,399.53779667722785,389.22114018146976,12.347403826421562,3.907486528782021
1787657911.6216667,62.79567360877991,402.793656969699,377.2846076355527,399.5352108224689,389.1791626533201,12.332798156342875,3.8898298537148746
1787657911.6576667,62.83167362213135,402.7793540572957,377.2385713370793,399.53220822984736,389.13042000222606,12.327206524572711,3.861931190410469
1787657911.6896667,62.8636736869812,402.76653450256566,377.197789766431,399.52953925420917,389.08709312951817,12.322080696757263,3.83741092124212
1787657911.7206717,62.894678592681885,402.754018994767,377.15840117950546,399.526953280138,389.0451136645102,12.316975555212487,3.8139052939892686
1787657911.7616715,62.935678482055664,402.73730160540106,377.10650979209873,399.5235336712585,388.9896013711361,12.310002835511899,3.783184548422011
1787657911.7896717,62.96367859840393,402.7323632004078,377.0744031848933,399.52119831260376,388.9516902768142,12.303720112249636,3.769650998199699
1787657911.8226733,62.99668025970459,402.72076780313427,377.0339291521503,399.5183463307383,388.90711598777085,12.297482218747717,3.7477368241714424
1787657911.8616734,63.035680294036865,402.7069362696787,376.9863151910369,399.51431624355064,388.8551608995988,12.290741274832921,3.7222167204478627
1787657911.8896732,63.06368017196655,402.6969473988304,376.9522675714108,399.5114228627823,388.8178600061112,12.28575803099602,3.70417170406222
1787657911.9226785,63.0966854095459,402.68334992083675,376.8959370426619,399.50801225078226,388.773891069726,12.295062471899664,3.6777208991478396
1787657911.9606786,63.13468551635742,402.66888691987566,376.8429512005342,399.5040854915828,388.7232680655738,12.294628782288187,3.6514749222616163
1787657911.9896784,63.16368532180786,402.65777850144696,376.80254767783464,399.50108878282623,388.68463508806633,12.294254398052459,3.6313837159262174
1787657912.0216825,63.19568943977356,402.6454300557162,376.75799724649414,399.49778162199993,388.64199982378403,12.293787370835286,3.609133183496519
1787657912.0616825,63.23568940162659,402.62991433478413,376.70235925949,399.493648206824,388.5887126515922,12.293151027597824,3.581253493031139
1787657912.0906825,63.264689445495605,402.62477811582187,376.66921476968065,399.49065147343026,388.55007935646813,12.287298040664993,3.5686420622177297
1787657912.1216848,63.29569172859192,402.614365291972,376.6283007718698,399.48744783768905,388.5087787171384,12.285087259515596,3.5491106108473423
1787657912.162685,63.33669185638428,402.60048668589974,376.5743153185358,399.4832110698877,388.45415914331016,12.282023309178847,3.5232038187544252
1787657912.1896849,63.36369180679321,402.8228783797515,376.8548179191047,399.48042101710763,388.4181903338423,12.036760478758687,3.8040752329369214
1787657912.222681,63.39668798446655,402.8243051037845,376.7941224137108,399.47701134131734,388.374233466888,12.054183818748077,3.7915234701622706
1787657912.262681,63.43668794631958,402.81648408215773,376.73348028771284,399.4728779261414,388.3209462946961,12.060226805062305,3.769983442007051
1787657912.289681,63.463687896728516,402.8112461364722,376.6924983086511,399.4700878733613,388.2849774852283,12.064365379021378,3.755472914909126
1787657912.3196821,63.49368906021118,402.8053868659439,376.6469320181104,399.46698768879384,388.24501051800144,12.068982308199411,3.739304763123576
1787657912.361682,63.53568887710571,402.7971819949764,376.5830746770142,399.4626476176413,388.18905917776993,12.075512235322003,3.716652686944019
1787657912.393682,63.567688941955566,402.7899847597804,376.5348871992354,399.45934087564575,388.1464293129698,12.079780583352955,3.6985803125876684
1787657912.4236858,63.5976927280426,402.7839137014408,376.4893195348918,399.4562404200702,388.1064588519603,12.084342571266621,3.6822057191904185
1787657912.457686,63.63169288635254,402.7770640948969,376.4376347961949,399.45272699746096,388.061164501504,12.089568228335995,3.6636684408125015
1787657912.490686,63.664692878723145,402.77046598872363,376.3874187484198,399.44931692747707,388.01720255268407,12.09470555329671,3.6457132635891005
1787657912.5226898,63.696696758270264,402.7686216128775,376.34884597358547,399.4460097912879,387.97456760601835,12.091201461880653,3.635058924108496
1787657912.5626898,63.73669672012329,402.76271168798877,376.2925344764992,399.4418763761119,387.9212804338265,12.09362144722018,3.6163735480373345
1787657912.5876896,63.761696577072144,402.75909494079514,376.25735584410677,399.43929300394547,387.8879761100149,12.095140043408502,3.6047737736577816
1787657912.6196897,63.793696641922,402.7545274896304,376.2123490890361,399.4359862619499,387.8453462452148,12.09707975982125,3.5899914192742455
1787657912.6576884,63.831695318222046,402.74379792652536,376.1564310823587,399.432059650573,387.7947251467622,12.100309877764966,3.566705624122175
1787657912.6926885,63.866695404052734,402.73656561421416,376.1061347775109,399.4284428999755,387.748098712286,12.102850910056938,3.548114761830033
1787657912.72169,63.89569687843323,402.7305970317954,376.06446372443594,399.4254460187592,387.70946351146233,12.104959448871318,3.5327348658566256
1787657912.76369,63.93769693374634,402.72196923289187,376.0041272320662,399.4211059229696,387.65351185361425,12.108008120725353,3.510479824963844
1787657912.78969,63.96369695663452,402.71660827361404,375.9667868688223,399.41841919817784,387.6188751281662,12.109880758325723,3.49668596726942
1787657912.8216925,63.995699405670166,402.69427806329315,375.9261735734693,399.4150309494477,387.5764181060082,12.102960765928941,3.465624781654361
1787657912.8596926,64.03369951248169,402.6794423282886,375.8740362360441,399.41033206661785,387.5274676058328,12.103286520335528,3.4392109168341536
1787657912.8906925,64.06469941139221,402.6671047431888,375.8316019950409,399.40649879074203,387.48753454552366,12.103400960000247,3.417456994407565
1787657912.9186926,64.09269952774048,402.6557104652077,375.79336772347125,399.40303645137027,387.45146570742764,12.103352297765332,3.397585796951912
1787657912.9596953,64.1337022781372,402.6386180889943,375.7375394403478,399.397966278258,387.3986472995625,12.103026921504703,3.3681278933867174
1787657912.9916954,64.16570234298706,402.6449633984931,375.67007120069127,399.3940093273993,387.35742585805934,12.131074200558842,3.358807687814984
1787657913.0206954,64.19470238685608,402.6373443075608,375.6241592240567,399.3904233425262,387.3200689458923,12.138237103241504,3.340847364902264
1787657913.0616934,64.23570036888123,402.6260269810154,375.5592060928042,399.38535375904445,387.26725668048823,12.148267839299912,3.3149143609999507
1787657913.0936933,64.2677001953125,402.61703718210293,375.5084251173902,399.38139683766724,387.2260355461081,12.156140941834263,3.294501677492406
1787657913.1206968,64.29470372200012,402.6458381159452,375.47467795078575,399.37805773105555,387.1912504823604,12.163735467837116,3.314781735673579
1787657913.1626968,64.33670377731323,402.6521015759773,375.4118868848895,399.37286423673874,387.1371473787778,12.17518505718062,3.3064561067673055
1787657913.1926968,64.366703748703,402.8780539878205,375.6725563022756,399.36915460636425,387.09850239253973,11.952598835684487,3.586237829188347
1787657913.222699,64.39670586585999,402.8830041900656,375.627638392857,399.3654447106561,387.0598546421942,11.961136779704185,3.580739098269266
1787657913.261699,64.43570590019226,402.8895483881081,375.5692054980027,399.36062218232485,387.0096160679478,11.972314486964278,3.573687672936885
1787657913.291699,64.46570587158203,402.80478796260326,375.55574380771503,399.35691255195036,386.97097108170965,11.924565340687915,3.488101313317015
1787657913.3197024,64.4937093257904,402.785570010124,375.522488534973,399.35344979983734,386.9348979438909,11.917320909273895,3.4617591521446864
1787657913.3617022,64.53570914268494,402.75567342116346,375.47321320787364,399.348256335002,386.8807951474314,11.905604432652266,3.421344392864743
1787657913.3877022,64.56170916557312,402.7367131168782,375.4430785364004,399.3450413161145,386.84730276460044,11.897889218309324,3.3959697217128553
1787657913.421704,64.59571099281311,402.71086779185174,375.41959447686014,399.3408368384009,386.80350271797084,11.872256544955768,3.365421578198879
1787657913.458704,64.6327109336853,402.68254109146505,375.384461803574,399.3362616305539,386.7558405989895,11.853516015906012,3.3297829783140847
1787657913.490704,64.66471099853516,402.6576625614472,375.3545900621711,399.3323046796952,386.7146191574863,11.836733759282508,3.2987086824656253
1787657913.5177076,64.69171452522278,402.63633900803427,375.32975550500686,399.3289655730835,386.6798340937386,11.822140373409724,3.2722512520043763
1787657913.5637076,64.73771452903748,402.5992861223719,375.28824574269936,399.3232774672797,386.6205783867489,11.79635519402623,3.226655075174556
1787657913.5917077,64.76571464538574,402.6024800942391,375.23104995396903,399.31981512790793,386.5845095486529,11.818499653056506,3.2166271198762995
1787657913.619712,64.79371905326843,402.5858959246066,375.1977593500612,399.3163522578688,386.5484351823419,11.812186827096282,3.192840217804473
1787657913.658712,64.83271884918213,402.5622633791339,375.15174481986134,399.3115297590191,386.4981969152185,11.802933712479277,3.1592709743622387
1787657913.691712,64.86571884155273,402.54187451066,375.1130837284993,399.30744916265905,386.4556873996443,11.794751602830113,3.1305476085012987
1787657913.719712,64.893718957901,402.5545511574875,375.0761183695994,399.3039868232873,386.41961856154825,11.800049368350889,3.1343952868025635
1787657913.760712,64.93471884727478,402.5432688292076,375.0261084730964,399.2989170039533,386.3668038391598,11.795642846063245,3.1119284590816
1787657913.792712,64.96671891212463,402.53414396868885,374.98727635941106,399.2949600530946,386.3255823976566,11.791925044536196,3.0941287002490276
1787657913.8207183,64.99472522735596,402.5258214074672,374.9534601475701,399.28969819808725,386.29040211787975,11.78977296916508,3.078261828833084
1787657913.8617184,65.03572535514832,402.5131280222542,374.9041908373471,399.2599750067004,386.24987495791845,11.802862055721576,3.0545917614546214
1787657913.8917184,65.06572532653809,402.5001836118275,374.85576598776004,399.238226418605,386.22022105914266,11.823333024147214,3.030871332497909
1787657913.9207215,65.09472846984863,402.4888217121557,374.81798848839753,399.2172004846419,386.1915524892718,11.834756589736118,3.0111365577352975
1787657913.9617214,65.13572835922241,402.4715927854122,374.7649189749679,399.18747746609756,386.15102556497874,11.850267368698725,2.982179379294629
1787657913.9927216,65.16672849655151,402.4575984047694,374.7251016544253,399.1650038040759,386.12038303794264,11.861434020136533,2.9594139982666903
1787657914.020727,65.19473385810852,402.44379749782564,374.68953306829263,399.14470121561493,386.09270073964973,11.870815861615416,2.937812754291509
1787657914.0627267,65.23673367500305,402.39057090990724,374.6655426644017,399.1142532959867,386.05118542276455,11.847662981716955,2.880499036518366
1787657914.089727,65.26373386383057,402.36870971593,374.6393302922706,399.09467941114264,386.0244967017649,11.84657286342949,2.853201886197165
1787657914.122731,65.29673790931702,402.34122783990875,374.60811532891984,399.0707530086324,385.9918733831847,11.844237124443808,2.819285332829777
1787657914.1607308,65.33473777770996,402.3086240689904,374.57329246907744,399.0432048661818,385.954311872336,11.84020967835533,2.7795551584168092
1787657914.192731,65.36673784255981,402.47691498104655,374.87650526788394,399.02000630307634,385.9226809527079,11.574463912761631,3.0129880731141276
1787657914.2227302,65.39673709869385,402.43918560384367,374.86775238515236,398.9982582335081,385.89302776093683,11.54974797473104,2.9742569829092456
1787657914.2607303,65.43473720550537,402.39124748323405,374.8575988094988,398.9707099182151,385.85546601441985,11.517515369678613,2.9252683533618784
1787657914.29273,65.46673703193665,402.3507305540623,374.84952963663727,398.9475115279521,385.82383533046,11.489877510276084,2.883981263159764
1787657914.3197327,65.49373960494995,402.31635499712917,374.8429926186993,398.9279359146838,385.79714425277797,11.466247071324933,2.8490232680571745
1787657914.3627326,65.53673958778381,402.3122272447572,374.76439754100664,398.89676292112944,385.75464030763254,11.508728540344798,2.826954401355936
1787657914.3927326,65.56673955917358,402.28596501405906,374.7406348351566,398.875014333034,385.72498640885675,11.501763518827646,2.7959364987450264
1787657914.4207346,65.59474158287048,402.26145105955186,374.71861779099913,398.85471416436684,385.6973074099192,11.495106872995901,2.7670210734994862
1787657914.4577346,65.63174152374268,402.22906302697015,374.68973908948027,398.827890923,385.6607342916625,11.486109324185028,2.728866105022407
1787657914.4927344,65.66674137115479,402.1559470142397,374.6757918578653,398.8025176566432,385.6261381942582,11.452317378737956,2.654501350174939
1787657914.5227404,65.69674730300903,402.11728781603375,374.65686358810086,398.78076474748735,385.5964784037765,11.437113206674647,2.612528246122245
1787657914.5627403,65.73674726486206,402.0652918907122,374.6322740318405,398.7517666300268,385.5569398720754,11.41611901540958,2.5562746802380913
1787657914.5927403,65.76674723625183,402.026018142312,374.61422140519284,398.7300180419313,385.5272859732996,11.399938373928931,2.513904569642008
1787657914.6207373,65.79474425315857,401.9891870750073,374.5976062362578,398.70972150295484,385.4996119233951,11.384578272410964,2.4742419904808277
1787657914.6587374,65.83274435997009,401.97425167758036,374.5510328231344,398.6821731876618,385.4620501768781,11.396845198452107,2.449009031543172
1787657914.6917374,65.8657443523407,401.9401494181724,374.52494842388194,398.6582497234726,385.42943086465795,11.387651334110249,2.409827448969705
1787657914.7177393,65.89174628257751,401.91326276492475,374.5044523033873,398.63939952981536,385.4037288865727,11.380351950575788,2.3789520752103845
1787657914.7627394,65.93674635887146,401.8667039231047,374.46909044649607,398.606776561251,385.3592479205749,11.367614358993578,2.3255160961535197
1787657914.7907393,65.96474623680115,401.85658240124627,374.4040640932664,398.58647794816557,385.3315710426515,11.406313657922853,2.300730112068771
1787657914.822739,65.99674582481384,401.8291353803212,374.3646921676534,398.56254488174983,385.30009374572734,11.412870855271194,2.264974017468975
1787657914.857739,66.03174591064453,401.79920755087323,374.32142211701847,398.532023431702,385.26657032002305,11.422379841972475,2.225908125209149
1787657914.890739,66.06474590301514,401.77109540676474,374.280394991429,398.50324614173786,385.23496260346406,11.43159614339068,2.189124527240896
1787657914.9227388,66.09674572944641,401.7439258023664,374.24040507158037,398.4753410357708,385.2043128556575,11.440756979945357,2.1534964940783596
1787657914.960739,66.13474583625793,401.7528134395856,374.1844304395158,398.44220344955255,385.1679159804152,11.471577621811823,2.149290466487431
1787657914.9887388,66.16274571418762,401.73883425383974,374.14720198743106,398.4177864558426,385.14109742253953,11.484558995219652,2.1271344770329006
1787657915.0227427,66.19674968719482,401.7217625115633,374.10198625060053,398.3881336553155,385.1085280834736,11.5003062772255,2.100134110891756
1787657915.0577428,66.23174977302551,401.70377613384005,374.05553210662043,398.3576122052677,385.0750046577693,11.516318350167376,2.0719591269578967
1787657915.0927427,66.26674962043762,401.61975414282364,374.0537281950885,398.32709096313016,385.0414814604247,11.470499232152646,1.989768981919391
1787657915.1177464,66.29175329208374,401.59042684323737,374.0325704632866,398.3052867790247,385.0175326983326,11.465667906706612,1.9563662509642696
1787657915.1607463,66.3347532749176,401.53895802119405,373.9976219440859,398.2677891044627,384.9763468927666,11.455694984616791,1.8982464843942632
1787657915.1917462,66.36575317382812,401.7385641446226,374.2315348807523,398.2407559745823,384.94665488535287,11.271577472004177,2.1462408931363908
1787657915.2197502,66.39375710487366,401.7033708662774,374.21129039305487,398.21633544639604,384.91983244536306,11.261984234830024,2.1073387497493727
1787657915.26075,66.43475699424744,401.64808287930316,374.2165479731672,398.1805819319178,384.8805623489423,11.21359734549337,2.0547363221460593
1787657915.2917502,66.46575713157654,401.60788822785565,374.2060116478108,398.153548594127,384.8508701131689,11.191312436557892,2.0131962466519098
1787657915.3217516,66.49575853347778,401.5688187211723,374.19706141357057,398.1273861928711,384.82213447599,11.1685108868014,1.9731155256375597
1787657915.3617518,66.53575873374939,401.5166530814832,374.186555078164,398.09250444656914,384.78382189160243,11.136734610701055,1.919931370698122
1787657915.3927517,66.56675863265991,401.5174775516487,374.16747529797004,398.06547131668873,384.7541298841887,11.13524146007206,1.9163516184558467
1787657915.4157517,66.58975863456726,401.496385779506,374.1594662412069,398.04541441132255,384.73210025663667,11.121591316364936,1.8939841992235946
1787657915.45775,66.63175702095032,401.45792520139156,374.1454839475283,398.0087901682198,384.69187378998106,11.096074584556629,1.8533403812363618
1787657915.4927502,66.666757106781,401.42601038132676,374.1342678578721,397.97826871817193,384.6583503642768,11.07444062593989,1.8197026660820514
1787657915.5227563,66.69676327705383,401.3987408139748,374.1249687442249,397.95210215870867,384.62961015990487,11.055623423941066,1.79102630676597
1787657915.5627563,66.73676323890686,401.3724485700345,374.0853510011855,397.91722062031704,384.5912978038769,11.05954422232178,1.7563376599153082
1787657915.5917563,66.76576328277588,401.34854879218284,374.0701584883936,397.89193144261003,384.56352127724875,11.048025439864718,1.729587428675683
1787657915.621762,66.79576897621155,401.3238851778699,374.05467488598026,397.86576529896746,384.5347815295961,11.035906322473975,1.702026924121874
1787657915.661762,66.83576893806458,401.2911235861248,374.03435623921234,397.83088376057583,384.4964691735682,11.019485773008238,1.6654744283672298
1787657915.691762,66.86576890945435,401.2446148016504,374.017355077367,397.80472260678215,384.46773490654726,11.001967864271096,1.6163041931560331
1787657915.7227654,66.89677238464355,401.2123626921331,374.0015505284353,397.7776863582462,384.4380394737387,10.987142623266635,1.5812843429251018
1787657915.7587655,66.932772397995,401.1747306736064,373.9837585660015,397.7462929321117,384.4035583076416,10.969339633869899,1.5405719422948976
1787657915.7927656,66.96677255630493,401.1390179888136,373.96750968284783,397.71664345815054,384.37099262233016,10.951945247317068,1.5020819752172614
1787657915.821766,66.99577283859253,401.10840329379516,373.95413901883006,397.68999147121093,384.34518543971217,10.938893230565442,1.4692147731984249
1787657915.859766,67.03377294540405,401.0522714374673,373.9209001076905,397.6438981581456,384.3275154225855,10.95055481349698,1.4069492866006696
1787657915.891766,67.0657730102539,401.013381290288,373.9031330273711,397.6050827670586,384.312635419833,10.9532752582101,1.3650181057535218
1787657915.923768,67.09777498245239,400.9741369871714,373.8860231470419,397.5662650623987,384.297754530165,10.955260902870545,1.3228931801856585
1787657915.9587681,67.13277506828308,400.9307470170029,373.86825159607014,397.52381071032255,384.2814795202254,10.956392234589968,1.2765814434528018
1787657915.992768,67.16677498817444,400.8918196662167,373.918636670125,397.48256953804054,384.2656695865911,10.894222166400969,1.2502670185841644
1787657916.0217693,67.19577622413635,400.857644961983,373.9245900992528,397.44739166195967,384.2521840367035,10.876075767812077,1.2183732720123068
1787657916.0627694,67.23677635192871,400.8096527754206,373.93473454142946,397.39765938790515,384.23311901238975,10.848890339023855,1.1739940045356823
1787657916.0917695,67.26577639579773,400.7759990793999,373.94302154457205,397.36248295780734,384.21963401682433,10.828705195785117,1.1431433057332447
1787657916.1187737,67.29278063774109,400.7562957572479,373.9209408253708,397.3297273925622,384.20707706744525,10.841861904137264,1.1188952853812322
1787657916.1627736,67.3367805480957,400.7109366011138,373.92002263437485,397.27635644671506,384.1866171468088,10.825862724038643,1.0745378298637902
1787657916.1917737,67.36578059196472,400.91948717793974,374.1279186614906,397.2411800166173,384.1731321512434,10.69748837941636,1.3252621005361145
1787657916.219775,67.39378190040588,400.89089415809656,374.12813444551887,397.20721503113396,384.1601115667967,10.6869105391718,1.297483019358041
1787657916.255775,67.42978191375732,400.85430666880575,374.12867323109924,397.1635477884603,384.1433715914162,10.673138449443274,1.2619973710789023
1787657916.292775,67.46678185462952,400.825749822016,374.1013920514244,397.11866765518903,384.1261666505948,10.688244194243468,1.2279380828025084
1787657916.3217788,67.4957857131958,400.79874059482665,374.09446552700115,397.08348659794547,384.11267988119846,10.684930093734199,1.2000600325388397
1787657916.359779,67.53378582000732,400.76359321037717,374.08540865293486,397.03739328488007,384.09500986407176,10.68066862564174,1.1637720908540605
1787657916.3897789,67.5637857913971,400.73605092829996,374.07813052080644,397.00100396418475,384.08105990306547,10.67750776401531,1.1352944797620548
1787657916.4217815,67.59578847885132,400.67450714778784,374.0811838988188,396.96218539193507,384.0661786808041,10.652767415805725,1.0760972409797969
1787657916.4547815,67.62878847122192,400.63266741620674,374.07670152239183,396.92215711025057,384.05083371261077,10.641954692563234,1.034346514618561
1787657916.4897816,67.66378855705261,400.5882409680475,374.07195949304236,396.8797027581744,384.0345587026712,10.630458064720708,0.990018586216003
1787657916.5227842,67.69679117202759,400.5463221904634,374.067347077863,396.83967129532715,384.01921251496896,10.619740417575096,0.9481610601135733
1787657916.560784,67.73479104042053,400.4980038196155,374.0620225857107,396.7935782714584,384.00154260870676,10.607394917197116,0.8999114737520373
1787657916.5927842,67.76679110527039,400.4469960862218,374.0691608827661,396.7547628803714,383.9866626059542,10.582505680405946,0.8519068325235183
1787657916.621785,67.79579186439514,400.40731132540117,374.06811996275246,396.7195855826838,383.97317727779546,10.569270626102213,0.8130438905311612
1787657916.661785,67.83579182624817,400.3524425609597,374.0668126711219,396.6710664884234,383.954577329787,10.550849242245357,0.7593416799945845
1787657916.690785,67.86479187011719,400.31257564167515,374.06586158127453,396.6358900583256,383.9410923342216,10.53746645559368,0.7203220810864832
1787657916.7217891,67.89579606056213,400.270729216667,374.03777591382396,396.5982826414937,383.92667541221454,10.548800744007414,0.673143713166755
1787657916.7607892,67.93479609489441,400.21699942478494,374.025088955839,396.55097643783085,383.908540429647,10.541458038430617,0.6179363822666559
1787657916.792789,67.96679592132568,400.17275784660706,374.0148043879327,396.51216133594045,383.89366053775893,10.535262960309243,0.5725153894925041
1787657916.8207903,67.99479722976685,400.1339249374502,374.00586068671674,396.4783841591255,383.8816071681536,10.530591006567844,0.5326664415193794
1787657916.8587904,68.03279733657837,400.08100985611986,373.9940035738809,396.43467125932386,383.8761962818647,10.533447578082507,0.47844263762151507
1787657916.8907902,68.06479716300964,400.0612480074304,373.9729638848652,396.39786069946416,383.8716397835647,10.554818383831295,0.4543767557488216
1787657916.9147904,68.08879733085632,400.0330336469557,373.96344704315004,396.3702524367425,383.8682223674038,10.560328613155804,0.42473085341994476
1787657916.9627898,68.13679671287537,399.97644780598307,373.94454965341686,396.31503700834526,383.8613876708769,10.571168586944399,0.3653174325261979
1787657916.9897897,68.1637966632843,399.94447932816337,373.93421129850566,396.2839779870449,383.85754311164465,10.576945889149014,0.33182908931110433
1787657917.022792,68.1967990398407,399.8902152831253,374.0259216750686,396.2460141574489,383.85284385888474,10.480868353870246,0.3000794275064308
1787657917.056792,68.23079895973206,399.84569979648325,374.0524391256373,396.2069028176085,383.84800256458846,10.449588821574954,0.26284441650531465
1787657917.0877922,68.26179909706116,399.8054292055222,374.0775381100419,396.1712422363469,383.84358841336353,10.420319258733462,0.22941503356432308
1787657917.122796,68.29680299758911,399.7603344128096,374.1069811239289,396.130975981201,383.8386041609148,10.386372300234736,0.1922881369618594
1787657917.162796,68.33680295944214,399.70927293613016,374.141959690937,396.08496257568027,383.8329085125783,10.34650253237951,0.15062545176707848
1787657917.192796,68.36680293083191,399.9002013497651,374.3088387078608,396.0504525215397,383.82863677632594,10.268744874850858,0.37477799967301656
1787657917.222798,68.39680504798889,399.86156645145195,374.32748658681606,396.0159399990454,383.82436473453487,10.245952242913692,0.3414589134523844
1787657917.257798,68.431804895401,399.8166953663352,374.35003054353524,395.9756784063455,383.8193810592148,10.21870884582435,0.30296519106582404
1787657917.292798,68.46680498123169,399.77206330953993,374.3734426401348,395.9354165393841,383.8143973499459,10.190754843074787,0.2649034985916484
1787657917.3228004,68.49680733680725,399.73946414718245,374.33927131231917,395.9009037426282,383.81012527420614,10.219179064230248,0.22532745129428716
1787657917.3628004,68.53680729866028,399.6906165339713,374.34345173290774,395.85489033710746,383.8044296258696,10.208961658681098,0.17874582824736843
1787657917.3928003,68.56680727005005,399.6540081291181,374.3468582869586,395.82038028296694,383.8001578896172,10.201057584408144,0.14389848327149254
1787657917.4208024,68.59480929374695,399.6198617079221,374.35021981327793,395.7881685404532,383.79617064382245,10.193520472471338,0.11143696384413421
1787657917.4578023,68.63180923461914,399.5771740128661,374.3362630097938,395.74560616777273,383.79090217250604,10.2015250746467,0.06668488706939305
1787657917.4898024,68.663809299469,399.53900508789104,374.33332129145657,395.7087953336515,383.7863456402573,10.199518424930238,0.028860688862711162
1787657917.5227976,68.69680452346802,399.499659167115,374.3305170987056,395.67083973190137,383.7816474059597,10.197240918609596,0.01007745405035543
1787657917.5627975,68.73680448532104,399.45195700785894,374.32751781988213,395.6248263263806,383.77595175762315,10.194107765222457,0.05719325459366278
1787657917.5907974,68.76480436325073,399.41855643079293,374.32577841008026,395.5926170522207,383.77196481736706,10.191577393599069,0.09010043497311356
1787657917.6177976,68.79180455207825,399.4035509266552,374.3910992021179,395.56155775665883,383.7681202241861,10.13357956334321,0.08970212956723668
1787657917.6627958,68.83680272102356,399.3600701006353,374.42202693649944,395.5097947324095,383.76171287442304,10.102195495545235,0.12491719992765832
1787657917.6907957,68.86480259895325,399.3334706305959,374.4418808769131,395.47758545824956,383.75772593416696,10.082302296255625,0.1462455970834928
1787657917.720798,68.89480495452881,399.30535522274414,374.46365845250295,395.4430726614937,383.7534538584272,10.060692086873047,0.16860759217188645
1787657917.762798,68.93680500984192,399.26178117791915,374.48681630080665,395.3947584759923,383.7474734140943,10.035618304175527,0.20569795146397798
1787657917.790798,68.9648048877716,399.23475522465253,374.5057542876789,395.3625492018324,383.74348647383823,10.016470207930983,0.22765180388609918
1787657917.8228028,68.99680972099304,399.2042651121264,374.5279430603516,395.3270563775285,383.7411715882577,9.995815498450588,0.2522305781868883
1787657917.8588028,69.03280973434448,399.1704789865722,374.55354922010036,395.2951736618733,383.7521906489099,9.98163290726777,0.2792323587546432
1787657917.8908029,69.06480979919434,399.14086210751077,374.57679659202654,395.26683342325737,383.76198538570657,9.968740713949947,0.302718108136897
1787657917.9208035,69.09481048583984,399.1025103911711,374.5762577193604,395.2402638952841,383.7711681430163,9.973130185355442,0.34016833336706365
1787657917.9608037,69.13481068611145,399.0614056027541,374.59701619355184,395.2048384914388,383.78341160050036,9.963080369889816,0.3754065273972414
1787657917.9928036,69.16681051254272,399.0287486183701,374.6139482137053,395.1764984639737,383.7932062643207,9.95482845717767,0.4033016003138497
1787657918.0228028,69.19680976867676,398.9983308600214,374.63010517598775,395.14993020290524,383.8023885837725,9.946907586301135,0.4291953212640826
1787657918.060803,69.23480987548828,398.9590569773412,374.64015080661403,395.11627614315495,383.8140198428406,9.946197144307256,0.46511204626355745
1787657918.090803,69.26480984687805,398.9286422887209,374.65324277253075,395.08970724863406,383.82320238122134,9.94110564610513,0.491706737939014
1787657918.1228023,69.29680919647217,398.89638077311326,374.66744724881573,395.0613676434706,383.83299689908904,9.935523443490878,0.519843367557458
1787657918.1558022,69.32980918884277,398.8632780994437,374.68229757597453,395.03214183838253,383.8430976986055,9.929645710578663,0.5486503316063005
1787657918.1908023,69.36480927467346,399.0486911482861,374.83350246371464,395.00114468919946,383.85381069653795,9.886788808991755,0.333465689054324
1787657918.2218,69.39580702781677,399.0194123282661,374.86059094644844,394.9736921285637,383.86329864085155,9.86998468920521,0.3557402029082663
1787657918.2608001,69.43480706214905,398.9816833338127,374.8841116313346,394.9391525023413,383.8752359626394,9.858112003034801,0.38705843261737055
1787657918.2908,69.46480703353882,398.95283995597407,374.90240479198513,394.9125836078204,383.8844185010202,9.848870068596192,0.4109292259317619
1787657918.3208034,69.4948103427887,398.9241724420353,374.92091700277837,394.88601175718827,383.89360206106954,9.83950297890731,0.43457854599753387
1787657918.3618033,69.53581023216248,398.8771177729868,374.931903775204,394.84970099802166,383.90615150829706,9.83652419578161,0.47785189497484526
1787657918.3908033,69.5648102760315,398.8470144367355,374.9455868239284,394.82401766997293,383.915027983958,9.830329481182966,0.5040077996982333
1787657918.4228063,69.5968132019043,398.813953590304,374.9609368536351,394.79567489754737,383.9248235964706,9.82333086030622,0.5326592846229513
1787657918.457806,69.6318130493164,398.7779880701754,374.9780363852877,394.76467795951504,383.9355365214267,9.815470785105472,0.5637359725988763
1787657918.4888062,69.66281318664551,398.7463051952908,374.9934658610565,394.73722328737125,383.9450251955036,9.808320562794368,0.5910280764200236
1787657918.5158062,69.68981313705444,398.719335087848,374.99826436318017,394.7133113034175,383.9532894727487,9.810234516790361,0.6161750867875849
1787657918.5618038,69.73581075668335,398.67292413132594,375.0175035087032,394.67257440109677,383.96736864976447,9.803207842707813,0.6569265534293169
1787657918.588804,69.76281094551086,398.64578700594996,375.028938938026,394.64866220599225,383.97563299998586,9.798996954012436,0.6807117689947384
1787657918.618807,69.79281401634216,398.61571537790155,375.04174529538284,394.6220905665109,383.98481648705894,9.794261660459245,0.7070381687917431
1787657918.658807,69.83281397819519,398.55253311211226,375.0562300556036,394.5866653738164,383.9970598715666,9.780927599960501,0.7652045685101224
1787657918.6908069,69.86481380462646,398.51182692975027,375.0693220122149,394.5583253463513,384.00685453538694,9.772904500336422,0.8018156332411407
1787657918.721802,69.8958089351654,398.47229273306584,375.082060595679,394.5308751083744,384.01634167696096,9.765047431097335,0.837367204618625
1787657918.760802,69.93480896949768,398.42241016769,375.0981890361011,394.496335482152,384.0282789987489,9.755027892190007,0.8822119301104031
1787657918.790802,69.96480894088745,398.3838893510013,375.1105574752872,394.4697665876311,384.0374615371296,9.747305942467984,0.9168622257444347
1787657918.813802,69.9878089427948,398.3727141381427,375.1365594186836,394.4493970807167,384.04450149051917,9.733645190177633,0.9217666495511111
1787657918.8608024,70.03480935096741,398.32173062091124,375.16409834956164,394.4053769647356,384.07492617907013,9.733482345357363,0.9650621708049237
1787657918.8908024,70.06480932235718,398.28913972365956,375.18165662270127,394.3771748684518,384.0950452460074,9.734062141699294,0.9927490875507773
1787657918.9208052,70.0948121547699,398.25654400919234,375.1992838124563,394.3489700826039,384.11516623165016,9.734582338479846,1.0204248641894713
1787657918.9608052,70.13481211662292,398.21049399583524,375.23820290593886,394.3113672875588,384.1419916542331,9.72011538827834,1.056305010370849
1787657918.991805,70.16581201553345,398.1758602231899,375.2619216627149,394.282225188638,384.16278130876725,9.715230116729783,1.0845652704259936
1787657919.0188053,70.19281220436096,398.1457047779837,375.2827362848326,394.25684310026526,384.1808886129137,9.710837245169044,1.109133934506134
1787657919.057807,70.23181390762329,398.10220121984514,375.31311863061734,394.22017873894487,384.20704456714464,9.704226765005446,1.1444963923648033
1787657919.091807,70.26581382751465,398.0643489665584,375.3399213231614,394.1882164079826,384.2298461443617,9.698204315142311,1.1751807849872145
1787657919.118807,70.29281401634216,398.05421743702533,375.3506997701317,394.1628343196099,384.24795344850816,9.711023920467353,1.1825659094026204
1787657919.159807,70.33381390571594,398.01754535777627,375.37916969614,394.12429152192783,384.27544945868806,9.71088147615191,1.2117187528605444
1787657919.192807,70.36681389808655,398.2201281929335,375.5195048807767,394.09326919360257,384.29758044830817,9.699771949363107,0.9823198424612022
1787657919.2198114,70.39381837844849,398.19648092853913,375.5387561903329,394.0678830708838,384.31569063051296,9.69947928692336,1.0009133656717426
1787657919.2628114,70.43681836128235,398.1592261495413,375.5697699281461,394.0274600437973,384.3445279757789,9.698859208539474,1.0300490771310646
1787657919.2888114,70.46281838417053,398.12086931097514,375.58721826956963,394.0030181821919,384.3619645324362,9.69292886059278,1.0633730428611692
1787657919.3228095,70.49681639671326,398.0867713975782,375.6119590321721,393.9710576442724,384.38476483051625,9.69026425205277,1.0908770378377448
1787657919.3608096,70.53481650352478,398.0488463772206,375.6399149696982,393.9353348545014,384.41024907790535,9.687091277423026,1.111739027855427
1787657919.3918095,70.5658164024353,398.01798754113145,375.6628636634135,393.90619275558055,384.4310387324395,9.684407591565586,1.1252382212838805
1787657919.4198096,70.59381651878357,398.00303862944776,375.6610988124621,393.8798706645708,384.44981662418286,9.707835744420343,1.1387583015321463
1787657919.4598134,70.63382029533386,397.9693183264934,375.6807822984729,393.84226428344033,384.4766446050399,9.71595434274818,1.1564318107791678
1787657919.4918134,70.66582036018372,397.94252868608515,375.6965405325474,393.8121819577521,384.49810500706315,9.722515173313417,1.1704075876887456
1787657919.521814,70.69582104682922,397.9175899972397,375.71137447112267,393.7839791890773,384.51822455367676,9.72868679164563,1.1833286211640965
1787657919.5598142,70.73382115364075,397.88626527194106,375.73028453527525,393.7482563993063,384.54370880106586,9.736506802690117,1.1994079013848022
1787657919.5868142,70.76082110404968,397.870871271824,375.7870330882896,393.7228745350639,384.5618159453201,9.705807082165244,1.1815936375796443
1787657919.6218133,70.79582023620605,397.84497696302077,375.81885522391957,393.68997287385565,384.5852876304578,9.701257450422728,1.186111910582923
1787657919.6588135,70.83282041549683,397.8183755599932,375.85315455041865,393.65519008672163,384.61010129024993,9.696196650702856,1.1898820661316856
1787657919.6908133,70.8648202419281,397.79609442172824,375.8833823662657,393.62510798516377,384.631561532381,9.691633844530974,1.1922276373642584
1787657919.721812,70.89581894874573,397.78602942559723,375.91712573449104,393.5959670068946,384.65235038745453,9.688176960107882,1.1824011600958857
1787657919.759812,70.93381905555725,397.766305909214,375.95581002137584,393.5602442171236,384.67783463484363,9.68321580445299,1.1780146341174704
1787657919.792812,70.96681904792786,397.7504649573786,375.99000277692096,393.5292218887984,384.6999656244638,9.678964089695384,1.172798995107491
1787657919.8208156,70.99482250213623,397.738174578296,376.0195543890102,393.5039608687039,384.7203590256951,9.676392254567556,1.1671143380405868
1787657919.8618157,71.03582262992859,397.7217958402542,376.06336868484726,393.4763398321142,384.7644122125808,9.681531655092872,1.1571367646638329
1787657919.8928156,71.06682252883911,397.6818047041351,376.06498915231015,393.45545576691273,384.79772050730276,9.701681413942215,1.1898689017775796
1787657919.9228199,71.0968267917633,397.6637795617248,376.0900347149525,393.4352424434745,384.82995902637913,9.709109286123374,1.1914458144696034
1787657919.9628198,71.13682675361633,397.64063248938254,376.1239137915355,393.40829520039455,384.87293757034513,9.71895549994623,1.1925405355839647
1787657919.9918199,71.16582679748535,397.624354237826,376.1487057167034,393.38875840097614,384.9040970915721,9.726106632166127,1.1927867323260328
1787657920.0218205,71.19582748413086,397.5913961816082,376.16162724071387,393.36854748681145,384.9363317680636,9.737961318542952,1.2134839241011512
1787657920.0598207,71.23382759094238,397.56352660176964,376.1892929918118,393.3429475095146,384.9771615385347,9.748842057827282,1.2219146446354774
1787657920.0898206,71.26382756233215,397.5414897269876,376.21104958271866,393.32273707720464,385.00939544650913,9.757497827769667,1.2286454834128488
1787657920.1198206,71.29382753372192,397.5194783184575,376.232755010397,393.30252664489467,385.04162935448363,9.7662146519044,1.2353826446134994
1787657920.1628206,71.33682751655579,397.51767017658364,376.29432813147884,393.2735583425219,385.0878313148643,9.764127380172429,1.2035358084134087
1787657920.1928205,71.36682748794556,397.7087257200209,376.42814293798784,393.25334791021197,385.1200652228388,9.767287465515995,0.9704502755883501
1787657920.2208228,71.39482975006104,397.69741828657027,376.4577975481078,393.2344832981209,385.1501526628693,9.771122051854933,0.9638836941569813
1787657920.2578228,71.43182969093323,397.68265686440986,376.497098062663,393.2095571143338,385.1899077904206,9.776173194922842,0.9549928772686049
1787657920.2928228,71.46682977676392,397.66880790941616,376.53433326318554,393.1859781963297,385.22751414447697,9.780958852350908,0.9464543775219906
1787657920.3208263,71.49483323097229,397.6222123682775,376.5350095132704,393.16711278114747,385.25760286536917,9.794465126658212,0.9852488117125333
1787657920.3618262,71.53583312034607,397.591387733151,376.5666253105812,393.139491905176,385.30165579608257,9.804087619242303,0.9940225574658795
1787657920.3918262,71.56583309173584,397.56869403970694,376.589604259561,393.1192814728661,385.33388970405707,9.811207883068604,1.000643018979314
1787657920.4198267,71.59383368492126,397.5474172685507,376.6109383456256,393.1004179851027,385.3639753508813,9.817915228925264,1.006963989409433
1787657920.4628267,71.63683366775513,397.5146357998628,376.6435473895172,393.0714496827299,385.4101773112619,9.828311302370922,1.0168441017831624
1787657920.4918268,71.66583371162415,397.52011713282616,376.7190179819865,393.0519128833115,385.44133683248896,9.800188536207424,0.971339837642424
1787657920.521826,71.69583296775818,397.5043187015222,376.7561948909386,393.03170293285626,385.47356997194646,9.797801800255801,0.9644713497243035
1787657920.561826,71.7358329296112,397.48334071582406,376.8060077071879,393.0047556897763,385.5165485159124,9.794449704602803,0.9551085832194043
1787657920.590826,71.76483297348022,397.46819824834944,376.84229275570334,392.9852188903579,385.54770803713944,9.791902733710113,0.9481720943235394
1787657920.6208267,71.79483366012573,397.46682752476437,376.8759288195873,392.9650079761932,385.5799427136309,9.799297786862171,0.9310967251993809
1787657920.6598268,71.83383369445801,397.45327688791076,376.9230437574418,392.9387343660048,385.6218468708494,9.800523954765241,0.9169536760967044
1787657920.6928267,71.86683368682861,397.4421165755847,376.96309507872644,392.916502874402,385.65730419523857,9.801553526557669,0.904629469638741
1787657920.719833,71.8938398361206,397.4332166677769,376.9960016522632,392.89830932531066,385.6863213472789,9.802399757525304,0.8942772611696084
1787657920.7608328,71.93483972549438,397.4201348963765,377.04618091537736,392.87068844933924,385.7303742779924,9.803707325993917,0.8780795994447145
1787657920.7908328,71.96483969688416,397.40677383643276,377.09911164286785,392.8504780170293,385.7626081859668,9.788564958470754,0.8606256451736494
1787657920.8228374,71.99684429168701,397.3959965636815,377.143435486759,392.8305545001646,385.7971579860353,9.784179798522185,0.8456642356670323
1787657920.8598375,72.03384447097778,397.383949286785,377.1949889643359,392.815732220005,385.837913012994,9.775926722316077,0.8278524534661466
1787657920.8918374,72.06584429740906,397.37392360963133,377.2398532121606,392.8029130823274,385.87316024189613,9.76873213423341,0.8119665258279738
1787657920.9198408,72.09384775161743,397.3633333909759,377.2640360689166,392.7916948922626,385.90400553921836,9.774914373571981,0.8077623096009546
1787657920.9618409,72.13584780693054,397.35053364048315,377.3163381800597,392.774869660642,385.95026783900624,9.771460597682033,0.7901772539769271
1787657920.9918408,72.16584777832031,397.3418967800547,377.35388932687624,392.7628516653446,385.9833122638222,9.769063127405785,0.7770870747821428
1787657921.0198412,72.19384813308716,397.3342659550759,377.3890882704571,392.75163471691684,386.01415414716575,9.766896663859805,0.7644260391935779
1787657921.0618412,72.23584818840027,397.32355083455553,377.4421299547296,392.73480948529624,386.0604164469536,9.76378047850589,0.7446881962996172
1787657921.0918412,72.26584815979004,397.3058462479558,377.4693532311446,392.7227914899988,386.09346087176954,9.766249203840594,0.744815596956625
1787657921.1168413,72.29084825515747,397.2979058010985,377.49880385698856,392.71277644616237,386.1209980237564,9.76553344425907,0.7355297944599277
1787657921.1628473,72.33685421943665,397.28420733467453,377.55326988060705,392.6943464465075,386.17167275967387,9.764409411666062,0.7175274340659356
1787657921.191847,72.36585402488708,397.4500797198964,377.67796584908615,392.6827291179107,386.203615519833,9.768026109227987,0.5105484076875196
1787657921.2218497,72.39585661888123,397.4258547500386,377.6927563911361,392.67071007199735,386.23666283340015,9.778023225747901,0.522893117648683
1787657921.2618496,72.43585658073425,397.4094323177129,377.7315510847486,392.65468607826745,386.2807220664881,9.782429978105526,0.5156723894316054
1787657921.2918496,72.46585655212402,397.39787554589213,377.7608987334481,392.64266808297003,386.3137664913041,9.785884982913036,0.5094817050796617
1787657921.3168497,72.49085664749146,397.38877532021144,377.78552404714645,392.6326530391336,386.3413036432909,9.78887448332889,0.5037854673275481
1787657921.3598554,72.53386235237122,397.37389300719144,377.82809580161245,392.61542494407,386.3886736478517,9.794208052173943,0.49322356729724903
1787657921.3898554,72.56386232376099,397.46653874538885,377.87705509787384,392.6034069487726,386.42171807266766,9.83164870324771,0.38882906540094625
1787657921.421859,72.59586596488953,397.48705566300947,377.9121663174211,392.59058628292644,386.45696950338964,9.848303096322164,0.3525589955934758
1787657921.459859,72.63386583328247,397.51294829632405,377.9530381061394,392.5753635270873,386.4988256697777,9.869662022391363,0.3086492908013765
1787657921.4898589,72.66386580467224,397.5344265914022,377.9847382349199,392.5633455317898,386.53187009459367,9.887624079013486,0.2734197082818837
1787657921.5218613,72.69586825370789,397.48813734339143,378.0230977981757,392.55052534349636,386.567120212247,9.868147307051151,0.2915361319530942
1787657921.5598612,72.73386812210083,397.4890780075972,378.06598222698926,392.53530258765716,386.608976378635,9.875355182789916,0.26750648399860427
1787657921.5918612,72.76586818695068,397.49030096176693,378.10205262443975,392.52248335446905,386.6442238701509,9.88169526804146,0.24693211124823786
1787657921.6208675,72.79487442970276,397.49163610941696,378.1347162642094,392.5108634470878,386.67617372088114,9.887597878045979,0.2281095683749801
1787657921.6618674,72.83587431907654,397.4939059538783,378.18082178862295,392.4944388821678,386.72133435601216,9.896212705618792,0.20121730843387253
1787657921.6868675,72.86087441444397,397.48657254641944,378.18926450801814,392.48442383833134,386.74887150799896,9.91404880419438,0.20280550913331097
1787657921.7188673,72.89287424087524,397.4860106745908,378.21902250580047,392.47160470065376,386.7841187369011,9.924975602965977,0.1871518703965723
1787657921.761867,72.93587398529053,397.48559179781773,378.2587660717662,392.4543789933536,386.83148217611824,9.940048475214818,0.16596687275359165
1787657921.7888672,72.96287417411804,397.48553318665296,378.28358452392746,392.44356271162644,386.861222394805,9.949740585309332,0.15256701206983542
1787657921.817867,72.99187397956848,397.5017508987025,378.3150565215506,392.43272676140157,386.8930794850968,9.96380869284757,0.12188227376041544
1787657921.8628662,73.03687310218811,397.51041219879744,378.3585975286974,392.4499396138328,386.93878156380333,9.96132224453491,0.09100807196988235
1787657921.886866,73.06087303161621,397.51529210577564,378.38168833117066,392.45911995379396,386.9631564093519,9.960244535518108,0.07439388194217031
1787657921.9218674,73.0958743095398,397.5228022448219,378.41518779716176,392.47250847776354,386.998704461522,9.95902733508338,0.049928676816511974
1787657921.9598675,73.13387441635132,397.5313808837511,378.4513256838051,392.4870440996344,387.0372981889383,9.958125197570869,0.023135698258933968
1787657921.9928675,73.16687440872192,397.53686282872695,378.48964193492327,392.4996671012806,387.0708136923712,9.950369316132232,0.002235141470688938
1787657922.022869,73.19687604904175,397.5438723509649,378.5197918521085,392.51114318742304,387.101284004844,9.948385316272462,0.024464486122724463
1787657922.062869,73.23687601089478,397.55390697930574,378.5597461208772,392.5264437844247,387.14190882813926,9.946300966178477,0.05454923831555842
1787657922.0928693,73.26687622070312,397.56200403213313,378.58950695313496,392.53791932337464,387.17237768775374,9.945204734340889,0.0774817452515958
1787657922.1198761,73.29388308525085,397.56777298658625,378.617362884173,392.5482498619947,387.1998064414121,9.94253236411648,0.09742535228580408
1787657922.1628761,73.33688306808472,397.5799096684308,378.66002088993145,392.5646980128913,387.2434781506688,9.941231638824434,0.1307419156917102
1787657922.187876,73.36188292503357,397.7106500320756,378.7746631973146,392.57426084041794,387.2688685441568,9.926430295050688,0.3027464028836347
1787657922.2228754,73.39688229560852,397.72147201767024,378.8089617171352,392.5876486347975,387.30441465918256,9.926170622000784,0.3304280333940889
1787657922.2578754,73.43188238143921,397.73456656921763,378.83891749012855,392.6010367027733,387.33996150063746,9.930804507102406,0.3576662912966357
1787657922.2928753,73.46688222885132,397.7471554728251,378.8709208506895,392.6144246795504,387.3755080999493,9.933424871437975,0.38558916872076116
1787657922.3228784,73.49688529968262,397.7585701110276,378.89804538953166,392.6259013128854,387.4059798652803,9.936258754433432,0.4098813094155077
1787657922.3598783,73.53388524055481,397.77362303836253,378.9310036349469,392.640054355992,387.4435578026141,9.940679346708885,0.4403925103475099
1787657922.3928783,73.56688523292542,397.7878622005961,378.9599210156773,392.6526773576382,387.47707330604703,9.945451548758108,0.4680300434331734
1787657922.4228833,73.59689021110535,397.83932742539923,378.9753439885114,392.6641547205632,387.50754700852247,9.979023043342774,0.5196413383541122
1787657922.4598832,73.63389015197754,397.8706547945244,379.00171907524896,392.67830776366986,387.5451249458563,9.997512268497182,0.5602628652834836
1787657922.4898832,73.66389012336731,397.8964857332072,379.0223860134358,392.68978321142106,387.57559356332774,10.013346620481247,0.5931717101045203
1787657922.5178833,73.69189023971558,397.92077186753147,379.0412699171415,392.7004936840415,387.6040310849202,10.028568348943969,0.623816008547964
1787657922.557883,73.73188996315002,397.9558697025707,379.06774676299796,392.71579418984436,387.6446556660725,10.050958049395742,0.6676615402493976
1787657922.592883,73.76689004898071,397.9139673060876,379.0685512855778,392.7291822578202,387.6802025075273,10.051991482549207,0.6328809372754323
1787657922.6198845,73.79389142990112,397.92083737715797,379.0806950597901,392.7395106988689,387.7076256918956,10.063303546962588,0.6452355517206516
1787657922.6628845,73.83689141273499,397.93138582971216,379.09967506446645,392.75595884976553,387.7512974011523,10.08144897727511,0.6643861894660643
1787657922.6908846,73.86489152908325,397.9380466417869,379.1117580153735,392.7666693223859,387.77973492274486,10.093412061653819,0.676531973512221
1787657922.7228868,73.89689373970032,397.94772061964795,379.1956154785961,392.7789106572555,387.8122370575257,10.048022883224476,0.7301047620372886
1787657922.7628868,73.93689370155334,397.95863437166616,379.24119387982006,392.7942112542571,387.85286188082097,10.041518405853372,0.7639760850867952
1787657922.7928867,73.96689367294312,397.9666441075775,379.2754714363755,392.80568670200836,387.8833304982924,10.036469447565944,0.7892828201782954
1787657922.820893,73.99489998817444,397.9739913858456,379.30755828836146,392.8169033694482,387.911960350474,10.031514923248409,0.8128456545360552
1787657922.857893,74.03189992904663,398.01752004661876,379.33682426725363,392.8357251824074,387.95126221241617,10.052837366924006,0.8652882455848264
1787657922.891893,74.06589984893799,398.03950015120705,379.37084535283515,392.8530208893122,387.98737740952504,10.05704687361206,0.9021972969353024
1787657922.9198961,74.09390306472778,398.0578283118503,379.39883169459125,392.86726608207266,388.0171228224896,10.060659929965134,0.9327668698639708
1787657922.962896,74.13690304756165,398.0863492513398,379.44172566530267,392.8891401071404,388.06279801409846,10.0664726360191,0.979981336542886
1787657922.992896,74.16690301895142,398.1065102902156,379.47158788751574,392.90440104640055,388.0946644091801,10.070719402459059,1.013107878743467
1787657923.0229,74.19690704345703,398.1288930923738,379.50921931467155,392.91966404747444,388.12653510953885,10.069468642917185,1.0523118186434515
1787657923.0609002,74.23490715026855,398.1557395742424,379.54993100716047,392.9389946433071,388.1668993619266,10.073061664731311,1.0969364225778981
1787657923.0929003,74.26690721511841,398.17871620804635,379.5841524492555,392.9552730270312,388.20089028464764,10.076335126878838,1.1347915730850568
1787657923.1199021,74.29390907287598,398.19842501483913,379.6129442113851,392.9690088305023,388.2295720409087,10.079338707550423,1.1669579576652533
1787657923.162902,74.33690905570984,398.18969962942305,379.6785538846694,392.99088285557,388.27524723251753,10.046433813300725,1.1951786530529904
1787657923.1909022,74.3649091720581,398.3062881694705,379.80334448397446,393.00512647164936,388.3049893532114,10.018995999054441,1.360788699566823
1787657923.2229044,74.39691138267517,398.3168605125317,379.84452840971477,393.0214059469219,388.33898255519676,10.009874638882053,1.3919917214588708
1787657923.2579045,74.43191146850586,398.32835331658583,379.88986305171653,393.0392104367003,388.3761601427512,9.999613528589363,1.426217611580259
1787657923.2909045,74.46491146087646,398.3390703598459,379.9328604819859,393.0559974820147,388.41121320266615,9.98966084953546,1.4585249838971743
1787657923.3209045,74.49491143226624,398.40551575109043,379.9282992713496,393.07125842127476,388.4430795977478,10.047675615161435,1.5118968244548947
1787657923.3599045,74.53391146659851,398.4396000343857,379.9625200047913,393.09109767869785,388.4845059873294,10.061347948231086,1.5590869366682778
1787657923.3909044,74.56491136550903,398.466897510569,379.98973585153345,393.10686727954834,388.51743451960493,10.072316945513766,1.5967771763517986
1787657923.4229066,74.5969135761261,398.49534688172974,380.01778244103053,393.1231467548209,388.55142772159036,10.083830421917089,1.6358856975758935
1787657923.4629066,74.63691353797913,398.4887042878924,380.0685195737242,393.14349467383437,388.5939162483659,10.062487479654816,1.6577974302418024
1787657923.4929066,74.6669135093689,398.5021730549499,380.09974673609076,393.15875561309446,388.6257826434475,10.062077233427562,1.6860391608744463
1787657923.5209088,74.69491577148438,398.5147166560457,380.1289141176527,393.1730003207222,388.6555270434057,10.061662953641411,1.7123871470112106
1787657923.5609088,74.7349157333374,398.53253230927754,380.1706480686492,393.1933482397357,388.6980155701812,10.060958355675346,1.749975816587571
1787657923.5899088,74.76391577720642,398.54538541115346,380.2009522468943,393.20810051740546,388.72881982806894,10.060374521809809,1.7771999506326954
1787657923.621909,74.79591584205627,398.57102367106216,380.23934840300615,393.22437890112946,388.76281075079,10.061611237268984,1.8195543236996383
1787657923.6559088,74.82991576194763,398.5899846537906,380.2765718676444,393.2416746080343,388.79892594789885,10.061557504420845,1.8556613446763643
1787657923.690909,74.86491584777832,398.60966198908056,380.3149066872915,393.25947909781263,388.8361035354532,10.061573072593427,1.8929726624293117
1787657923.7189107,74.89291763305664,398.62546954286114,380.34561685354157,393.2737235628741,388.86584742890824,10.061586062431719,1.9228998496669643
1787657923.7579107,74.93191766738892,398.6504010527801,380.3825381576391,393.2935628202972,388.90727381848984,10.068109749916871,1.9638610173324313
1787657923.7909107,74.96491765975952,398.6700817333659,380.41667094872764,393.3103498656116,388.9423268784048,10.070428726000712,1.998898067204745
1787657923.8229122,74.99691915512085,398.68924655436086,380.4497821933467,393.3278196779893,388.97514581032664,10.0710835043904,2.0329479904552077
1787657923.8599122,75.03391909599304,398.7113819026378,380.48814540356966,393.3540001660488,389.007195237427,10.063585302628606,2.0723405127524073
1787657923.886912,75.06091904640198,398.72758111304574,380.5161600266711,393.37310484196524,389.0305826516214,10.058121533061191,2.1011361501231174
1787657923.9139123,75.08791923522949,398.7518699217224,380.5408464245132,393.3922096865823,389.0539702723344,10.0597830734308,2.1349270679662027
1787657923.9619162,75.13592314720154,398.78517870077025,380.5888726397088,393.4261763853005,389.0955513624933,10.053978750220466,2.188946604107108
1787657923.9929163,75.16692328453064,398.8069580681064,380.61978737921095,393.44811152103466,389.12240374706505,10.050458766343107,2.224003618208589
1787657924.0189252,75.19293212890625,398.8254339356402,380.64563450265325,393.46651490827173,389.14493266311547,10.047690399406637,2.2535380878793134
1787657924.0629253,75.23693227767944,398.82694722447815,380.70093770376604,393.49764861666205,389.1830456851169,10.017363897681186,2.2847787272781157
1787657924.0909252,75.26493215560913,398.83869226970467,380.73201619511997,393.5174608231826,389.20729923864627,10.007293678879408,2.3114912032206227
1787657924.1199281,75.2939350605011,398.85112106857184,380.76416424544215,393.5379827534159,389.2324216162534,9.997040644824716,2.339357929130484
1787657924.162928,75.33693504333496,398.8702094849977,380.811670442893,393.56840876250146,389.26966829240115,9.98232530642767,2.3811442641016973
1787657924.190928,75.36493492126465,398.97883008750716,380.92525485133183,393.588220969022,389.2939218459305,9.95455945458064,2.5339850784809634
1787657924.2179282,75.39193511009216,399.01232970364043,380.92284816241335,393.6073258136391,389.31730946664356,9.984039645311324,2.560835409944428
1787657924.262932,75.43693900108337,399.0432696655181,380.95638981186005,393.63916975184424,389.3562919322788,9.988125525321813,2.6050149037455896
1787657924.2929323,75.46693921089172,399.06450271650203,380.97809932271866,393.66039735697433,389.3822781775155,9.991725424584603,2.634624456421561
1787657924.3229332,75.49694013595581,399.086264874106,380.9992153837796,393.68162546820645,389.40826504230824,9.99611140731251,2.6643571025626036
1787657924.360933,75.53494000434875,399.11736600938235,381.02637084533296,393.70851348687006,389.4411806087436,10.003234924996935,2.705211377986052
1787657924.3929331,75.56694006919861,399.14274491140594,381.0477796554531,393.7311561532084,389.46889913265034,10.01002228454465,2.7381423322074316
1787657924.4229374,75.5969443321228,399.1668620004252,381.06730131924184,393.75238662624986,389.49488888870457,10.01702429958689,2.768990159925281
1787657924.4629374,75.63694429397583,399.199436187196,381.09257202498554,393.78068987482243,389.5295369403286,10.027222376141475,2.810061101860936
1787657924.4929373,75.6669442653656,399.2241489225287,381.11101806301605,393.8019173112518,389.55552297904666,10.035450110642529,2.8408266546916767
1787657924.5169373,75.6909441947937,399.2362172465192,381.1348204369809,393.8188992266552,389.57631176871735,10.030259739015971,2.863867899745768
1787657924.5629404,75.73694729804993,399.2713291345082,381.1664248404217,393.8514501893625,389.61615975413156,10.03858097003761,2.9105038657696416
1787657924.5889404,75.76294732093811,399.29130816285937,381.18405451735504,393.8698473346748,389.6386810289909,10.043552507096082,2.9368486218272496
1787657924.6229405,75.79694747924805,399.31761036336025,381.2068288628981,393.893905230922,389.6681320380863,10.050384509365177,2.9712955394358644
1787657924.6609406,75.83494758605957,399.3621713878541,381.2236260755722,393.92079341828634,389.7010478110403,10.073493608906732,3.017848948482895
1787657924.6929407,75.86694765090942,399.3920500732577,381.24201689662726,393.94343608462464,389.72876633494707,10.085252125056131,3.0529262655590497
1787657924.7229407,75.8969476222992,399.4201745686687,381.2591502412264,393.96466352105404,389.7547523736651,10.096427902151468,3.0858478594880316
1787657924.7629406,75.93694758415222,399.4577485161538,381.2819408526987,393.9929667696266,389.78940042528916,10.111414733677858,3.129776851911094
1787657924.7909405,75.96494746208191,399.48416783594604,381.2977600869068,394.01277897614716,389.81365397881854,10.12208204044162,3.160553226546591
1787657924.8229406,75.99694752693176,399.5028277452556,381.31688347703687,394.03598799093504,389.8424454633487,10.12776105967482,3.186598781532541
1787657924.8609407,76.03494763374329,399.5344929121291,381.3385839275781,394.0664673177525,389.88216473550796,10.143573183172942,3.224971022693513
1787657924.8889406,76.06294751167297,399.5577821700458,381.3545486750612,394.0889256080541,389.9114313577685,10.155226897576208,3.2531956125355674
1787657924.9209409,76.0949478149414,399.5844123874444,381.37268555181817,394.1145925806869,389.94487938887534,10.168649659540703,3.2854051651496436
1787657924.9609408,76.13494777679443,399.63212363545904,381.4335057198259,394.14667596182187,389.98668899165034,10.161057044502238,3.358462198261787
1787657924.9909408,76.1649477481842,399.66188858969724,381.46289116127804,394.1707384976731,390.0180461937316,10.165795933543647,3.3994019159282214
1787657925.0209477,76.19495463371277,399.69171584035075,381.4924453250012,394.19480657925334,390.04941062275464,10.170430990459307,3.440485420781956
1787657925.0629478,76.23695468902588,399.7336483654651,381.5339789514115,394.2284942059378,390.09331080535037,10.176879880691022,3.4982343894506696
1787657925.0909479,76.26495480537415,399.76164560058044,381.5618744063515,394.2509526874715,390.1225776768158,10.181030245880208,3.536881016300837
1787657925.1189532,76.29296016693115,399.79050924188397,381.6023750794222,394.27341537611,390.1518500307888,10.175060032638926,3.583086576235451
1787657925.160953,76.33495998382568,399.83340501647143,381.64963496319484,394.30710281156246,390.19574996417964,10.177234283931915,3.644748160183412
1787657925.1909533,76.36496019363403,399.9409619174395,381.7658874166139,394.3311655386457,390.2271074154658,10.151948545993504,3.798140807759979
1787657925.2209625,76.39496946334839,399.97228467920326,381.79967652762207,394.3552355325463,390.25847433653774,10.153940195218608,3.8427761224554735
1787657925.2619627,76.43596959114075,400.01864924880726,381.8386264238736,394.38812113207206,390.30132935382557,10.164653843292596,3.9028498482213125
1787657925.2899625,76.46396946907043,400.0491518358018,381.8682544866038,394.4105794223737,390.3305959760861,10.16881125530836,3.9445409806172114
1787657925.3189626,76.49296951293945,400.0808888956015,381.89904970125116,394.43383993106613,390.36090801285945,10.173112016172555,3.987902096642789
1787657925.3609598,76.53496670722961,400.1270919962563,381.94386514707145,394.4675252629662,390.4048052049965,10.179302641751265,4.051018658468214
1787657925.3909597,76.56496667861938,400.1601440714223,381.97616882928463,394.4915877988174,390.43616240707775,10.183517150375337,4.096302408512228
1787657925.4109597,76.5849666595459,400.17734056259724,381.98079398100623,394.5076294893849,390.4570672084653,10.197687555531678,4.113261448181794
1787657925.4569635,76.63097047805786,400.2258532295516,382.02227150240356,394.5445284756491,390.5051522887757,10.209638455650987,4.176510247373142
1787657925.4909637,76.6649706363678,400.2617543753854,382.0531186988352,394.5717995025994,390.5406906504984,10.218339595501863,4.223399209087149
1787657925.5179636,76.69197058677673,400.29039448566624,382.0776202100935,394.59345576574225,390.568912107451,10.225319010412248,4.260746957648815
1787657925.5629709,76.73697781562805,400.33506847827385,382.128041321292,394.6295554020962,390.61595551132206,10.227295182977159,4.325616101642159
1787657925.5909708,76.76497769355774,400.3643930424289,382.15602067191566,394.6520136923978,390.6452221335826,10.232195233449644,4.365423735902054
1787657925.6209736,76.79498052597046,400.39621033185557,382.1857696891571,394.6760785230335,390.67658232612257,10.23786145375834,4.408285345944247
1787657925.6609735,76.83498048782349,400.43897845882805,382.2253671700975,394.70816190416843,390.7183919288976,10.245668740338596,4.465687393012692
1787657925.6919737,76.86598062515259,400.4722180321162,382.25619251524444,394.73302665841044,390.7507945454916,10.251662366479778,4.510327613628213
1787657925.7159736,76.88998055458069,400.48128948483014,382.28782870294543,394.752276648845,390.77588025731563,10.240537449984203,4.535095303256137
1787657925.7629857,76.93699264526367,400.52392176042264,382.33869932164384,394.78998435538915,390.82501922510517,10.241858408937606,4.5984920887032725
1787657925.7899857,76.96399259567261,400.54830437764207,382.36816821205207,394.81164061853207,390.8532406820578,10.242351580879024,4.634953480150377
1787657925.8199856,76.99399256706238,400.57540775147174,382.4010225034785,394.8364429461985,390.8841789336311,10.24205350770075,4.675536061234516
1787657925.8569841,77.0309910774231,400.63953767069,382.41199631597254,394.8752476535165,390.9176816080177,10.274907381061839,4.735380309181536
1787657925.8889842,77.06299114227295,400.6793331808929,382.43674971922525,394.9088099007138,390.94665811930315,10.28190059788587,4.782240035261578
1787657925.9219866,77.09599351882935,400.7206259453183,382.4622348639487,394.94342339057016,390.97654223801413,10.289290520665334,4.830754648826389
1787657925.9589868,77.13299369812012,400.76710638612354,382.4908631664898,394.9822298482922,391.01004642364046,10.297634676316077,4.885332485763044
1787657925.9909866,77.16499352455139,400.8075131454205,382.5156076865858,395.01579184543175,391.03902271903456,10.304981292176965,4.932701118053025
1787657926.0219872,77.19599413871765,400.83385480515796,382.54940956563155,395.0483058506626,391.0670942135912,10.296772720952415,4.9731570196585455
1787657926.0619872,77.23599410057068,400.8798584949745,382.58404176920095,395.0902585346303,391.1033147447523,10.300363087424483,5.03058768874725
1787657926.0909872,77.2649941444397,400.9134282005651,382.6090425559549,395.12067430552423,391.12957469461156,10.303177452339263,5.072349038349132
1787657926.1159873,77.28999423980713,400.94263408705166,382.63036340800966,395.1468948580329,391.152212634533,10.305945247786985,5.108448690210521
1787657926.161999,77.3360059261322,400.98440473000494,382.6932783419887,395.19515274743566,391.1938768672249,10.284727211012003,5.177648137416842
1787657926.190999,77.36500597000122,401.06608295008226,382.8049691516905,395.22556851832957,391.22013681708415,10.243371303638192,5.306819275161028
1787657926.2200005,77.39400744438171,401.09699968880443,382.83695468390977,395.2559857895698,391.2463980622918,10.238954111883958,5.350135991249263
1787657926.2600005,77.43400740623474,401.13979384900006,382.88125214406944,395.29793847353756,391.2826185934529,10.23280178859371,5.410106836646679
1787657926.2930005,77.46700739860535,401.1751212558806,382.9180534562558,395.3325494628167,391.31250055325,10.227530846755744,5.459740139020155
1787657926.3200004,77.49400734901428,401.20404172939055,382.93166571585346,395.36086749948913,391.3369493901946,10.23677091309217,5.491422631056681
1787657926.359996,77.53400301933289,401.2468832155425,382.97009836445557,395.40281568241784,391.37316603531065,10.235461475316654,5.548255109648881
1787657926.392996,77.56700301170349,401.282219993975,383.0019799279794,395.437426671697,391.4030479951077,10.234234394846984,5.5952302763187785
1787657926.4219975,77.59600448608398,401.3132651000455,383.0301271822974,395.46784394293724,391.4293092403153,10.23304489131651,5.636574914922106
1787657926.4619975,77.63600444793701,401.37547147341184,383.04612072753474,395.509796626905,391.46552977147644,10.261217766627437,5.697522725650427
1787657926.4869974,77.66100430488586,401.4077119330253,383.06400768960884,395.5360169293559,391.4881674955065,10.268557379272801,5.7343119380169885
1787657926.5220015,77.6960084438324,401.45332704834425,383.08849384686556,395.5727299038378,391.5198642383719,10.279563680173741,5.78591788958493
1787657926.5590014,77.73300838470459,401.50201537871266,383.11372247584467,395.6115361115022,391.5533682081068,10.292004959361757,5.840509048530739
1787657926.5880015,77.76200842857361,401.5403220615505,383.1332800758502,395.6419518823961,391.57962815796606,10.302017603100861,5.8833018941986905
1787657926.6200068,77.7940137386322,401.5616634970176,383.1696145601717,395.6755196308632,391.6086094188622,10.28899041879582,5.920927811439298
1787657926.661007,77.83501386642456,401.60781699357364,383.2031127016664,395.7185213069705,391.6457356144263,10.293769248011209,5.977869836271642
1787657926.691007,77.86501383781433,401.64154681559376,383.22775685972954,395.7499858199463,391.6729010127972,10.297133131679283,6.019572497499168
1787657926.7230134,77.89702033996582,401.67755936653293,383.25407894027927,395.78355481870204,391.7018833531503,10.300713033959095,6.064102928406919
1787657926.7610133,77.93502020835876,401.71869779757077,383.30018708391054,395.8234097684483,391.73629277139685,10.291856009328612,6.123663437335075
1787657926.7920134,77.96602034568787,401.75313131306655,383.3305557714086,395.8559232735637,391.7643638341707,10.291072883848779,6.169059635469217
1787657926.8230152,77.99702215194702,401.78770287253144,383.3608799937729,395.8890676932639,391.7899891797689,10.288040564049815,6.214547756026843
1787657926.858015,78.03202199935913,401.8272537633907,383.3946271260666,395.9294501912001,391.807391367454,10.274175838348794,6.232431758902291
1787657926.8930151,78.06702208518982,401.86762900611126,383.4275632768762,395.96983296422144,391.8247936736826,10.26145586594715,6.214313841361796
1787657926.9210188,78.09502577781677,401.909495468558,383.4228421115004,396.00214336393253,391.83871732052694,10.28220620401723,6.232313874726785
1787657926.962019,78.13602590560913,401.96123182531477,383.44766958533006,396.04944892948157,391.85910289279974,10.281117998227442,6.225541574428355
1787657926.9900188,78.16402578353882,401.99655745761635,383.4644153063044,396.08175492783056,391.8730246429479,10.28054472985983,6.221112858116675
1787657927.0230215,78.1970283985138,402.03829260717083,383.48391740385426,396.1198330375841,391.8894337916259,10.280120107368887,6.216147438323067
1787657927.0620215,78.23602843284607,402.0831617644516,383.49326478861934,396.1648309139289,391.9088249023695,10.288259915281632,6.221804637724021
1787657927.0930214,78.26702833175659,402.12087407823833,383.50690063810384,396.20059830854166,391.9242382855397,10.290832729191457,6.221090296878706
1787657927.1190214,78.29302835464478,402.15253035632486,383.5182829141067,396.2305968927715,391.9371656927021,10.293050237246655,6.220551099923737
1787657927.1620193,78.33602619171143,402.20506202661556,383.53673915653513,396.2802073966734,391.958544541069,10.29712136089065,6.220065102106278
1787657927.1900191,78.36402606964111,402.2776236387696,383.62944152368374,396.3125133950224,391.9724662912171,10.25614949636231,6.155792533399001
1787657927.2230203,78.39702725410461,402.3023673920744,383.65676218190924,396.35058985426514,391.9888747286341,10.239519292958063,6.137936191493212
1787657927.2600203,78.4340271949768,402.34198078137246,383.6770350024328,396.3932800414056,392.00727137784844,10.236204304525213,6.131555613399486
1787657927.2930202,78.46702718734741,402.37720896796117,383.69511383475077,396.4313551252227,392.02367922254786,10.233190086088475,6.125833847436874
1787657927.320023,78.4940299987793,402.4059973708976,383.7098347414282,396.46251071753375,392.03710522372523,10.2307608360302,6.121208261284117
1787657927.363023,78.53702998161316,402.4515699319845,383.75120879370394,396.5121236972019,392.05848513898377,10.212142862921537,6.096785274512377
1787657927.390023,78.5640299320221,402.48024882221785,383.7709178275715,396.5432759884913,392.071909717639,10.205592231094357,6.087403916008236
1787657927.4230256,78.59703254699707,402.51525081359205,383.79504126883575,396.58135409824484,392.0883188663171,10.197528305295068,6.07588889092595
1787657927.4630256,78.6370325088501,402.557569991314,383.8243806235515,396.62750568164915,392.1082071485535,10.187612311679663,6.061803029613684
1787657927.4900255,78.66403245925903,402.5860774430744,383.84423545755214,396.65865797293856,392.12163172720875,10.180844296023304,6.0522282840065
1787657927.5220273,78.69603419303894,402.6344802621013,383.8771462594763,396.695581275292,392.1375432302199,10.173724946635522,6.036729068567489
1787657927.5620272,78.73603415489197,402.6822497713459,383.9102967795379,396.7417328586963,392.1574315124563,10.163905376005085,6.020798300955426
1787657927.593027,78.76703405380249,402.7192910188141,383.93611294205476,396.77750025330914,392.1728448956265,10.156211438131322,6.00834055499558
1787657927.6210287,78.79503560066223,402.7527793750381,383.9595021813109,396.80980817725407,392.1867674755792,10.14922661486884,5.997031076691553
1787657927.6630287,78.83703565597534,402.81178956314744,383.9819666296953,396.85826744986264,392.2076502193449,10.154127046201536,5.994846044270753
1787657927.6930287,78.86703562736511,402.85043460547354,384.0032838966354,396.8928811374159,392.2225664310222,10.151307733727762,5.987164089414169
1787657927.7230327,78.89703965187073,402.8891851016188,384.0245792389168,396.92749950141643,392.23748465793926,10.148571851126114,5.979536967664968
1787657927.7630327,78.93703961372375,402.9409537320215,384.0530055373442,396.97365108482074,392.2573729401757,10.144966503834969,5.969369451692779
1787657927.7900329,78.96403980255127,402.9759550190802,384.07223875313747,397.0048036511953,392.27079763737447,10.142535010365751,5.962481927496061
1787657927.8210356,78.99504256248474,403.0224101783283,384.06411220243615,397.0405853369648,392.2855925202117,10.167348083365908,5.985187734155531
1787657927.8590355,79.03304243087769,403.074101026776,384.08014125352327,397.0845337568065,392.29859034113304,10.169455319097688,5.9867268664987074
1787657927.8930357,79.06704258918762,403.1204781173581,384.09433351183776,397.1238563464701,392.3102200648057,10.171541894635622,5.988286656730787
1787657927.921041,79.09504795074463,403.15877833856183,384.10589816721273,397.1562457056857,392.3197992736227,10.173424664026665,5.989722359101723
1787657927.963041,79.13704800605774,403.18818254776903,384.14877086806547,397.2048205071873,392.33416535489437,10.139097800775128,5.958655151408822
1787657927.993041,79.16704797744751,403.2206110782908,384.1688814210247,397.23951671519103,392.34442681821673,10.129809096022075,5.950105804240369
1787657928.0210402,79.19504714012146,403.250822007449,384.18766263176394,397.27189890514194,392.35400390671134,10.121099311942888,5.942097658670959
1787657928.0630403,79.23704719543457,403.29606358660664,384.21581545707943,397.32047370664355,392.36836998798304,10.108007706411499,5.93007922977711
1787657928.0930402,79.26704716682434,403.328314802185,384.23593348423725,397.35516991464726,392.3786314513054,10.098613272643627,5.921465496974706
1787657928.1230392,79.2970461845398,403.36781454989745,384.2577036898287,397.3898650196872,392.3888925884243,10.092180809437844,5.9136311784589815
1787657928.1630392,79.33704614639282,403.4134989980595,384.2851895049237,397.43612663035884,392.4025745395208,10.080720223379465,5.902387102455191
1787657928.188039,79.36204600334167,403.47669365392136,384.363485703779,397.46503999915814,392.41112571818064,10.045122670541469,5.848719774400929
1787657928.2230408,79.39704775810242,403.51663747507376,384.38756505511947,397.50552097655293,392.42309803702153,10.035103978635462,5.838843795850609
1787657928.2590406,79.43304753303528,403.54898474230606,384.40964797581074,397.54715620556465,392.4354117277677,10.021717895983194,5.8284016871350985
1787657928.2930408,79.46704769134521,403.5843862106188,384.43199309963643,397.5864787952283,392.4470414514404,10.010788852300884,5.818698644142671
1787657928.3210425,79.49504947662354,403.6134811028488,384.45038830238735,397.61886401832965,392.4566194369945,10.001758393940651,5.810695055360306
1787657928.3610425,79.53504943847656,403.6549343716887,384.4766747615214,397.6651256290013,392.470301388091,9.988787484924128,5.7992183332124485
1787657928.3930426,79.56704950332642,403.6880042411256,384.4977129346593,397.70213502783497,392.4812469815885,9.97834886727752,5.7899984553632615
1787657928.4230468,79.59705376625061,403.72447918143723,384.51925836865064,397.7368361991758,392.49150991282636,9.970389318709513,5.7813991496096415
1787657928.458047,79.6320538520813,403.7623794614612,384.5428548740125,397.7773152463839,392.50348166081125,9.959546801802588,5.77131957517127
1787657928.4890468,79.66305375099182,403.7959245981259,384.56372997304726,397.81316791193217,392.51408514844576,9.949951003958843,5.762407636234827
1787657928.5230489,79.69705581665039,403.83268194830526,384.58661824873167,397.8524927075234,392.52571552452537,9.93941290570413,5.752628851630961
1787657928.5630488,79.73705577850342,403.89806340752926,384.5998630629707,397.898754318195,392.53939747562185,9.951277115980654,5.761227917479716
1787657928.592049,79.76605582237244,403.9361427322059,384.6152744887536,397.93229406865424,392.5493169146321,9.949634565674799,5.758951936625941
1787657928.6230516,79.79705858230591,403.97695017746344,384.6316580116047,397.9681500430939,392.5599213808769,9.94801684293623,5.756637835770914
1787657928.6570518,79.83105874061584,404.02180976672116,384.64953112554247,398.0074726327575,392.5715511045496,9.946388877817018,5.754223856436429
1787657928.6930518,79.86705875396729,404.0694291844376,384.668350329389,398.0491081375102,392.58386487684663,9.944829614382055,5.751806617032006
1787657928.721056,79.8950629234314,404.09236211366846,384.69438511934965,398.08149611802105,392.5934436779093,9.926008066145467,5.734581816976603
1787657928.761056,79.93506288528442,404.13997179478537,384.71954091639134,398.1277577286927,392.6071256290058,9.917696838237786,5.726164972149189
1787657928.792056,79.96606302261353,404.1768866473221,384.7390205273494,398.1636106699819,392.61772919819117,9.911283383076782,5.719662791087708
1787657928.81806,79.99206686019897,404.2078646886132,384.75534789367816,398.19347926081264,392.62671944367395,9.90612548639592,5.714224722635168
1787657928.86306,80.03706693649292,404.2474530438891,384.80759266542543,398.23621430917547,392.64643611623325,9.878383358221834,5.6775802882354345
1787657928.89006,80.06406688690186,404.27566566846207,384.83134925522717,398.26185524762593,392.6582660779838,9.870488474645418,5.664217929266979
1787657928.9210622,80.09506916999817,404.3079964174998,384.8587570166477,398.2912970658759,392.6718496519406,9.861292390731531,5.648731466886072
1787657928.9620621,80.13606905937195,404.3506242867818,384.895248850161,398.33023327220167,392.6898136524562,9.8488754904109,5.627976833520613
1787657928.9910622,80.16506910324097,404.380684017833,384.921226997899,398.3577736316707,392.7025199502286,9.839917150551418,5.613109196250272
1787657929.0180645,80.1920714378357,404.4354482231858,384.90969615789487,398.3834168343016,392.7143509566043,9.876219947887819,5.6417222491669925
1787657929.0620644,80.23607134819031,404.4926756721806,384.9337701860696,398.4252020589462,392.7336294089214,9.881904671853622,5.637437809815771
1787657929.0910645,80.26507139205933,404.53048297837597,384.9495628123128,398.45274241841514,392.74633570669374,9.885777555698189,5.634713167342054
1787657929.1220636,80.29607057571411,404.57097110813976,384.9663827340216,398.48218129323044,392.7599179226379,9.890022858737195,5.631882881822735
1787657929.1620638,80.33607077598572,404.59776533641485,384.97916855632326,398.5201681286741,392.77744391183643,9.886874447465315,5.628443941581214
1787657929.1910636,80.36507058143616,404.6651665759336,385.0300901756902,398.547708261725,392.79015010514627,9.881387874930812,5.602041456924424
1787657929.2210648,80.39507174491882,404.6998347767083,385.0452512667456,398.57619935058443,392.8032950410108,9.883630610028622,5.598899812608576
1787657929.2620647,80.4360716342926,404.74721085244033,385.0658319356825,398.6151355569103,392.8212590415265,9.88680924384149,5.5947370055951655
1787657929.2920647,80.46607160568237,404.78187900140256,385.0807796910994,398.64362551367947,392.83440345507853,9.889228349719035,5.59179722876609
1787657929.3210704,80.49507737159729,404.8120350317879,385.11202858505743,398.6711713071816,392.8471122599512,9.876321518753487,5.57197289411427
1787657929.3630705,80.5370774269104,404.85923628259377,385.1395741383211,398.7110573372257,392.865514480709,9.873715537648621,5.561162555196384
1787657929.3910704,80.56507730484009,404.8906872790135,385.1579389708666,398.7376478729764,392.87778255823923,9.871974419828243,5.5539492583460985
1787657929.4230747,80.59708166122437,404.92662323017487,385.1789241839468,398.768041326289,392.8918051881383,9.86998806745422,5.545705887228877
1787657929.4620748,80.63608169555664,404.9803510955592,385.18841054865464,398.80507833801437,392.9088929570946,9.886346253753516,5.554094923357077
1787657929.4910748,80.66508173942566,405.0159872093632,385.2024265593814,398.8326186974833,392.921599254867,9.890382867029816,5.552349747639981
1787657929.5230763,80.69708323478699,405.0553556841462,385.2177890658792,398.8630094337793,392.9356206312159,9.894952054221418,5.550536745817499
1787657929.5610764,80.73508334159851,405.1021625705355,385.23589060668377,398.89909684820447,392.9522702843926,9.900532293069716,5.54853601633202
1787657929.5910764,80.76508331298828,405.1391604796322,385.25007349457155,398.9275868049737,392.9654146979446,9.905056153307575,5.5470730874409195
1787657929.6230798,80.79708671569824,405.177612544868,385.2884064524508,398.9579793526141,392.97943690999364,9.891197427260197,5.523226432818066
1787657929.6580799,80.83208680152893,405.220571545493,385.3125816928918,398.9912177487205,392.9947721113689,9.890444800468035,5.514234293878173
1787657929.6910799,80.86508679389954,405.2611195497431,385.3354124843027,399.0225567238084,393.00923097672234,9.889750067000474,5.505735142330394
1787657929.7210855,80.8950924873352,405.2980208037893,385.35621115072746,399.0510521146108,393.02237789737467,9.889121821020114,5.492225877384521
1787657929.7620854,80.93609237670898,405.34189723734175,385.3887162968754,399.08998832093664,393.04034189789036,9.880978667982928,5.465901227813423
1787657929.7920854,80.96609234809875,405.3767336066833,385.41084480775106,399.11847827770583,393.0534863114423,9.878042767503025,5.448646552042832
1787657929.821088,80.99509501457214,405.4104088588982,385.4322896209821,399.14616951899177,393.06663985543526,9.87542394076967,5.431913612992241
1787657929.861088,81.03509497642517,405.4568599144661,385.4619308655936,399.18563996944664,393.08862649879444,9.873939734487683,5.4087723937088565
1787657929.8920882,81.06609511375427,405.4928590910229,385.4849652510418,399.21622973323286,393.1056662391333,9.872748332909698,5.390776039699319
1787657929.9210906,81.09509754180908,405.5275202366555,385.4965298193725,399.2448482330158,393.1216079053912,9.87996879161071,5.3839662911765265
1787657929.9620907,81.13609766960144,405.5755080175106,385.5231171788585,399.28530560941573,393.1441443065699,9.881634521480493,5.364057520123825
1787657929.9910905,81.16509747505188,405.60946333012527,385.5419045797634,399.3139215213118,393.1600845312698,9.882839290409008,5.349995542161201
1787657930.0220878,81.19609475135803,405.64577876099474,385.5619512466757,399.3445084619487,393.1771226989999,9.884171367895918,5.335002325120765
1787657930.0610878,81.23509478569031,405.6992199087382,385.5839326480864,399.38299222172094,393.1985597155903,9.893294576196897,5.320389514278487
1787657930.0920877,81.26609468460083,405.7382011059171,385.6028551152518,399.4135817502447,393.21559932487844,9.897205888297426,5.306867982310085
1787657930.1220887,81.29609560966492,405.7759607750961,385.6211667389671,399.44318552913563,393.2320898316007,9.901019777671076,5.293787886583662
1787657930.1610885,81.33509540557861,405.82511807846515,385.6449372047605,399.4816690536454,393.2535267171404,9.906057737484884,5.276827449650548
1787657930.1910887,81.36509561538696,405.87880520948704,385.68312792658304,399.51127212674896,393.2700168307105,9.904865511622887,5.246184865869253
1787657930.2220883,81.3960952758789,405.9101205315634,385.70749259484114,399.5418614200103,393.28705630894797,9.899722733899349,5.2262418527566465
1787657930.2610884,81.43509531021118,405.95645293107214,385.7332546382038,399.58034517978257,393.3084933255384,9.901464095079362,5.206928844251897
1787657930.2920883,81.4660952091217,405.9932902483873,385.7537429572869,399.61093470830633,393.3255329348265,9.902851392602662,5.191567986139549
1787657930.3220932,81.49610018730164,406.02895425678264,385.77357926852795,399.6405424866588,393.34202566941127,9.90420041536422,5.176695825750365
1787657930.3620932,81.53610014915466,406.0742000435904,385.81186070597806,399.68001293711364,393.36401231277046,9.895484962578157,5.144830824718583
1787657930.3910933,81.56510019302368,406.10800544608225,385.8346665337165,399.7086290842721,393.37995266852107,9.893602007164473,5.126766637279206
1787657930.416093,81.59010004997253,406.13714488276,385.8543870093976,399.7332979981752,393.39369425509517,9.891936547826944,5.111133904679376
1787657930.454097,81.62810397148132,406.18142419931485,385.884490510191,399.7707988314638,393.41458374172856,9.889308453202547,5.087243239898092
1787657930.4920971,81.66610407829285,406.2256940779136,385.91471400995215,399.80829590055345,393.4354711315502,9.886596332856563,5.0632323948064935
1787657930.516097,81.69010400772095,406.2350224053317,385.9433891892112,399.83197812377387,393.44866309135557,9.865501123501012,5.0360679852045545
1787657930.5611033,81.73511028289795,406.27878729040134,385.9838008022653,399.8763886149903,393.473401537979,9.853163348859505,5.001893383870017
1787657930.5921035,81.76611042022705,406.30879436585724,386.01181806383266,399.9069783787765,393.49044127831786,9.844442752978932,4.978155280690091
1787657930.622104,81.79611086845398,406.33773254881913,386.03906401705643,399.9365816871425,393.5069315229387,9.835841470832877,4.955038106052665
1787657930.662104,81.836110830307,406.29602994588504,386.0250358737934,399.9760521375974,393.5289181662979,9.810727238946718,4.963344448992333
1787657930.6921039,81.86611080169678,406.3341658468398,386.0403951411587,400.0056549754385,393.5454081488173,9.817090714390346,4.953240494548895
1787657930.717104,81.89111089706421,406.3660184454672,386.0531250821813,400.030324124604,393.5591498664421,9.822496148604786,4.9448991042629435
1787657930.7631068,81.93711376190186,406.42480242782455,386.0763814585159,400.07571801282893,393.5844361051241,9.832688212548733,4.929739659637437
1787657930.7891068,81.96311378479004,406.45813646497334,386.08940394961576,400.10137385267706,393.59872744951775,9.838616281534115,4.921307119402173
1787657930.8221078,81.99611473083496,406.4979412087586,386.12068759948386,400.1335476706832,393.6168600347576,9.833519526947333,4.895646649925397
1787657930.8591077,82.03311467170715,406.5446772843375,386.14429202149813,400.1671668672437,393.63714631113123,9.839487005215958,4.878525914780847
1787657930.8921077,82.06611466407776,406.5864719350079,386.1653175816575,400.1971515970527,393.65523950127636,9.844914664078852,4.863297766752584
1787657930.9221108,82.09611773490906,406.6245704500626,386.1843955522981,400.22441323888023,393.6716895434276,9.849953484024862,4.849503713309016
1787657930.960111,82.13411784172058,406.67951252172355,386.19140272484844,400.258941214604,393.6925241893982,9.873730760747737,4.84993112157749
1787657930.9911108,82.1651177406311,406.72119313686596,386.2053723022894,400.28710860272037,393.70952077106915,9.88482109266633,4.841679865014252
1787657931.0221128,82.19611978530884,406.76298788366347,386.21924023370127,400.3152779405417,393.7265185292183,9.896069468075318,4.833544647839563
1787657931.0621128,82.23611974716187,406.81708726156177,386.2369696459568,400.3516230413243,393.7484496529433,9.910830413165659,4.823233695286025
1787657931.0911129,82.26511979103088,406.8564426000341,386.24968705348516,400.37797330438184,393.7643497568599,9.921729685906577,4.815911320335293
1787657931.116113,82.29011988639832,406.89458831904375,386.25639817124045,400.4006891006879,393.77805677454785,9.937105977238602,4.814378646415518
1787657931.1621184,82.33612537384033,406.95927198979086,386.2742789825437,400.4424909924941,393.80328059953115,9.95762521464471,4.805337691216169
1787657931.1911185,82.36512541770935,407.0062233935908,386.29855027880575,400.46884125555164,393.8191807034477,9.964800409581924,4.787585000135539
1787657931.222119,82.39612603187561,407.0501113974955,386.3103224524746,400.49700929356965,393.83617767727804,9.979060278862875,4.781807432415082
1787657931.257119,82.43112587928772,407.0912313282001,386.33652429908017,400.52881114843746,393.8553673451775,9.97989776338426,4.761359272873445
1787657931.291119,82.46512603759766,407.13640650014185,386.3541584764656,400.5597046574098,393.8740089049196,9.990052932518177,4.749945389916982
1787657931.3221195,82.49612641334534,407.17769472947185,386.37016769542436,400.5878724787939,393.8910057480301,9.99943809966607,4.739620287932864
1787657931.3611195,82.53512644767761,407.22977517821175,386.39020393198604,400.62330901704706,393.91238863287793,10.011426362559245,4.72675249968627
1787657931.3901196,82.56412649154663,407.26859475594955,386.40504665912,400.64965928010463,393.9282887367945,10.02045299338762,4.717252140120073
1787657931.4211214,82.59512829780579,407.3116631901651,386.42386255009916,400.67782840129206,393.9452863642239,10.02893714197795,4.704384579546074
1787657931.4561214,82.63012838363647,407.35921350564496,386.4426750558727,400.7096304727938,393.96447616284314,10.039643738878581,4.692121679236325
1787657931.4921215,82.66612839698792,407.408256915914,386.4619646445342,400.7423411068249,393.9842142003396,10.050804542606473,4.67958632834116
1787657931.5221267,82.69613361358643,407.4492372814548,386.47799692108816,400.76960469835734,394.0006654189691,10.060220314396098,4.669197073083731
1787657931.5631268,82.73713374137878,407.48266528089624,386.50453326859076,400.8068585783032,394.02314491229106,10.054646496976996,4.647385459035369
1787657931.5901268,82.76413369178772,407.51332724328995,386.52021109742526,400.8313914996681,394.0379484077335,10.058063409458699,4.635963092109809
1787657931.6211276,82.79513454437256,407.54849991353046,386.5382093297338,400.85955975432,394.0549455122836,10.061970149605509,4.622846473190498
1787657931.6581275,82.83213448524475,407.5904288099763,386.55969421966586,400.8931789508805,394.0752317886573,10.066601245012144,4.6071811590113105
1787657931.6931274,82.86713433265686,407.6300446319057,386.5800094697228,400.9249808057483,394.0944214565567,10.0709616432949,4.592364579631697
1787657931.7211287,82.89513564109802,407.66323471081955,386.58763085565323,400.9504235894459,394.10977397519514,10.081888229003008,4.589265000212303
1787657931.7621288,82.93613576889038,407.71016332372017,386.6078794734089,400.98767746939177,394.1322534685171,10.089996039637766,4.575495561638763
1787657931.7921288,82.96613574028015,407.7444724927645,386.6226269540759,401.0149362949787,394.14870181131084,10.095962568968503,4.5654844544254995
1787657931.8221347,82.9961416721344,407.77876884257637,386.6373082760705,401.04293076863075,394.16527722164255,10.101575669365292,4.555537187881021
1787657931.8601346,83.03414154052734,407.82022355854804,386.6681466554274,401.0830107938015,394.18705303746236,10.095741132738578,4.530539329640532
1787657931.8911347,83.06514167785645,407.8549379392382,386.68736156061397,401.11570791452834,394.20481765901013,10.096007503823703,4.51615555174598
1787657931.9191344,83.09314131736755,407.88625556133803,386.7047419996942,401.1452402867138,394.22086284597526,10.096205203373119,4.50313393327338
1787657931.9611344,83.13514137268066,407.93316656881694,386.7308560284199,401.1895394736666,394.2449309679872,10.096426526047665,4.4835497498117185
1787657931.9911344,83.16514134407043,407.96662975157284,386.74953312524053,401.221181678213,394.2621224446741,10.096537425912983,4.469531052743985
1787657932.019137,83.19314384460449,408.0041297321146,386.7665673273824,401.2507170680371,394.27816927114776,10.101125995298853,4.4576819888779395
1787657932.063137,83.23714399337769,408.0558197897472,386.7938649249887,401.297125835881,394.30338354625576,10.103109119730622,4.4375661118959835
1787657932.088137,83.26214385032654,408.08518386663286,386.80939467685766,401.3234942139347,394.31770970851534,10.104218998716437,4.426116354109468
1787657932.119137,83.29314398765564,408.1215900353043,386.8286715693503,401.3561913346615,394.3354743300631,10.105578027352225,4.411898125818269
1787657932.1611345,83.33514142036438,408.1741802082122,386.8530342530653,401.40048775544557,394.35954094919225,10.11091253169893,4.394811391490597
1787657932.1881344,83.36214137077332,408.19189289844746,386.8792633146171,401.4289657143903,394.3750132645479,10.095714507093911,4.371195861632909
1787657932.2181344,83.39214134216309,408.22817100652907,386.8974068606472,401.46060791893666,394.39220474123476,10.098113953377778,4.358083552350186
1787657932.2591364,83.43314337730408,408.27777142968364,386.9222270576254,401.50385445293807,394.4157009480172,10.10139109993401,4.340142325235823
1787657932.2891364,83.46314334869385,408.3140745056433,386.94040628016194,401.53549665748443,394.4328924247041,10.103784749771076,4.3269980117736235
1787657932.32014,83.49414682388306,408.35368508461625,386.95813339980026,401.56819729878964,394.4506589590119,10.10845110524068,4.314745460592421
1787657932.3621397,83.53614664077759,408.40540427634573,386.9831713023862,401.6124962342726,394.4747269443981,10.112715046189242,4.296872757885848
1787657932.3921397,83.56614661216736,408.44237761550045,387.00105531112314,401.64413843881897,394.491918421085,10.115784004987187,4.284110914223963
1787657932.4221425,83.59614944458008,408.47937139896646,387.0189587131622,401.675783661004,394.50911153728043,10.118853464538342,4.271332595475155
1787657932.4571426,83.63114953041077,408.5256277849151,387.0403052390927,401.71269969204303,394.5291683283947,10.124181920972962,4.256384986271788
1787657932.4921427,83.66614961624146,408.5700336177516,387.06137902928276,401.74961572308206,394.5492251195089,10.128471717334431,4.241459370048457
1787657932.5181434,83.69215035438538,408.6030608557939,387.07703567924085,401.77703977172587,394.5641248365065,10.1316863299742,4.23037532459967
1787657932.5601435,83.73415040969849,408.65648072051226,387.10232986690886,401.8213389586787,394.58819295851845,10.136927992773924,4.212476822375831
1787657932.5901434,83.76415038108826,408.6946918589046,387.1203968637511,401.8529811632251,394.60538443520534,10.140712213064702,4.199699712665321
1787657932.6191485,83.79315543174744,408.71970091869116,387.13082410142033,401.8835739839285,394.622005772797,10.141520315108462,4.192722053095404
1787657932.6621485,83.8361554145813,408.7694980727131,387.15377187975486,401.92892783559194,394.64664690304414,10.145766470977932,4.176662710572167
1787657932.6921484,83.86615538597107,408.80421470109684,387.16974649180816,401.9605700401383,394.66383837973103,10.148738122057239,4.165490232481927
1787657932.72215,83.8961570262909,408.838909913676,387.1856972678802,401.99221400497385,394.6810308127979,10.151712654316405,4.154338501653172
1787657932.76215,83.93615698814392,408.900977274228,387.19134072055334,402.03440361103566,394.7039527817138,10.17787668689006,4.157073255607746
1787657932.79215,83.96615695953369,408.94060821480446,387.20236561521193,402.066045815582,394.72114425840067,10.187818238763102,4.151465067623968
1787657932.8181531,83.9921600818634,408.97501152492026,387.2118335453151,402.09319161426464,394.735963051167,10.19666465583368,4.14669840985168
1787657932.8571532,84.03116011619568,409.02670032354536,387.22588177809615,402.12333399420623,394.755090156054,10.214961844067929,4.139711943737934
1787657932.8901532,84.06416010856628,409.0705176297607,387.2376346813243,402.14883905657695,394.7712746114307,10.230609212894622,4.133943987175819
1787657932.9221563,84.09616327285767,409.11007995452144,387.26399281879605,402.1735736896079,394.78697018428335,10.232805461104926,4.113131975626259
1787657932.9601564,84.13416337966919,409.1596487923377,387.28268484276225,402.20294324471075,394.8056068865618,10.246468081903572,4.1012592802459915
1787657932.9891565,84.16316342353821,409.19753621310934,387.296898862903,402.2253568234573,394.81982961457487,10.256986523143118,4.092256882045221
1787657933.019157,84.19316387176514,409.2367796521923,387.311568902483,402.2485435955809,394.83454297905564,10.267939527466462,4.082984515592924
1787657933.062157,84.236163854599,409.27722713376954,387.343312390479,402.28177745914667,394.85563181130624,10.265050376433582,4.056954597363742
1787657933.090157,84.26416397094727,409.3092340093667,387.3601361986152,402.30341821305444,394.86936413671083,10.26985682461712,4.044577050220949
1787657933.1231604,84.29716730117798,409.3469183157501,387.37998909350796,402.32892585519335,394.8855502291015,10.2754886081667,4.029959506713481
1787657933.1611602,84.33516716957092,409.3902812903466,387.4028133769727,402.358295226027,394.90418681445044,10.281995499769575,4.013159309405221
1787657933.1901603,84.36416721343994,409.3981461910225,387.43049774907644,402.3807088047735,394.9184095424635,10.262224441877589,3.986780410544676
1787657933.2221622,84.39616918563843,409.44083930314946,387.4297218378355,402.4054425164587,394.9341045306683,10.286523588981245,3.993277171758641
1787657933.2591622,84.43316912651062,409.48519195624925,387.4446546796165,402.4340390624536,394.95225071340866,10.299648311388792,3.984429849982608
1787657933.2931623,84.46716928482056,409.52593695495216,387.45827185179024,402.4603171339323,394.9689256883235,10.31178473919141,3.9764022869156963
1787657933.319164,84.4931709766388,409.55709881573677,387.46859574961906,402.48041334377746,394.9816779100885,10.321137573882243,3.970352515306495
1787657933.359164,84.53317093849182,409.5996847303251,387.516918041442,402.5113285485578,395.00129541758395,10.30828298350915,3.928180579166028
1787657933.391164,84.56517100334167,409.6362137701378,387.5407035182784,402.53606078608976,395.01698947035214,10.31052976495684,3.9095110126477777
1787657933.4191701,84.59317708015442,409.66815699476535,387.56161395030574,402.5577061467264,395.03072471899594,10.312425851240917,3.8930752483725897
1787657933.4591703,84.63317728042603,409.7137284602697,387.5916444338695,402.5886215357759,395.050342343421,10.315004759641033,3.8694303001381027
1787657933.4881701,84.66217708587646,409.7467319734923,387.613531109199,402.61103493025325,395.06456495450453,10.31678620776734,3.8521693708098477
1787657933.5201702,84.69417715072632,409.78099340023726,387.62385221087874,402.6357671677852,395.0802590072728,10.327258117536921,3.8465382192320976
1787657933.561168,84.73517489433289,409.8266707294987,387.64959218355267,402.66745353898193,395.10036586501064,10.332880490613324,3.827159195246936
1787657933.5891678,84.76317477226257,409.8578243993413,387.6671959390969,402.68909410862057,395.1140980734857,10.336684448132365,3.813894282835516
1787657933.6231663,84.79717326164246,409.895611837462,387.68858745778635,402.71537089021507,395.1307722298935,10.341275271585488,3.7977658624760315
1787657933.6581664,84.83217334747314,409.941183587085,387.71227517488614,402.7424217865325,395.14793760741685,10.349456375657738,3.7804063750516144
1787657933.6871665,84.86117339134216,409.97541981332097,387.7311517413173,402.764835365279,395.16216033543,10.35434289600846,3.7662937260955838
1787657933.7181664,84.89217329025269,410.0120119325722,387.75137247338364,402.788794593703,395.1773638686601,10.35954713910123,3.751165139122086
1787657933.75917,84.93317699432373,410.0604179657354,387.7781600530683,402.82048557162864,395.1974736496372,10.366428281499282,3.73111407229127
1787657933.78817,84.96217703819275,410.094643963106,387.79715909881116,402.84289915037516,395.2116963776503,10.371266358948853,3.7168786789940564
1787657933.8221705,84.99617743492126,410.1628921476048,387.7907875733696,402.86985536202775,395.22866034843605,10.416829506805556,3.7323490279385543
1787657933.8551705,85.02917742729187,410.2107100876243,387.8034506208322,402.8998403839466,395.24675372733196,10.433195913016371,3.726215895322412
1787657933.8911705,85.06517744064331,410.2630502070284,387.8171334405377,402.93255133664314,395.26649197073846,10.451275338454847,3.719678922242196
1787657933.9211738,85.09518074989319,410.30682044418916,387.8284152546552,402.9598134606883,395.28294231522017,10.466541229666351,3.714371480804356
1787657933.9631739,85.1371808052063,410.34289679966383,387.8744170857901,402.99797627494024,395.30597028764794,10.44872434829003,3.673625680121595
1787657933.9911737,85.16518068313599,410.3766722599969,387.89349321574053,403.0234180066842,395.32132218211905,10.451937201669017,3.6592534538159036
1787657934.0201766,85.19418358802795,410.41165534359754,387.913315234612,403.0497711260768,395.3372240205619,10.455226486991334,3.64430410120843
1787657934.0631766,85.23718357086182,410.46351628572376,387.9428190591153,403.08884251170934,395.3608002375862,10.460031454889808,3.622024869908425
1787657934.0871766,85.26118350028992,410.4924712982135,387.95931924030674,403.11064974129505,395.37395902295015,10.46270388592472,3.609558574687642
1787657934.1231787,85.29718565940857,410.5319183895128,387.9803161529435,403.1433626437156,395.3936984428472,10.466565481809726,3.5940438579913927
1787657934.1631787,85.3371856212616,410.5786396465567,388.00658038960916,403.1797080985704,395.41562979536087,10.470826192266632,3.574285366976093
1787657934.1911788,85.36518573760986,410.5594765605764,388.02672334648224,403.2051500469504,395.43098182055314,10.435955251910253,3.551753528781576
1787657934.2201805,85.39418745040894,410.5932893055804,388.04588431088007,403.231502083163,395.44688300539013,10.438902853474989,3.5373022372494534
1787657934.2601805,85.43418741226196,410.6434209174482,388.0691229372109,403.2678475380178,395.4688143579038,10.447703852849124,3.5209995483264445
1787657934.2921805,85.46618747711182,410.6818950362381,388.0892576033368,403.2969239885561,395.4863594922032,10.452507533093254,3.506208745162603
1787657934.3201811,85.49418807029724,410.7155554269074,388.1069051744603,403.32236637020804,395.50171177883783,10.45669207465939,3.4932367241800955
1787657934.3601813,85.53418827056885,410.76363319735947,388.1321597773218,403.3587120416989,395.52364326207265,10.462642373076417,3.4746607338821534
1787657934.3921812,85.56618809700012,410.8020846164029,388.15241019754694,403.38778827560117,395.5411882656509,10.46736984962888,3.459752177648926
1787657934.4191813,85.59318828582764,410.84552467192367,388.15677605555965,403.4123216526006,395.5559920462467,10.488131597349074,3.4612538680601768
1787657934.4621792,85.63618612289429,410.9018946867912,388.17861786546825,403.4513910885091,395.5795670867804,10.501621457872824,3.4471723342776617
1787657934.4891791,85.66318607330322,410.937352635934,388.19227836948505,403.47592424887256,395.59437073665504,10.51018006445954,3.4383925011212075
1787657934.5221841,85.69619107246399,410.9807610826594,388.2089155545343,403.5059138201474,395.6124668606955,10.520737309753754,3.4277295665299037
1787657934.562184,85.73619103431702,411.0274651465119,388.22447386872614,403.5422592750022,395.6343982132092,10.532582101737693,3.418577901032097
1787657934.588184,85.7621910572052,411.0600983647448,388.236249304588,403.56588386398505,395.6486536184873,10.540729988767891,3.4112871171986168
1787657934.6221867,85.79619359970093,411.10279039989933,388.2515877411319,403.5967798402805,395.66729667991257,10.551442251456484,3.4018150729593404
1787657934.6601865,85.83419346809387,411.1505284887101,388.26863088954843,403.63130793573816,395.6881314125121,10.56350631819256,3.3913307259360024
1787657934.6921866,85.86619353294373,411.19074903949394,388.2829073417989,403.66038438627646,395.7056765468115,10.573736070155665,3.382579481360489
1787657934.7221873,85.89619421958923,411.2188992166716,388.29432189463955,403.6876441273256,395.72212545336026,10.577904751308,3.37504485660646
1787657934.7601874,85.93419432640076,411.2631908966463,388.31034951264286,403.7221724394193,395.7429603166809,10.588232276283959,3.3651044758978217
1787657934.7921875,85.96619439125061,411.3004512408574,388.32374893232867,403.75124888995754,395.76050545098036,10.596971437752412,3.3568251826045428
1787657934.8191898,85.99319672584534,411.3318602955406,388.33499943189844,403.775989710285,395.77473782805623,10.603814771316754,3.349890350930473
1787657934.8601897,86.03419661521912,411.37999387552776,388.3536796876767,403.817458156689,395.7854745159142,10.602995843992874,3.3378367578785597
1787657934.8901896,86.06419658660889,411.4149874237769,388.3665424709564,403.8478009752843,395.7933306426862,10.60280591607691,3.3297851276834436
1787657934.92019,86.09419703483582,411.44995460930295,388.3793362646528,403.8781442761662,395.8011868943281,10.602649597633981,3.3217983264298816
1787657934.9611902,86.13519716262817,411.49769673756145,388.3967139109932,403.9196129637135,395.81192364462106,10.602485042533518,3.3019325299122313
1787657934.9901903,86.16419720649719,411.531437485428,388.4089209659767,403.9489444273653,395.81951791923115,10.602412375452749,3.285610052303025
1787657935.0171902,86.19119715690613,411.5606387839297,388.4315396901585,403.9762529399868,395.82658842708247,10.592905854923934,3.2595238304195027
1787657935.0601907,86.23419761657715,411.60963234179144,388.4543820777204,404.0197448197077,395.8378490065691,10.588766523409845,3.230745611804313
1787657935.0921907,86.266197681427,411.6460285288283,388.47140032830754,404.0521105893334,395.84622890009996,10.585635839906299,3.209318153270772
1787657935.1201923,86.29419922828674,411.6778365622318,388.48629420156345,404.08043214490135,395.85356169715783,10.582872210894049,3.1905710668368754
1787657935.1621923,86.33619928359985,411.73694712274533,388.51269288565027,404.12291218739216,395.8645602996126,10.584114628501522,3.157001749265867
1787657935.1921923,86.36619925498962,411.70771626401154,388.53360090518674,404.1532550059875,395.87241642638463,10.532240889438548,3.1399052143932615
1787657935.2221942,86.39620113372803,411.7453874919594,388.55087239647156,404.18359975372914,395.88027305263626,10.530942397365802,3.118067369409358
1787657935.2571943,86.43120121955872,411.7893655578071,388.57104750970933,404.21899982932865,395.88943856508774,10.529448461451532,3.0925615074492403
1787657935.2881944,86.46220135688782,411.8283385919626,388.5889568054879,404.25035424401085,395.89755660645665,10.528127935607662,3.069928378469614
1787657935.3221953,86.49620223045349,411.8854962344896,388.59019499469173,404.2847436880967,395.9064604540511,10.549842631210845,3.061566572663683
1787657935.3621953,86.53620219230652,411.9414175700542,388.60624093472904,404.3252007795572,395.91693528974713,10.557130772721463,3.038667076586168
1787657935.3921952,86.56620216369629,411.98347167960577,388.6181809005251,404.3555435981525,395.92479141651916,10.56275740743194,3.021572089121679
1787657935.423196,86.59720301628113,412.0270309249782,388.63043055160307,404.3868987362645,395.9329096451929,10.568718975038342,3.0039819959759213
1787657935.462196,86.6362030506134,412.06913459672967,388.6445437852993,404.4263444727814,395.94312262872705,10.567946537168542,2.9847245461242626
1787657935.490196,86.66420292854309,412.1049025114421,388.6550936922192,404.4546643403464,395.95045498874026,10.571113494862614,2.969793269532962
1787657935.5191987,86.69320559501648,412.141971929421,388.6659508961032,404.4839984565744,395.9580499501348,10.574462933153201,2.9543946703313395
1787657935.5621986,86.73620557785034,412.19697822030287,388.68189513228964,404.5274898540087,395.9693104047515,10.579578117960668,2.9317102809174402
1787657935.5891986,86.76320552825928,412.2315509492761,388.6917948777012,404.5547983666302,395.97638091260285,10.582897708805637,2.91757324245007
1787657935.6202009,86.79420781135559,412.25110531863913,388.7127706528812,404.58615495160194,395.9844995158863,10.565486490749244,2.8943210654383034
1787657935.660201,86.8342080116272,412.2945071488552,388.73094156392295,404.6266122842057,395.9949744140173,10.562328573878386,2.870875650996765
1787657935.690201,86.86420798301697,412.3269659980792,388.7445424185475,404.656955102801,396.0028305407893,10.559915416288252,2.853330252125832
1787657935.718201,86.89220786094666,412.3571733193875,388.75725774410733,404.68527497036604,396.0101629008026,10.557587673788705,2.8369444507318415
1787657935.7602022,86.93420910835266,412.41356061561044,388.7735893021211,404.72775621857323,396.0211618154321,10.5640378911294,2.813703417598139
1787657935.7902021,86.96420907974243,412.4493634573612,388.7863067513329,404.75809903716856,396.0290179422041,10.564677646558458,2.79661718593846
1787657935.8222015,86.99620842933655,412.4875335822326,388.7998287502319,404.789531714865,396.03765807451794,10.566238975032206,2.7784372567755358
1787657935.8632014,87.03720831871033,412.5363899038823,388.8171502014229,404.8233509230951,396.0505313223023,10.574155888724007,2.7551539382560413
1787657935.8822014,87.05620837211609,412.559002356482,388.82520129317544,404.8390233254437,396.0564970065796,10.577793434094296,2.744343747762973
1787657935.9202037,87.09421062469482,412.5871177100915,388.8563076831263,404.87036990010046,396.06842904886753,10.562333613230662,2.709971744165
1787657935.960204,87.13421082496643,412.6279741624581,388.8790056774357,404.9033645038151,396.08098841176786,10.56116232637387,2.682352303977075
1787657935.9902039,87.1642107963562,412.658496161218,388.89605164871585,404.92811030910445,396.0904078777987,10.56019066937245,2.661630442549836
1787657936.021204,87.1952109336853,412.6899373004475,388.9136697915448,404.95368111223365,396.10014137843206,10.559120876229006,2.6402261737838404
1787657936.0622041,87.23621106147766,412.73135579385314,388.9370059960398,404.9875005171259,396.11301470107566,10.557575265260814,2.6119033700726226
1787657936.092204,87.26621103286743,412.75744337837205,388.979509036907,405.01224632241525,396.12243416710646,10.5361025455923,2.5664768824844204
1787657936.1202064,87.29421329498291,412.7844156737408,389.0019060535165,405.0353442953089,396.1312263873842,10.529734832887833,2.540888815327599
1787657936.1572063,87.3312132358551,412.8198575908661,389.0317162340403,405.0658641021662,396.14284372133625,10.521052664224083,2.5068885291270977
1787657936.1932063,87.36721324920654,412.783615238859,389.04620468525457,405.0955591078459,396.15414709554506,10.470389313755947,2.4970364107426715
1787657936.2232065,87.39721345901489,412.84481880179993,389.03808882195256,405.1203051097974,396.1635666364352,10.509069695392567,2.497450593718462
1787657936.2602067,87.43421363830566,412.8940466018651,389.0546439903806,405.1508251133169,396.1751840452465,10.51948523900597,2.474881206405432
1787657936.2922065,87.46621346473694,412.93672111627524,389.0688968120433,405.17722052096155,396.18523143076385,10.528630865135023,2.455414018509555
1787657936.3202093,87.49421620368958,412.974157846019,389.08128377941904,405.20031888717955,396.19402380076,10.536775729280563,2.4384517750522634
1787657936.3582091,87.53221607208252,413.0073852388733,389.0887454841749,405.2316634952145,396.20595509445536,10.541182157209743,2.4269016148089695
1787657936.392209,87.56621599197388,413.04626255630274,389.10011799118877,405.25970870187666,396.21663047431844,10.54870470012399,2.410766114602017
1787657936.42021,87.59421682357788,413.0782757033958,389.10932240641205,405.28280549479723,396.22542224544054,10.555009838563334,2.3976384069946146
1787657936.4602098,87.63421678543091,413.12399823125696,389.12222194817144,405.3157999018497,396.2379815334817,10.564184569917973,2.3791335255682133
1787657936.49221,87.66621685028076,413.16057015561626,389.1323193663685,405.3421955061565,396.2480289938582,10.571674685784883,2.364550859353732
1787657936.5232143,87.69722127914429,413.19842094877106,389.13195333106995,405.36776984920493,396.2577638419583,10.587552695511043,2.360190238629494
1787657936.5612142,87.73522114753723,413.24263359865756,389.1399830064141,405.3991144572399,396.2696951356536,10.599697522458365,2.3467055837417643
1787657936.5932143,87.76722121238708,413.2798534089905,389.1465018572141,405.42551006154673,396.2797425960302,10.610081661205049,2.335592650779874
1787657936.618217,87.79222393035889,413.3089996842524,389.1511895813225,405.44613382756955,396.2875930119374,10.61851747677994,2.3273041089646784
1787657936.663217,87.83722400665283,413.34962466847674,389.16081937869586,405.48325263383464,396.3017222484133,10.624137742995323,2.3126795841404153
1787657936.693217,87.8672239780426,413.38087307240875,389.16619717486225,405.50799843912404,396.3111417144441,10.631669081810166,2.3034440188326792
1787657936.7232192,87.89722609519958,413.4120996115649,389.17108415477185,405.53274601437295,396.3205618542083,10.639513357495273,2.2946981612482626
1787657936.763219,87.93722605705261,413.45368866573745,389.1768032646194,405.5657404214254,396.33312114224935,10.650474781465434,2.283833433358147
1787657936.793219,87.96722602844238,413.48481762294847,389.1805689612768,405.59048622671475,396.34254060828016,10.659001175815765,2.2762122709516053
1787657936.8232238,87.99723076820374,413.491292298019,389.2450338201464,405.6161938795146,396.35078258643017,10.607018460937764,2.211443364795726
1787657936.8602238,88.03423070907593,413.5216092245081,389.27024587329936,405.6526271179788,396.3551217663817,10.588500640471153,2.1826448581050726
1787657936.8902237,88.0642306804657,413.54627209951786,389.2905652796589,405.6821676006336,396.3586400226636,10.57363798047168,2.159406374762632
1787657936.9232264,88.09723329544067,413.57344704881825,389.31286249865957,405.71466473746625,396.3625104149365,10.557366866822735,2.133892033690999
1787657936.9562263,88.13023328781128,413.6209082954064,389.29147396635136,405.7471592918632,396.3663804996426,10.585377925497264,2.1491901648378
1787657936.9902263,88.16423320770264,413.6564826212072,389.29704998132013,405.78063845858526,396.37036785116993,10.585874879377835,2.139218053627799
1787657937.02323,88.19723701477051,413.69095722001686,389.30200372083016,405.81313676925237,396.3742383832459,10.586621660131133,2.130000599218489
1787657937.0582302,88.2322371006012,413.72742039189563,389.30689580136453,405.8476007830664,396.378343029555,10.587583433851774,2.1205961470027304
1787657937.0882301,88.26223707199097,413.7585666066499,389.31094136607766,405.87714126572115,396.3818612858369,10.58842641360282,2.1126951508374545
1787657937.1192322,88.2932391166687,413.78137795973237,389.25835728523333,405.90766847360305,396.3854970605855,10.620330618646955,2.1620212562898287
1787657937.1612322,88.33523917198181,413.820685195027,389.24075348826665,405.94902524322646,396.3904226305644,10.633945610219433,2.1745818655667732
1787657937.1932323,88.36723923683167,413.7700996667172,389.2182603184145,405.9805351852983,396.3941754484493,10.59108458863611,2.2032122752589385
1787657937.2212377,88.39524459838867,413.79615457914286,389.20557624977806,406.00811160817443,396.39745978622227,10.600792523176183,2.21254551455127
1787657937.2632375,88.4372444152832,413.8340244210069,389.27635964490224,406.049468143031,396.40238532824054,10.553651428987571,2.1375893417651883
1787657937.2912376,88.46524453163147,413.8594058075042,389.2889280419324,406.07703940103556,396.40566905087996,10.54576832065672,2.121951598812531
1787657937.3212404,88.49524736404419,413.8864617226939,389.30248087711124,406.106582700893,396.40918764268923,10.53716274173319,2.1051281323199005
1787657937.3632405,88.5372474193573,413.92411375950877,389.3216256968254,406.14793947051646,396.4141132126681,10.52484041376257,2.081433999897018
1787657937.3932405,88.56724739074707,413.95085315923376,389.33543074271546,406.1774799531712,396.41763146894993,10.515840343377576,2.0643997957679665
1787657937.4202425,88.59424948692322,414.0133125066708,389.3345593297594,406.2040684769858,396.4207981484531,10.545097102954175,2.057469444054284
1787657937.4602425,88.63424944877625,414.06376776323503,389.3476520070852,406.2434557871922,396.4254891568289,10.547656522703589,2.038182290562496
1787657937.4912424,88.66524934768677,414.103026623973,389.3575567537757,406.27398088217205,396.429124679932,10.549930339175392,2.023455458775357
1787657937.523242,88.69724893569946,414.14369413629527,389.36756230428824,406.3054903547101,396.4328774418957,10.552540761132402,2.008452810975744
1787657937.5612419,88.73524880409241,414.19553800758274,389.3773766740561,406.34290820549944,396.4373338886685,10.559677584127472,1.9922450351206527
1787657937.593242,88.76724886894226,414.2375488611296,389.3867298504156,406.37441814757125,396.4410867065534,10.563748163991946,1.9777220115980438
1787657937.6202445,88.79425144195557,414.2730674519649,389.3946771622793,406.40100714091966,396.44425344197776,10.56720678628087,1.9654040983517367
1787657937.6612444,88.83525133132935,414.3271295336017,389.40679801320135,406.4413790634511,396.4490617171748,10.572536997040112,1.946631040167176
1787657937.6892445,88.86325144767761,414.36414256392646,389.415106106358,406.4689503214557,396.4523454398142,10.576237420837067,1.9337686596105073
1787657937.7212474,88.89525437355042,414.38761306611997,389.43567415293137,406.5004630807302,396.4560985932265,10.559047978578715,1.9104322885664593
1787657937.7622476,88.93625450134277,414.43464749566374,389.4522547621131,406.54083523802854,396.4609068963842,10.55620560135195,1.8881113929280051
1787657937.7922475,88.96625447273254,414.4690518431491,389.46448173569706,406.57037572068333,396.464425152666,10.554065203909714,1.8716863349434731
1787657937.822246,88.99625301361084,414.5034421982211,389.47680379927937,406.6006578297605,396.46734692993175,10.550909630733077,1.855168676645602
1787657937.861246,89.03525304794312,414.540739966302,389.4674564009084,406.64485828489796,396.4672677711784,10.55188640699343,1.8597882192637483
1787657937.891246,89.06525301933289,414.57283287768644,389.4721272982127,406.6788585726474,396.46720687994133,10.547320450395604,1.8511486313174772
1787657937.9222484,89.0962553024292,414.6059460394304,389.47689219383045,406.71399482436146,396.46714395430234,10.542604690293986,1.842288452290951
1787657937.9622483,89.13625526428223,414.6486115230498,389.4828504634126,406.7593285413608,396.46706276598627,10.536603221749841,1.831052095617861
1787657937.9922483,89.166255235672,414.68056400967816,389.4871735936433,406.7933288291103,396.4670018747492,10.532164147377925,1.8227750809225958
1787657938.0222478,89.19625473022461,414.7194107857348,389.49186750044254,406.82732857643924,396.46694098447995,10.532645047945037,1.8132697783271035
1787657938.0622478,89.23625469207764,414.7644673399587,389.49766012731806,406.87266229343857,396.4668597961639,10.52854837651046,1.8018993627645552
1787657938.0902479,89.2642548084259,414.795986567325,389.50166719125593,406.9043960574642,396.4668029640523,10.525697939272813,1.7939900142453986
1787657938.1222546,89.29626154899597,414.831998028692,389.5061929725287,406.94067070503525,396.46673799965606,10.52246330493763,1.7850053711699356
1787657938.1622548,89.33626174926758,414.88375352440363,389.535893680726,406.9860046922449,396.4666568108561,10.507612201724767,1.7490777602143013
1787657938.1892548,89.36326169967651,414.83194652015464,389.52520471594227,407.01660492419836,396.4666020087911,10.452873319745793,1.7661486923646013
1787657938.2212565,89.39526343345642,414.8701863928585,389.5376267347474,407.0528738973538,396.46653705455725,10.446060160287315,1.7490514389480292
1787657938.2592566,89.43326354026794,414.91563315561194,389.55248536513545,407.0959410906293,396.4664599253666,10.437941761222666,1.7286372009037971
1787657938.2902565,89.46426343917847,414.9527551080367,389.56463313067786,407.1310746402407,396.46639700456683,10.431348422482124,1.711951573505176
1787657938.322258,89.4962649345398,414.98779103053647,389.5792016581327,407.16734334318585,396.46633205081685,10.420746953861855,1.6931244474097364
1787657938.361258,89.53526496887207,415.03359025310857,389.5946556618751,407.21154379832325,396.4662528920635,10.411688587100198,1.6720755035906398
1787657938.391258,89.56526494026184,415.06903506111325,389.60603712653693,407.24554408607275,396.4661920008264,10.40522637599865,1.6563594943337123
1787657938.4212594,89.59526634216309,415.10469932907137,389.6168939010301,407.2795459950838,396.46613110668585,10.399282427155992,1.6411366844573445
1787657938.4592593,89.63326621055603,415.1512482381381,389.5898596969633,407.32261291814905,396.46605397797913,10.419672680255143,1.6621502088470355
1787657938.4862592,89.66026616096497,415.183662309767,389.5861910509848,407.3532131501026,396.4659991759142,10.423420450021846,1.6617448836037443
1787657938.5222638,89.69627070426941,415.22653452856434,389.58021572401816,407.39401868343907,396.46592609713844,10.428869152819715,1.6623230244109652
1787657938.5612636,89.7352705001831,415.2725499999928,389.57202745245786,407.4382188683662,396.465846938869,10.4355877357816,1.66470452951775
1787657938.5922637,89.7662706375122,415.30881411288595,389.56480738355833,407.4733526881879,396.4657840175853,10.441165367971017,1.6673423749932776
1787657938.6212656,89.79527258872986,415.34928607944596,389.6320203994332,407.5062218757576,396.46572515203957,10.402556260312775,1.595603921544254
1787657938.6592658,89.83327269554138,415.3972507720234,389.6488143126943,407.54928906903314,396.46564802284894,10.39517795535521,1.572955292262704
1787657938.6912658,89.86527276039124,415.43769173886875,389.6634096054328,407.5855561507167,396.4655830720025,10.388724520557354,1.553427058415497
1787657938.7222679,89.89627480506897,415.47691156549337,389.67770082204464,407.6206921322205,396.46552014684744,10.38242144058412,1.5343529221815726
1787657938.7612677,89.93527460098267,415.4886200556433,389.640475248223,407.66489231714763,396.465440988578,10.382238346480287,1.5698262372375364
1787657938.7922678,89.96627473831177,415.5159081730687,389.63689806090065,407.70002613696926,396.4653780672943,10.378639178617757,1.5699698895339116
1787657938.8212698,89.99527668952942,415.54129885515465,389.6330823215145,407.7330336493844,396.4641256690116,10.374591979399776,1.570587029561089
1787657938.8612697,90.03527665138245,415.57601447306905,389.62704357109726,407.7797521170231,396.4520961917553,10.361614256429826,1.5722460450586282
1787657938.8892698,90.06327676773071,415.6115626142086,389.5742068505283,407.81245521144865,396.44367551465507,10.393059030295392,1.6202332587586075
1787657938.9222696,90.09627652168274,415.6435367191778,389.54889204738583,407.85099769663293,396.43375126044987,10.398314805851825,1.6413597661798625
1787657938.9622695,90.13627648353577,415.6814960347576,389.51719481357526,407.8977161642717,396.42172178319356,10.404793210168465,1.668071848875535
1787657938.9872696,90.1612765789032,415.70493558722745,389.497025192765,407.9269153457779,396.41420332405767,10.408888133534349,1.685158515287156
1787657939.0222743,90.19628119468689,415.7375262861826,389.468295417812,407.96779943501036,396.40367613328226,10.414804895452596,1.709596344639122
1787657939.0592742,90.23328113555908,415.78945176240245,389.4930991329917,408.0110139897298,396.39254887399034,10.397427610322993,1.678506227726432
1787657939.0882742,90.2622811794281,415.8213492480834,389.4843683147002,408.0448849623071,396.3838274814691,10.395957559641419,1.683187968199577
1787657939.1232762,90.29728317260742,415.8597943817899,389.47371129009883,408.08576598843524,396.37330107940846,10.394222275929572,1.6889637065226657
1787657939.1612763,90.33528327941895,415.9014964328863,389.4620657974345,408.1301486997704,396.36187303299414,10.392361881540044,1.695313720325873
1787657939.1902761,90.36428308486938,415.8575361686222,389.4353580039263,408.1640193938837,396.3531517121743,10.346307078037944,1.727298967554137
1787657939.2172763,90.3912832736969,415.91838341348347,389.5411244703677,408.19555461015744,396.3450317504951,10.292484588380601,1.6147656365275203
1787657939.260283,90.43428993225098,415.9787495327938,389.5764166957985,408.2457847877084,396.33209804763686,10.268299483181757,1.572215614247608
1787657939.2922828,90.46628975868225,416.02381573999253,389.60337437781027,408.2831593947409,396.3224745088526,10.250076449776255,1.5398444100511268
1787657939.3212872,90.4952940940857,416.0647859149235,389.6283300295629,408.31703537967076,396.3137518257073,10.233401338209688,1.5099707704620335
1787657939.3622873,90.53629422187805,416.09858022804553,389.5609158265558,408.3649220039253,396.30142156132865,10.258844334914546,1.572640376363055
1787657939.3892872,90.56329417228699,416.13038036920665,389.55720010262354,408.39645694173504,396.2933016713508,10.256151126334077,1.5723583797828165
1787657939.4212904,90.59529733657837,416.1680920960342,389.5527359297817,408.433835447264,396.2836771287478,10.253013963366307,1.5720812123550738
1787657939.4612904,90.6352972984314,416.21524277340455,389.5470926019637,408.4805539149027,396.2716476514915,10.249148859879158,1.5717959962647656
1787657939.4912903,90.66529726982117,416.25066386857344,389.55963665519783,408.51559276563177,396.26262554354923,10.235300924004417,1.5549294470780768
1787657939.5222917,90.69629859924316,416.2872477166613,389.56125994956847,408.55180116529675,396.25330228997797,10.228419429943754,1.5487531647842314
1787657939.5592916,90.73329854011536,416.3309288185966,389.56323390769194,408.5950157200162,396.24217503068604,10.22020577059041,1.5413432201194033
1787657939.5922916,90.76629853248596,416.36990016315616,389.5651420218818,408.6335584836645,396.23225070477946,10.212801808094056,1.5345863842389451
1787657939.6212933,90.79530024528503,416.40416214940524,389.56686584169444,408.66743140549,396.22352881034885,10.206280639003534,1.5286001317217577
1787657939.6592934,90.83330035209656,416.451799370605,389.59152829343896,408.7118141168252,396.21210076393453,10.185251669242742,1.4981853497907571
1787657939.6912935,90.86530041694641,416.490518901801,389.60029287333793,408.7491890023218,396.20247715344897,10.174331716683687,1.4846570793656955
1787657939.7212963,90.89530324935913,416.5268625854006,389.60874854916693,408.7842311946192,396.1934541850907,10.16398982512668,1.4717318046997667
1787657939.7612963,90.93530321121216,416.57536708305923,389.6203659794026,408.8309496622579,396.18142470783437,10.15004890754431,1.45415182012274
1787657939.7912962,90.96530318260193,416.61301590414377,389.65332485506883,408.865988512987,396.1724025998921,10.124959656333637,1.4167520331867656
1787657939.8212972,90.99530410766602,416.6499120066904,389.67073304666513,408.90086761280713,396.1636432144853,10.10967711975789,1.3948752925963985
1787657939.8562973,91.0303041934967,416.69305533525215,389.69131218032453,408.94033781543595,396.15542040030545,10.094024173821357,1.3690727444509045
1787657939.891297,91.06530404090881,416.7363248785385,389.7121997130483,408.9798077491961,396.1471976421389,10.078331028755839,1.3429484566969756
1787657939.9222984,91.09630537033081,416.77476820892167,389.730963816711,409.01476848500596,396.1399142836809,10.06440469194508,1.3195333100794404
1787657939.9622984,91.13630533218384,416.8311817711262,389.7255350875365,409.05987713437105,396.1305168137687,10.070599121731526,1.317879161328564
1787657939.9922986,91.16630554199219,416.8704394219529,389.735705401682,409.09370889026366,396.1234686553212,10.063849022468988,1.3028889893252569
1787657940.0213,91.19530701637268,416.90845004024203,389.7457421341941,409.12641435492657,396.11665513675075,10.057266621387196,1.2881869847621703
1787657940.0583,91.23230695724487,416.95702585901546,389.7588682016836,409.1681398287024,396.1079624826833,10.048768271894291,1.2691012567526456
1787657940.0893,91.2633068561554,416.9788988315987,389.7229721321658,409.20309895129975,396.10067946030534,10.056749700666815,1.301986930222121
1787657940.121302,91.29530882835388,417.0139087822384,389.71690433172927,409.2391881292894,396.0931610138635,10.054995301234749,1.3036380357787685
1787657940.1583018,91.33230876922607,417.0543199691282,389.70969271983415,409.28091360306524,396.084468359796,10.053039888103447,1.3057499338540457
1787657940.1923018,91.36630868911743,417.0167922553155,389.64851533092036,409.3192559012519,396.0764805215733,10.028499509616418,1.371132503736124
1787657940.222304,91.396311044693,417.04942810593394,389.6423711374,409.35309007696327,396.0694318590057,10.026999978826515,1.373155693769206
1787657940.258304,91.43231105804443,417.0977892346676,389.6927220829734,409.39368791516563,396.0609741248821,9.99538949768472,1.3171629100948472
1787657940.291304,91.46531105041504,417.1366924613249,389.70387502904185,409.43090257777874,396.05322120660315,9.984657961686763,1.3012420207946793
1787657940.322304,91.49631094932556,417.1733494715437,389.71422062156876,409.4658617003761,396.0459381842252,9.974768921431222,1.2864025017603415
1787657940.3623042,91.53631114959717,417.22090891785234,389.72701127066534,409.51097061861,396.0365406582996,9.962595528854145,1.26777641349351
1787657940.391304,91.56531095504761,417.24807696483543,389.68804016369506,409.54367420119155,396.0297275318226,9.978718385620047,1.3030522559374709
1787657940.4213076,91.59531450271606,417.2809037979893,389.68115033900693,409.57750972124677,396.02267858918833,9.97783848583654,1.3057914129976296
1787657940.4563074,91.63031435012817,417.31905311097154,389.67293300802925,409.61697965500684,396.0144558310218,9.976815485695385,1.309183450090242
1787657940.4913075,91.66531443595886,417.3571146441248,389.6645429489406,409.6564498576357,396.0062330168419,9.975834354638769,1.3127578198408456
1787657940.519311,91.69331789016724,417.3875255691094,389.6577079422689,409.6880298376752,395.9996539701086,9.975094683179995,1.3157440937766691
1787657940.5593112,91.73331809043884,417.44593332758376,389.6186142526181,409.733138755909,395.99025644418305,10.004250312851333,1.3472428318914111
1787657940.591311,91.76531791687012,417.48523869793104,389.60149393423296,409.76922551407984,395.98273850186126,10.012848829641406,1.3593239752324364
1787657940.616311,91.79031801223755,417.5159532314198,389.5878207589708,409.7974185543674,395.97686505515946,10.019763698786575,1.3690570655890382
1787657940.6613104,91.83531737327576,417.57114988423183,389.56229738493494,409.8481651127313,395.9662930415415,10.032729147677871,1.3874923298959585
1787657940.6913106,91.8653175830841,417.59978965889655,389.5436020080144,409.8819968686239,395.959244883094,10.036174522901877,1.402467288416031
1787657940.7223148,91.89632177352905,417.63436478714084,389.5236349501584,409.9169608308589,395.95196085247596,10.043988138724734,1.4179632511722198
1787657940.7623148,91.93632173538208,417.67813421750253,389.49611625337116,409.962069480224,395.9425633825637,10.054567898191769,1.4398043605219852
1787657940.7913148,91.9653217792511,417.70930647511483,389.47524656974247,409.9947733316743,395.93575020007336,10.06241167806013,1.4566205718359448
1787657940.8193166,91.99332356452942,417.73899183930683,389.4544777418521,410.0266411634738,395.9293093038114,10.069945218459068,1.4735222808158623
1787657940.8623166,92.03632354736328,417.72096629581114,389.3606866634986,410.08138208517045,395.9221782464996,10.070571915500299,1.5688296832531474
1787657940.8923166,92.06632351875305,417.73370992948554,389.321259549886,410.1195734047134,395.9172030929941,10.073804953528674,1.6063581398401992
1787657940.9173205,92.09132742881775,417.7439847503412,389.28797698648555,410.15140451237335,395.9130564793459,10.076653857144212,1.6380981939598047
1787657940.9583206,92.13232755661011,417.760240280243,389.23249362570704,410.20359952821104,395.9062570752111,10.0817626452524,1.691119081779976
1787657940.9893205,92.16332745552063,417.7720513048778,389.1897796900571,410.24306380068344,395.9011160951171,10.0860145340069,1.7320250535811184
1787657941.021323,92.19532990455627,417.83898156866,389.2262647004976,410.2838043647792,395.89580885350557,10.077872880274043,1.6874723637545517
1787657941.063323,92.23732995986938,417.87420275288576,389.1970601923574,410.33727233354637,395.88884362278225,10.078952605587146,1.71205292914008
1787657941.0913231,92.26533007621765,417.89713296109517,389.1769834791641,410.37291774723036,395.8842001224537,10.079710793697188,1.72911098066873
1787657941.1203232,92.29433012008667,417.92046418031254,389.1556946622577,410.4098361138438,395.8793907955367,10.080556713073875,1.7473216131873208
1787657941.1633232,92.33733010292053,417.9521636560295,389.12042330948015,410.4645770355404,395.8722597382249,10.082224385513934,1.77836110246499
1787657941.191323,92.36532998085022,417.9128258217888,389.0653546736095,410.5002221457068,395.8676162774354,10.060688653643359,1.837908582104624
1787657941.2193232,92.39333009719849,417.9341324176754,389.0433110337939,410.53586755939074,395.86297277710685,10.061913794429785,1.857120810038572
1787657941.2573214,92.43132829666138,417.96284160923835,389.01317960726254,410.58424098478133,395.8566712085885,10.063653634374385,1.88343374636566
1787657941.2903214,92.46432828903198,417.9979158552821,389.00986818374975,410.6262514666303,395.85119853577856,10.05709882841505,1.8823420006250673
1787657941.3223236,92.49633049964905,418.02552541712186,388.9925966732093,410.6669917272085,395.84589133370605,10.05562856161581,1.8960327957182572
1787657941.3573236,92.53133058547974,418.0555935433516,388.9736866910461,410.71154841843406,395.8400869681801,10.053976902830604,1.9110424228151817
1787657941.3883235,92.56233048439026,418.0821223612214,388.95691980808704,410.75101269090646,395.83494598808613,10.052482933630799,1.924367412857098
1787657941.421327,92.59533405303955,418.11024722637416,388.93903082899436,410.79302772551983,395.8294727221911,10.050865172073665,1.938606538989665
1787657941.4593272,92.63333415985107,418.177318689946,388.9327825756463,410.8414035790515,395.8231708373607,10.064447372380771,1.9364353968583983
1787657941.4913273,92.66533422470093,418.21491114695215,388.9195257622396,410.882141107971,395.81786399113923,10.067600844534818,1.9448970128918963
1787657941.5203283,92.69433522224426,418.2488981087338,388.90720013828087,410.91906068865495,395.8130545060662,10.070617714611519,1.9528846869032768
1787657941.5633283,92.73733520507812,418.29922564248295,388.8883576508434,410.9738016103516,395.8059234487544,10.075443107821926,1.9652989646963335
1787657941.5923283,92.76633524894714,418.33319994536373,388.87537516840325,411.01071997696505,395.8011141218374,10.078917250315865,1.973939941618705
1787657941.620331,92.79433798789978,418.34549608431394,388.7815936210393,411.04636872934293,395.79647018657977,10.123524750493525,2.0654537293353394
1787657941.660331,92.83433794975281,418.3843405367842,388.73380603261916,411.09729048873345,395.7898366485724,10.143405072068546,2.1080199046800336
1787657941.690331,92.86433792114258,418.4134112667922,388.6975464476307,411.1354818082764,395.78486149506693,10.158656002874995,2.1403679685674173
1787657941.7213311,92.89533805847168,418.4434528460966,388.6597302952166,411.17494638426643,395.7797204754339,10.17474551780327,2.1708400073321092
1787657941.761331,92.9353380203247,418.4526820973034,388.64024354096875,411.225868143657,395.77308693742657,10.154028502964238,2.1860567460437395
1787657941.7903311,92.96433806419373,418.4721621948201,388.6128171705824,411.2627865102705,395.7682776105096,10.157544578702991,2.205278084841504
1787657941.8213315,92.9953384399414,418.4928378457769,388.5833286385737,411.3016870886057,395.7619761341579,10.160985635174438,2.2260356856100785
1787657941.8623316,93.03633856773376,418.51989896345174,388.5440165970934,411.34808514030294,395.74325597368266,10.161887674804406,2.2538781221562996
1787657941.8903315,93.06433844566345,418.5598218892049,388.5083343067592,411.3797713777283,395.7304715694295,10.183928121712485,2.273954536980232
1787657941.9203358,93.09434270858765,418.58662504340873,388.47618906087484,411.4137258900006,395.71677198732755,10.191983289811732,2.2951398017258287
1787657941.961336,93.13534283638,418.62315490441466,388.43186382397306,411.4601239416978,395.6980518268523,10.203259315827777,2.3244974128486002
1787657941.9923358,93.16634273529053,418.6507203394991,388.39806055913374,411.49520517167696,395.68389764944925,10.211993900485359,2.3469851587432404
1787657942.0203404,93.1943473815918,418.67556582379524,388.36729570306323,411.52689680525987,395.6711110680155,10.220038533287434,2.3675335203095864
1787657942.0573404,93.23134732246399,418.7493382058127,388.3888411590732,411.56876802034674,395.65421734431277,10.215002657926679,2.322306153496199
1787657942.0923405,93.26634740829468,418.7940943617005,388.37069110515694,411.60837608693623,395.63823673013724,10.220164701972836,2.324248870693611
1787657942.1173406,93.29134750366211,418.8262008629146,388.3577627071196,411.6366676016156,395.62682199017485,10.223923482494198,2.32555610326281
1787657942.1603482,93.3343551158905,418.8817166045234,388.33560419248045,411.6853374356623,395.6071852366835,10.230530974706593,2.3276318786192842
1787657942.1893482,93.36335515975952,418.8786186696528,388.32571314014626,411.7181555171441,395.5939441688077,10.202912076678462,2.337987803357648
1787657942.2233512,93.39735817909241,418.8753405298137,388.30242937113024,411.7566352471796,395.5784188030874,10.179193834236326,2.361008096936105
1787657942.2583513,93.4323582649231,418.90589526240956,388.28282457841766,411.7962433137691,395.56243818891187,10.17545699951112,2.369123099340408
1787657942.2933512,93.4673581123352,418.9363779067249,388.2633009340561,411.8358511105507,395.5464576835954,10.171619980197237,2.3771861179426708
1787657942.3203552,93.49436211585999,418.95981585805504,388.2482454995635,411.8664103604614,395.53412798350234,10.168602909105013,2.3834269536274837
1787657942.361355,93.53536200523376,418.96131838095704,388.21264179063786,411.9128081423507,395.51540793188616,10.149477321394494,2.4164241720427357
1787657942.392355,93.56636190414429,418.9775939674762,388.191599629822,411.9478893723299,395.50125375448306,10.141389949962258,2.430721400515356
1787657942.4193552,93.5933620929718,418.9915544550266,388.17327037903897,411.9784443053144,395.4889257961345,10.13422558233608,2.443248629032638
1787657942.4583538,93.6323606967926,419.0113613708234,388.14678281716465,412.0225773198591,395.47111950719966,10.123685616414893,2.4614759496318586
1787657942.4923537,93.66636061668396,419.03659991402645,388.11438251859136,412.06105354239213,395.45559555664676,10.126779154940397,2.483430426662417
1787657942.520356,93.69436287879944,419.05287331892345,388.092451164353,412.09274247789625,395.4428100638033,10.122805800515275,2.498565181957803
1787657942.5593557,93.73336267471313,419.0752523410919,388.06181440800333,412.1368768414804,395.42500323057334,10.117193494760768,2.5198272133325967
1787657942.5923557,93.76636266708374,419.09392979163084,388.03580688846324,412.17422148976476,395.40993583478405,10.112375620984459,2.537984796590677
1787657942.6183653,93.79237222671509,419.10848486910487,388.0152554883002,412.2036553710079,395.3980601856969,10.108534789854184,2.5524021070718623
1787657942.6623652,93.8363721370697,419.19993838961386,387.9865014313809,412.2534481454511,395.3779703609309,10.14334952807757,2.5485296499369396
1787657942.6903653,93.86437225341797,419.23249471486747,387.9657659915641,412.2851346526843,395.3651858478187,10.149740195825311,2.557031675572441
1787657942.723364,93.89737105369568,419.27103264285364,387.9413088550884,412.3224779519293,395.3501189963245,10.157405180539486,2.5670129306204137
1787657942.7623641,93.93637108802795,419.316773232358,387.91232505195325,412.36661258532126,395.33231205423556,10.166658257935918,2.578817951273351
1787657942.789364,93.96337103843689,419.3485735720454,387.89221730318303,412.39716724849796,395.31998420474594,10.173188832367577,2.586984972214221
1787657942.8223643,93.99637126922607,419.36039098270703,387.91719298466484,412.4334465358518,395.30439883964897,10.126863764943753,2.559484280997648
1787657942.8593643,94.03337121009827,419.39523917908144,387.90596435970565,412.46743302848864,395.2836734078714,10.12052809193167,2.5582646055797964
1787657942.8913643,94.06537127494812,419.42538180568005,387.89644390695133,412.49682685839116,395.26574864514765,10.114916014579856,2.5570289717643577
1787657942.923364,94.09737086296082,419.45549472049254,387.887028443878,412.52622025029234,395.2478241495232,10.109211547079845,2.5557045850978115
1787657942.962364,94.13637089729309,419.4904823769169,387.87248549234585,412.5620439394234,395.2259783699942,10.103322061765732,2.557556737995711
1787657942.992364,94.16637086868286,419.5182141331099,387.8630134571161,412.5896005728317,395.20917395502187,10.09810674971609,2.557090957597802
1787657943.0213637,94.1953706741333,419.54505402768274,387.8540553612624,412.6162384984927,395.19292978069996,10.092946169569126,2.5564431769627562
1787657943.0623639,94.23637080192566,419.58303476735097,387.8417025687728,412.6538993841179,395.16996365341964,10.085451288064498,2.5552219109116434
1787657943.0913637,94.2653706073761,419.6099203116071,387.83319202685465,412.6805373097788,395.1537194790978,10.080003520092253,2.5541375129848256
1787657943.1233647,94.29737162590027,419.65375055945265,387.8082187165818,412.70993201568393,395.1357941821756,10.095047210031174,2.5628145245216403
1787657943.1613648,94.33537173271179,419.6938336370616,387.79214588838033,412.7448372160682,395.1145085097475,10.094827666571312,2.564382990476668
1787657943.1903648,94.36437177658081,419.70354267563874,387.7893235771716,412.7714753607298,395.09826420187596,10.07343885244171,2.563755126328256
1787657943.2223673,94.39637422561646,419.7374345892314,387.7759452225663,412.8008713806389,395.0803381036561,10.073235056729017,2.5648819256345616
1787657943.2593675,94.43337440490723,419.7369131397119,387.7432900052741,412.8348580922764,395.05961253832885,10.058177731851522,2.5957889800844076
1787657943.2903674,94.46437430381775,419.7571706231449,387.72498655066624,412.8633332144315,395.0422480162556,10.053223839822452,2.6061621291469543
1787657943.3223696,94.49637651443481,419.77790301052454,387.70613808835066,412.8927290153399,395.02432205158533,10.047956880068297,2.61688754142178
1787657943.3623698,94.53637671470642,419.80354313707033,387.68259244824435,412.9294714122184,395.0019160314059,10.041183186927436,2.63037338227786
1787657943.3923697,94.56637668609619,419.82813747201465,387.70931998273426,412.9570280456267,394.9851116164335,10.007461648510345,2.5969026036854186
1787657943.4223723,94.59637928009033,419.8488579657811,387.70593292901503,412.9845870880423,394.9683057324154,9.99301122878096,2.593081845858185
1787657943.4623723,94.63637924194336,419.8762050574499,387.7015681593037,413.0213292659201,394.94589984578556,9.97344793444408,2.587939899150828
1787657943.4873722,94.66137909889221,419.8931713399527,387.6989301963668,413.04429301759336,394.9318962334167,9.961070824344173,2.5846839674740507
1787657943.522374,94.69638085365295,419.9168366968375,387.6954695893162,413.0764440657414,394.9122900809935,9.94351393405005,2.5799364007943644
1787657943.562374,94.73638105392456,419.94298546838303,387.6910610839179,413.1131864626198,394.88988406081404,9.92316515592744,2.5752409144489876
1787657943.592374,94.76638102531433,419.96288457087013,387.6884622601606,413.1407430960282,394.87307964584164,9.907590084444815,2.5709561962179466
1787657943.621375,94.79538202285767,419.9820454830953,387.68623300933666,413.1673821166924,394.8568348037717,9.892278144681756,2.566573360430648
1787657943.662375,94.83638191223145,420.00899506796105,387.6835841699645,413.2050427833169,394.833868810041,9.87017411831363,2.559951058352245
1787657943.689375,94.86338186264038,420.026655241805,387.6822080182311,413.2298437314844,394.81874484992085,9.855293230385929,2.555272988489295
1787657943.717375,94.89138197898865,420.02010130743,387.6321438864551,413.2555633873992,394.8030606491502,9.85804344122285,2.604603304926746
1787657943.7593787,94.93338561058044,420.03772967952824,387.6116731289907,413.294146046781,394.77953241152477,9.841449431159342,2.6179052592554153
1787657943.7923787,94.96638560295105,420.0513688019662,387.59568284854777,413.32445836543025,394.7610475417002,9.828213225558926,2.628340058119576
1787657943.8193812,94.99338817596436,420.0623764419621,387.5826417736641,413.34914899694087,394.74569943431527,9.817169540066017,2.636889496450962
1787657943.8623812,95.03638815879822,420.0927035976173,387.5041613836871,413.38621176158773,394.7168028005613,9.84881865784623,2.7004872440035474
1787657943.893381,95.06738805770874,420.1092264649848,387.47174977986685,413.41293135265914,394.69597040328597,9.850367092001706,2.725400222430721
1787657943.9233873,95.09739422798157,420.12515255010135,387.4401200403752,413.43879442407183,394.67580580656784,9.852031947603704,2.749779262464767
1787657943.9583874,95.13239431381226,420.1435149995236,387.4028277181978,413.4689618766677,394.65228522365237,9.854151080291832,2.7786631215862907
1787657943.9933872,95.16739416122437,420.1615507572798,387.3650905434487,413.49912912376465,394.6287648009578,9.856410388266715,2.808076111360446
1787657944.0223906,95.19639754295349,420.2681153720051,387.38790829093756,413.5241278665582,394.6092740931896,9.880763711553831,2.7505602713174104
1787657944.0613906,95.23539757728577,420.3203507221153,387.363846980196,413.5577429751796,394.5830654848549,9.891914847840312,2.755536213306147
1787657944.0893908,95.26339769363403,420.3581253998262,387.34644348013285,413.5818769783561,394.5642489864784,9.900215098517195,2.759137687518651
1787657944.119392,95.2933988571167,420.3988759531966,387.32773081412773,413.60773573429066,394.54408775439833,9.90935885727393,2.762964655619955
1787657944.161392,95.33539891242981,420.4496218216914,387.31049469799734,413.6439366363059,394.515863086944,9.911341204045362,2.762021425233539
1787657944.193392,95.36739897727966,420.48069036010344,387.29610957207166,413.67151829550795,394.49435856314824,9.908562597208668,2.7650505989753196
1787657944.2183943,95.3924012184143,420.513643761989,387.2824885777982,413.6930683547812,394.4775566819036,9.914093700793982,2.7667231664588634
1787657944.2583942,95.43240118026733,420.56671408346705,387.2606412063308,413.7275453260342,394.45067610726926,9.923247007374098,2.76933323887434
1787657944.2913942,95.46540117263794,420.5280552394688,387.2398661832844,413.75598884786785,394.4284996171739,9.876099121570473,2.8019592897397123
1787657944.323396,95.49740290641785,420.54193464508074,387.221660564573,413.7835719455626,394.4069939718321,9.864303449900127,2.814397596388953
1787657944.3603961,95.53440308570862,420.55764357634104,387.2006100207449,413.8154633289207,394.3821292960966,9.85044230433096,2.828894370989881
1787657944.391396,95.56540298461914,420.5705163356931,387.1829651687176,413.8421829199921,394.36129689882125,9.838644062077435,2.8411454329280548
1787657944.4163961,95.59040307998657,420.58070684297286,387.1687376789018,413.86373112977475,394.3444964595644,9.829001821647523,2.85108773999805
1787657944.4574,95.6314070224762,420.67473664128545,387.1679883605275,413.8990734571417,394.3169411948758,9.849727824295357,2.8199896369050275
1787657944.4924002,95.66640710830688,420.7141020597087,387.1554122019276,413.9292409097376,394.2934206119604,9.848121896386447,2.8185102394737096
1787657944.5184011,95.69240808486938,420.7434860040222,387.146150825809,413.9516518041477,394.2759475655205,9.846979910012294,2.817287403238648
1787657944.559401,95.73340797424316,420.79005817992476,387.13168967477526,413.98699063803235,394.2483950245866,9.845263989126117,2.8151443984990974
1787657944.591401,95.76540803909302,420.82481697437225,387.112200041526,414.01457229723434,394.22689050079083,9.84876910550953,2.8217291080965112
1787657944.6224031,95.79641008377075,420.85975085744036,387.0986078596415,414.04129373779637,394.2060566615277,9.849222607082131,2.8227047123235964
1787657944.6564033,95.83041024208069,420.8982347356897,387.0837547359478,414.07059932776065,394.1832080449119,9.849814340878087,2.823666246618274
1787657944.6884031,95.86241006851196,420.9346115320164,387.0698103493249,414.09818078146367,394.161703681337,9.850468843651068,2.8244852686234503
1787657944.7214055,95.89541244506836,420.97226428493263,387.0554119321876,414.1266263582869,394.1395255890329,9.851265143413453,2.825300002072088
1787657944.7584054,95.93241238594055,420.9913020673261,386.98528160457954,414.15851753614606,394.11466107351833,9.874968154969373,2.88485814902591
1787657944.7914054,95.96541237831116,421.0220832682835,386.95450390020625,414.1869610579797,394.09248458342296,9.882796358509212,2.903410991896505
1787657944.8164055,95.99041247367859,421.04541252426117,386.9310354093203,414.20850926776234,394.0756841441661,9.88884481034349,2.917605825293379
1787657944.860411,96.03441786766052,421.08644791881596,386.8893117035365,414.2816228461036,394.02814785025464,9.86248578198744,2.9429913405241406
1787657944.8914108,96.06541776657104,421.11055803106836,386.8459508643918,414.3337111116316,393.99436296941656,9.850149734534197,2.975642064270203
1787657944.9194138,96.09342074394226,421.1352310909433,386.8148668945265,414.38076373348355,393.96384424881273,9.835176993582097,2.9965490510166553
1787657944.9634137,96.13742065429688,421.1739442183156,386.7655137324509,414.45469555566063,393.915891456047,9.812043832998809,3.0298998312959
1787657944.9874136,96.16142058372498,421.19502512869684,386.73832099846857,414.4950219677019,393.88973541088734,9.79963113874665,3.0483598675403822
1787657945.0214167,96.19542360305786,421.2248498489894,386.69946735175205,414.55215629271623,393.8526776140342,9.78229300074106,3.0748362043139
1787657945.0614169,96.23542380332947,421.3010818977704,386.66042736575355,414.6193675135959,393.80908385898437,9.785121193418918,3.0857917640364656
1787657945.0934167,96.26742362976074,421.3408610710844,386.62504625917666,414.6731359294482,393.7742092187173,9.775944434502255,3.1056333660398265
1787657945.121417,96.29542398452759,421.3757760100986,386.5937838763863,414.72018414461127,393.7436933563285,9.768219318346036,3.123244187918781
1787657945.163417,96.3374240398407,421.428410299325,386.54643834301254,414.7907556661396,393.69792008242075,9.757158915306054,3.14999716908857
1787657945.193417,96.36742401123047,421.5033996288201,386.53284218511385,414.84116378134325,393.6652249610117,9.759931892658347,3.1374287480182694
1787657945.2234151,96.3974220752716,421.5599209015374,386.5023415866942,414.89156869168215,393.63253191830444,9.762506612528865,3.1470148716105406
1787657945.2594151,96.43342208862305,421.6283566502684,386.46533503214044,414.9520585100482,393.59329772064604,9.76630989400992,3.1586937460974247
1787657945.2934153,96.46742224693298,421.69360053276847,386.42998423155603,415.00918802776545,393.5562430418456,9.770615905267729,3.169894018265446
1787657945.321416,96.49542284011841,421.7478100336099,386.40063445258573,415.0562366435365,393.52572691961905,9.774666086292294,3.179179045606953
1787657945.360416,96.53442287445068,421.7893787050775,386.34737125857663,415.1217673134837,393.48322318383595,9.76613661426763,3.215243603307698
1787657945.393416,96.56742286682129,421.8441681722891,386.30870763322247,415.1772162802685,393.44725852430224,9.767658693620104,3.2330974075848533
1787657945.4184165,96.59242343902588,421.8859569179104,386.27922148223803,415.21922404445843,393.42001194020037,9.769146102423234,3.246711784033581
1787657945.4584165,96.6324234008789,421.95332742100004,386.2317041270256,415.28643486473,393.3764184449883,9.772123568710674,3.2686422998041613
1787657945.4914165,96.66542339324951,421.98278099053243,386.16481833809263,415.3418838315148,393.34045378545454,9.777078252222664,3.3216242413318704
1787657945.521419,96.69542598724365,422.0254796953805,386.1197652839948,415.3922963534074,393.3077558058305,9.78091657209226,3.349580316548731
1787657945.563419,96.73742604255676,422.085457249587,386.05590785399875,415.46286787493574,393.26198253192274,9.787042571127474,3.389388389920794
1787657945.588419,96.76242589950562,422.1212993969416,386.0175045630919,415.5048744373014,393.23473672733405,9.79109387959901,3.41340566622213
1787657945.62142,96.79542684555054,422.16879650233267,385.9663871108899,415.56032500651855,393.1987710284494,9.796901175471813,3.445445794504733
1787657945.6614199,96.83542680740356,422.2406599731649,385.935968208367,415.6275358267901,393.15517753323735,9.790321458034983,3.44976591676214
1787657945.69342,96.86742687225342,422.29134986835453,385.89472894660076,415.68130464325054,393.12030263313255,9.79293689234341,3.4714301418505245
1787657945.7194228,96.89342975616455,422.3328133679523,385.86108029421547,415.7249965638457,393.09196369122446,9.795351837365219,3.4890717097576114
1787657945.7614229,96.93542981147766,422.40011073912325,385.8062448905472,415.79556808537404,393.04619041731667,9.799836472910245,3.517913720975146
1787657945.793423,96.96742987632751,422.46959551007524,385.78715933637415,415.84933690183453,393.0113155172119,9.798788525380157,3.512372960626169
1787657945.821428,96.99543499946594,422.520215902788,385.75678393341167,415.8960291696332,392.98149696436315,9.80185330717124,3.5238370942822597
1787657945.8564281,97.03043508529663,422.5842063239607,385.7190307726473,415.9516516733709,392.94950431726664,9.811754627613798,3.5377220962806413
1787657945.891428,97.06543493270874,422.6489645067666,385.6815294798189,416.0072737982113,392.9175118881022,9.821990474496252,3.5511103977022813
1787657945.921428,97.09543490409851,422.70506552513393,385.6496094812945,416.05495006760196,392.8900897125618,9.831001453457251,3.5621744099395816
1787657945.961428,97.13543486595154,422.7579600444317,385.6501163704997,416.1185184267894,392.8535268118412,9.796494627187231,3.5438071274003793
1787657945.9914281,97.16543507575989,422.8091359801932,385.6302798224407,416.1661950750774,392.82610441836874,9.793291350931229,3.545165613233413
1787657946.020431,97.19443798065186,422.85908669913533,385.6117512797029,416.2122867959252,392.7995936347818,9.790047327504617,3.5457075802158853
1787657946.0584311,97.23243808746338,422.9248546708901,385.58781996856567,416.2726769644917,392.76485874833804,9.785773034556865,3.5459841085507215
1787657946.092431,97.26643800735474,423.000530289053,385.56262414318013,416.3267099940216,392.733780326312,9.796191011471944,3.5440996101034603
1787657946.1204307,97.29443764686584,423.05433940838776,385.54404322480843,416.37120731499664,392.7081866009125,9.797408070050464,3.5433858571852794
1787657946.1624305,97.33643746376038,423.1355071890353,385.5159703828968,416.43795386480514,392.6697956859152,9.79971616920677,3.538809843778493
1787657946.1894305,97.36343741416931,423.16621633764106,385.5001995858743,416.48086246936697,392.64511574972204,9.784875233361928,3.5412371215135545
1787657946.2224307,97.3964376449585,423.2310005581809,385.47860759655197,416.5333067824837,392.61495111690226,9.787057819051572,3.535619964164896
1787657946.2624307,97.43643760681152,423.2621390692837,385.43681356414356,416.59687514167115,392.57838821618174,9.76871699535652,3.561806054034058
1787657946.2924306,97.4664375782013,423.3088810528966,385.41316199160246,416.6445514110618,392.5509660406413,9.765323149671653,3.565176056954045
1787657946.319437,97.49344396591187,423.35102324071437,385.3917888814781,416.68747024585093,392.52628022028205,9.762371903324638,3.568259521107063
1787657946.359437,97.53344392776489,423.41366003167934,385.3602304799116,416.75103860503845,392.48971731956146,9.758079056426787,3.5726504712094735
1787657946.389437,97.56344389915466,423.4294499129593,385.3253553916505,416.79871487442904,392.4622951440211,9.741794299827962,3.5985092121827966
1787657946.4224436,97.59645056724548,423.4700378942364,385.29534373712755,416.8511694177731,392.4321246270352,9.733604747434017,3.61014661754963
1787657946.4594436,97.63345050811768,423.51542983670345,385.26158886906586,416.9099701121318,392.3983039656619,9.724443456718738,3.623337089292343
1787657946.4924436,97.66645050048828,423.55582181697224,385.2313963797592,416.9624140463512,392.3681395507743,9.716281650853695,3.6352178262365054
1787657946.5204418,97.69444870948792,423.58997358407754,385.20563654893834,417.0069090939424,392.34254713296724,9.709388794651389,3.645476244517765
1787657946.5594418,97.73344874382019,423.6539660960042,385.1166072215431,417.0688883578194,392.30689823938513,9.75005301212237,3.702177052364804
1787657946.5914419,97.76544880867004,423.69756480112346,385.0716235975587,417.1197431967283,392.2776478316358,9.756768026419136,3.7263970672192213
1787657946.6174452,97.79145216941833,423.73293969999867,385.03474697425423,417.16106801054195,392.25387885153197,9.762446546035996,3.746396174673789
1787657946.6594453,97.83345222473145,423.78998052527845,384.9745981002049,417.22781493924776,392.21548771860256,9.77202638372945,3.7792753380513586
1787657946.6934452,97.8674521446228,423.8340927597566,384.9037559654146,417.28184796877764,392.1844092965765,9.794887683351456,3.827069614715535
1787657946.7174451,97.8914520740509,423.8661272680522,384.8634366939074,417.3199889085107,392.1624715997306,9.804480505293828,3.851547436600105
1787657946.7584453,97.93245220184326,423.9207474378217,384.79384853990445,417.385146741906,392.1249944739396,9.821393850293038,3.8940574450980154
1787657946.7914453,97.96545219421387,423.9646570199558,384.73723230095027,417.4375906761254,392.0948300590519,9.835488794502556,3.928851092499229
1787657946.8184485,97.99245548248291,424.0004927182998,384.69044460078754,417.4806129596957,392.0700826305613,9.847227504081472,3.9577819844833475
1787657946.8624485,98.03645539283752,424.08673562589473,384.72379188122335,417.55531714608657,392.02702177058376,9.797785166823514,3.893213109369471
1787657946.8924484,98.0664553642273,424.13378443984533,384.69939133457166,417.6062518738248,391.9976620615086,9.79149820017974,3.897151140007488
1787657946.92045,98.09445691108704,424.17777519619233,384.6766054801764,417.6537936246826,391.9702581263923,9.785688758030826,3.900806804285385
1787657946.96145,98.1354570388794,424.24241164540507,384.6433344356589,417.7234047026135,391.9301330273251,9.777263688562003,3.905986300765899
1787657946.98845,98.16245698928833,424.2952676374553,384.6142943330563,417.7692459170986,391.90370931249043,9.783891364736538,3.91190713714112
1787657947.0204508,98.19445776939392,424.3494959312669,384.58589278470475,417.82357766964975,391.8723914961542,9.781649790769588,3.916701311081979
1787657947.0594509,98.2334578037262,424.41584259162437,384.55125299525764,417.8897929371475,391.8342238043574,9.77910977026524,3.9224669477345064
1787657947.0904508,98.26445770263672,424.46881252941773,384.52374800219144,417.94242536770577,391.80388550831213,9.777225142778704,3.9269314963208752
1787657947.123452,98.29745888710022,424.52540223951576,384.49446070854987,417.99845563266337,391.7715886383453,9.775357943078637,3.931611680221116
1787657947.1584518,98.33245873451233,424.585327524453,384.4417707304924,418.05787927929475,391.7373357610894,9.789425402386476,3.956498556899261
1787657947.193452,98.36745882034302,424.6317836260961,384.41432283814976,418.1173033307194,391.70308265050323,9.77570831812357,3.9634715635716584
1787657947.2204561,98.39446306228638,424.6785284580409,384.3848908623943,418.1631518314827,391.6766547357246,9.778545544727267,3.9721553617197243
1787657947.2614563,98.43546319007874,424.749717139099,384.3399752497851,418.2327629094136,391.6365296366574,9.783169136450592,3.9854656486856244
1787657947.2904563,98.46446323394775,424.79081150667315,384.30005264738725,418.2819999343319,391.6081485145523,9.786362617843158,4.006016797202889
1787657947.3214564,98.49546337127686,424.84176685015586,384.26310876072245,418.3346327696834,391.57780998517677,9.790181200788856,4.019952189846478
1787657947.3584564,98.53246331214905,424.9027643647593,384.2188516889732,418.397452226748,391.54159970065047,9.794984658256546,4.036663696243723
1787657947.3854566,98.55946350097656,424.9473733553544,384.1864005779359,418.44329384602634,391.5151757524856,9.798673166442347,4.048963223815997
1787657947.4174564,98.59146332740784,425.00033317089776,384.1477460423837,418.4976239794046,391.4838588694702,9.803253451832893,4.063683436768866
1787657947.4624581,98.63646507263184,425.0913424696499,384.10258938462835,418.57402910696123,391.4398175558808,9.813780652964494,4.069422742378779
1787657947.4884582,98.66246509552002,425.13828735666567,384.0729317487437,418.61817261862643,391.4143724280163,9.818790528597438,4.0782353754872
1787657947.5214605,98.69546747207642,425.1981238594717,384.0352349452364,418.6742049075502,391.3820743913983,9.825353344227429,4.089371363241337
1787657947.5624607,98.73646759986877,425.2727764965573,383.98821612205535,418.7438159854811,391.3419492923311,9.833855647446034,4.103253613331363
1787657947.5924606,98.76646757125854,425.29907686603366,383.9219427891799,418.7947507132194,391.31258958325594,9.845197750018517,4.153849867780496
1787657947.6174605,98.7914674282074,425.33741444892445,383.884769243602,418.83719611727133,391.28812327569176,9.852029703752349,4.172957186665501
1787657947.662463,98.83646988868713,425.40648260978264,383.81741238885854,418.9136024592077,391.24408126211165,9.864730265074487,4.207735249985713
1787657947.6884627,98.86246967315674,425.44640237926694,383.7782127987473,418.9577455660796,391.21863636757735,9.872313311626824,4.228083410942089
1787657947.7194629,98.89346981048584,425.49403816415895,383.731230171196,419.0103784014311,391.18829783820183,9.881583987859429,4.252554245929029
1787657947.7594628,98.93346977233887,425.5635431829328,383.68202937995096,419.07829137174883,391.149151559435,9.890217626412829,4.270466575509432
1787657947.7904627,98.96446967124939,425.6133844863757,383.63757155408354,419.1309238023071,391.1188132633897,9.899054198940297,4.291748812563852
1787657947.819465,98.99347186088562,425.6600266472573,383.5957136751126,419.17986240429616,391.0898943681612,9.907334297166646,4.311898238402216
1787657947.862465,99.03647184371948,425.7293247169185,383.53332566602694,419.2463522460306,391.0362557158205,9.915790003342428,4.342017200298523
1787657947.8924649,99.06647181510925,425.77986666447435,383.51632415232683,419.2927404819852,390.99883342098326,9.903067760197615,4.337778682136887
1787657947.9204674,99.09447431564331,425.82576732637403,383.4831252734593,419.3360400766821,390.96390279329864,9.903463640400174,4.35025793112382
1787657947.9624674,99.13647437095642,425.89465388721794,383.4331046288252,419.4009837544829,390.9115114615641,9.904257698017062,4.369167243487111
1787657947.9874675,99.16147446632385,425.9356581104665,383.4031664079989,419.43964080210895,390.88032606716337,9.904855245742699,4.380573480211785
1787657948.0184717,99.1924786567688,425.986639751064,383.3660286609081,419.48758183789386,390.8416510984127,9.905689505877977,4.39467678306449
1787657948.0574718,99.23147869110107,426.04548938545133,383.32985875846254,419.5478866552331,390.79300202590247,9.895319533500324,4.404796823328561
1787657948.0924718,99.26647877693176,426.1016542032057,383.29130508693635,419.60200644817735,390.74934253322266,9.89281271882038,4.418164225506005
1787657948.1214778,99.29548478126526,426.1482921576977,383.25938551435684,419.6468577367217,390.7131601238425,9.89077375432604,4.429177317254365
1787657948.159478,99.33348488807678,426.2095028701964,383.21759628669076,419.70561639012743,390.66575837193835,9.888157451908999,4.443535891499611
1787657948.191478,99.36548495292664,426.2744685529544,383.2288865175902,419.7550973226101,390.62584113848294,9.85987519711013,4.407613132022375
1787657948.22048,99.39448690414429,426.3288676753432,383.20418183018467,419.79994234391864,390.58966378500406,9.857596547246192,4.408940985829335
1787657948.26248,99.4364869594574,426.40801248677536,383.1686632933665,419.8648860217195,390.5372724532695,9.854385058902533,4.410482922259208
1787657948.29148,99.46548700332642,426.4628818888319,383.1442651005658,419.9097280937406,390.5010974790384,9.852248845165315,4.411344069298256
1787657948.3214846,99.49549150466919,426.51988573203175,383.1191971040619,419.9561233342529,390.46366953348786,9.850088937725058,4.411981911073562
1787657948.3614845,99.53549146652222,426.57472472224407,383.0244097280814,420.01797431552575,390.4137731403715,9.878950730461835,4.477575851087246
1787657948.3904846,99.56449151039124,426.6245706367391,382.984280284031,420.06281638754683,390.3775981661404,9.885229796656803,4.494876452259242
1787657948.4224885,99.59649538993835,426.67966716022136,382.93981546106784,420.1123032186043,390.33767617418954,9.892351200417478,4.514098996167516
1787657948.4624884,99.63649535179138,426.74865129421397,382.88395684428684,420.1741541998772,390.2877797810732,9.90154564311686,4.5383377950133905
1787657948.4894884,99.66349530220032,426.7771601855653,382.8412286724775,420.2159035753703,390.2540997454602,9.899532607628103,4.566416652813957
1787657948.5224879,99.69649481773376,426.82781880691033,382.7931084879186,420.26692993446466,390.2129357862106,9.904498974358123,4.590744989419502
1787657948.5594878,99.73349475860596,426.8847427599035,382.7390523996328,420.32414205527596,390.16678165231855,9.910229233310545,4.618067960089869
1787657948.592488,99.76649498939514,426.9356382540466,382.69074256741135,420.37516952035304,390.12561680085105,9.915498216067416,4.642477544076091
1787657948.6224878,99.79649472236633,426.9820109298323,382.6467373830737,420.42155738764677,390.08819480341975,9.920425354691117,4.664707305613873
1787657948.6624877,99.83649468421936,427.0439208879844,382.6336814116767,420.48340836891964,390.03829841030336,9.89285992062742,4.652371560957105
1787657948.6894877,99.8634946346283,427.0858066867083,382.60485913956734,420.5251577444127,390.00461837469044,9.889315005693456,4.662405117215595
1787657948.7224894,99.89649629592896,427.13700560593435,382.5696806823959,420.5761874214554,389.9634517387871,9.884947429507022,4.674621484523966
1787657948.7624896,99.93649649620056,427.19896389997007,382.52697027424813,420.6380387713892,389.9135550482648,9.879644384621304,4.689533140870934
1787657948.7894895,99.9634964466095,427.24120703587414,382.46041552827137,420.6797881468823,389.8798750126519,9.904574542966659,4.7341201356818985
1787657948.820494,99.99450087547302,427.28944744659447,382.4145840779689,420.7279085036776,389.8426643964905,9.911113485266005,4.757294783281862
1787657948.860494,100.03450083732605,427.3516594957345,382.35513108673297,420.79214853512786,389.8123213780067,9.931609692420746,4.787500999273202
1787657948.8904939,100.06450080871582,427.39837339372104,382.31038641275893,420.84032855871556,389.78956411414384,9.947162969753512,4.810276546423584
1787657948.9184985,100.09250545501709,427.441962421997,382.26842175799516,420.8853040855862,389.76832045637553,9.961839640668433,4.831724510132433
1787657948.9604983,100.13450527191162,427.5293962607288,382.24581690711494,420.95275588886847,389.73646039548277,9.96804586920678,4.818133793022872
1787657948.9894984,100.16350531578064,427.58022176063287,382.21238011054857,420.9993300265402,389.7144616528244,9.979447052958665,4.828895565763427
1787657949.0224977,100.19650459289551,427.6382553973044,382.17441673311185,421.05232694207433,389.6894291870654,9.992490470372552,4.84098547012456
1787657949.0604978,100.23450469970703,427.7052602499013,382.1307172644775,421.1133552016925,389.6606032109906,10.007616825803037,4.85482244919389
1787657949.0904977,100.2645046710968,427.7439877473817,382.1063697723859,421.1615352252802,389.63784594712774,10.002590393314346,4.86198328186847
1787657949.1194994,100.29350638389587,427.790994512198,382.0763326021476,421.2081120432574,389.6158459384588,10.00892616359514,4.871120558243222
1787657949.1604996,100.33450651168823,427.85751197233805,382.0340064526226,421.27395834352444,389.58474421791186,10.01782507252101,4.88388643153294
1787657949.1874995,100.36150646209717,427.8838631168246,382.024256665709,421.3173203264633,389.56426269852113,9.998558655750818,4.882490943071562
1787657949.2194986,100.3935055732727,427.9357644319187,381.9912581320134,421.36871097318067,389.5399889348253,10.005474894438773,4.892426781344788
1787657949.2574987,100.43150568008423,428.01066711173416,381.91729399300004,421.42973923279885,389.5111629587505,10.048654517732013,4.930986170939061
1787657949.2924986,100.46650552749634,428.07180525020897,381.86996147908366,421.48594906886746,389.4846129080065,10.067592464204692,4.950470170990946
1787657949.3175008,100.49150776863098,428.11546725714726,381.8359398383848,421.5261027260813,389.4656468032969,10.081277364188466,4.9645860688654375
1787657949.3625007,100.53650760650635,428.19416837038466,381.7744648252232,421.5983725700125,389.431510997932,10.106180204765847,4.9901686843639945
1787657949.3885007,100.56250762939453,428.2462082460476,381.74129219734493,421.6401286670353,389.41178799974574,10.12308220152795,5.000210121184395
1787657949.4155006,100.58950757980347,428.2957265442639,381.70522734888823,421.68349064997415,389.39130648035507,10.13890901117591,5.013902247860588
1787657949.4585023,100.63250923156738,428.37559184187637,381.6486994582244,421.75255140237874,389.3586864513885,10.164082058798042,5.034478418736252
1787657949.4905024,100.66450929641724,428.43543643045166,381.60684391286327,421.8039435806993,389.33441196425804,10.182927153095708,5.049435071444407
1787657949.519509,100.69351601600647,428.4898498545001,381.56887817013967,421.85052843959306,389.3124081575573,10.200139485148188,5.0629504627117905
1787657949.5625093,100.73651623725891,428.5417555777147,381.5369156817559,421.91958689459295,389.27978921374273,10.188484116887103,5.071931953933682
1787657949.591509,100.76551604270935,428.5891253059383,381.5049947174772,421.9661606493638,389.257790651943,10.196543808747391,5.082658623312487
1787657949.6195092,100.79351615905762,428.6349430143382,381.4743078579082,422.0111289011195,389.23655043048916,10.204279649346352,5.092860756310127
1787657949.660505,100.83451199531555,428.7019851870201,381.42934928840214,422.0769683091723,389.205451965398,10.215606759999684,5.107840769886631
1787657949.690505,100.86451196670532,428.7356808034278,381.3877812935607,422.12514833276,389.1826947015352,10.220558428166921,5.132813680729676
1787657949.7195048,100.89351177215576,428.7783591241967,381.3533316024738,422.17172208753084,389.1606961397355,10.227540953324805,5.147709901812936
1787657949.7595048,100.93351173400879,428.8371176877315,381.3058170160827,422.2359621189811,389.1303531212517,10.237119717183036,5.168296858935429
1787657949.7915049,100.96551179885864,428.8840277958275,381.2677948591036,422.28735429730165,389.1060786341212,10.244744691004124,5.184814103012262
1787657949.8205047,100.99451160430908,428.9265256330484,381.23340663356265,422.33461001912053,389.08359389973197,10.250794680173486,5.19972476666602
1787657949.8615046,101.03551149368286,429.00643857883637,381.1874692142832,422.4097864437171,389.04584066495806,10.260108247409226,5.210544569446331
1787657949.8915045,101.06551146507263,429.0554163668882,381.152466473035,422.4647936796275,389.01821629863935,10.261887142471885,5.223472624366219
1787657949.9205053,101.09451222419739,429.1028059196947,381.11866522295315,422.51796878363115,388.9915120200527,10.263615191494761,5.2359203684713815
1787657949.9605052,101.13451218605042,429.16806590665965,381.0718649291034,422.591311764845,388.9546795316277,10.266083045623878,5.253294473659833
1787657949.9905055,101.16451239585876,429.21243688767805,381.03296989148475,422.64631943791403,388.92705494577,10.267934417806993,5.271612582160719
1787657950.021508,101.19551491737366,429.2614077437591,380.99527224926464,422.70316492595236,388.8985074181739,10.269940359729336,5.2870212466325
1787657950.058508,101.23251485824585,429.31971035791037,380.95008500484875,422.7710071398593,388.8644373883347,10.272413907553668,5.305647539229997
1787657950.090508,101.2645149230957,429.3700438007095,380.9108777384063,422.8296816996939,388.8349713097791,10.274609254870613,5.321908549337368
1787657950.117508,101.29151487350464,429.41245759513527,380.877718833491,422.8791881682974,388.8101094020462,10.27649889484537,5.335721929929213
1787657950.1635156,101.33752250671387,429.48026363769367,380.83314219359374,422.9635466732019,388.7677449712033,10.267693082369759,5.3500504493553
1787657950.1905155,101.3645224571228,429.5030489720971,380.84660748389575,423.01305314180536,388.74288306347034,10.221116079264043,5.328711286167082
1787657950.2195208,101.39352774620056,429.5473873286774,380.8138428027266,423.06623655182335,388.71617461364366,10.220184119777295,5.3414055341568565
1787657950.2595208,101.43352770805359,429.60839155142753,380.76857737008834,423.1395795330372,388.6793421252187,10.218890739228193,5.35904156213339
1787657950.2895207,101.46352767944336,429.6647401975872,380.73818386638436,423.1945867689476,388.65171775889996,10.221883586606236,5.364833650463716
1787657950.3175206,101.49152755737305,429.71048332722444,380.7075274851315,423.24592668093385,388.62593510481804,10.222116799597321,5.375037080689127
1787657950.3575249,101.5315318107605,429.7758629775575,380.6637726955038,423.3192775310034,388.58909866469196,10.222440381168404,5.389563885543763
1787657950.3915248,101.56553173065186,429.8313625223507,380.6264985667642,423.3816189776035,388.55779109343854,10.222748795538681,5.40201634155565
1787657950.4195254,101.59353232383728,429.8769918985138,380.5956960508485,423.4329602010657,388.5320077807398,10.223042032180286,5.41239886139442
1787657950.4605253,101.63453221321106,429.96179054333135,380.5465827685091,423.5081366256623,388.4942545459659,10.237926331598013,5.424217932240158
1787657950.4905252,101.66453218460083,430.01547814524315,380.51260743490485,423.5631438615727,388.4666301796471,10.242025948615142,5.434349618786391
1787657950.5205266,101.69453358650208,430.0692580613187,380.4786292905807,423.61815372043503,388.4390044960947,10.24618566245652,5.444447595745253
1787657950.5615265,101.73553347587585,430.1428714500792,380.43215028657323,423.69333014503167,388.40125126132074,10.2519829004557,5.4582420853775
1787657950.5905266,101.76453351974487,430.186035553583,380.3762668100807,423.7465039375593,388.37454764135094,10.268401223639135,5.492655068873171
1787657950.620531,101.79453802108765,430.2371923407855,380.33490614522225,423.80151947948406,388.34691910379223,10.276684135750461,5.510572363448798
1787657950.6625311,101.83653807640076,430.30889014104633,380.27684557861505,423.87852978462206,388.3082449031304,10.28848431127241,5.535768895036677
1787657950.6875312,101.86153817176819,430.35160050303244,380.24216768815154,423.9243693664601,388.2852244880953,10.295633189369498,5.5508623416755976
1787657950.7185311,101.89253807067871,430.404587767215,380.1990321262853,423.98121004575324,388.2566793754276,10.30463296503963,5.569691938257149
1787657950.7605317,101.93453860282898,430.49088941716263,380.17121316448305,424.05822122520857,388.21800473568794,10.301945188079369,5.5613405746818625
1787657950.7875316,101.96153855323792,430.54054103766646,380.1406507648101,424.107727693812,388.19314282795494,10.306489021188645,5.56992094082355
1787657950.8225286,101.99653553962708,430.60501782461284,380.1010348985995,424.1721266858729,388.16175245590586,10.312965429087106,5.580997091331627
1787657950.8595285,102.03353548049927,430.6733191065728,380.0591313992385,424.2416665189707,388.1338653456559,10.323152779700354,5.592673027796727
1787657950.8915286,102.06553554534912,430.7108214872962,380.0170103114446,424.30180929531906,388.10974667639766,10.323169045866925,5.616657835551292
1787657950.9165287,102.09053564071655,430.7514102229548,379.9870664366358,424.34879592335955,388.0909039323463,10.327906468702395,5.628232622823364
1787657950.95853,102.13253688812256,430.8195593839276,379.9367118101448,424.427735501793,388.0592473029184,10.335908057427398,5.647738935884477
1787657950.99153,102.16553688049316,430.8730563726165,379.897090908824,424.48975759987167,388.03437498140136,10.342238408581894,5.66313650105645
1787657951.02053,102.19453692436218,430.9200673205392,379.862275794192,424.5442619629313,388.01251744861713,10.347817788482203,5.676665315731509
1787657951.06053,102.23453688621521,430.97741652053423,379.7966812366716,424.6194402093179,387.9823692018931,10.36481308263496,5.71443038927774
1787657951.0885298,102.2625367641449,431.0208598246144,379.75861501110916,424.67206480254936,387.96126550106544,10.372592409449897,5.732351151572098
1787657951.121535,102.29554200172424,431.0719475949668,379.7135587563637,424.73409675877735,387.9363892261984,10.381873345279711,5.753693569581555
1787657951.161535,102.33554196357727,431.13381929577133,379.658857837064,424.80927500516395,387.90624097947443,10.393228044335915,5.779664201983244
1787657951.190535,102.36454200744629,431.17407992363553,379.69017838914704,424.8637793682235,387.8843834466902,10.342383169497225,5.735037102662624
1787657951.218535,102.39254188537598,431.2184047520633,379.65565314369394,424.91640396145505,387.86327974586254,10.347963490728633,5.749355457736208
1787657951.261533,102.4355399608612,431.2864575389641,379.6026381750479,424.99721703634884,387.83087180024626,10.356561914582517,5.771345769299804
1787657951.290533,102.46454000473022,431.33231103578095,379.56683980587763,425.05172139940845,387.80901426746203,10.362395767181624,5.786233718394591
1787657951.316533,102.49054002761841,431.3733890453224,379.53471382396174,425.10058734917925,387.7894178711519,10.367650651224428,5.799622529131738
1787657951.3605409,102.53454780578613,431.47562579926944,379.50001409571666,425.1832981178089,387.75624890567013,10.380693661213698,5.791332834693875
1787657951.391541,102.56554794311523,431.53338746951897,379.46693917858016,425.24156157242686,387.73288388867064,10.388114124786641,5.799034865443118
1787657951.4205456,102.59455251693726,431.5874829100576,379.43594570995447,425.29607444934265,387.71102294162966,10.395129802448102,5.806264467982934
1787657951.4585454,102.6325523853302,431.6585108865891,379.39537711577356,425.3674936041708,387.68238217912096,10.40439096572362,5.815640978220756
1787657951.4905455,102.66455245018005,431.69183379657477,379.33959448838607,425.4276363805192,387.6582635098627,10.413473174507757,5.853830368405933
1787657951.5205455,102.69455242156982,431.739775524131,379.3008707803973,425.4840200653091,387.6356523248197,10.421279180303374,5.870587080070052
1787657951.5625432,102.73655009269714,431.80680918287817,379.2465295960374,425.56295292227713,387.60399839085767,10.432306823490238,5.894197486380849
1787657951.5885432,102.76255011558533,431.84827607551654,379.2128311077805,425.611818872048,387.58440199454753,10.439185675274668,5.908879279496481
1787657951.6205447,102.79455161094666,431.89939585057704,379.17144864326673,425.67196433698246,387.5602822471029,10.4476520084353,5.9268311698146725
1787657951.6575449,102.83155179023743,431.96042724366004,379.11259497395685,425.741504618178,387.53239495715525,10.467474880734141,5.956950509718694
1787657951.6915448,102.86555171012878,432.01541673953216,379.06527195526905,425.80540603798704,387.5067689833794,10.479651949797793,5.97884316132904
1787657951.7205455,102.89455246925354,432.0623106395856,379.0247978883525,425.85991174533973,387.484910911502,10.49015082864904,5.997621238619503
1787657951.7585456,102.93255257606506,432.123797836176,378.9716927533606,425.9313313482656,387.45626996929565,10.504032165652243,6.022275763630826
1787657951.7905455,102.96455240249634,432.1900039705453,378.93951832260046,425.99147367651625,387.43215147973507,10.514114120916616,6.025829822418223
1787657951.8185456,102.9925525188446,432.23955856658387,378.90391708094216,426.0439636870539,387.4109900645426,10.524052767805859,6.039081405187294
1787657951.8565466,103.03055357933044,432.3069305910218,378.85557861623823,426.1102263364931,387.38015033654926,10.538855091176679,6.057039451977812
1787657951.8915465,103.06555342674255,432.36909745025076,378.81103264162954,426.17125575487887,387.35174624044777,10.55258406542819,6.0735568601973
1787657951.9135466,103.08755350112915,432.4081779082529,378.7829517867777,426.20961740052974,387.33389209897797,10.561284608925062,6.0840116440039544
1787657951.9605489,103.13455581665039,432.48605202916394,378.745812141001,426.2915755858118,387.2957474101929,10.55807423324046,6.08754372458359
1787657951.9875488,103.16155576705933,432.53290839649117,378.7167814908536,426.33865554163276,387.27383562363224,10.56370881183431,6.095814664417212
1787657952.020551,103.19455790519714,432.5903118763261,378.6815025983407,426.3962015438288,387.24705276677616,10.570508620645185,6.105684012436208
1787657952.060551,103.23455786705017,432.66005781497205,378.63902751218444,426.4659496881164,387.2145908320954,10.578622865996376,6.117317529624023
1787657952.090551,103.26455783843994,432.7091985949381,378.58944391913036,426.5182607963321,387.19024438108477,10.597239235412385,6.143588178424184
1787657952.1205542,103.29456114768982,432.7607874468263,378.55248175083005,426.57057772479203,387.16589522123667,10.607053691527634,6.157291312215659
1787657952.1605542,103.33456110954285,432.82971139126244,378.5033153649041,426.6403258690796,387.1334332865559,10.620142583026919,6.175400460560166
1787657952.1915543,103.36556124687195,432.88660474876565,378.548464838478,426.6943809719147,387.1082751517364,10.5647521457705,6.111518789496835
1787657952.2165542,103.3905611038208,432.92972989487976,378.5176962541929,426.7379733542286,387.08798653930506,10.5729714191321,6.122854665856943
1787657952.2605543,103.434561252594,433.01889657801036,378.4577023569307,426.8146966455303,387.05227825636547,10.59994489105155,6.142960825218957
1787657952.2915542,103.46556115150452,433.0761388866901,378.4180068038312,426.8687513326337,387.0271203150344,10.613599563533379,6.156954531626042
1787657952.3215547,103.49556159973145,433.1316277054313,378.3795455046618,426.92106327231284,387.00277347704696,10.626907887134529,6.170502773842729
1787657952.3595548,103.53356170654297,433.20219803276154,378.3309888534668,426.9873242588251,386.9719345230072,10.643805620637373,6.187404001547573
1787657952.3925548,103.56656169891357,433.26459653953805,378.3036304520452,427.0448665194355,386.9451534075467,10.647110430225847,6.188026855009953
1787657952.4195602,103.59356713294983,433.31567917385104,378.27387756007226,427.09195603708633,386.92323717075294,10.655803646744552,6.195300288865833
1787657952.4595602,103.63356709480286,433.391779308373,378.2303925552862,427.1617041813739,386.89077523607216,10.668461194835453,6.205364200419811
1787657952.4895601,103.66356706619263,433.449189336495,378.1982449520115,427.2140152895896,386.86642878506154,10.677771600795385,6.212351843232336
1787657952.519563,103.69356989860535,433.50686500737055,378.16645567808587,427.2663313865861,386.8420800121902,10.686941445457824,6.218905573159669
1787657952.562563,103.73656988143921,433.5946913502128,378.12892963215944,427.34131068326843,386.80718341305953,10.696581624585523,6.218880151447873
1787657952.592563,103.76656985282898,433.6539451256976,378.0995292184272,427.3936217914841,386.7828369620489,10.704741081377827,6.222616949957139
1787657952.6205697,103.79457664489746,433.7093200385272,378.0720721124904,427.442457382413,386.76010807400434,10.712401057613475,6.226091934824983
1787657952.6595695,103.83357644081116,433.7866864010986,378.03407774015335,427.5104615320812,386.72845782313243,10.723023996698698,6.230609540745358
1787657952.6925695,103.86657643318176,433.81501155069617,377.9751446635364,427.5680037926916,386.70167670767194,10.732076567276861,6.273660583394335
1787657952.7185695,103.89257645606995,433.856680279983,377.9426560516177,427.6133401696249,386.68057641143173,10.739206113491758,6.2871505763961215
1787657952.7595713,103.93357825279236,433.9222248742859,377.8913073227665,427.68483521865403,386.64730143852324,10.750463370076194,6.308594941815382
1787657952.7905715,103.96457839012146,433.9716786403861,377.85243547350484,427.7388903214891,386.62214330370375,10.758969544302575,6.324893396529713
1787657952.8195717,103.99357867240906,434.01785079783616,377.8160050972164,427.78996786802054,386.59850639255006,10.766561883443849,6.340237174381604
1787657952.8595717,104.03357863426208,434.0796151807442,377.7629691543581,427.86991363374204,386.56400820175656,10.771196851635107,6.364719101456209
1787657952.8895717,104.06357860565186,434.1266417870055,377.72434203105576,427.9298729580331,386.53813455866145,10.774176657146558,6.381746792652633
1787657952.9205732,104.09458017349243,434.1750487288637,377.6842284247339,427.99183411911343,386.5113970831061,10.777339626901346,6.39959857371515
1787657952.9595733,104.1335802078247,434.23583104688754,377.63370962942537,428.0697813836462,386.4777612853948,10.78134584098917,6.422152161494243
1787657952.9925733,104.16658020019531,434.3007275643159,377.6025243657762,428.13573668801786,386.4493002574277,10.782975293579392,6.4253115946009265
1787657953.022573,104.1965799331665,434.3513879164696,377.56697386896883,428.19569553579464,386.423426819958,10.785606499339062,6.4380817831287125
1787657953.061573,104.23557996749878,434.4170865225883,377.5205513468146,428.27364280032737,386.38979102224675,10.789129399022286,6.454936091861535
1787657953.091573,104.26557993888855,434.4675799848118,377.4847932428208,428.3336021246185,386.36391737915164,10.791873322908984,6.467962783198108
1787657953.118573,104.29257988929749,434.5129694036005,377.45254518958154,428.38756546882905,386.34063112092855,10.794380245624204,6.479768774103906
1787657953.1615722,104.33557915687561,434.5784259863293,377.3948742164126,428.47350578508804,386.30354616213936,10.79974474235864,6.507060864326998
1787657953.192572,104.36657905578613,434.63169769159197,377.45728674254326,428.5354636105679,386.2768101259621,10.721383431316626,6.428730189343194
1787657953.2195747,104.39358162879944,434.67549793184696,377.4236195273025,428.58943219643635,386.2535216058592,10.724148770538344,6.442465855765858
1787657953.2615747,104.43558168411255,434.7436388622805,377.37131217725533,428.67337544104964,386.21729842327585,10.728446796620526,6.463770878059737
1787657953.2935748,104.4675817489624,434.81307710853116,377.34386875623204,428.73733224423256,386.1896997883909,10.731421262142094,6.461704181448195
1787657953.319576,104.49358296394348,434.85980694674447,377.3147019367704,428.7892994698262,386.1672748951229,10.734016443544073,6.470150070875565
1787657953.361576,104.53558301925659,434.93533356199174,377.26759115478774,428.87324271443947,386.13105171253954,10.738243734559155,6.483773263777443
1787657953.391576,104.56558299064636,434.9892943583621,377.2339080713116,428.9332020387306,386.10517806944443,10.741307442004974,6.493528826382047
1787657953.415576,104.58958292007446,435.0324367857216,377.20688940564105,428.9811694028606,386.08447919609347,10.7438092605194,6.501409965817945
1787657953.4565787,104.63058567047119,435.104280393028,377.1605715885897,429.063119387943,386.04911614471257,10.747178728184492,6.515752050708878
1787657953.4925787,104.66658568382263,435.16849106159447,377.12003046925054,429.1350706723952,386.0180677318733,10.750685034909576,6.527783571263316
1787657953.5215778,104.69558477401733,435.22033401263684,377.0875234778097,429.19302958944024,385.9930573043622,10.75346136580011,6.537290396760543
1787657953.5595777,104.73358464241028,435.2885442264296,377.04531325101595,429.2689778762699,385.96028410535854,10.756945866636727,6.549284164399603
1787657953.5895777,104.76358461380005,435.3508514223407,377.02181177379,429.32893720056103,385.93441046226343,10.756294263186149,6.546396586126432
1787657953.621579,104.7955858707428,435.4113652349277,376.9899626858445,429.39289638631567,385.90681079925133,10.757887690400965,6.551889477925405
1787657953.6625788,104.83658576011658,435.48912332200086,376.9495061780098,429.4748406532259,385.8714502153756,10.759771439292468,6.558516937615677
1787657953.6915789,104.8655858039856,435.5442367979705,376.92104709091404,429.5328014763283,385.8464389653627,10.761039668115796,6.563016001182098
1787657953.7195804,104.89358735084534,435.5975020118821,376.8936099876577,429.58876665732805,385.82228887467943,10.762258463195124,6.567302037148453
1787657953.7625804,104.9365873336792,435.6793933702236,376.86012190577185,429.67470840313007,385.7852032990139,10.75701256994871,6.565897204204235
1787657953.7915804,104.96558737754822,435.7347537309434,376.83406552950777,429.7326692262325,385.760192049001,10.756428452032342,6.5680899795520835
1787657953.8215818,104.99558877944946,435.7921813958452,376.8073661997355,429.7924841931505,385.7359978819198,10.75717575575151,6.5700611570207395
1787657953.859582,105.03358888626099,435.8650931661848,376.7738422779621,429.867032876052,385.7192086198666,10.770158134166179,6.572219666099063
1787657953.8915818,105.06558871269226,435.91379984897077,376.7403929053282,429.92981019732014,385.7050704103538,10.778384615524466,6.58382603004777
1787657953.9195838,105.09359073638916,435.9643365813839,376.715079789968,429.98474462146623,385.6926985158168,10.78671210303785,6.587231841744274
1787657953.9615836,105.13559055328369,436.04058614025087,376.6781234964016,430.06713994333,385.6741420960803,10.798630010944583,6.5912340432327685
1787657953.9915836,105.16559052467346,436.09519491107704,376.65213500088237,430.125993945117,385.66088746540913,10.806895073939392,6.593659897042171
1787657954.0175862,105.19159317016602,436.14255053003683,376.6297468593127,430.17700598524203,385.6493989390369,10.813965292861088,6.5956269563391
1787657954.0615861,105.23559308052063,436.25361229899215,376.6198979628808,430.2633250943169,385.62995883512025,10.819645914536947,6.561018017545101
1787657954.0915864,105.26559329032898,436.3162249181799,376.6016755084084,430.3221795638339,385.6167040991107,10.825863485243861,6.553156449851936
1787657954.1195896,105.29359650611877,436.3748133604896,376.58486478525407,430.3771163266302,385.6043316778815,10.831581266701923,6.545578969161763
1787657954.1605895,105.33459639549255,436.46088545914563,376.5607208254266,430.4575499887534,385.58621704756575,10.839724112075826,6.533938796315776
1787657954.1915896,105.36559653282166,436.5014964921498,376.5706813382495,430.51836611801093,385.57252052213533,10.808837021922608,6.5088138765955454
1787657954.2185977,105.39260458946228,436.5485309293368,376.5344098030175,430.5713505756672,385.56058778355816,10.825829017525168,6.523672593296733
1787657954.2635977,105.43760466575623,436.6267659311007,376.4735937454135,430.6596318122127,385.5407057848822,10.85445578226177,6.548832573056997
1787657954.2865977,105.46060466766357,436.66671962920213,376.44238564346233,430.70475326035574,385.5305438908339,10.869207115172799,6.561819450438169
1787657954.320601,105.49460792541504,436.72586176300473,376.3962709652631,430.7714609170554,385.51552052240277,10.891079006215781,6.580968428751679
1787657954.362601,105.53660798072815,436.78881916693666,376.3690941831467,430.85385670664914,385.4969639973278,10.887689688343475,6.581204554115402
1787657954.389601,105.56360793113708,436.8338643008072,376.33989852106316,430.9068252614844,385.4850348402576,10.89785804964926,6.590339316885898
1787657954.4216015,105.5956084728241,436.88715792896613,376.3051975506606,430.9696039859426,385.47089631472943,10.909971517022687,6.601293099225035
1787657954.4566016,105.63060855865479,436.9454797228056,376.2673910523742,431.03826722189245,385.4554325262772,10.92315273431194,6.613125466683813
1787657954.4916017,105.66560864448547,437.031661112775,376.2735115689858,431.1069304578423,385.439968737825,10.91450275375214,6.573615006583762
1787657954.5206058,105.69461274147034,437.0880284787561,376.2552750374944,431.1638307512992,385.42715410582116,10.918767529259684,6.568221747594463
1787657954.5616057,105.73561263084412,437.1677727559961,376.22968478226204,431.2442644134224,385.4090394755055,10.924674076095405,6.560399229479146
1787657954.5906057,105.76461267471313,437.22425757981006,376.21176794656833,431.3011567554688,385.3962266342552,10.928742139932599,6.554665839993153
1787657954.6186087,105.79261565208435,437.2788634175042,376.1946205111505,431.35609305053504,385.3838543183644,10.932576401905049,6.5489637456352385
1787657954.6596088,105.83361577987671,437.3705821875219,376.1821566872292,431.4365271803883,385.36573958271026,10.93394730304932,6.524363993995532
1787657954.6926088,105.86661577224731,437.43841778074864,376.1658357711787,431.501266629127,385.3511594784382,10.937089896510216,6.512700567194924
1787657954.7216105,105.89561748504639,437.49811112113343,376.15160497781807,431.5581622452836,385.33834589981876,10.939798965962396,6.502316516548047
1787657954.7606106,105.93461751937866,437.57851232915425,376.1326546020899,431.63467258792565,385.3211148483448,10.943355635563321,6.488130542586068
1787657954.7916105,105.96561741828918,437.61063353339233,376.091111883401,431.6954882494532,385.3074184282528,10.951221395752379,6.513699203965603
1787657954.8156106,105.98961758613586,437.6524407333569,376.07322780793714,431.7425718250668,385.29681463944513,10.954501565636908,6.513706303589802
1787657954.8566158,106.03062272071838,437.7237917431729,376.04288272020045,431.8207770148115,385.2760647741343,10.958888343456087,6.513555589880945
1787657954.8906157,106.06462264060974,437.7828514897453,376.0178315311413,431.8855257195995,385.2587467377813,10.9623430477036,6.513369684800216
1787657954.9226205,106.09662747383118,437.83837462158783,375.9943711386406,431.9464750249116,385.24244490921905,10.965461655734103,6.513111532873943
1787657954.9616206,106.13562750816345,437.9133060561662,375.9168319080144,432.02074583842443,385.2225800385225,11.014500178771993,6.554946811594503
1787657954.9926205,106.16662740707397,437.96889434742974,375.88097568079513,432.07978136878535,385.2067900784877,11.02961766587799,6.56606065650035
1787657955.019629,106.19363594055176,438.01723174309217,375.8494941600501,432.1312158299987,385.19303314123306,11.042957213630551,6.5760028248762445
1787657955.062629,106.23663592338562,438.09407146746076,375.7990749910264,432.213104058068,385.17113087592554,11.064411831634485,6.592151726732609
1787657955.089629,106.26363587379456,438.13440974168185,375.7605342756757,432.26452217387254,385.1573783105017,11.079542313361488,6.611729533147018
1787657955.1196356,106.29364252090454,438.18534421298426,375.72279843893574,432.3216661771999,385.14209426844684,11.095307748376563,6.626401307229509
1787657955.1616356,106.33564257621765,438.25646391029034,375.6696521827942,432.4016501651398,385.1207013214322,11.117606478525548,6.64730655645355
1787657955.1916356,106.36564254760742,438.32768229091096,375.75809368182865,432.4587814553715,385.10542067969016,11.037052098379643,6.537987125132742
1787657955.22064,106.39464688301086,438.37658883343863,375.72097082102425,432.51401667817817,385.09064717032555,11.052628066043455,6.552892579894526
1787657955.25864,106.43264698982239,438.44884443323,375.62485717833505,432.5863832515617,385.0712916179219,11.117714456127212,6.612858521396661
1787657955.29164,106.465646982193,438.50677995406267,375.56818011669156,432.6492277162204,385.0544828998617,11.149029496464335,6.642193696922161
1787657955.3206446,106.49465155601501,438.55761940747675,375.5179039969626,432.70446339306625,385.0397092690573,11.176949985068385,6.668433258718551
1787657955.3586447,106.53265166282654,438.6239991754467,375.45126867248285,432.7768299664498,385.02035371665363,11.21413288405371,6.703604856243233
1787657955.3916447,106.56565165519714,438.67170457496684,375.4277688283056,432.8396744311085,385.00354499859344,11.21196079471939,6.706456575531671
1787657955.4196486,106.59365558624268,438.717496786814,375.3877560030303,432.8930045057076,384.98928105040113,11.230048689474051,6.725243690832117
1787657955.4596486,106.6336555480957,438.7827728962208,375.33031972753986,432.9691795593498,384.9689068614118,11.256119643276415,6.752390937624748
1787657955.4916487,106.66565561294556,438.8350123322422,375.28427879991114,433.0301197838792,384.95260746164445,11.27711650242801,6.774185948656509
1787657955.5216525,106.69565939903259,438.8840508057399,375.24107599197447,433.08725833873694,384.93732487686657,11.296904237147157,6.7946298709445445
1787657955.5626526,106.73665952682495,438.96295417958277,375.23290578108333,433.16533808654754,384.9164412481447,11.286417124316118,6.771120728468084
1787657955.5896525,106.76365947723389,439.00995328644746,375.20598284580353,433.2167562023521,384.90268868272085,11.295452029152152,6.777397565840507
1787657955.6196558,106.79366278648376,439.06221346411616,375.1762742129235,433.2738938491316,384.8874063408224,11.305340825058106,6.784167345264419
1787657955.6596558,106.83366274833679,439.1317382461767,375.1367034535799,433.3500689027738,384.8670321518331,11.318436154014153,6.7932173664650275
1787657955.6916559,106.86566281318665,439.19463251621954,375.15855282517134,433.41100912730315,384.8507327520657,11.28665810770021,6.748400170281451
1787657955.7156558,106.88966274261475,439.2380197994476,375.1480676868098,433.4567140686806,384.8385082629601,11.283976892589777,6.740982938453615
1787657955.7626598,106.93666672706604,439.3230458470608,375.1281715226482,433.5462274299715,384.8145665385659,11.278203732351066,6.725848301584499
1787657955.7896597,106.96366667747498,439.37194881071764,375.1171983523673,433.59764554577606,384.8008139731421,11.274528357604519,6.716711272505925
1787657955.8226635,106.99667048454285,439.4317283361938,375.1041517291016,433.66015737910743,384.7839419223263,11.269843366148963,6.705204527123303
1787657955.8606637,107.03467059135437,439.457426633479,375.01501673164324,433.7299347455585,384.7641187247909,11.30703997512124,6.777058135787303
1787657955.8926635,107.06667041778564,439.50333445228716,374.9823201355489,433.7886941492187,384.74742564327954,11.314344849374434,6.789072736372485
1787657955.9196696,107.09367656707764,439.54187661100605,374.954671752007,433.838283956556,384.73333757150806,11.320480306832158,6.7993415113605975
1787657955.9626696,107.1366765499115,439.6028754858445,374.91056604594763,433.9172423019752,384.7109061305134,11.330184926763673,6.81591330655871
1787657955.9906697,107.16467666625977,439.6608641442257,374.9299946422283,433.9686572726961,384.69629954427046,11.304066989714011,6.775250619664764
1787657956.021675,107.19568204879761,439.71046039704714,374.9139143115035,434.02559063738454,384.68012522597826,11.300292908165353,6.770536906707579
1787657956.062675,107.23668193817139,439.7758430574492,374.89296605315485,434.10087632854004,384.6587371569916,11.294933936360982,6.764092576332952
1787657956.0896752,107.2636821269989,439.818785238857,374.87938164263676,434.1504551910262,384.6446521945657,11.291167985798118,6.759700031333326
1787657956.1206765,107.2946834564209,439.8679581090664,374.8639377368253,434.2073811132158,384.62847999062853,11.28664774644193,6.754567599766542
1787657956.1576767,107.33168363571167,439.9016711460304,374.79384718107326,434.2753223714321,384.60917841691025,11.313555047049606,6.805759338800216
1787657956.1926765,107.36668348312378,439.9860427910589,374.9087688422422,434.3395905375907,384.5909203395738,11.208321938094787,6.666920858856255
1787657956.2176766,107.39168357849121,440.01964461824474,374.88499193682816,434.38549674581316,384.5778787491559,11.211408341730419,6.675572246816212
1787657956.2626789,107.43668580055237,440.0797478227977,374.84221408554356,434.46813168564245,384.55440281678887,11.216810848993994,6.691275256691302
1787657956.286679,107.46068596839905,440.1081741869644,374.79349005659617,434.5122017856301,384.5418828501881,11.240376736330926,6.724899579412952
1787657956.321681,107.49568796157837,440.15298762001294,374.7502016766202,434.5764738919351,384.5236236534872,11.252434514243935,6.74708328715124
1787657956.362681,107.53668785095215,440.2049894214793,374.69914366952537,434.65175958309067,384.50223558450057,11.26671969702903,6.77358478664493
1787657956.390681,107.56468796730042,440.24023162537605,374.66410960798953,434.70317455381155,384.4876289982576,11.276547974656754,6.791941881332684
1787657956.420685,107.59469199180603,440.2777441985845,374.62640233593595,434.75826918350094,384.47197705002543,11.287158450772715,6.811864304781485
1787657956.462685,107.63669204711914,440.35084222287236,374.6207147364894,434.8353914206853,384.45006723284786,11.271041125335945,6.7883548863109
1787657956.490685,107.66469192504883,440.39034256235806,374.59650544823387,434.88680595361217,384.4354607709787,11.273595568707213,6.795084796241516
1787657956.5226858,107.69669270515442,440.435347368398,374.56891753305126,434.9455671084485,384.41876719197205,11.27640127016921,6.8027571369907
1787657956.5626857,107.73669266700745,440.4913896086294,374.53455643455817,435.0190166913692,384.3979007468025,11.279735208215037,6.812317780653987
1787657956.592686,107.7666928768158,440.56135552823287,374.530267663452,435.0741043163538,384.3822507885515,11.277034067498178,6.78875358863813
1787657956.6216877,107.79569458961487,440.6100123813687,374.51179653272317,435.1273584598679,384.3671217078747,11.27771822360016,6.786607479359662
1787657956.6626875,107.83669447898865,440.67881284423436,374.48594447756693,435.2026441510234,384.345733638888,11.278469127599227,6.783328316477453
1787657956.6916876,107.86569452285767,440.7275046386235,374.46787533003305,435.2558952299791,384.330605428828,11.278827710468912,6.780798857773541
1787657956.7206917,107.89469861984253,440.7762022220136,374.4499438801806,435.30915375143366,384.3154751044129,11.27906579978909,6.778140514011963
1787657956.7626917,107.93669867515564,440.8496767130546,374.44241881183177,435.386275988618,384.29356528723537,11.26471634599072,6.7561725849732515
1787657956.7916918,107.96569871902466,440.89911502994596,374.42935667397995,435.43952706757375,384.2784370771753,11.261060585374977,6.748745823804297
1787657956.822692,107.99669885635376,440.95204961803415,374.41579327978036,435.4959108174369,384.26297274920023,11.257725974385203,6.740405369831397
1787657956.8596919,108.03369879722595,441.0153390836075,374.4001933140877,435.55984650106814,384.24891710855655,11.258763684254113,6.72986639195048
1787657956.890692,108.06469893455505,441.0584916761525,374.3180071905236,435.6134145589103,384.23714069000204,11.315391031386884,6.7884684311209345
1787657956.9196932,108.09370017051697,441.10585167748184,374.2866816530129,435.6635285267618,384.2261236196691,11.331874861883612,6.798651446850474
1787657956.9636931,108.13770008087158,441.1783151522749,374.2397169309468,435.7395601171352,384.2094088111121,11.356707820389246,6.813344637091347
1787657956.9916933,108.16570019721985,441.2248027266689,374.2101861461014,435.7879441560899,384.19877204888775,11.372391105384118,6.8222204299835765
1787657957.0146933,108.1887001991272,441.2630295042336,374.1858513971408,435.8276880262368,384.1900347440707,11.385368743322369,6.829566407276401
1787657957.0607035,108.2347104549408,441.35434753544934,374.1035511555328,435.90719348192533,384.17255623987865,11.447984568097818,6.8693367932364575
1787657957.0877035,108.26171040534973,441.4027422853757,374.06716090847266,435.95384923992685,384.16229942347843,11.4718026943412,6.883769845525686
1787657957.1227043,108.29671120643616,441.46562216883297,374.01982634794444,436.0143304215815,384.1490032216274,11.502904235540075,6.902570948070198
1787657957.1617043,108.33571124076843,441.53580715962005,373.9667453883198,436.08172225513306,384.1341877799066,11.53793425755188,6.9237836454704285
1787657957.1897042,108.36371111869812,441.62188421846184,374.1538444258108,436.1301058821018,384.12355110825337,11.382208952117036,6.717909641390494
1787657957.2217054,108.39571237564087,441.6746645751302,374.12934039861915,436.18540386884087,384.1113943815903,11.391812183342992,6.7196894230276225
1787657957.2587056,108.43271255493164,441.73572310578436,374.1012414813168,436.24933996445804,384.0973386503755,11.40273469772463,6.721519980667778
1787657957.2917056,108.46571254730225,441.7901880263403,374.07636285810383,436.3063637602346,384.08480252131494,11.412326365542945,6.722981894451208
1787657957.3207088,108.4947156906128,441.83799373643154,374.05451493710706,436.35648102397346,384.07378472641307,11.420715771252677,6.724275279917224
1787657957.3587089,108.53271579742432,441.899972417791,374.0781466566941,436.4221449885579,384.05934913994525,11.385560871389577,6.678179235979812
1787657957.3927088,108.56671571731567,441.956238568674,374.06968315962865,436.4808966533016,384.04643315563175,11.380461746914376,6.663839745392615
1787657957.4197094,108.59371638298035,442.00104868847643,374.0640201911894,436.52755364726096,384.03617606751817,11.375545735832139,6.6514292683193785
1787657957.4607093,108.63471627235413,442.0690394462826,374.05698634452597,436.5984012187469,384.0206009152913,11.36668368220662,6.631165643368538
1787657957.4907093,108.6647162437439,442.1401866346511,374.00988670098627,436.65024099563595,384.00920444256093,11.40727217244821,6.646500397316534
1787657957.5227106,108.69671750068665,442.2005183036492,373.9914266837585,436.70553898237495,383.99704771589785,11.415220102127712,6.639754033401174
1787657957.5577106,108.73171758651733,442.2665989618715,373.9713596354528,436.76601892807184,383.9837517857602,11.42385124552017,6.632225032890891
1787657957.5927107,108.76671767234802,442.33278195949026,373.9513903421518,436.8264988737687,383.97045585562256,11.432446246684158,6.624565914001227
1787657957.6197152,108.79372215270996,442.3839026996577,373.93600069055316,436.87316245950285,383.9601973183711,11.43908982513989,6.618617778446464
1787657957.6627152,108.83672213554382,442.4192697782591,373.87105790333663,436.9474661809091,383.94386236506716,11.463072203045344,6.664425993743616
1787657957.6907153,108.86472225189209,442.46134578362563,373.8455549490037,436.99585021986377,383.9332256028428,11.473131262991247,6.671332751368096
1787657957.7207181,108.89472508430481,442.50629994611654,373.8181577027594,437.04769494058394,383.92182804325904,11.48392454502894,6.678849688361801
1787657957.761718,108.93572497367859,442.5675303596269,373.7805951930076,437.1185425120699,383.9062528910322,11.498713509796998,6.689314171045217
1787657957.790718,108.96472501754761,442.6013375389207,373.8001153979847,437.16865441999175,383.8952362735548,11.464096622196914,6.658074371413179
1787657957.822715,108.99672198295593,442.6461890894591,373.78717414852747,437.22257078135357,383.8845203900285,11.461764116957415,6.652339776330377
1787657957.862715,109.03672194480896,442.70243698696976,373.77268196710315,437.2825215080069,383.8789277822333,11.467854562861216,6.643550664650761
1787657957.892715,109.06672191619873,442.7447866189074,373.76336746399585,437.3274845529969,383.8747333263869,11.47113251934809,6.6354650271747575
1787657957.9227204,109.09672737121582,442.78681197502675,373.75427822608617,437.3724558166808,383.8705381038453,11.474056236735898,6.627299756128486
1787657957.9607203,109.13472723960876,442.8558522024644,373.75625104847984,437.4294088640677,383.86522513977366,11.47334495617036,6.598342150763106
1787657957.9927204,109.16672730445862,442.9044150538229,373.7509053788175,437.47736958832417,383.86075104020364,11.474397665308565,6.584164513714592
1787657958.02272,109.19672703742981,442.94981942848494,373.7461168193876,437.52233227597964,383.8565566176918,11.475130051800866,6.570716407136841
1787657958.05972,109.233726978302,443.00569500169286,373.7405149326749,437.5777866624005,383.85138345881467,11.475707006221583,6.553899306217782
1787657958.08972,109.26372694969177,443.05662102960366,373.69039821712244,437.6227497073905,383.84718900296826,11.518999809610795,6.579958263069749
1787657958.1197205,109.2937273979187,443.1034838024696,373.67161938963164,437.66771346704957,383.8429944804527,11.532756408491768,6.5788004274395036
1787657958.1577203,109.33172726631165,443.1626696207123,373.6476791512683,437.7246665144364,383.83768151638105,11.550239217646958,6.577543469072425
1787657958.1927204,109.36672735214233,443.2732795417523,373.789759803671,437.77712357892534,383.83278796789295,11.448587034000013,6.403417312125772
1787657958.2177222,109.39172911643982,443.31212855788056,373.77416991418977,437.81459546309253,383.8292923380116,11.459858510746738,6.402478004310038
1787657958.258722,109.4327290058136,443.3787203892467,373.7846980474951,437.8760448507119,383.8235599250219,11.44806472197161,6.3666166399467965
1787657958.2927222,109.46672916412354,443.4323462239059,373.77493130329077,437.9270032542348,383.8188061817283,11.453742785108059,6.3545135066696
1787657958.320726,109.49473285675049,443.4764704697502,373.7672333219878,437.9689743373106,383.81489083625235,11.458094744450039,6.344243821772007
1787657958.360726,109.5347330570221,443.5393457332882,373.75644745586504,438.0289254212985,383.80929819512255,11.464054256700772,6.329441263772601
1787657958.390726,109.56473302841187,443.59957862423795,373.7830809926061,438.07388846628845,383.8051037392761,11.444395644001093,6.281271504800794
1787657958.4197345,109.59374141693115,443.6488040692864,373.78568056999774,438.1173653570206,383.8010479219142,11.441345961965599,6.25952793744716
1787657958.4587345,109.63274145126343,443.71497974933,373.78949851767226,438.17581742270795,383.7955951193135,11.436970249241918,6.2300000092587915
1787657958.4887345,109.6627414226532,443.76589543851134,373.7928254261569,438.220780467698,383.791400663467,11.433276294032652,6.206923150426317
1787657958.5197344,109.69374132156372,443.8184993156221,373.79655366369315,438.2672421736539,383.7870664024261,11.429208224502597,6.182813558058718
1787657958.5607316,109.73473858833313,443.90060272490405,373.77438238828256,438.32868763059355,383.78133435611664,11.453616263204545,6.1709198766171385
1787657958.5897317,109.76373863220215,443.9529331260353,373.7719177946541,438.3721520146176,383.77727970546476,11.456543317242673,6.152611934005828
1787657958.617739,109.79174590110779,444.0035186394255,373.7699214920714,438.4141284577112,383.7733638599702,11.459063740608022,6.134559426106698
1787657958.659739,109.8337459564209,444.0794567685583,373.76767626253616,438.47707686363094,383.7674916084514,11.462240948066654,6.10676823994758
1787657958.692739,109.8667459487915,444.13350093417483,373.728958021522,438.5265362488534,383.76287770368685,11.4942419136965,6.1211207083775445
1787657958.7217424,109.89574933052063,444.1845240763254,373.717205493663,438.5700056355607,383.75882258635096,11.504646502950427,6.11186671314419
1787657958.7627423,109.93674921989441,444.25669371161223,373.7003809925626,438.63145502317997,383.7530901733612,11.519560415899031,6.09896235919847
1787657958.7917423,109.96574926376343,444.30773672938534,373.6883125362549,438.674919407204,383.7490355227093,11.53025489723612,6.089991036877118
1787657958.8217454,109.99575233459473,444.3605383613658,373.6757537010976,438.7114329413233,383.74555517476927,11.54613761246214,6.080779192289063
1787657958.8617454,110.03575229644775,444.40357931653574,373.67425958427543,438.7149647858269,383.7447310640135,11.566102675629724,6.0652311351840815
1787657958.8927455,110.06675243377686,444.45087337063353,373.66566012182926,438.7177019800532,383.7440923747393,11.595001115578462,6.054544103915904
1787657958.922751,110.09675788879395,444.4965470900427,373.6574302310412,438.7203513476143,383.74347417869444,11.622939377319351,6.044154308097384
1787657958.959751,110.13375782966614,444.55271567490826,373.64733551870665,438.723618301675,383.74271187673656,11.65740108244132,6.031353031961003
1787657958.992751,110.16675782203674,444.54297384975536,373.6605061475678,438.72653207549564,383.74203198487186,11.639078920669927,6.023073083415787
1787657959.0207517,110.19475865364075,444.56824756893025,373.65935874731485,438.72900444243334,383.74145508965927,11.650983947575245,6.0141915443436
1787657959.0597515,110.23375844955444,444.6028175753374,373.65805725592037,438.73244797608834,383.74065158511087,11.667045368850324,6.001796786852868
1787657959.0917516,110.2657585144043,444.6306077134975,373.6570590565259,438.7352734601118,383.7399922945414,11.679919034026792,5.991788714018738
1787657959.1217554,110.29576230049133,444.65620347368383,373.65621664473605,438.73792268031275,383.73937413288115,11.691711272517884,5.982500134104682
1787657959.1597555,110.33376240730286,444.6627661602321,373.65811115837704,438.741277945222,383.73859122471595,11.691026518161664,5.978178016672279
1787657959.1897554,110.36376237869263,444.73474637686286,373.8079842873122,438.74392682859974,383.7379731416491,11.597180584396646,5.812074441300635
1787657959.2217586,110.39576554298401,444.75331812764097,373.80842323120305,438.7467525862921,383.7373137872225,11.604382675348651,5.804369230340605
1787657959.2617586,110.43576550483704,444.77563708633255,373.8092108230848,438.75028443079566,383.7364896764667,11.612740419745409,5.7948702063606845
1787657959.2917585,110.4657654762268,444.7511476013639,373.7674616916915,438.75293331417333,383.7358715933999,11.633906076788469,5.842885549521028
1787657959.3217602,110.49576711654663,444.75407452199363,373.7550205136158,438.7555823449112,383.73525347594847,11.644181310034218,5.853174116693564
1787657959.3617601,110.53576707839966,444.75678070597,373.738237541718,438.7591141894148,383.7344293651927,11.657437738007019,5.867541623005238
1787657959.39176,110.56576704978943,444.7579180819143,373.7255252486652,438.7617630727925,383.7338112821258,11.66703322275974,5.878783044726458
1787657959.4217627,110.59576964378357,444.7582802380839,373.712687221268,438.7644121877362,383.73319314502606,11.67634331342861,5.890444858688202
1787657959.4617627,110.6357696056366,444.7732463661795,373.72515136442786,438.76794403223977,383.7323690342703,11.670820948572043,5.873100397637777
1787657959.4867625,110.66076946258545,444.7754688599784,373.72068060403984,438.77015142452876,383.7318539675039,11.67422072833335,5.876337344575775
1787657959.5217652,110.69577217102051,444.77774761237185,373.714447679729,438.77324203056116,383.73113281410366,11.67853023129186,5.881172432268514
1787657959.5617652,110.73577213287354,444.77916886654975,373.7073736438143,438.77677387506475,383.7303087033479,11.682806719338942,5.887118029435432
1787657959.5917652,110.7657721042633,444.7775496846206,373.70976819398214,438.7794227584424,383.729690620281,11.678029459270563,5.885552901972587
1787657959.6217659,110.79577279090881,444.77649694869933,373.70691012396946,438.7820717049745,383.7290725224779,11.678050913773326,5.888594705970065
1787657959.659766,110.83377289772034,444.77412972623466,373.70339435809177,438.78542696988376,383.7282896143127,11.677460580200037,5.892758042107186
1787657959.691766,110.86577296257019,444.77123909457214,373.7005240876635,438.7882524539072,383.72763032374326,11.676428761055526,5.896533645693534
1787657959.7177668,110.89177370071411,444.7802085351996,373.702887051689,438.7905482201992,383.7270946360333,11.677361362187826,5.890834569240993
1787657959.7597668,110.93377375602722,444.7806419064869,373.70180444262996,438.79425666534854,383.7262293177749,11.675868375960018,5.891659614265426
1787657959.7897668,110.96377372741699,444.7801857009157,373.70115879523735,438.7969055487262,383.7256112347081,11.674300325535373,5.892432628970208
1787657959.8217678,110.99577474594116,444.7789951540343,373.7005872632167,438.7992014202755,383.7250755224377,11.672544622213321,5.893426208173618
1787657959.8597677,111.0337746143341,444.7766382255813,373.7000664563599,438.7992014202755,383.7250755224377,11.671784676576527,5.894831718173361
1787657959.8867676,111.06077456474304,444.78332240568216,373.70268268189426,438.7992014202755,383.7250755224377,11.672962872302843,5.889798241295691
1787657959.9197674,111.09377431869507,444.7828406713311,373.703446433681,438.7992014202755,383.7250755224377,11.672060155747463,5.889285390672803
1787657959.9617674,111.13577437400818,444.78119663622266,373.70463346379273,438.7992014202755,383.7250755224377,11.670198190873865,5.88884031449243
1787657959.9897676,111.16377449035645,444.77945947835246,373.7055590625464,438.7992014202755,383.7250755224377,11.668513038567813,5.888672228822067
1787657960.0217688,111.1957757472992,444.77684610937314,373.7067488150322,438.7992014202755,383.7250755224377,11.666152152505617,5.8886057499359135
1787657960.0587687,111.23277568817139,444.7902336584879,373.7160253856691,438.7992014202755,383.7250755224377,11.665056875971391,5.874812799899294
1787657960.089769,111.26377582550049,444.7910360012507,373.71958298330696,438.7992014202755,383.7250755224377,11.662416670500622,5.8712262441352205
1787657960.1217692,111.29577612876892,444.79129516571214,373.72343351463047,438.7992014202755,383.7250755224377,11.659246558265892,5.867583898618903
1787657960.1597693,111.33377623558044,444.7908525866572,373.72824140082344,438.7992014202755,383.7250755224377,11.654894943956993,5.863337188147486
1787657960.1897693,111.36377620697021,444.843667272629,373.8545764934039,438.7992014202755,383.7250755224377,11.574209196417023,5.726411225901546
1787657960.220772,111.39477896690369,444.8435056581789,373.85287711325753,438.7992014202755,383.7250755224377,11.575574074341041,5.728037297095606
1787657960.2617722,111.43577909469604,444.84249381883325,373.85072416324215,438.7992014202755,383.7250755224377,11.576882040485375,5.730414684689944
1787657960.289772,111.46377897262573,444.84128054323946,373.8493159041188,438.7992014202755,383.7250755224377,11.577449985509569,5.732186546434183
1787657960.3197727,111.49377965927124,444.83951021066036,373.8478632083716,438.7992014202755,383.7250755224377,11.577765474405636,5.734218277257905
