bag,absolute_time,relative_sec,source_node,source_topic,event_category,candidate_type,goal_x,goal_y,decision,direct_reason,clearance_m,required_clearance_m,progress_m,alignment,path_length_m,score,outcome
23july.bag,2026-07-23T21:03:11.523+05:30,3.883,target_explorer_node,/rosout,startup_final_target,final_target,1.0,24.0,configured_at_startup,"target_explorer started: final target=(1.00, 24.00) frame=map action=/navigate_to_pose",,,,,,,
23july.bag,2026-07-23T21:03:11.903+05:30,4.263,target_explorer_node,/rosout,tf_failure,,,,deferred,"Cannot look up robot pose map -> base_footprint: Lookup would require extrapolation at time 1784820791.590353, but only time 1784820791.680995 is in the buffer, when looking up transform from frame [base_footprint] to frame [map].",,,,,,,
23july.bag,2026-07-23T21:03:13.007+05:30,5.368,target_explorer_node,/rosout,goal_dispatch,final_or_frontier,-0.13,0.83,dispatched,"Sending NavigateToPose goal (-0.13, 0.83): progress=0.75 m alignment=0.984 path=0.81 m score=1.649.",,,0.75,0.984,0.81,1.649,
23july.bag,2026-07-23T21:03:13.009+05:30,5.369,target_explorer_node,/rosout,nav2_acceptance,,-0.13,0.83,accepted,"Nav2 accepted goal (-0.13, 0.83).",,,,,,,
23july.bag,2026-07-23T21:03:16.619+05:30,8.98,target_explorer_node,/rosout,action_result,,-0.13,0.83,succeeded,"NavigateToPose succeeded for (-0.13, 0.83).",,,,,,,SUCCEEDED
23july.bag,2026-07-23T21:03:16.707+05:30,9.068,target_explorer_node,/rosout,endpoint_clearance_rejection,frontier,-0.4,3.28,rejected,"Rejected frontier (-0.40, 3.28): endpoint clearance 1.13 m is below required 1.70 m.",1.13,1.7,,,,,
23july.bag,2026-07-23T21:03:16.708+05:30,9.069,target_explorer_node,/rosout,endpoint_clearance_rejection,frontier,-0.85,3.33,rejected,"Rejected frontier (-0.85, 3.33): endpoint clearance 0.74 m is below required 1.70 m.",0.74,1.7,,,,,
23july.bag,2026-07-23T21:03:16.708+05:30,9.069,target_explorer_node,/rosout,endpoint_clearance_rejection,frontier,0.15,3.48,rejected,"Rejected frontier (0.15, 3.48): endpoint clearance 1.57 m is below required 1.70 m.",1.57,1.7,,,,,
23july.bag,2026-07-23T21:03:16.709+05:30,9.07,target_explorer_node,/rosout,endpoint_clearance_rejection,frontier,-0.55,3.98,rejected,"Rejected frontier (-0.55, 3.98): endpoint clearance 0.83 m is below required 1.70 m.",0.83,1.7,,,,,
23july.bag,2026-07-23T21:03:16.714+05:30,9.075,target_explorer_node,/rosout,no_reachable_frontier,,,,no_goal,Nav2 found no reachable safe frontier candidate.,,,,,,,
23july.bag,2026-07-23T21:03:17.809+05:30,10.17,target_explorer_node,/rosout,endpoint_clearance_rejection,frontier,-0.48,4.28,rejected,"Rejected frontier (-0.48, 4.28): endpoint clearance 1.55 m is below required 1.70 m.",1.55,1.7,,,,,
23july.bag,2026-07-23T21:03:17.810+05:30,10.17,target_explorer_node,/rosout,endpoint_clearance_rejection,frontier,-1.83,2.93,rejected,"Rejected frontier (-1.83, 2.93): endpoint clearance 0.83 m is below required 1.70 m.",0.83,1.7,,,,,
23july.bag,2026-07-23T21:03:17.810+05:30,10.171,target_explorer_node,/rosout,endpoint_clearance_rejection,frontier,-1.53,3.88,rejected,"Rejected frontier (-1.53, 3.88): endpoint clearance 0.43 m is below required 1.70 m.",0.43,1.7,,,,,
23july.bag,2026-07-23T21:03:17.811+05:30,10.172,target_explorer_node,/rosout,endpoint_clearance_rejection,frontier,-0.23,4.63,rejected,"Rejected frontier (-0.23, 4.63): endpoint clearance 1.68 m is below required 1.70 m.",1.68,1.7,,,,,
23july.bag,2026-07-23T21:03:17.812+05:30,10.172,target_explorer_node,/rosout,endpoint_clearance_rejection,frontier,0.02,5.53,rejected,"Rejected frontier (0.02, 5.53): endpoint clearance 0.83 m is below required 1.70 m.",0.83,1.7,,,,,
23july.bag,2026-07-23T21:03:17.820+05:30,10.18,target_explorer_node,/rosout,goal_dispatch,final_or_frontier,1.37,5.28,dispatched,"Sending NavigateToPose goal (1.37, 5.28): progress=4.40 m alignment=0.962 path=4.75 m score=4.887.",,,4.4,0.962,4.75,4.887,
23july.bag,2026-07-23T21:03:17.821+05:30,10.182,target_explorer_node,/rosout,nav2_acceptance,,1.37,5.28,accepted,"Nav2 accepted goal (1.37, 5.28).",,,,,,,
23july.bag,2026-07-23T21:03:25.091+05:30,17.452,target_explorer_node,/rosout,action_result,,1.37,5.28,succeeded,"NavigateToPose succeeded for (1.37, 5.28).",,,,,,,SUCCEEDED
23july.bag,2026-07-23T21:03:25.127+05:30,17.488,target_explorer_node,/rosout,endpoint_clearance_rejection,frontier,-1.71,4.18,rejected,"Rejected frontier (-1.71, 4.18): endpoint clearance 0.88 m is below required 1.70 m.",0.88,1.7,,,,,
23july.bag,2026-07-23T21:03:25.127+05:30,17.488,target_explorer_node,/rosout,endpoint_clearance_rejection,frontier,-2.16,5.53,rejected,"Rejected frontier (-2.16, 5.53): endpoint clearance 1.38 m is below required 1.70 m.",1.38,1.7,,,,,
23july.bag,2026-07-23T21:03:25.128+05:30,17.489,target_explorer_node,/rosout,endpoint_clearance_rejection,frontier,-2.11,3.33,rejected,"Rejected frontier (-2.11, 3.33): endpoint clearance 0.95 m is below required 1.70 m.",0.95,1.7,,,,,
23july.bag,2026-07-23T21:03:25.128+05:30,17.489,target_explorer_node,/rosout,endpoint_clearance_rejection,frontier,-2.31,3.83,rejected,"Rejected frontier (-2.31, 3.83): endpoint clearance 0.43 m is below required 1.70 m.",0.43,1.7,,,,,
23july.bag,2026-07-23T21:03:25.129+05:30,17.489,target_explorer_node,/rosout,endpoint_clearance_rejection,frontier,-1.91,4.48,rejected,"Rejected frontier (-1.91, 4.48): endpoint clearance 0.73 m is below required 1.70 m.",0.73,1.7,,,,,
23july.bag,2026-07-23T21:03:25.129+05:30,17.49,target_explorer_node,/rosout,endpoint_clearance_rejection,frontier,-1.56,8.18,rejected,"Rejected frontier (-1.56, 8.18): endpoint clearance 1.45 m is below required 1.70 m.",1.45,1.7,,,,,
23july.bag,2026-07-23T21:03:25.130+05:30,17.491,target_explorer_node,/rosout,endpoint_clearance_rejection,frontier,-1.16,8.83,rejected,"Rejected frontier (-1.16, 8.83): endpoint clearance 0.75 m is below required 1.70 m.",0.75,1.7,,,,,
23july.bag,2026-07-23T21:03:25.131+05:30,17.491,target_explorer_node,/rosout,endpoint_clearance_rejection,frontier,5.94,6.98,rejected,"Rejected frontier (5.94, 6.98): endpoint clearance 1.67 m is below required 1.70 m.",1.67,1.7,,,,,
23july.bag,2026-07-23T21:03:25.131+05:30,17.492,target_explorer_node,/rosout,endpoint_clearance_rejection,frontier,6.84,7.63,rejected,"Rejected frontier (6.84, 7.63): endpoint clearance 0.59 m is below required 1.70 m.",0.59,1.7,,,,,
23july.bag,2026-07-23T21:03:25.132+05:30,17.492,target_explorer_node,/rosout,endpoint_clearance_rejection,frontier,7.69,8.33,rejected,"Rejected frontier (7.69, 8.33): endpoint clearance 0.03 m is below required 1.70 m.",0.03,1.7,,,,,
23july.bag,2026-07-23T21:03:25.132+05:30,17.493,target_explorer_node,/rosout,endpoint_clearance_rejection,frontier,7.74,8.38,rejected,"Rejected frontier (7.74, 8.38): endpoint clearance 0.08 m is below required 1.70 m.",0.08,1.7,,,,,
23july.bag,2026-07-23T21:03:25.133+05:30,17.493,target_explorer_node,/rosout,endpoint_clearance_rejection,frontier,7.79,8.43,rejected,"Rejected frontier (7.79, 8.43): endpoint clearance 0.15 m is below required 1.70 m.",0.15,1.7,,,,,
23july.bag,2026-07-23T21:03:25.133+05:30,17.494,target_explorer_node,/rosout,endpoint_clearance_rejection,frontier,7.89,8.48,rejected,"Rejected frontier (7.89, 8.48): endpoint clearance 0.25 m is below required 1.70 m.",0.25,1.7,,,,,
23july.bag,2026-07-23T21:03:25.134+05:30,17.494,target_explorer_node,/rosout,endpoint_clearance_rejection,frontier,7.99,8.53,rejected,"Rejected frontier (7.99, 8.53): endpoint clearance 0.22 m is below required 1.70 m.",0.22,1.7,,,,,
23july.bag,2026-07-23T21:03:25.134+05:30,17.495,target_explorer_node,/rosout,endpoint_clearance_rejection,frontier,8.04,8.58,rejected,"Rejected frontier (8.04, 8.58): endpoint clearance 0.15 m is below required 1.70 m.",0.15,1.7,,,,,
23july.bag,2026-07-23T21:03:25.135+05:30,17.495,target_explorer_node,/rosout,endpoint_clearance_rejection,frontier,8.04,8.68,rejected,"Rejected frontier (8.04, 8.68): endpoint clearance 0.08 m is below required 1.70 m.",0.08,1.7,,,,,
23july.bag,2026-07-23T21:03:25.135+05:30,17.496,target_explorer_node,/rosout,endpoint_clearance_rejection,frontier,8.09,8.73,rejected,"Rejected frontier (8.09, 8.73): endpoint clearance 0.03 m is below required 1.70 m.",0.03,1.7,,,,,
23july.bag,2026-07-23T21:03:25.136+05:30,17.496,target_explorer_node,/rosout,endpoint_clearance_rejection,frontier,8.04,9.08,rejected,"Rejected frontier (8.04, 9.08): endpoint clearance 0.03 m is below required 1.70 m.",0.03,1.7,,,,,
23july.bag,2026-07-23T21:03:25.136+05:30,17.497,target_explorer_node,/rosout,endpoint_clearance_rejection,frontier,8.44,9.38,rejected,"Rejected frontier (8.44, 9.38): endpoint clearance 0.33 m is below required 1.70 m.",0.33,1.7,,,,,
23july.bag,2026-07-23T21:03:25.137+05:30,17.498,target_explorer_node,/rosout,endpoint_clearance_rejection,frontier,8.09,9.18,rejected,"Rejected frontier (8.09, 9.18): endpoint clearance 0.13 m is below required 1.70 m.",0.13,1.7,,,,,
23july.bag,2026-07-23T21:03:25.138+05:30,17.498,target_explorer_node,/rosout,endpoint_clearance_rejection,frontier,8.19,9.23,rejected,"Rejected frontier (8.19, 9.23): endpoint clearance 0.22 m is below required 1.70 m.",0.22,1.7,,,,,
23july.bag,2026-07-23T21:03:25.138+05:30,17.499,target_explorer_node,/rosout,endpoint_clearance_rejection,frontier,8.24,9.28,rejected,"Rejected frontier (8.24, 9.28): endpoint clearance 0.29 m is below required 1.70 m.",0.29,1.7,,,,,
23july.bag,2026-07-23T21:03:25.139+05:30,17.499,target_explorer_node,/rosout,endpoint_clearance_rejection,frontier,8.29,9.28,rejected,"Rejected frontier (8.29, 9.28): endpoint clearance 0.32 m is below required 1.70 m.",0.32,1.7,,,,,
23july.bag,2026-07-23T21:03:25.140+05:30,17.5,target_explorer_node,/rosout,endpoint_clearance_rejection,frontier,8.49,9.43,rejected,"Rejected frontier (8.49, 9.43): endpoint clearance 0.32 m is below required 1.70 m.",0.32,1.7,,,,,
23july.bag,2026-07-23T21:03:25.140+05:30,17.501,target_explorer_node,/rosout,endpoint_clearance_rejection,frontier,8.54,9.48,rejected,"Rejected frontier (8.54, 9.48): endpoint clearance 0.25 m is below required 1.70 m.",0.25,1.7,,,,,
23july.bag,2026-07-23T21:03:25.141+05:30,17.501,target_explorer_node,/rosout,endpoint_clearance_rejection,frontier,8.29,9.73,rejected,"Rejected frontier (8.29, 9.73): endpoint clearance 0.03 m is below required 1.70 m.",0.03,1.7,,,,,
23july.bag,2026-07-23T21:03:25.141+05:30,17.502,target_explorer_node,/rosout,endpoint_clearance_rejection,frontier,8.54,9.83,rejected,"Rejected frontier (8.54, 9.83): endpoint clearance 0.15 m is below required 1.70 m.",0.15,1.7,,,,,
23july.bag,2026-07-23T21:03:25.142+05:30,17.502,target_explorer_node,/rosout,endpoint_clearance_rejection,frontier,8.44,9.68,rejected,"Rejected frontier (8.44, 9.68): endpoint clearance 0.18 m is below required 1.70 m.",0.18,1.7,,,,,
23july.bag,2026-07-23T21:03:25.142+05:30,17.503,target_explorer_node,/rosout,endpoint_clearance_rejection,frontier,8.49,9.73,rejected,"Rejected frontier (8.49, 9.73): endpoint clearance 0.23 m is below required 1.70 m.",0.23,1.7,,,,,
23july.bag,2026-07-23T21:03:25.143+05:30,17.504,target_explorer_node,/rosout,endpoint_clearance_rejection,frontier,8.44,9.78,rejected,"Rejected frontier (8.44, 9.78): endpoint clearance 0.18 m is below required 1.70 m.",0.18,1.7,,,,,
23july.bag,2026-07-23T21:03:25.143+05:30,17.504,target_explorer_node,/rosout,endpoint_clearance_rejection,frontier,8.64,9.83,rejected,"Rejected frontier (8.64, 9.83): endpoint clearance 0.08 m is below required 1.70 m.",0.08,1.7,,,,,
23july.bag,2026-07-23T21:03:25.144+05:30,17.504,target_explorer_node,/rosout,endpoint_clearance_rejection,frontier,8.69,9.83,rejected,"Rejected frontier (8.69, 9.83): endpoint clearance 0.08 m is below required 1.70 m.",0.08,1.7,,,,,
23july.bag,2026-07-23T21:03:25.144+05:30,17.505,target_explorer_node,/rosout,endpoint_clearance_rejection,frontier,8.79,9.83,rejected,"Rejected frontier (8.79, 9.83): endpoint clearance 0.04 m is below required 1.70 m.",0.04,1.7,,,,,
23july.bag,2026-07-23T21:03:25.145+05:30,17.505,target_explorer_node,/rosout,endpoint_clearance_rejection,frontier,8.59,9.88,rejected,"Rejected frontier (8.59, 9.88): endpoint clearance 0.08 m is below required 1.70 m.",0.08,1.7,,,,,
23july.bag,2026-07-23T21:03:25.145+05:30,17.506,target_explorer_node,/rosout,endpoint_clearance_rejection,frontier,3.49,10.43,rejected,"Rejected frontier (3.49, 10.43): endpoint clearance 0.03 m is below required 1.70 m.",0.03,1.7,,,,,
23july.bag,2026-07-23T21:03:25.146+05:30,17.506,target_explorer_node,/rosout,endpoint_clearance_rejection,frontier,3.79,11.03,rejected,"Rejected frontier (3.79, 11.03): endpoint clearance 0.23 m is below required 1.70 m.",0.23,1.7,,,,,
23july.bag,2026-07-23T21:03:25.146+05:30,17.507,target_explorer_node,/rosout,endpoint_clearance_rejection,frontier,3.59,10.58,rejected,"Rejected frontier (3.59, 10.58): endpoint clearance 0.18 m is below required 1.70 m.",0.18,1.7,,,,,
23july.bag,2026-07-23T21:03:25.147+05:30,17.507,target_explorer_node,/rosout,endpoint_clearance_rejection,frontier,3.69,10.63,rejected,"Rejected frontier (3.69, 10.63): endpoint clearance 0.29 m is below required 1.70 m.",0.29,1.7,,,,,
23july.bag,2026-07-23T21:03:25.147+05:30,17.508,target_explorer_node,/rosout,endpoint_clearance_rejection,frontier,3.69,10.78,rejected,"Rejected frontier (3.69, 10.78): endpoint clearance 0.29 m is below required 1.70 m.",0.29,1.7,,,,,
23july.bag,2026-07-23T21:03:25.148+05:30,17.509,target_explorer_node,/rosout,endpoint_clearance_rejection,frontier,3.79,10.83,rejected,"Rejected frontier (3.79, 10.83): endpoint clearance 0.32 m is below required 1.70 m.",0.32,1.7,,,,,
23july.bag,2026-07-23T21:03:25.148+05:30,17.509,target_explorer_node,/rosout,endpoint_clearance_rejection,frontier,3.74,10.93,rejected,"Rejected frontier (3.74, 10.93): endpoint clearance 0.22 m is below required 1.70 m.",0.22,1.7,,,,,
23july.bag,2026-07-23T21:03:25.149+05:30,17.51,target_explorer_node,/rosout,endpoint_clearance_rejection,frontier,3.89,11.08,rejected,"Rejected frontier (3.89, 11.08): endpoint clearance 0.33 m is below required 1.70 m.",0.33,1.7,,,,,
23july.bag,2026-07-23T21:03:25.151+05:30,17.512,target_explorer_node,/rosout,endpoint_clearance_rejection,frontier,3.94,11.18,rejected,"Rejected frontier (3.94, 11.18): endpoint clearance 0.38 m is below required 1.70 m.",0.38,1.7,,,,,
23july.bag,2026-07-23T21:03:25.151+05:30,17.512,target_explorer_node,/rosout,endpoint_clearance_rejection,frontier,3.89,11.28,rejected,"Rejected frontier (3.89, 11.28): endpoint clearance 0.30 m is below required 1.70 m.",0.3,1.7,,,,,
23july.bag,2026-07-23T21:03:25.153+05:30,17.514,target_explorer_node,/rosout,endpoint_clearance_rejection,frontier,3.99,11.33,rejected,"Rejected frontier (3.99, 11.33): endpoint clearance 0.23 m is below required 1.70 m.",0.23,1.7,,,,,
23july.bag,2026-07-23T21:03:25.153+05:30,17.514,target_explorer_node,/rosout,endpoint_clearance_rejection,frontier,3.34,10.53,rejected,"Rejected frontier (3.34, 10.53): endpoint clearance 0.04 m is below required 1.70 m.",0.04,1.7,,,,,
23july.bag,2026-07-23T21:03:25.153+05:30,17.514,target_explorer_node,/rosout,endpoint_clearance_rejection,frontier,3.39,10.58,rejected,"Rejected frontier (3.39, 10.58): endpoint clearance 0.08 m is below required 1.70 m.",0.08,1.7,,,,,
23july.bag,2026-07-23T21:03:25.154+05:30,17.515,target_explorer_node,/rosout,endpoint_clearance_rejection,frontier,3.39,10.68,rejected,"Rejected frontier (3.39, 10.68): endpoint clearance 0.11 m is below required 1.70 m.",0.11,1.7,,,,,
23july.bag,2026-07-23T21:03:25.155+05:30,17.515,target_explorer_node,/rosout,endpoint_clearance_rejection,frontier,3.44,10.78,rejected,"Rejected frontier (3.44, 10.78): endpoint clearance 0.13 m is below required 1.70 m.",0.13,1.7,,,,,
23july.bag,2026-07-23T21:03:25.155+05:30,17.516,target_explorer_node,/rosout,endpoint_clearance_rejection,frontier,3.44,10.88,rejected,"Rejected frontier (3.44, 10.88): endpoint clearance 0.04 m is below required 1.70 m.",0.04,1.7,,,,,
23july.bag,2026-07-23T21:03:25.156+05:30,17.516,target_explorer_node,/rosout,endpoint_clearance_rejection,frontier,3.49,10.93,rejected,"Rejected frontier (3.49, 10.93): endpoint clearance 0.04 m is below required 1.70 m.",0.04,1.7,,,,,
23july.bag,2026-07-23T21:03:25.156+05:30,17.517,target_explorer_node,/rosout,endpoint_clearance_rejection,frontier,3.49,10.98,rejected,"Rejected frontier (3.49, 10.98): endpoint clearance 0.03 m is below required 1.70 m.",0.03,1.7,,,,,
23july.bag,2026-07-23T21:03:25.157+05:30,17.518,target_explorer_node,/rosout,endpoint_clearance_rejection,frontier,7.94,10.88,rejected,"Rejected frontier (7.94, 10.88): endpoint clearance 0.23 m is below required 1.70 m.",0.23,1.7,,,,,
23july.bag,2026-07-23T21:03:25.158+05:30,17.518,target_explorer_node,/rosout,endpoint_clearance_rejection,frontier,8.99,12.78,rejected,"Rejected frontier (8.99, 12.78): endpoint clearance 0.70 m is below required 1.70 m.",0.7,1.7,,,,,
23july.bag,2026-07-23T21:03:25.158+05:30,17.519,target_explorer_node,/rosout,endpoint_clearance_rejection,frontier,7.99,10.83,rejected,"Rejected frontier (7.99, 10.83): endpoint clearance 0.18 m is below required 1.70 m.",0.18,1.7,,,,,
23july.bag,2026-07-23T21:03:25.158+05:30,17.519,target_explorer_node,/rosout,endpoint_clearance_rejection,frontier,8.29,11.23,rejected,"Rejected frontier (8.29, 11.23): endpoint clearance 0.28 m is below required 1.70 m.",0.28,1.7,,,,,
23july.bag,2026-07-23T21:03:25.159+05:30,17.52,target_explorer_node,/rosout,endpoint_clearance_rejection,frontier,8.44,11.58,rejected,"Rejected frontier (8.44, 11.58): endpoint clearance 0.65 m is below required 1.70 m.",0.65,1.7,,,,,
23july.bag,2026-07-23T21:03:25.159+05:30,17.52,target_explorer_node,/rosout,endpoint_clearance_rejection,frontier,8.49,12.28,rejected,"Rejected frontier (8.49, 12.28): endpoint clearance 0.66 m is below required 1.70 m.",0.66,1.7,,,,,
23july.bag,2026-07-23T21:03:25.160+05:30,17.521,target_explorer_node,/rosout,endpoint_clearance_rejection,frontier,9.24,12.58,rejected,"Rejected frontier (9.24, 12.58): endpoint clearance 0.48 m is below required 1.70 m.",0.48,1.7,,,,,
23july.bag,2026-07-23T21:03:25.160+05:30,17.521,target_explorer_node,/rosout,endpoint_clearance_rejection,frontier,9.24,12.78,rejected,"Rejected frontier (9.24, 12.78): endpoint clearance 0.68 m is below required 1.70 m.",0.68,1.7,,,,,
23july.bag,2026-07-23T21:03:25.161+05:30,17.521,target_explorer_node,/rosout,endpoint_clearance_rejection,frontier,9.44,12.93,rejected,"Rejected frontier (9.44, 12.93): endpoint clearance 0.48 m is below required 1.70 m.",0.48,1.7,,,,,
23july.bag,2026-07-23T21:03:25.161+05:30,17.522,target_explorer_node,/rosout,endpoint_clearance_rejection,frontier,9.14,13.23,rejected,"Rejected frontier (9.14, 13.23): endpoint clearance 0.68 m is below required 1.70 m.",0.68,1.7,,,,,
23july.bag,2026-07-23T21:03:25.162+05:30,17.523,target_explorer_node,/rosout,endpoint_clearance_rejection,frontier,9.14,13.78,rejected,"Rejected frontier (9.14, 13.78): endpoint clearance 0.80 m is below required 1.70 m.",0.8,1.7,,,,,
23july.bag,2026-07-23T21:03:25.162+05:30,17.523,target_explorer_node,/rosout,endpoint_clearance_rejection,frontier,9.39,13.98,rejected,"Rejected frontier (9.39, 13.98): endpoint clearance 0.62 m is below required 1.70 m.",0.62,1.7,,,,,
23july.bag,2026-07-23T21:03:25.163+05:30,17.524,target_explorer_node,/rosout,endpoint_clearance_rejection,frontier,7.54,11.13,rejected,"Rejected frontier (7.54, 11.13): endpoint clearance 0.66 m is below required 1.70 m.",0.66,1.7,,,,,
23july.bag,2026-07-23T21:03:25.164+05:30,17.524,target_explorer_node,/rosout,endpoint_clearance_rejection,frontier,7.89,11.38,rejected,"Rejected frontier (7.89, 11.38): endpoint clearance 0.54 m is below required 1.70 m.",0.54,1.7,,,,,
23july.bag,2026-07-23T21:03:25.164+05:30,17.525,target_explorer_node,/rosout,endpoint_clearance_rejection,frontier,7.59,11.08,rejected,"Rejected frontier (7.59, 11.08): endpoint clearance 0.60 m is below required 1.70 m.",0.6,1.7,,,,,
23july.bag,2026-07-23T21:03:25.165+05:30,17.525,target_explorer_node,/rosout,endpoint_clearance_rejection,frontier,7.59,11.18,rejected,"Rejected frontier (7.59, 11.18): endpoint clearance 0.64 m is below required 1.70 m.",0.64,1.7,,,,,
23july.bag,2026-07-23T21:03:25.165+05:30,17.526,target_explorer_node,/rosout,endpoint_clearance_rejection,frontier,7.74,11.23,rejected,"Rejected frontier (7.74, 11.23): endpoint clearance 0.54 m is below required 1.70 m.",0.54,1.7,,,,,
23july.bag,2026-07-23T21:03:25.166+05:30,17.527,target_explorer_node,/rosout,endpoint_clearance_rejection,frontier,7.74,11.33,rejected,"Rejected frontier (7.74, 11.33): endpoint clearance 0.60 m is below required 1.70 m.",0.6,1.7,,,,,
23july.bag,2026-07-23T21:03:25.166+05:30,17.527,target_explorer_node,/rosout,endpoint_clearance_rejection,frontier,7.79,11.38,rejected,"Rejected frontier (7.79, 11.38): endpoint clearance 0.60 m is below required 1.70 m.",0.6,1.7,,,,,
23july.bag,2026-07-23T21:03:25.167+05:30,17.527,target_explorer_node,/rosout,endpoint_clearance_rejection,frontier,7.89,11.48,rejected,"Rejected frontier (7.89, 11.48): endpoint clearance 0.62 m is below required 1.70 m.",0.62,1.7,,,,,
23july.bag,2026-07-23T21:03:25.167+05:30,17.528,target_explorer_node,/rosout,endpoint_clearance_rejection,frontier,7.89,11.58,rejected,"Rejected frontier (7.89, 11.58): endpoint clearance 0.70 m is below required 1.70 m.",0.7,1.7,,,,,
23july.bag,2026-07-23T21:03:25.168+05:30,17.529,target_explorer_node,/rosout,endpoint_clearance_rejection,frontier,4.24,11.48,rejected,"Rejected frontier (4.24, 11.48): endpoint clearance 0.19 m is below required 1.70 m.",0.19,1.7,,,,,
23july.bag,2026-07-23T21:03:25.169+05:30,17.529,target_explorer_node,/rosout,endpoint_clearance_rejection,frontier,4.44,11.88,rejected,"Rejected frontier (4.44, 11.88): endpoint clearance 0.43 m is below required 1.70 m.",0.43,1.7,,,,,
23july.bag,2026-07-23T21:03:25.169+05:30,17.53,target_explorer_node,/rosout,endpoint_clearance_rejection,frontier,4.24,11.58,rejected,"Rejected frontier (4.24, 11.58): endpoint clearance 0.18 m is below required 1.70 m.",0.18,1.7,,,,,
23july.bag,2026-07-23T21:03:25.170+05:30,17.53,target_explorer_node,/rosout,endpoint_clearance_rejection,frontier,4.39,11.63,rejected,"Rejected frontier (4.39, 11.63): endpoint clearance 0.33 m is below required 1.70 m.",0.33,1.7,,,,,
23july.bag,2026-07-23T21:03:25.170+05:30,17.531,target_explorer_node,/rosout,endpoint_clearance_rejection,frontier,4.39,11.68,rejected,"Rejected frontier (4.39, 11.68): endpoint clearance 0.33 m is below required 1.70 m.",0.33,1.7,,,,,
23july.bag,2026-07-23T21:03:25.171+05:30,17.531,target_explorer_node,/rosout,endpoint_clearance_rejection,frontier,4.29,11.78,rejected,"Rejected frontier (4.29, 11.78): endpoint clearance 0.29 m is below required 1.70 m.",0.29,1.7,,,,,
23july.bag,2026-07-23T21:03:25.172+05:30,17.532,target_explorer_node,/rosout,endpoint_clearance_rejection,frontier,4.54,11.93,rejected,"Rejected frontier (4.54, 11.93): endpoint clearance 0.38 m is below required 1.70 m.",0.38,1.7,,,,,
23july.bag,2026-07-23T21:03:25.172+05:30,17.533,target_explorer_node,/rosout,endpoint_clearance_rejection,frontier,4.54,11.98,rejected,"Rejected frontier (4.54, 11.98): endpoint clearance 0.33 m is below required 1.70 m.",0.33,1.7,,,,,
23july.bag,2026-07-23T21:03:25.173+05:30,17.534,target_explorer_node,/rosout,endpoint_clearance_rejection,frontier,4.44,12.08,rejected,"Rejected frontier (4.44, 12.08): endpoint clearance 0.24 m is below required 1.70 m.",0.24,1.7,,,,,
23july.bag,2026-07-23T21:03:25.174+05:30,17.534,target_explorer_node,/rosout,endpoint_clearance_rejection,frontier,4.59,12.18,rejected,"Rejected frontier (4.59, 12.18): endpoint clearance 0.13 m is below required 1.70 m.",0.13,1.7,,,,,
23july.bag,2026-07-23T21:03:25.174+05:30,17.535,target_explorer_node,/rosout,endpoint_clearance_rejection,frontier,4.09,11.58,rejected,"Rejected frontier (4.09, 11.58): endpoint clearance 0.03 m is below required 1.70 m.",0.03,1.7,,,,,
23july.bag,2026-07-23T21:03:25.175+05:30,17.535,target_explorer_node,/rosout,endpoint_clearance_rejection,frontier,4.29,11.98,rejected,"Rejected frontier (4.29, 11.98): endpoint clearance 0.40 m is below required 1.70 m.",0.4,1.7,,,,,
23july.bag,2026-07-23T21:03:25.175+05:30,17.536,target_explorer_node,/rosout,endpoint_clearance_rejection,frontier,4.14,11.68,rejected,"Rejected frontier (4.14, 11.68): endpoint clearance 0.11 m is below required 1.70 m.",0.11,1.7,,,,,
23july.bag,2026-07-23T21:03:25.176+05:30,17.536,target_explorer_node,/rosout,endpoint_clearance_rejection,frontier,4.19,11.73,rejected,"Rejected frontier (4.19, 11.73): endpoint clearance 0.18 m is below required 1.70 m.",0.18,1.7,,,,,
23july.bag,2026-07-23T21:03:25.176+05:30,17.537,target_explorer_node,/rosout,endpoint_clearance_rejection,frontier,4.19,11.78,rejected,"Rejected frontier (4.19, 11.78): endpoint clearance 0.22 m is below required 1.70 m.",0.22,1.7,,,,,
23july.bag,2026-07-23T21:03:25.177+05:30,17.537,target_explorer_node,/rosout,endpoint_clearance_rejection,frontier,4.24,11.88,rejected,"Rejected frontier (4.24, 11.88): endpoint clearance 0.33 m is below required 1.70 m.",0.33,1.7,,,,,
23july.bag,2026-07-23T21:03:25.177+05:30,17.538,target_explorer_node,/rosout,endpoint_clearance_rejection,frontier,4.29,11.93,rejected,"Rejected frontier (4.29, 11.93): endpoint clearance 0.40 m is below required 1.70 m.",0.4,1.7,,,,,
23july.bag,2026-07-23T21:03:25.178+05:30,17.539,target_explorer_node,/rosout,endpoint_clearance_rejection,frontier,4.34,12.08,rejected,"Rejected frontier (4.34, 12.08): endpoint clearance 0.29 m is below required 1.70 m.",0.29,1.7,,,,,
23july.bag,2026-07-23T21:03:25.178+05:30,17.539,target_explorer_node,/rosout,endpoint_clearance_rejection,frontier,4.74,12.13,rejected,"Rejected frontier (4.74, 12.13): endpoint clearance 0.25 m is below required 1.70 m.",0.25,1.7,,,,,
23july.bag,2026-07-23T21:03:25.179+05:30,17.54,target_explorer_node,/rosout,endpoint_clearance_rejection,frontier,4.79,12.38,rejected,"Rejected frontier (4.79, 12.38): endpoint clearance 0.23 m is below required 1.70 m.",0.23,1.7,,,,,
23july.bag,2026-07-23T21:03:25.180+05:30,17.54,target_explorer_node,/rosout,endpoint_clearance_rejection,frontier,4.79,12.18,rejected,"Rejected frontier (4.79, 12.18): endpoint clearance 0.26 m is below required 1.70 m.",0.26,1.7,,,,,
23july.bag,2026-07-23T21:03:25.181+05:30,17.541,target_explorer_node,/rosout,endpoint_clearance_rejection,frontier,4.84,12.28,rejected,"Rejected frontier (4.84, 12.28): endpoint clearance 0.28 m is below required 1.70 m.",0.28,1.7,,,,,
23july.bag,2026-07-23T21:03:25.181+05:30,17.542,target_explorer_node,/rosout,endpoint_clearance_rejection,frontier,4.89,12.38,rejected,"Rejected frontier (4.89, 12.38): endpoint clearance 0.33 m is below required 1.70 m.",0.33,1.7,,,,,
23july.bag,2026-07-23T21:03:25.182+05:30,17.542,target_explorer_node,/rosout,endpoint_clearance_rejection,frontier,4.94,12.48,rejected,"Rejected frontier (4.94, 12.48): endpoint clearance 0.40 m is below required 1.70 m.",0.4,1.7,,,,,
23july.bag,2026-07-23T21:03:25.182+05:30,17.543,target_explorer_node,/rosout,endpoint_clearance_rejection,frontier,4.99,12.58,rejected,"Rejected frontier (4.99, 12.58): endpoint clearance 0.48 m is below required 1.70 m.",0.48,1.7,,,,,
23july.bag,2026-07-23T21:03:25.183+05:30,17.544,target_explorer_node,/rosout,endpoint_clearance_rejection,frontier,5.14,13.18,rejected,"Rejected frontier (5.14, 13.18): endpoint clearance 0.96 m is below required 1.70 m.",0.96,1.7,,,,,
23july.bag,2026-07-23T21:03:25.184+05:30,17.545,target_explorer_node,/rosout,endpoint_clearance_rejection,frontier,5.59,13.63,rejected,"Rejected frontier (5.59, 13.63): endpoint clearance 1.59 m is below required 1.70 m.",1.59,1.7,,,,,
23july.bag,2026-07-23T21:03:25.185+05:30,17.545,target_explorer_node,/rosout,endpoint_clearance_rejection,frontier,7.64,17.38,rejected,"Rejected frontier (7.64, 17.38): endpoint clearance 1.58 m is below required 1.70 m.",1.58,1.7,,,,,
23july.bag,2026-07-23T21:03:25.185+05:30,17.546,target_explorer_node,/rosout,endpoint_clearance_rejection,frontier,7.89,17.93,rejected,"Rejected frontier (7.89, 17.93): endpoint clearance 1.27 m is below required 1.70 m.",1.27,1.7,,,,,
23july.bag,2026-07-23T21:03:25.186+05:30,17.546,target_explorer_node,/rosout,endpoint_clearance_rejection,frontier,8.24,18.53,rejected,"Rejected frontier (8.24, 18.53): endpoint clearance 0.66 m is below required 1.70 m.",0.66,1.7,,,,,
23july.bag,2026-07-23T21:03:25.187+05:30,17.548,target_explorer_node,/rosout,endpoint_clearance_rejection,frontier,8.54,14.58,rejected,"Rejected frontier (8.54, 14.58): endpoint clearance 1.38 m is below required 1.70 m.",1.38,1.7,,,,,
23july.bag,2026-07-23T21:03:25.188+05:30,17.549,target_explorer_node,/rosout,endpoint_clearance_rejection,frontier,8.74,14.88,rejected,"Rejected frontier (8.74, 14.88): endpoint clearance 1.21 m is below required 1.70 m.",1.21,1.7,,,,,
23july.bag,2026-07-23T21:03:25.188+05:30,17.549,target_explorer_node,/rosout,endpoint_clearance_rejection,frontier,8.94,15.13,rejected,"Rejected frontier (8.94, 15.13): endpoint clearance 1.00 m is below required 1.70 m.",1.0,1.7,,,,,
23july.bag,2026-07-23T21:03:25.189+05:30,17.549,target_explorer_node,/rosout,endpoint_clearance_rejection,frontier,8.69,15.38,rejected,"Rejected frontier (8.69, 15.38): endpoint clearance 1.09 m is below required 1.70 m.",1.09,1.7,,,,,
23july.bag,2026-07-23T21:03:25.189+05:30,17.55,target_explorer_node,/rosout,endpoint_clearance_rejection,frontier,8.34,13.88,rejected,"Rejected frontier (8.34, 13.88): endpoint clearance 1.57 m is below required 1.70 m.",1.57,1.7,,,,,
23july.bag,2026-07-23T21:03:25.190+05:30,17.551,target_explorer_node,/rosout,endpoint_clearance_rejection,frontier,8.14,13.63,rejected,"Rejected frontier (8.14, 13.63): endpoint clearance 1.70 m is below required 1.70 m.",1.7,1.7,,,,,
23july.bag,2026-07-23T21:03:25.191+05:30,17.551,target_explorer_node,/rosout,endpoint_clearance_rejection,frontier,8.24,13.73,rejected,"Rejected frontier (8.24, 13.73): endpoint clearance 1.62 m is below required 1.70 m.",1.62,1.7,,,,,
23july.bag,2026-07-23T21:03:25.191+05:30,17.552,target_explorer_node,/rosout,endpoint_clearance_rejection,frontier,8.29,13.83,rejected,"Rejected frontier (8.29, 13.83): endpoint clearance 1.60 m is below required 1.70 m.",1.6,1.7,,,,,
23july.bag,2026-07-23T21:03:25.192+05:30,17.552,target_explorer_node,/rosout,endpoint_clearance_rejection,frontier,8.39,13.93,rejected,"Rejected frontier (8.39, 13.93): endpoint clearance 1.54 m is below required 1.70 m.",1.54,1.7,,,,,
23july.bag,2026-07-23T21:03:25.192+05:30,17.553,target_explorer_node,/rosout,endpoint_clearance_rejection,frontier,8.44,14.03,rejected,"Rejected frontier (8.44, 14.03): endpoint clearance 1.50 m is below required 1.70 m.",1.5,1.7,,,,,
23july.bag,2026-07-23T21:03:25.193+05:30,17.553,target_explorer_node,/rosout,endpoint_clearance_rejection,frontier,8.54,14.13,rejected,"Rejected frontier (8.54, 14.13): endpoint clearance 1.39 m is below required 1.70 m.",1.39,1.7,,,,,
23july.bag,2026-07-23T21:03:25.193+05:30,17.554,target_explorer_node,/rosout,endpoint_clearance_rejection,frontier,8.59,14.23,rejected,"Rejected frontier (8.59, 14.23): endpoint clearance 1.33 m is below required 1.70 m.",1.33,1.7,,,,,
23july.bag,2026-07-23T21:03:25.193+05:30,17.554,target_explorer_node,/rosout,endpoint_clearance_rejection,frontier,8.64,14.33,rejected,"Rejected frontier (8.64, 14.33): endpoint clearance 1.28 m is below required 1.70 m.",1.28,1.7,,,,,
23july.bag,2026-07-23T21:03:25.194+05:30,17.555,target_explorer_node,/rosout,endpoint_clearance_rejection,frontier,8.49,13.93,rejected,"Rejected frontier (8.49, 13.93): endpoint clearance 1.44 m is below required 1.70 m.",1.44,1.7,,,,,
23july.bag,2026-07-23T21:03:25.195+05:30,17.555,target_explorer_node,/rosout,endpoint_clearance_rejection,frontier,8.74,14.28,rejected,"Rejected frontier (8.74, 14.28): endpoint clearance 1.18 m is below required 1.70 m.",1.18,1.7,,,,,
23july.bag,2026-07-23T21:03:25.195+05:30,17.556,target_explorer_node,/rosout,endpoint_clearance_rejection,frontier,8.54,13.98,rejected,"Rejected frontier (8.54, 13.98): endpoint clearance 1.41 m is below required 1.70 m.",1.41,1.7,,,,,
23july.bag,2026-07-23T21:03:25.196+05:30,17.556,target_explorer_node,/rosout,endpoint_clearance_rejection,frontier,8.59,14.03,rejected,"Rejected frontier (8.59, 14.03): endpoint clearance 1.35 m is below required 1.70 m.",1.35,1.7,,,,,
23july.bag,2026-07-23T21:03:25.196+05:30,17.557,target_explorer_node,/rosout,endpoint_clearance_rejection,frontier,8.64,14.08,rejected,"Rejected frontier (8.64, 14.08): endpoint clearance 1.29 m is below required 1.70 m.",1.29,1.7,,,,,
23july.bag,2026-07-23T21:03:25.197+05:30,17.558,target_explorer_node,/rosout,endpoint_clearance_rejection,frontier,8.69,14.18,rejected,"Rejected frontier (8.69, 14.18): endpoint clearance 1.23 m is below required 1.70 m.",1.23,1.7,,,,,
23july.bag,2026-07-23T21:03:25.197+05:30,17.558,target_explorer_node,/rosout,endpoint_clearance_rejection,frontier,8.79,14.33,rejected,"Rejected frontier (8.79, 14.33): endpoint clearance 1.13 m is below required 1.70 m.",1.13,1.7,,,,,
23july.bag,2026-07-23T21:03:25.198+05:30,17.559,target_explorer_node,/rosout,endpoint_clearance_rejection,frontier,8.84,14.38,rejected,"Rejected frontier (8.84, 14.38): endpoint clearance 1.08 m is below required 1.70 m.",1.08,1.7,,,,,
23july.bag,2026-07-23T21:03:25.198+05:30,17.559,target_explorer_node,/rosout,endpoint_clearance_rejection,frontier,8.89,14.43,rejected,"Rejected frontier (8.89, 14.43): endpoint clearance 1.03 m is below required 1.70 m.",1.03,1.7,,,,,
23july.bag,2026-07-23T21:03:25.199+05:30,17.559,target_explorer_node,/rosout,endpoint_clearance_rejection,frontier,8.89,14.48,rejected,"Rejected frontier (8.89, 14.48): endpoint clearance 1.03 m is below required 1.70 m.",1.03,1.7,,,,,
23july.bag,2026-07-23T21:03:25.199+05:30,17.56,target_explorer_node,/rosout,endpoint_clearance_rejection,frontier,8.79,13.93,rejected,"Rejected frontier (8.79, 13.93): endpoint clearance 1.18 m is below required 1.70 m.",1.18,1.7,,,,,
23july.bag,2026-07-23T21:03:25.200+05:30,17.56,target_explorer_node,/rosout,endpoint_clearance_rejection,frontier,9.29,14.53,rejected,"Rejected frontier (9.29, 14.53): endpoint clearance 0.63 m is below required 1.70 m.",0.63,1.7,,,,,
23july.bag,2026-07-23T21:03:25.200+05:30,17.561,target_explorer_node,/rosout,endpoint_clearance_rejection,frontier,8.94,14.03,rejected,"Rejected frontier (8.94, 14.03): endpoint clearance 1.01 m is below required 1.70 m.",1.01,1.7,,,,,
23july.bag,2026-07-23T21:03:25.201+05:30,17.561,target_explorer_node,/rosout,endpoint_clearance_rejection,frontier,8.89,14.18,rejected,"Rejected frontier (8.89, 14.18): endpoint clearance 1.03 m is below required 1.70 m.",1.03,1.7,,,,,
23july.bag,2026-07-23T21:03:25.201+05:30,17.562,target_explorer_node,/rosout,endpoint_clearance_rejection,frontier,9.09,14.28,rejected,"Rejected frontier (9.09, 14.28): endpoint clearance 0.83 m is below required 1.70 m.",0.83,1.7,,,,,
23july.bag,2026-07-23T21:03:25.201+05:30,17.562,target_explorer_node,/rosout,endpoint_clearance_rejection,frontier,9.09,14.43,rejected,"Rejected frontier (9.09, 14.43): endpoint clearance 0.83 m is below required 1.70 m.",0.83,1.7,,,,,
23july.bag,2026-07-23T21:03:25.202+05:30,17.563,target_explorer_node,/rosout,endpoint_clearance_rejection,frontier,9.29,14.68,rejected,"Rejected frontier (9.29, 14.68): endpoint clearance 0.63 m is below required 1.70 m.",0.63,1.7,,,,,
23july.bag,2026-07-23T21:03:25.202+05:30,17.563,target_explorer_node,/rosout,endpoint_clearance_rejection,frontier,9.49,14.78,rejected,"Rejected frontier (9.49, 14.78): endpoint clearance 0.46 m is below required 1.70 m.",0.46,1.7,,,,,
23july.bag,2026-07-23T21:03:25.203+05:30,17.564,target_explorer_node,/rosout,endpoint_clearance_rejection,frontier,9.49,14.93,rejected,"Rejected frontier (9.49, 14.93): endpoint clearance 0.54 m is below required 1.70 m.",0.54,1.7,,,,,
23july.bag,2026-07-23T21:03:25.203+05:30,17.564,target_explorer_node,/rosout,endpoint_clearance_rejection,frontier,9.69,15.03,rejected,"Rejected frontier (9.69, 15.03): endpoint clearance 0.46 m is below required 1.70 m.",0.46,1.7,,,,,
23july.bag,2026-07-23T21:03:25.204+05:30,17.564,target_explorer_node,/rosout,endpoint_clearance_rejection,frontier,9.69,15.18,rejected,"Rejected frontier (9.69, 15.18): endpoint clearance 0.36 m is below required 1.70 m.",0.36,1.7,,,,,
23july.bag,2026-07-23T21:03:25.205+05:30,17.566,target_explorer_node,/rosout,endpoint_clearance_rejection,frontier,8.94,14.33,rejected,"Rejected frontier (8.94, 14.33): endpoint clearance 0.98 m is below required 1.70 m.",0.98,1.7,,,,,
23july.bag,2026-07-23T21:03:25.206+05:30,17.566,target_explorer_node,/rosout,endpoint_clearance_rejection,frontier,9.44,15.18,rejected,"Rejected frontier (9.44, 15.18): endpoint clearance 0.57 m is below required 1.70 m.",0.57,1.7,,,,,
23july.bag,2026-07-23T21:03:25.206+05:30,17.567,target_explorer_node,/rosout,endpoint_clearance_rejection,frontier,9.04,14.58,rejected,"Rejected frontier (9.04, 14.58): endpoint clearance 0.88 m is below required 1.70 m.",0.88,1.7,,,,,
23july.bag,2026-07-23T21:03:25.207+05:30,17.567,target_explorer_node,/rosout,endpoint_clearance_rejection,frontier,8.99,14.73,rejected,"Rejected frontier (8.99, 14.73): endpoint clearance 0.93 m is below required 1.70 m.",0.93,1.7,,,,,
23july.bag,2026-07-23T21:03:25.207+05:30,17.568,target_explorer_node,/rosout,endpoint_clearance_rejection,frontier,9.14,14.83,rejected,"Rejected frontier (9.14, 14.83): endpoint clearance 0.81 m is below required 1.70 m.",0.81,1.7,,,,,
23july.bag,2026-07-23T21:03:25.208+05:30,17.569,target_explorer_node,/rosout,endpoint_clearance_rejection,frontier,9.44,14.98,rejected,"Rejected frontier (9.44, 14.98): endpoint clearance 0.61 m is below required 1.70 m.",0.61,1.7,,,,,
23july.bag,2026-07-23T21:03:25.208+05:30,17.569,target_explorer_node,/rosout,endpoint_clearance_rejection,frontier,9.44,15.13,rejected,"Rejected frontier (9.44, 15.13): endpoint clearance 0.59 m is below required 1.70 m.",0.59,1.7,,,,,
23july.bag,2026-07-23T21:03:25.209+05:30,17.57,target_explorer_node,/rosout,endpoint_clearance_rejection,frontier,9.29,15.23,rejected,"Rejected frontier (9.29, 15.23): endpoint clearance 0.65 m is below required 1.70 m.",0.65,1.7,,,,,
23july.bag,2026-07-23T21:03:25.209+05:30,17.57,target_explorer_node,/rosout,endpoint_clearance_rejection,frontier,9.59,15.28,rejected,"Rejected frontier (9.59, 15.28): endpoint clearance 0.40 m is below required 1.70 m.",0.4,1.7,,,,,
23july.bag,2026-07-23T21:03:25.210+05:30,17.57,target_explorer_node,/rosout,endpoint_clearance_rejection,frontier,9.44,15.38,rejected,"Rejected frontier (9.44, 15.38): endpoint clearance 0.44 m is below required 1.70 m.",0.44,1.7,,,,,
23july.bag,2026-07-23T21:03:25.210+05:30,17.571,target_explorer_node,/rosout,endpoint_clearance_rejection,frontier,9.39,15.48,rejected,"Rejected frontier (9.39, 15.48): endpoint clearance 0.43 m is below required 1.70 m.",0.43,1.7,,,,,
23july.bag,2026-07-23T21:03:25.211+05:30,17.571,target_explorer_node,/rosout,endpoint_clearance_rejection,frontier,9.49,15.63,rejected,"Rejected frontier (9.49, 15.63): endpoint clearance 0.26 m is below required 1.70 m.",0.26,1.7,,,,,
23july.bag,2026-07-23T21:03:25.211+05:30,17.572,target_explorer_node,/rosout,endpoint_clearance_rejection,frontier,9.39,14.48,rejected,"Rejected frontier (9.39, 14.48): endpoint clearance 0.53 m is below required 1.70 m.",0.53,1.7,,,,,
23july.bag,2026-07-23T21:03:25.212+05:30,17.572,target_explorer_node,/rosout,endpoint_clearance_rejection,frontier,9.79,14.93,rejected,"Rejected frontier (9.79, 14.93): endpoint clearance 0.35 m is below required 1.70 m.",0.35,1.7,,,,,
23july.bag,2026-07-23T21:03:25.212+05:30,17.573,target_explorer_node,/rosout,endpoint_clearance_rejection,frontier,9.39,14.58,rejected,"Rejected frontier (9.39, 14.58): endpoint clearance 0.53 m is below required 1.70 m.",0.53,1.7,,,,,
23july.bag,2026-07-23T21:03:25.212+05:30,17.573,target_explorer_node,/rosout,endpoint_clearance_rejection,frontier,9.54,14.63,rejected,"Rejected frontier (9.54, 14.63): endpoint clearance 0.38 m is below required 1.70 m.",0.38,1.7,,,,,
23july.bag,2026-07-23T21:03:25.214+05:30,17.574,target_explorer_node,/rosout,endpoint_clearance_rejection,frontier,9.49,14.73,rejected,"Rejected frontier (9.49, 14.73): endpoint clearance 0.44 m is below required 1.70 m.",0.44,1.7,,,,,
23july.bag,2026-07-23T21:03:25.214+05:30,17.574,target_explorer_node,/rosout,endpoint_clearance_rejection,frontier,9.69,14.83,rejected,"Rejected frontier (9.69, 14.83): endpoint clearance 0.32 m is below required 1.70 m.",0.32,1.7,,,,,
23july.bag,2026-07-23T21:03:25.214+05:30,17.575,target_explorer_node,/rosout,endpoint_clearance_rejection,frontier,9.69,14.93,rejected,"Rejected frontier (9.69, 14.93): endpoint clearance 0.40 m is below required 1.70 m.",0.4,1.7,,,,,
23july.bag,2026-07-23T21:03:25.214+05:30,17.575,target_explorer_node,/rosout,endpoint_clearance_rejection,frontier,9.84,14.98,rejected,"Rejected frontier (9.84, 14.98): endpoint clearance 0.38 m is below required 1.70 m.",0.38,1.7,,,,,
23july.bag,2026-07-23T21:03:25.215+05:30,17.576,target_explorer_node,/rosout,endpoint_clearance_rejection,frontier,9.79,15.08,rejected,"Rejected frontier (9.79, 15.08): endpoint clearance 0.36 m is below required 1.70 m.",0.36,1.7,,,,,
23july.bag,2026-07-23T21:03:25.215+05:30,17.576,target_explorer_node,/rosout,endpoint_clearance_rejection,frontier,9.94,15.13,rejected,"Rejected frontier (9.94, 15.13): endpoint clearance 0.22 m is below required 1.70 m.",0.22,1.7,,,,,
23july.bag,2026-07-23T21:03:25.216+05:30,17.577,target_explorer_node,/rosout,endpoint_clearance_rejection,frontier,9.89,15.23,rejected,"Rejected frontier (9.89, 15.23): endpoint clearance 0.18 m is below required 1.70 m.",0.18,1.7,,,,,
23july.bag,2026-07-23T21:03:25.217+05:30,17.577,target_explorer_node,/rosout,endpoint_clearance_rejection,frontier,9.84,14.58,rejected,"Rejected frontier (9.84, 14.58): endpoint clearance 0.08 m is below required 1.70 m.",0.08,1.7,,,,,
23july.bag,2026-07-23T21:03:25.217+05:30,17.578,target_explorer_node,/rosout,endpoint_clearance_rejection,frontier,9.99,14.93,rejected,"Rejected frontier (9.99, 14.93): endpoint clearance 0.33 m is below required 1.70 m.",0.33,1.7,,,,,
23july.bag,2026-07-23T21:03:25.218+05:30,17.578,target_explorer_node,/rosout,endpoint_clearance_rejection,frontier,9.89,14.63,rejected,"Rejected frontier (9.89, 14.63): endpoint clearance 0.04 m is below required 1.70 m.",0.04,1.7,,,,,
23july.bag,2026-07-23T21:03:25.218+05:30,17.579,target_explorer_node,/rosout,endpoint_clearance_rejection,frontier,9.84,14.73,rejected,"Rejected frontier (9.84, 14.73): endpoint clearance 0.15 m is below required 1.70 m.",0.15,1.7,,,,,
23july.bag,2026-07-23T21:03:25.219+05:30,17.579,target_explorer_node,/rosout,endpoint_clearance_rejection,frontier,9.94,14.83,rejected,"Rejected frontier (9.94, 14.83): endpoint clearance 0.23 m is below required 1.70 m.",0.23,1.7,,,,,
23july.bag,2026-07-23T21:03:25.219+05:30,17.58,target_explorer_node,/rosout,endpoint_clearance_rejection,frontier,10.04,14.98,rejected,"Rejected frontier (10.04, 14.98): endpoint clearance 0.33 m is below required 1.70 m.",0.33,1.7,,,,,
23july.bag,2026-07-23T21:03:25.220+05:30,17.581,target_explorer_node,/rosout,endpoint_clearance_rejection,frontier,10.09,15.08,rejected,"Rejected frontier (10.09, 15.08): endpoint clearance 0.23 m is below required 1.70 m.",0.23,1.7,,,,,
23july.bag,2026-07-23T21:03:25.220+05:30,17.581,target_explorer_node,/rosout,endpoint_clearance_rejection,frontier,10.04,15.18,rejected,"Rejected frontier (10.04, 15.18): endpoint clearance 0.13 m is below required 1.70 m.",0.13,1.7,,,,,
23july.bag,2026-07-23T21:03:25.221+05:30,17.582,target_explorer_node,/rosout,endpoint_clearance_rejection,frontier,10.09,15.28,rejected,"Rejected frontier (10.09, 15.28): endpoint clearance 0.03 m is below required 1.70 m.",0.03,1.7,,,,,
23july.bag,2026-07-23T21:03:25.222+05:30,17.583,target_explorer_node,/rosout,endpoint_clearance_rejection,frontier,8.69,15.68,rejected,"Rejected frontier (8.69, 15.68): endpoint clearance 1.03 m is below required 1.70 m.",1.03,1.7,,,,,
23july.bag,2026-07-23T21:03:25.223+05:30,17.583,target_explorer_node,/rosout,endpoint_clearance_rejection,frontier,8.99,15.23,rejected,"Rejected frontier (8.99, 15.23): endpoint clearance 0.90 m is below required 1.70 m.",0.9,1.7,,,,,
23july.bag,2026-07-23T21:03:25.223+05:30,17.584,target_explorer_node,/rosout,endpoint_clearance_rejection,frontier,9.04,15.38,rejected,"Rejected frontier (9.04, 15.38): endpoint clearance 0.77 m is below required 1.70 m.",0.77,1.7,,,,,
23july.bag,2026-07-23T21:03:25.224+05:30,17.584,target_explorer_node,/rosout,endpoint_clearance_rejection,frontier,8.84,15.48,rejected,"Rejected frontier (8.84, 15.48): endpoint clearance 0.92 m is below required 1.70 m.",0.92,1.7,,,,,
23july.bag,2026-07-23T21:03:25.224+05:30,17.585,target_explorer_node,/rosout,endpoint_clearance_rejection,frontier,8.54,15.58,rejected,"Rejected frontier (8.54, 15.58): endpoint clearance 1.19 m is below required 1.70 m.",1.19,1.7,,,,,
23july.bag,2026-07-23T21:03:25.225+05:30,17.585,target_explorer_node,/rosout,endpoint_clearance_rejection,frontier,8.84,15.63,rejected,"Rejected frontier (8.84, 15.63): endpoint clearance 0.88 m is below required 1.70 m.",0.88,1.7,,,,,
23july.bag,2026-07-23T21:03:25.225+05:30,17.586,target_explorer_node,/rosout,endpoint_clearance_rejection,frontier,8.39,15.78,rejected,"Rejected frontier (8.39, 15.78): endpoint clearance 1.33 m is below required 1.70 m.",1.33,1.7,,,,,
23july.bag,2026-07-23T21:03:25.226+05:30,17.586,target_explorer_node,/rosout,endpoint_clearance_rejection,frontier,9.34,15.93,rejected,"Rejected frontier (9.34, 15.93): endpoint clearance 0.38 m is below required 1.70 m.",0.38,1.7,,,,,
23july.bag,2026-07-23T21:03:25.226+05:30,17.587,target_explorer_node,/rosout,endpoint_clearance_rejection,frontier,8.69,16.18,rejected,"Rejected frontier (8.69, 16.18): endpoint clearance 0.95 m is below required 1.70 m.",0.95,1.7,,,,,
23july.bag,2026-07-23T21:03:25.227+05:30,17.587,target_explorer_node,/rosout,endpoint_clearance_rejection,frontier,8.94,16.73,rejected,"Rejected frontier (8.94, 16.73): endpoint clearance 0.51 m is below required 1.70 m.",0.51,1.7,,,,,
23july.bag,2026-07-23T21:03:25.227+05:30,17.588,target_explorer_node,/rosout,endpoint_clearance_rejection,frontier,8.44,16.73,rejected,"Rejected frontier (8.44, 16.73): endpoint clearance 0.88 m is below required 1.70 m.",0.88,1.7,,,,,
23july.bag,2026-07-23T21:03:25.228+05:30,17.589,target_explorer_node,/rosout,endpoint_clearance_rejection,frontier,8.19,15.98,rejected,"Rejected frontier (8.19, 15.98): endpoint clearance 1.49 m is below required 1.70 m.",1.49,1.7,,,,,
23july.bag,2026-07-23T21:03:25.229+05:30,17.589,target_explorer_node,/rosout,endpoint_clearance_rejection,frontier,8.29,16.23,rejected,"Rejected frontier (8.29, 16.23): endpoint clearance 1.31 m is below required 1.70 m.",1.31,1.7,,,,,
23july.bag,2026-07-23T21:03:25.229+05:30,17.59,target_explorer_node,/rosout,endpoint_clearance_rejection,frontier,8.39,16.43,rejected,"Rejected frontier (8.39, 16.43): endpoint clearance 1.10 m is below required 1.70 m.",1.1,1.7,,,,,
23july.bag,2026-07-23T21:03:25.230+05:30,17.59,target_explorer_node,/rosout,endpoint_clearance_rejection,frontier,8.59,16.63,rejected,"Rejected frontier (8.59, 16.63): endpoint clearance 0.82 m is below required 1.70 m.",0.82,1.7,,,,,
23july.bag,2026-07-23T21:03:25.230+05:30,17.591,target_explorer_node,/rosout,endpoint_clearance_rejection,frontier,8.74,16.93,rejected,"Rejected frontier (8.74, 16.93): endpoint clearance 0.53 m is below required 1.70 m.",0.53,1.7,,,,,
23july.bag,2026-07-23T21:03:25.230+05:30,17.591,target_explorer_node,/rosout,endpoint_clearance_rejection,frontier,8.44,17.38,rejected,"Rejected frontier (8.44, 17.38): endpoint clearance 0.78 m is below required 1.70 m.",0.78,1.7,,,,,
23july.bag,2026-07-23T21:03:25.231+05:30,17.592,target_explorer_node,/rosout,endpoint_clearance_rejection,frontier,8.54,17.83,rejected,"Rejected frontier (8.54, 17.83): endpoint clearance 0.72 m is below required 1.70 m.",0.72,1.7,,,,,
23july.bag,2026-07-23T21:03:25.231+05:30,17.592,target_explorer_node,/rosout,endpoint_clearance_rejection,frontier,8.99,18.58,rejected,"Rejected frontier (8.99, 18.58): endpoint clearance 0.19 m is below required 1.70 m.",0.19,1.7,,,,,
23july.bag,2026-07-23T21:03:25.233+05:30,17.594,target_explorer_node,/rosout,endpoint_clearance_rejection,frontier,8.49,15.18,rejected,"Rejected frontier (8.49, 15.18): endpoint clearance 1.35 m is below required 1.70 m.",1.35,1.7,,,,,
23july.bag,2026-07-23T21:03:25.234+05:30,17.594,target_explorer_node,/rosout,endpoint_clearance_rejection,frontier,8.54,15.38,rejected,"Rejected frontier (8.54, 15.38): endpoint clearance 1.23 m is below required 1.70 m.",1.23,1.7,,,,,
23july.bag,2026-07-23T21:03:25.234+05:30,17.595,target_explorer_node,/rosout,endpoint_clearance_rejection,frontier,8.54,15.28,rejected,"Rejected frontier (8.54, 15.28): endpoint clearance 1.27 m is below required 1.70 m.",1.27,1.7,,,,,
23july.bag,2026-07-23T21:03:25.235+05:30,17.595,target_explorer_node,/rosout,endpoint_clearance_rejection,frontier,8.39,15.33,rejected,"Rejected frontier (8.39, 15.33): endpoint clearance 1.39 m is below required 1.70 m.",1.39,1.7,,,,,
23july.bag,2026-07-23T21:03:25.235+05:30,17.596,target_explorer_node,/rosout,endpoint_clearance_rejection,frontier,8.44,15.38,rejected,"Rejected frontier (8.44, 15.38): endpoint clearance 1.33 m is below required 1.70 m.",1.33,1.7,,,,,
23july.bag,2026-07-23T21:03:25.236+05:30,17.597,target_explorer_node,/rosout,endpoint_clearance_rejection,frontier,8.59,15.38,rejected,"Rejected frontier (8.59, 15.38): endpoint clearance 1.19 m is below required 1.70 m.",1.19,1.7,,,,,
23july.bag,2026-07-23T21:03:25.237+05:30,17.598,target_explorer_node,/rosout,endpoint_clearance_rejection,frontier,8.59,15.48,rejected,"Rejected frontier (8.59, 15.48): endpoint clearance 1.16 m is below required 1.70 m.",1.16,1.7,,,,,
23july.bag,2026-07-23T21:03:25.238+05:30,17.598,target_explorer_node,/rosout,endpoint_clearance_rejection,frontier,8.54,15.53,rejected,"Rejected frontier (8.54, 15.53): endpoint clearance 1.20 m is below required 1.70 m.",1.2,1.7,,,,,
23july.bag,2026-07-23T21:03:25.240+05:30,17.6,target_explorer_node,/rosout,endpoint_clearance_rejection,frontier,7.84,16.18,rejected,"Rejected frontier (7.84, 16.18): endpoint clearance 1.69 m is below required 1.70 m.",1.69,1.7,,,,,
23july.bag,2026-07-23T21:03:25.240+05:30,17.601,target_explorer_node,/rosout,endpoint_clearance_rejection,frontier,7.99,16.73,rejected,"Rejected frontier (7.99, 16.73): endpoint clearance 1.30 m is below required 1.70 m.",1.3,1.7,,,,,
23july.bag,2026-07-23T21:03:25.241+05:30,17.602,target_explorer_node,/rosout,endpoint_clearance_rejection,frontier,8.24,17.13,rejected,"Rejected frontier (8.24, 17.13): endpoint clearance 0.98 m is below required 1.70 m.",0.98,1.7,,,,,
23july.bag,2026-07-23T21:03:25.242+05:30,17.602,target_explorer_node,/rosout,endpoint_clearance_rejection,frontier,8.09,16.78,rejected,"Rejected frontier (8.09, 16.78): endpoint clearance 1.19 m is below required 1.70 m.",1.19,1.7,,,,,
23july.bag,2026-07-23T21:03:25.242+05:30,17.603,target_explorer_node,/rosout,endpoint_clearance_rejection,frontier,8.04,16.88,rejected,"Rejected frontier (8.04, 16.88): endpoint clearance 1.21 m is below required 1.70 m.",1.21,1.7,,,,,
23july.bag,2026-07-23T21:03:25.243+05:30,17.604,target_explorer_node,/rosout,endpoint_clearance_rejection,frontier,8.14,16.93,rejected,"Rejected frontier (8.14, 16.93): endpoint clearance 1.10 m is below required 1.70 m.",1.1,1.7,,,,,
23july.bag,2026-07-23T21:03:25.244+05:30,17.604,target_explorer_node,/rosout,endpoint_clearance_rejection,frontier,8.09,17.03,rejected,"Rejected frontier (8.09, 17.03): endpoint clearance 1.13 m is below required 1.70 m.",1.13,1.7,,,,,
23july.bag,2026-07-23T21:03:25.244+05:30,17.605,target_explorer_node,/rosout,endpoint_clearance_rejection,frontier,8.19,17.18,rejected,"Rejected frontier (8.19, 17.18): endpoint clearance 1.03 m is below required 1.70 m.",1.03,1.7,,,,,
23july.bag,2026-07-23T21:03:25.245+05:30,17.606,target_explorer_node,/rosout,endpoint_clearance_rejection,frontier,8.29,17.23,rejected,"Rejected frontier (8.29, 17.23): endpoint clearance 0.93 m is below required 1.70 m.",0.93,1.7,,,,,
23july.bag,2026-07-23T21:03:25.245+05:30,17.606,target_explorer_node,/rosout,endpoint_clearance_rejection,frontier,8.24,17.33,rejected,"Rejected frontier (8.24, 17.33): endpoint clearance 0.98 m is below required 1.70 m.",0.98,1.7,,,,,
23july.bag,2026-07-23T21:03:25.246+05:30,17.607,target_explorer_node,/rosout,endpoint_clearance_rejection,frontier,8.34,17.48,rejected,"Rejected frontier (8.34, 17.48): endpoint clearance 0.89 m is below required 1.70 m.",0.89,1.7,,,,,
23july.bag,2026-07-23T21:03:25.247+05:30,17.607,target_explorer_node,/rosout,endpoint_clearance_rejection,frontier,8.54,18.03,rejected,"Rejected frontier (8.54, 18.03): endpoint clearance 0.62 m is below required 1.70 m.",0.62,1.7,,,,,
23july.bag,2026-07-23T21:03:25.247+05:30,17.608,target_explorer_node,/rosout,endpoint_clearance_rejection,frontier,8.69,18.78,rejected,"Rejected frontier (8.69, 18.78): endpoint clearance 0.18 m is below required 1.70 m.",0.18,1.7,,,,,
23july.bag,2026-07-23T21:03:25.248+05:30,17.608,target_explorer_node,/rosout,endpoint_clearance_rejection,frontier,8.54,18.18,rejected,"Rejected frontier (8.54, 18.18): endpoint clearance 0.58 m is below required 1.70 m.",0.58,1.7,,,,,
23july.bag,2026-07-23T21:03:25.248+05:30,17.609,target_explorer_node,/rosout,endpoint_clearance_rejection,frontier,8.64,18.28,rejected,"Rejected frontier (8.64, 18.28): endpoint clearance 0.48 m is below required 1.70 m.",0.48,1.7,,,,,
23july.bag,2026-07-23T21:03:25.249+05:30,17.609,target_explorer_node,/rosout,endpoint_clearance_rejection,frontier,8.59,18.48,rejected,"Rejected frontier (8.59, 18.48): endpoint clearance 0.39 m is below required 1.70 m.",0.39,1.7,,,,,
23july.bag,2026-07-23T21:03:25.249+05:30,17.61,target_explorer_node,/rosout,endpoint_clearance_rejection,frontier,8.64,18.63,rejected,"Rejected frontier (8.64, 18.63): endpoint clearance 0.26 m is below required 1.70 m.",0.26,1.7,,,,,
23july.bag,2026-07-23T21:03:25.250+05:30,17.61,target_explorer_node,/rosout,endpoint_clearance_rejection,frontier,8.49,18.73,rejected,"Rejected frontier (8.49, 18.73): endpoint clearance 0.38 m is below required 1.70 m.",0.38,1.7,,,,,
23july.bag,2026-07-23T21:03:25.251+05:30,17.611,target_explorer_node,/rosout,endpoint_clearance_rejection,frontier,8.54,18.93,rejected,"Rejected frontier (8.54, 18.93): endpoint clearance 0.35 m is below required 1.70 m.",0.35,1.7,,,,,
23july.bag,2026-07-23T21:03:25.251+05:30,17.612,target_explorer_node,/rosout,endpoint_clearance_rejection,frontier,8.64,18.98,rejected,"Rejected frontier (8.64, 18.98): endpoint clearance 0.29 m is below required 1.70 m.",0.29,1.7,,,,,
23july.bag,2026-07-23T21:03:25.252+05:30,17.612,target_explorer_node,/rosout,endpoint_clearance_rejection,frontier,8.84,19.08,rejected,"Rejected frontier (8.84, 19.08): endpoint clearance 0.15 m is below required 1.70 m.",0.15,1.7,,,,,
23july.bag,2026-07-23T21:03:25.472+05:30,17.833,target_explorer_node,/rosout,goal_dispatch,final_or_frontier,6.99,16.33,dispatched,"Sending NavigateToPose goal (6.99, 16.33): progress=9.10 m alignment=0.882 path=12.61 m score=8.719.",,,9.1,0.882,12.61,8.719,
23july.bag,2026-07-23T21:03:25.474+05:30,17.835,target_explorer_node,/rosout,nav2_acceptance,,6.99,16.33,accepted,"Nav2 accepted goal (6.99, 16.33).",,,,,,,
23july.bag,2026-07-23T21:03:44.184+05:30,36.545,target_explorer_node,/rosout,action_result,,6.99,16.33,succeeded,"NavigateToPose succeeded for (6.99, 16.33).",,,,,,,SUCCEEDED
23july.bag,2026-07-23T21:03:44.221+05:30,36.581,target_explorer_node,/rosout,endpoint_clearance_rejection,frontier,-1.31,9.68,rejected,"Rejected frontier (-1.31, 9.68): endpoint clearance 0.03 m is below required 1.70 m.",0.03,1.7,,,,,
23july.bag,2026-07-23T21:03:44.221+05:30,36.582,target_explorer_node,/rosout,endpoint_clearance_rejection,frontier,-2.16,5.53,rejected,"Rejected frontier (-2.16, 5.53): endpoint clearance 1.38 m is below required 1.70 m.",1.38,1.7,,,,,
23july.bag,2026-07-23T21:03:44.222+05:30,36.583,target_explorer_node,/rosout,endpoint_clearance_rejection,frontier,-2.11,3.33,rejected,"Rejected frontier (-2.11, 3.33): endpoint clearance 0.95 m is below required 1.70 m.",0.95,1.7,,,,,
23july.bag,2026-07-23T21:03:44.222+05:30,36.583,target_explorer_node,/rosout,endpoint_clearance_rejection,frontier,-2.31,3.83,rejected,"Rejected frontier (-2.31, 3.83): endpoint clearance 0.43 m is below required 1.70 m.",0.43,1.7,,,,,
23july.bag,2026-07-23T21:03:44.223+05:30,36.584,target_explorer_node,/rosout,endpoint_clearance_rejection,frontier,-1.91,4.48,rejected,"Rejected frontier (-1.91, 4.48): endpoint clearance 0.73 m is below required 1.70 m.",0.73,1.7,,,,,
23july.bag,2026-07-23T21:03:44.224+05:30,36.585,target_explorer_node,/rosout,endpoint_clearance_rejection,frontier,-1.56,8.18,rejected,"Rejected frontier (-1.56, 8.18): endpoint clearance 1.45 m is below required 1.70 m.",1.45,1.7,,,,,
23july.bag,2026-07-23T21:03:44.225+05:30,36.585,target_explorer_node,/rosout,endpoint_clearance_rejection,frontier,-1.16,8.83,rejected,"Rejected frontier (-1.16, 8.83): endpoint clearance 0.75 m is below required 1.70 m.",0.75,1.7,,,,,
23july.bag,2026-07-23T21:03:44.225+05:30,36.586,target_explorer_node,/rosout,endpoint_clearance_rejection,frontier,6.99,7.23,rejected,"Rejected frontier (6.99, 7.23): endpoint clearance 0.03 m is below required 1.70 m.",0.03,1.7,,,,,
23july.bag,2026-07-23T21:03:44.226+05:30,36.587,target_explorer_node,/rosout,endpoint_clearance_rejection,frontier,5.19,6.23,rejected,"Rejected frontier (5.19, 6.23): endpoint clearance 1.31 m is below required 1.70 m.",1.31,1.7,,,,,
23july.bag,2026-07-23T21:03:44.226+05:30,36.587,target_explorer_node,/rosout,endpoint_clearance_rejection,frontier,6.04,6.73,rejected,"Rejected frontier (6.04, 6.73): endpoint clearance 0.38 m is below required 1.70 m.",0.38,1.7,,,,,
23july.bag,2026-07-23T21:03:44.227+05:30,36.588,target_explorer_node,/rosout,endpoint_clearance_rejection,frontier,7.04,7.28,rejected,"Rejected frontier (7.04, 7.28): endpoint clearance 0.03 m is below required 1.70 m.",0.03,1.7,,,,,
23july.bag,2026-07-23T21:03:44.228+05:30,36.588,target_explorer_node,/rosout,endpoint_clearance_rejection,frontier,6.94,7.38,rejected,"Rejected frontier (6.94, 7.38): endpoint clearance 0.15 m is below required 1.70 m.",0.15,1.7,,,,,
23july.bag,2026-07-23T21:03:44.228+05:30,36.589,target_explorer_node,/rosout,endpoint_clearance_rejection,frontier,6.99,7.43,rejected,"Rejected frontier (6.99, 7.43): endpoint clearance 0.18 m is below required 1.70 m.",0.18,1.7,,,,,
23july.bag,2026-07-23T21:03:44.229+05:30,36.589,target_explorer_node,/rosout,endpoint_clearance_rejection,frontier,7.09,7.43,rejected,"Rejected frontier (7.09, 7.43): endpoint clearance 0.08 m is below required 1.70 m.",0.08,1.7,,,,,
23july.bag,2026-07-23T21:03:44.229+05:30,36.59,target_explorer_node,/rosout,endpoint_clearance_rejection,frontier,7.14,7.48,rejected,"Rejected frontier (7.14, 7.48): endpoint clearance 0.08 m is below required 1.70 m.",0.08,1.7,,,,,
23july.bag,2026-07-23T21:03:44.230+05:30,36.591,target_explorer_node,/rosout,endpoint_clearance_rejection,frontier,7.19,7.48,rejected,"Rejected frontier (7.19, 7.48): endpoint clearance 0.08 m is below required 1.70 m.",0.08,1.7,,,,,
23july.bag,2026-07-23T21:03:44.231+05:30,36.591,target_explorer_node,/rosout,endpoint_clearance_rejection,frontier,7.29,7.53,rejected,"Rejected frontier (7.29, 7.53): endpoint clearance 0.04 m is below required 1.70 m.",0.04,1.7,,,,,
23july.bag,2026-07-23T21:03:44.231+05:30,36.592,target_explorer_node,/rosout,endpoint_clearance_rejection,frontier,8.69,9.48,rejected,"Rejected frontier (8.69, 9.48): endpoint clearance 0.04 m is below required 1.70 m.",0.04,1.7,,,,,
23july.bag,2026-07-23T21:03:44.232+05:30,36.593,target_explorer_node,/rosout,endpoint_clearance_rejection,frontier,8.39,9.28,rejected,"Rejected frontier (8.39, 9.28): endpoint clearance 0.36 m is below required 1.70 m.",0.36,1.7,,,,,
23july.bag,2026-07-23T21:03:44.232+05:30,36.593,target_explorer_node,/rosout,endpoint_clearance_rejection,frontier,8.09,9.08,rejected,"Rejected frontier (8.09, 9.08): endpoint clearance 0.03 m is below required 1.70 m.",0.03,1.7,,,,,
23july.bag,2026-07-23T21:03:44.233+05:30,36.594,target_explorer_node,/rosout,endpoint_clearance_rejection,frontier,8.14,9.18,rejected,"Rejected frontier (8.14, 9.18): endpoint clearance 0.13 m is below required 1.70 m.",0.13,1.7,,,,,
23july.bag,2026-07-23T21:03:44.234+05:30,36.594,target_explorer_node,/rosout,endpoint_clearance_rejection,frontier,8.19,9.18,rejected,"Rejected frontier (8.19, 9.18): endpoint clearance 0.15 m is below required 1.70 m.",0.15,1.7,,,,,
23july.bag,2026-07-23T21:03:44.234+05:30,36.595,target_explorer_node,/rosout,endpoint_clearance_rejection,frontier,8.29,9.23,rejected,"Rejected frontier (8.29, 9.23): endpoint clearance 0.25 m is below required 1.70 m.",0.25,1.7,,,,,
23july.bag,2026-07-23T21:03:44.235+05:30,36.596,target_explorer_node,/rosout,endpoint_clearance_rejection,frontier,8.34,9.28,rejected,"Rejected frontier (8.34, 9.28): endpoint clearance 0.32 m is below required 1.70 m.",0.32,1.7,,,,,
23july.bag,2026-07-23T21:03:44.236+05:30,36.596,target_explorer_node,/rosout,endpoint_clearance_rejection,frontier,8.49,9.38,rejected,"Rejected frontier (8.49, 9.38): endpoint clearance 0.26 m is below required 1.70 m.",0.26,1.7,,,,,
23july.bag,2026-07-23T21:03:44.237+05:30,36.597,target_explorer_node,/rosout,endpoint_clearance_rejection,frontier,8.69,11.38,rejected,"Rejected frontier (8.69, 11.38): endpoint clearance 0.04 m is below required 1.70 m.",0.04,1.7,,,,,
23july.bag,2026-07-23T21:03:44.237+05:30,36.598,target_explorer_node,/rosout,endpoint_clearance_rejection,frontier,8.79,11.48,rejected,"Rejected frontier (8.79, 11.48): endpoint clearance 0.18 m is below required 1.70 m.",0.18,1.7,,,,,
23july.bag,2026-07-23T21:03:44.238+05:30,36.599,target_explorer_node,/rosout,endpoint_clearance_rejection,frontier,8.89,11.53,rejected,"Rejected frontier (8.89, 11.53): endpoint clearance 0.29 m is below required 1.70 m.",0.29,1.7,,,,,
23july.bag,2026-07-23T21:03:44.238+05:30,36.599,target_explorer_node,/rosout,endpoint_clearance_rejection,frontier,8.94,11.58,rejected,"Rejected frontier (8.94, 11.58): endpoint clearance 0.30 m is below required 1.70 m.",0.3,1.7,,,,,
23july.bag,2026-07-23T21:03:44.239+05:30,36.6,target_explorer_node,/rosout,endpoint_clearance_rejection,frontier,8.99,11.58,rejected,"Rejected frontier (8.99, 11.58): endpoint clearance 0.26 m is below required 1.70 m.",0.26,1.7,,,,,
23july.bag,2026-07-23T21:03:44.240+05:30,36.6,target_explorer_node,/rosout,endpoint_clearance_rejection,frontier,9.09,11.63,rejected,"Rejected frontier (9.09, 11.63): endpoint clearance 0.15 m is below required 1.70 m.",0.15,1.7,,,,,
23july.bag,2026-07-23T21:03:44.240+05:30,36.601,target_explorer_node,/rosout,endpoint_clearance_rejection,frontier,9.14,11.68,rejected,"Rejected frontier (9.14, 11.68): endpoint clearance 0.08 m is below required 1.70 m.",0.08,1.7,,,,,
23july.bag,2026-07-23T21:03:44.241+05:30,36.601,target_explorer_node,/rosout,endpoint_clearance_rejection,frontier,9.19,11.73,rejected,"Rejected frontier (9.19, 11.73): endpoint clearance 0.03 m is below required 1.70 m.",0.03,1.7,,,,,
23july.bag,2026-07-23T21:03:44.241+05:30,36.602,target_explorer_node,/rosout,endpoint_clearance_rejection,frontier,9.29,12.13,rejected,"Rejected frontier (9.29, 12.13): endpoint clearance 0.03 m is below required 1.70 m.",0.03,1.7,,,,,
23july.bag,2026-07-23T21:03:44.242+05:30,36.602,target_explorer_node,/rosout,endpoint_clearance_rejection,frontier,9.29,12.18,rejected,"Rejected frontier (9.29, 12.18): endpoint clearance 0.08 m is below required 1.70 m.",0.08,1.7,,,,,
23july.bag,2026-07-23T21:03:44.242+05:30,36.603,target_explorer_node,/rosout,endpoint_clearance_rejection,frontier,9.39,12.23,rejected,"Rejected frontier (9.39, 12.23): endpoint clearance 0.15 m is below required 1.70 m.",0.15,1.7,,,,,
23july.bag,2026-07-23T21:03:44.243+05:30,36.604,target_explorer_node,/rosout,endpoint_clearance_rejection,frontier,9.44,12.28,rejected,"Rejected frontier (9.44, 12.28): endpoint clearance 0.22 m is below required 1.70 m.",0.22,1.7,,,,,
23july.bag,2026-07-23T21:03:44.244+05:30,36.604,target_explorer_node,/rosout,endpoint_clearance_rejection,frontier,9.49,12.33,rejected,"Rejected frontier (9.49, 12.33): endpoint clearance 0.29 m is below required 1.70 m.",0.29,1.7,,,,,
23july.bag,2026-07-23T21:03:44.244+05:30,36.605,target_explorer_node,/rosout,endpoint_clearance_rejection,frontier,9.59,12.38,rejected,"Rejected frontier (9.59, 12.38): endpoint clearance 0.19 m is below required 1.70 m.",0.19,1.7,,,,,
23july.bag,2026-07-23T21:03:44.245+05:30,36.606,target_explorer_node,/rosout,endpoint_clearance_rejection,frontier,9.69,12.43,rejected,"Rejected frontier (9.69, 12.43): endpoint clearance 0.08 m is below required 1.70 m.",0.08,1.7,,,,,
23july.bag,2026-07-23T21:03:44.246+05:30,36.606,target_explorer_node,/rosout,endpoint_clearance_rejection,frontier,9.74,12.48,rejected,"Rejected frontier (9.74, 12.48): endpoint clearance 0.03 m is below required 1.70 m.",0.03,1.7,,,,,
23july.bag,2026-07-23T21:03:44.246+05:30,36.607,target_explorer_node,/rosout,endpoint_clearance_rejection,frontier,4.64,13.18,rejected,"Rejected frontier (4.64, 13.18): endpoint clearance 0.03 m is below required 1.70 m.",0.03,1.7,,,,,
23july.bag,2026-07-23T21:03:44.247+05:30,36.608,target_explorer_node,/rosout,endpoint_clearance_rejection,frontier,4.49,12.93,rejected,"Rejected frontier (4.49, 12.93): endpoint clearance 0.04 m is below required 1.70 m.",0.04,1.7,,,,,
23july.bag,2026-07-23T21:03:44.247+05:30,36.608,target_explorer_node,/rosout,endpoint_clearance_rejection,frontier,4.44,12.58,rejected,"Rejected frontier (4.44, 12.58): endpoint clearance 0.03 m is below required 1.70 m.",0.03,1.7,,,,,
23july.bag,2026-07-23T21:03:44.248+05:30,36.609,target_explorer_node,/rosout,endpoint_clearance_rejection,frontier,4.49,12.63,rejected,"Rejected frontier (4.49, 12.63): endpoint clearance 0.03 m is below required 1.70 m.",0.03,1.7,,,,,
23july.bag,2026-07-23T21:03:44.248+05:30,36.609,target_explorer_node,/rosout,endpoint_clearance_rejection,frontier,4.49,12.68,rejected,"Rejected frontier (4.49, 12.68): endpoint clearance 0.04 m is below required 1.70 m.",0.04,1.7,,,,,
23july.bag,2026-07-23T21:03:44.249+05:30,36.61,target_explorer_node,/rosout,endpoint_clearance_rejection,frontier,4.49,12.78,rejected,"Rejected frontier (4.49, 12.78): endpoint clearance 0.08 m is below required 1.70 m.",0.08,1.7,,,,,
23july.bag,2026-07-23T21:03:44.250+05:30,36.611,target_explorer_node,/rosout,endpoint_clearance_rejection,frontier,4.59,12.93,rejected,"Rejected frontier (4.59, 12.93): endpoint clearance 0.04 m is below required 1.70 m.",0.04,1.7,,,,,
23july.bag,2026-07-23T21:03:44.250+05:30,36.611,target_explorer_node,/rosout,endpoint_clearance_rejection,frontier,4.49,12.98,rejected,"Rejected frontier (4.49, 12.98): endpoint clearance 0.08 m is below required 1.70 m.",0.08,1.7,,,,,
23july.bag,2026-07-23T21:03:44.251+05:30,36.612,target_explorer_node,/rosout,endpoint_clearance_rejection,frontier,4.59,12.98,rejected,"Rejected frontier (4.59, 12.98): endpoint clearance 0.08 m is below required 1.70 m.",0.08,1.7,,,,,
23july.bag,2026-07-23T21:03:44.252+05:30,36.612,target_explorer_node,/rosout,endpoint_clearance_rejection,frontier,10.09,12.93,rejected,"Rejected frontier (10.09, 12.93): endpoint clearance 0.03 m is below required 1.70 m.",0.03,1.7,,,,,
23july.bag,2026-07-23T21:03:44.252+05:30,36.613,target_explorer_node,/rosout,endpoint_clearance_rejection,frontier,10.09,12.98,rejected,"Rejected frontier (10.09, 12.98): endpoint clearance 0.04 m is below required 1.70 m.",0.04,1.7,,,,,
23july.bag,2026-07-23T21:03:44.253+05:30,36.614,target_explorer_node,/rosout,endpoint_clearance_rejection,frontier,10.04,13.03,rejected,"Rejected frontier (10.04, 13.03): endpoint clearance 0.04 m is below required 1.70 m.",0.04,1.7,,,,,
23july.bag,2026-07-23T21:03:44.254+05:30,36.614,target_explorer_node,/rosout,endpoint_clearance_rejection,frontier,10.04,13.08,rejected,"Rejected frontier (10.04, 13.08): endpoint clearance 0.03 m is below required 1.70 m.",0.03,1.7,,,,,
23july.bag,2026-07-23T21:03:44.254+05:30,36.615,target_explorer_node,/rosout,endpoint_clearance_rejection,frontier,10.09,13.08,rejected,"Rejected frontier (10.09, 13.08): endpoint clearance 0.08 m is below required 1.70 m.",0.08,1.7,,,,,
23july.bag,2026-07-23T21:03:44.255+05:30,36.616,target_explorer_node,/rosout,endpoint_clearance_rejection,frontier,10.19,13.13,rejected,"Rejected frontier (10.19, 13.13): endpoint clearance 0.18 m is below required 1.70 m.",0.18,1.7,,,,,
23july.bag,2026-07-23T21:03:44.255+05:30,36.616,target_explorer_node,/rosout,endpoint_clearance_rejection,frontier,10.14,13.18,rejected,"Rejected frontier (10.14, 13.18): endpoint clearance 0.13 m is below required 1.70 m.",0.13,1.7,,,,,
23july.bag,2026-07-23T21:03:44.256+05:30,36.617,target_explorer_node,/rosout,endpoint_clearance_rejection,frontier,4.64,13.28,rejected,"Rejected frontier (4.64, 13.28): endpoint clearance 0.03 m is below required 1.70 m.",0.03,1.7,,,,,
23july.bag,2026-07-23T21:03:44.256+05:30,36.617,target_explorer_node,/rosout,endpoint_clearance_rejection,frontier,4.49,14.93,rejected,"Rejected frontier (4.49, 14.93): endpoint clearance 0.92 m is below required 1.70 m.",0.92,1.7,,,,,
23july.bag,2026-07-23T21:03:44.257+05:30,36.618,target_explorer_node,/rosout,endpoint_clearance_rejection,frontier,4.29,20.13,rejected,"Rejected frontier (4.29, 20.13): endpoint clearance 1.58 m is below required 1.70 m.",1.58,1.7,,,,,
23july.bag,2026-07-23T21:03:44.258+05:30,36.618,target_explorer_node,/rosout,endpoint_clearance_rejection,frontier,4.29,21.28,rejected,"Rejected frontier (4.29, 21.28): endpoint clearance 0.66 m is below required 1.70 m.",0.66,1.7,,,,,
23july.bag,2026-07-23T21:03:44.258+05:30,36.619,target_explorer_node,/rosout,endpoint_clearance_rejection,frontier,4.49,21.73,rejected,"Rejected frontier (4.49, 21.73): endpoint clearance 0.78 m is below required 1.70 m.",0.78,1.7,,,,,
23july.bag,2026-07-23T21:03:44.259+05:30,36.619,target_explorer_node,/rosout,endpoint_clearance_rejection,frontier,9.99,13.38,rejected,"Rejected frontier (9.99, 13.38): endpoint clearance 0.04 m is below required 1.70 m.",0.04,1.7,,,,,
23july.bag,2026-07-23T21:03:44.259+05:30,36.62,target_explorer_node,/rosout,endpoint_clearance_rejection,frontier,11.24,14.18,rejected,"Rejected frontier (11.24, 14.18): endpoint clearance 0.71 m is below required 1.70 m.",0.71,1.7,,,,,
23july.bag,2026-07-23T21:03:44.260+05:30,36.62,target_explorer_node,/rosout,endpoint_clearance_rejection,frontier,10.54,13.63,rejected,"Rejected frontier (10.54, 13.63): endpoint clearance 0.53 m is below required 1.70 m.",0.53,1.7,,,,,
23july.bag,2026-07-23T21:03:44.260+05:30,36.621,target_explorer_node,/rosout,endpoint_clearance_rejection,frontier,10.59,13.73,rejected,"Rejected frontier (10.59, 13.73): endpoint clearance 0.58 m is below required 1.70 m.",0.58,1.7,,,,,
23july.bag,2026-07-23T21:03:44.261+05:30,36.621,target_explorer_node,/rosout,endpoint_clearance_rejection,frontier,10.74,13.83,rejected,"Rejected frontier (10.74, 13.83): endpoint clearance 0.73 m is below required 1.70 m.",0.73,1.7,,,,,
23july.bag,2026-07-23T21:03:44.261+05:30,36.622,target_explorer_node,/rosout,endpoint_clearance_rejection,frontier,10.79,13.93,rejected,"Rejected frontier (10.79, 13.93): endpoint clearance 0.78 m is below required 1.70 m.",0.78,1.7,,,,,
23july.bag,2026-07-23T21:03:44.262+05:30,36.622,target_explorer_node,/rosout,endpoint_clearance_rejection,frontier,11.09,14.03,rejected,"Rejected frontier (11.09, 14.03): endpoint clearance 0.83 m is below required 1.70 m.",0.83,1.7,,,,,
23july.bag,2026-07-23T21:03:44.262+05:30,36.623,target_explorer_node,/rosout,endpoint_clearance_rejection,frontier,11.39,14.28,rejected,"Rejected frontier (11.39, 14.28): endpoint clearance 0.69 m is below required 1.70 m.",0.69,1.7,,,,,
23july.bag,2026-07-23T21:03:44.262+05:30,36.623,target_explorer_node,/rosout,endpoint_clearance_rejection,frontier,11.59,14.58,rejected,"Rejected frontier (11.59, 14.58): endpoint clearance 0.53 m is below required 1.70 m.",0.53,1.7,,,,,
23july.bag,2026-07-23T21:03:44.263+05:30,36.624,target_explorer_node,/rosout,endpoint_clearance_rejection,frontier,11.79,14.68,rejected,"Rejected frontier (11.79, 14.68): endpoint clearance 0.43 m is below required 1.70 m.",0.43,1.7,,,,,
23july.bag,2026-07-23T21:03:44.263+05:30,36.624,target_explorer_node,/rosout,endpoint_clearance_rejection,frontier,11.89,14.78,rejected,"Rejected frontier (11.89, 14.78): endpoint clearance 0.35 m is below required 1.70 m.",0.35,1.7,,,,,
23july.bag,2026-07-23T21:03:44.264+05:30,36.625,target_explorer_node,/rosout,endpoint_clearance_rejection,frontier,12.14,14.98,rejected,"Rejected frontier (12.14, 14.98): endpoint clearance 0.13 m is below required 1.70 m.",0.13,1.7,,,,,
23july.bag,2026-07-23T21:03:44.264+05:30,36.625,target_explorer_node,/rosout,endpoint_clearance_rejection,frontier,10.29,14.23,rejected,"Rejected frontier (10.29, 14.23): endpoint clearance 0.28 m is below required 1.70 m.",0.28,1.7,,,,,
23july.bag,2026-07-23T21:03:44.265+05:30,36.626,target_explorer_node,/rosout,endpoint_clearance_rejection,frontier,10.44,14.08,rejected,"Rejected frontier (10.44, 14.08): endpoint clearance 0.43 m is below required 1.70 m.",0.43,1.7,,,,,
23july.bag,2026-07-23T21:03:44.265+05:30,36.626,target_explorer_node,/rosout,endpoint_clearance_rejection,frontier,10.29,13.83,rejected,"Rejected frontier (10.29, 13.83): endpoint clearance 0.28 m is below required 1.70 m.",0.28,1.7,,,,,
23july.bag,2026-07-23T21:03:44.266+05:30,36.627,target_explorer_node,/rosout,endpoint_clearance_rejection,frontier,10.34,13.88,rejected,"Rejected frontier (10.34, 13.88): endpoint clearance 0.33 m is below required 1.70 m.",0.33,1.7,,,,,
23july.bag,2026-07-23T21:03:44.267+05:30,36.627,target_explorer_node,/rosout,endpoint_clearance_rejection,frontier,10.39,13.93,rejected,"Rejected frontier (10.39, 13.93): endpoint clearance 0.38 m is below required 1.70 m.",0.38,1.7,,,,,
23july.bag,2026-07-23T21:03:44.267+05:30,36.628,target_explorer_node,/rosout,endpoint_clearance_rejection,frontier,10.34,13.98,rejected,"Rejected frontier (10.34, 13.98): endpoint clearance 0.33 m is below required 1.70 m.",0.33,1.7,,,,,
23july.bag,2026-07-23T21:03:44.268+05:30,36.628,target_explorer_node,/rosout,endpoint_clearance_rejection,frontier,10.39,14.03,rejected,"Rejected frontier (10.39, 14.03): endpoint clearance 0.38 m is below required 1.70 m.",0.38,1.7,,,,,
23july.bag,2026-07-23T21:03:44.268+05:30,36.629,target_explorer_node,/rosout,endpoint_clearance_rejection,frontier,10.34,14.28,rejected,"Rejected frontier (10.34, 14.28): endpoint clearance 0.33 m is below required 1.70 m.",0.33,1.7,,,,,
23july.bag,2026-07-23T21:03:44.269+05:30,36.629,target_explorer_node,/rosout,endpoint_clearance_rejection,frontier,10.39,14.33,rejected,"Rejected frontier (10.39, 14.33): endpoint clearance 0.38 m is below required 1.70 m.",0.38,1.7,,,,,
23july.bag,2026-07-23T21:03:44.269+05:30,36.63,target_explorer_node,/rosout,endpoint_clearance_rejection,frontier,10.54,15.23,rejected,"Rejected frontier (10.54, 15.23): endpoint clearance 0.04 m is below required 1.70 m.",0.04,1.7,,,,,
23july.bag,2026-07-23T21:03:44.270+05:30,36.63,target_explorer_node,/rosout,endpoint_clearance_rejection,frontier,11.39,15.28,rejected,"Rejected frontier (11.39, 15.28): endpoint clearance 0.24 m is below required 1.70 m.",0.24,1.7,,,,,
23july.bag,2026-07-23T21:03:44.270+05:30,36.631,target_explorer_node,/rosout,endpoint_clearance_rejection,frontier,10.64,14.08,rejected,"Rejected frontier (10.64, 14.08): endpoint clearance 0.63 m is below required 1.70 m.",0.63,1.7,,,,,
23july.bag,2026-07-23T21:03:44.271+05:30,36.631,target_explorer_node,/rosout,endpoint_clearance_rejection,frontier,10.74,14.43,rejected,"Rejected frontier (10.74, 14.43): endpoint clearance 0.46 m is below required 1.70 m.",0.46,1.7,,,,,
23july.bag,2026-07-23T21:03:44.271+05:30,36.632,target_explorer_node,/rosout,endpoint_clearance_rejection,frontier,10.94,14.73,rejected,"Rejected frontier (10.94, 14.73): endpoint clearance 0.13 m is below required 1.70 m.",0.13,1.7,,,,,
23july.bag,2026-07-23T21:03:44.272+05:30,36.632,target_explorer_node,/rosout,endpoint_clearance_rejection,frontier,11.74,14.93,rejected,"Rejected frontier (11.74, 14.93): endpoint clearance 0.18 m is below required 1.70 m.",0.18,1.7,,,,,
23july.bag,2026-07-23T21:03:44.272+05:30,36.633,target_explorer_node,/rosout,endpoint_clearance_rejection,frontier,11.39,15.13,rejected,"Rejected frontier (11.39, 15.13): endpoint clearance 0.28 m is below required 1.70 m.",0.28,1.7,,,,,
23july.bag,2026-07-23T21:03:44.273+05:30,36.633,target_explorer_node,/rosout,endpoint_clearance_rejection,frontier,11.54,15.28,rejected,"Rejected frontier (11.54, 15.28): endpoint clearance 0.18 m is below required 1.70 m.",0.18,1.7,,,,,
23july.bag,2026-07-23T21:03:44.273+05:30,36.634,target_explorer_node,/rosout,endpoint_clearance_rejection,frontier,10.84,15.43,rejected,"Rejected frontier (10.84, 15.43): endpoint clearance 0.28 m is below required 1.70 m.",0.28,1.7,,,,,
23july.bag,2026-07-23T21:03:44.273+05:30,36.634,target_explorer_node,/rosout,endpoint_clearance_rejection,frontier,11.04,15.58,rejected,"Rejected frontier (11.04, 15.58): endpoint clearance 0.19 m is below required 1.70 m.",0.19,1.7,,,,,
23july.bag,2026-07-23T21:03:44.274+05:30,36.635,target_explorer_node,/rosout,endpoint_clearance_rejection,frontier,11.34,15.73,rejected,"Rejected frontier (11.34, 15.73): endpoint clearance 0.37 m is below required 1.70 m.",0.37,1.7,,,,,
23july.bag,2026-07-23T21:03:44.275+05:30,36.635,target_explorer_node,/rosout,endpoint_clearance_rejection,frontier,11.94,15.88,rejected,"Rejected frontier (11.94, 15.88): endpoint clearance 0.73 m is below required 1.70 m.",0.73,1.7,,,,,
23july.bag,2026-07-23T21:03:44.275+05:30,36.636,target_explorer_node,/rosout,endpoint_clearance_rejection,frontier,10.44,15.03,rejected,"Rejected frontier (10.44, 15.03): endpoint clearance 0.03 m is below required 1.70 m.",0.03,1.7,,,,,
23july.bag,2026-07-23T21:03:44.276+05:30,36.636,target_explorer_node,/rosout,endpoint_clearance_rejection,frontier,10.64,15.03,rejected,"Rejected frontier (10.64, 15.03): endpoint clearance 0.23 m is below required 1.70 m.",0.23,1.7,,,,,
23july.bag,2026-07-23T21:03:44.276+05:30,36.637,target_explorer_node,/rosout,endpoint_clearance_rejection,frontier,10.59,14.83,rejected,"Rejected frontier (10.59, 14.83): endpoint clearance 0.18 m is below required 1.70 m.",0.18,1.7,,,,,
23july.bag,2026-07-23T21:03:44.277+05:30,36.638,target_explorer_node,/rosout,endpoint_clearance_rejection,frontier,10.64,14.88,rejected,"Rejected frontier (10.64, 14.88): endpoint clearance 0.24 m is below required 1.70 m.",0.24,1.7,,,,,
23july.bag,2026-07-23T21:03:44.277+05:30,36.638,target_explorer_node,/rosout,endpoint_clearance_rejection,frontier,10.69,14.93,rejected,"Rejected frontier (10.69, 14.93): endpoint clearance 0.28 m is below required 1.70 m.",0.28,1.7,,,,,
23july.bag,2026-07-23T21:03:44.278+05:30,36.639,target_explorer_node,/rosout,endpoint_clearance_rejection,frontier,10.54,14.98,rejected,"Rejected frontier (10.54, 14.98): endpoint clearance 0.13 m is below required 1.70 m.",0.13,1.7,,,,,
23july.bag,2026-07-23T21:03:44.278+05:30,36.639,target_explorer_node,/rosout,endpoint_clearance_rejection,frontier,10.74,14.98,rejected,"Rejected frontier (10.74, 14.98): endpoint clearance 0.24 m is below required 1.70 m.",0.24,1.7,,,,,
23july.bag,2026-07-23T21:03:44.279+05:30,36.64,target_explorer_node,/rosout,endpoint_clearance_rejection,frontier,10.79,15.03,rejected,"Rejected frontier (10.79, 15.03): endpoint clearance 0.22 m is below required 1.70 m.",0.22,1.7,,,,,
23july.bag,2026-07-23T21:03:44.280+05:30,36.64,target_explorer_node,/rosout,endpoint_clearance_rejection,frontier,10.64,15.08,rejected,"Rejected frontier (10.64, 15.08): endpoint clearance 0.22 m is below required 1.70 m.",0.22,1.7,,,,,
23july.bag,2026-07-23T21:03:44.280+05:30,36.641,target_explorer_node,/rosout,endpoint_clearance_rejection,frontier,10.74,15.08,rejected,"Rejected frontier (10.74, 15.08): endpoint clearance 0.29 m is below required 1.70 m.",0.29,1.7,,,,,
23july.bag,2026-07-23T21:03:44.281+05:30,36.641,target_explorer_node,/rosout,endpoint_clearance_rejection,frontier,10.54,15.13,rejected,"Rejected frontier (10.54, 15.13): endpoint clearance 0.11 m is below required 1.70 m.",0.11,1.7,,,,,
23july.bag,2026-07-23T21:03:44.281+05:30,36.642,target_explorer_node,/rosout,endpoint_clearance_rejection,frontier,4.84,15.58,rejected,"Rejected frontier (4.84, 15.58): endpoint clearance 1.53 m is below required 1.70 m.",1.53,1.7,,,,,
23july.bag,2026-07-23T21:03:44.282+05:30,36.642,target_explorer_node,/rosout,endpoint_clearance_rejection,frontier,4.64,15.23,rejected,"Rejected frontier (4.64, 15.23): endpoint clearance 1.18 m is below required 1.70 m.",1.18,1.7,,,,,
23july.bag,2026-07-23T21:03:44.282+05:30,36.643,target_explorer_node,/rosout,endpoint_clearance_rejection,frontier,4.59,14.88,rejected,"Rejected frontier (4.59, 14.88): endpoint clearance 0.84 m is below required 1.70 m.",0.84,1.7,,,,,
23july.bag,2026-07-23T21:03:44.283+05:30,36.644,target_explorer_node,/rosout,endpoint_clearance_rejection,frontier,4.54,14.98,rejected,"Rejected frontier (4.54, 14.98): endpoint clearance 0.95 m is below required 1.70 m.",0.95,1.7,,,,,
23july.bag,2026-07-23T21:03:44.283+05:30,36.644,target_explorer_node,/rosout,endpoint_clearance_rejection,frontier,4.64,15.03,rejected,"Rejected frontier (4.64, 15.03): endpoint clearance 0.98 m is below required 1.70 m.",0.98,1.7,,,,,
23july.bag,2026-07-23T21:03:44.284+05:30,36.645,target_explorer_node,/rosout,endpoint_clearance_rejection,frontier,4.54,15.13,rejected,"Rejected frontier (4.54, 15.13): endpoint clearance 1.10 m is below required 1.70 m.",1.1,1.7,,,,,
23july.bag,2026-07-23T21:03:44.285+05:30,36.645,target_explorer_node,/rosout,endpoint_clearance_rejection,frontier,4.54,15.28,rejected,"Rejected frontier (4.54, 15.28): endpoint clearance 1.25 m is below required 1.70 m.",1.25,1.7,,,,,
23july.bag,2026-07-23T21:03:44.285+05:30,36.646,target_explorer_node,/rosout,endpoint_clearance_rejection,frontier,4.69,15.33,rejected,"Rejected frontier (4.69, 15.33): endpoint clearance 1.28 m is below required 1.70 m.",1.28,1.7,,,,,
23july.bag,2026-07-23T21:03:44.286+05:30,36.646,target_explorer_node,/rosout,endpoint_clearance_rejection,frontier,4.59,15.43,rejected,"Rejected frontier (4.59, 15.43): endpoint clearance 1.39 m is below required 1.70 m.",1.39,1.7,,,,,
23july.bag,2026-07-23T21:03:44.286+05:30,36.647,target_explorer_node,/rosout,endpoint_clearance_rejection,frontier,4.59,15.48,rejected,"Rejected frontier (4.59, 15.48): endpoint clearance 1.44 m is below required 1.70 m.",1.44,1.7,,,,,
23july.bag,2026-07-23T21:03:44.287+05:30,36.648,target_explorer_node,/rosout,endpoint_clearance_rejection,frontier,9.19,18.43,rejected,"Rejected frontier (9.19, 18.43): endpoint clearance 0.03 m is below required 1.70 m.",0.03,1.7,,,,,
23july.bag,2026-07-23T21:03:44.288+05:30,36.648,target_explorer_node,/rosout,endpoint_clearance_rejection,frontier,9.29,18.78,rejected,"Rejected frontier (9.29, 18.78): endpoint clearance 0.18 m is below required 1.70 m.",0.18,1.7,,,,,
23july.bag,2026-07-23T21:03:44.288+05:30,36.649,target_explorer_node,/rosout,endpoint_clearance_rejection,frontier,9.19,18.48,rejected,"Rejected frontier (9.19, 18.48): endpoint clearance 0.08 m is below required 1.70 m.",0.08,1.7,,,,,
23july.bag,2026-07-23T21:03:44.289+05:30,36.649,target_explorer_node,/rosout,endpoint_clearance_rejection,frontier,9.24,18.58,rejected,"Rejected frontier (9.24, 18.58): endpoint clearance 0.18 m is below required 1.70 m.",0.18,1.7,,,,,
23july.bag,2026-07-23T21:03:44.289+05:30,36.65,target_explorer_node,/rosout,endpoint_clearance_rejection,frontier,9.24,18.68,rejected,"Rejected frontier (9.24, 18.68): endpoint clearance 0.28 m is below required 1.70 m.",0.28,1.7,,,,,
23july.bag,2026-07-23T21:03:44.290+05:30,36.65,target_explorer_node,/rosout,endpoint_clearance_rejection,frontier,9.29,18.73,rejected,"Rejected frontier (9.29, 18.73): endpoint clearance 0.23 m is below required 1.70 m.",0.23,1.7,,,,,
23july.bag,2026-07-23T21:03:44.290+05:30,36.651,target_explorer_node,/rosout,endpoint_clearance_rejection,frontier,9.34,18.88,rejected,"Rejected frontier (9.34, 18.88): endpoint clearance 0.08 m is below required 1.70 m.",0.08,1.7,,,,,
23july.bag,2026-07-23T21:03:44.291+05:30,36.652,target_explorer_node,/rosout,endpoint_clearance_rejection,frontier,9.39,18.93,rejected,"Rejected frontier (9.39, 18.93): endpoint clearance 0.08 m is below required 1.70 m.",0.08,1.7,,,,,
23july.bag,2026-07-23T21:03:44.292+05:30,36.652,target_explorer_node,/rosout,endpoint_clearance_rejection,frontier,9.39,18.98,rejected,"Rejected frontier (9.39, 18.98): endpoint clearance 0.08 m is below required 1.70 m.",0.08,1.7,,,,,
23july.bag,2026-07-23T21:03:44.292+05:30,36.653,target_explorer_node,/rosout,endpoint_clearance_rejection,frontier,8.44,19.68,rejected,"Rejected frontier (8.44, 19.68): endpoint clearance 0.04 m is below required 1.70 m.",0.04,1.7,,,,,
23july.bag,2026-07-23T21:03:44.292+05:30,36.653,target_explorer_node,/rosout,endpoint_clearance_rejection,frontier,8.94,21.03,rejected,"Rejected frontier (8.94, 21.03): endpoint clearance 0.71 m is below required 1.70 m.",0.71,1.7,,,,,
23july.bag,2026-07-23T21:03:44.293+05:30,36.654,target_explorer_node,/rosout,endpoint_clearance_rejection,frontier,8.44,19.98,rejected,"Rejected frontier (8.44, 19.98): endpoint clearance 0.15 m is below required 1.70 m.",0.15,1.7,,,,,
23july.bag,2026-07-23T21:03:44.293+05:30,36.654,target_explorer_node,/rosout,endpoint_clearance_rejection,frontier,8.59,20.23,rejected,"Rejected frontier (8.59, 20.23): endpoint clearance 0.40 m is below required 1.70 m.",0.4,1.7,,,,,
23july.bag,2026-07-23T21:03:44.294+05:30,36.654,target_explorer_node,/rosout,endpoint_clearance_rejection,frontier,8.69,20.48,rejected,"Rejected frontier (8.69, 20.48): endpoint clearance 0.51 m is below required 1.70 m.",0.51,1.7,,,,,
23july.bag,2026-07-23T21:03:44.294+05:30,36.655,target_explorer_node,/rosout,endpoint_clearance_rejection,frontier,8.79,20.78,rejected,"Rejected frontier (8.79, 20.78): endpoint clearance 0.53 m is below required 1.70 m.",0.53,1.7,,,,,
23july.bag,2026-07-23T21:03:44.295+05:30,36.655,target_explorer_node,/rosout,endpoint_clearance_rejection,frontier,9.04,21.23,rejected,"Rejected frontier (9.04, 21.23): endpoint clearance 0.88 m is below required 1.70 m.",0.88,1.7,,,,,
23july.bag,2026-07-23T21:03:44.295+05:30,36.656,target_explorer_node,/rosout,endpoint_clearance_rejection,frontier,9.14,21.48,rejected,"Rejected frontier (9.14, 21.48): endpoint clearance 1.11 m is below required 1.70 m.",1.11,1.7,,,,,
23july.bag,2026-07-23T21:03:44.296+05:30,36.656,target_explorer_node,/rosout,endpoint_clearance_rejection,frontier,9.24,21.68,rejected,"Rejected frontier (9.24, 21.68): endpoint clearance 1.31 m is below required 1.70 m.",1.31,1.7,,,,,
23july.bag,2026-07-23T21:03:44.296+05:30,36.657,target_explorer_node,/rosout,endpoint_clearance_rejection,frontier,9.34,21.88,rejected,"Rejected frontier (9.34, 21.88): endpoint clearance 1.52 m is below required 1.70 m.",1.52,1.7,,,,,
23july.bag,2026-07-23T21:03:44.297+05:30,36.657,target_explorer_node,/rosout,endpoint_clearance_rejection,frontier,7.99,20.18,rejected,"Rejected frontier (7.99, 20.18): endpoint clearance 0.03 m is below required 1.70 m.",0.03,1.7,,,,,
23july.bag,2026-07-23T21:03:44.297+05:30,36.658,target_explorer_node,/rosout,endpoint_clearance_rejection,frontier,7.94,20.58,rejected,"Rejected frontier (7.94, 20.58): endpoint clearance 0.22 m is below required 1.70 m.",0.22,1.7,,,,,
23july.bag,2026-07-23T21:03:44.298+05:30,36.658,target_explorer_node,/rosout,endpoint_clearance_rejection,frontier,8.04,20.33,rejected,"Rejected frontier (8.04, 20.33): endpoint clearance 0.11 m is below required 1.70 m.",0.11,1.7,,,,,
23july.bag,2026-07-23T21:03:44.298+05:30,36.659,target_explorer_node,/rosout,endpoint_clearance_rejection,frontier,7.84,20.43,rejected,"Rejected frontier (7.84, 20.43): endpoint clearance 0.04 m is below required 1.70 m.",0.04,1.7,,,,,
23july.bag,2026-07-23T21:03:44.299+05:30,36.659,target_explorer_node,/rosout,endpoint_clearance_rejection,frontier,7.89,20.48,rejected,"Rejected frontier (7.89, 20.48): endpoint clearance 0.11 m is below required 1.70 m.",0.11,1.7,,,,,
23july.bag,2026-07-23T21:03:44.299+05:30,36.66,target_explorer_node,/rosout,endpoint_clearance_rejection,frontier,8.09,20.53,rejected,"Rejected frontier (8.09, 20.53): endpoint clearance 0.26 m is below required 1.70 m.",0.26,1.7,,,,,
23july.bag,2026-07-23T21:03:44.300+05:30,36.661,target_explorer_node,/rosout,endpoint_clearance_rejection,frontier,7.84,20.63,rejected,"Rejected frontier (7.84, 20.63): endpoint clearance 0.15 m is below required 1.70 m.",0.15,1.7,,,,,
23july.bag,2026-07-23T21:03:44.301+05:30,36.661,target_explorer_node,/rosout,endpoint_clearance_rejection,frontier,8.09,20.63,rejected,"Rejected frontier (8.09, 20.63): endpoint clearance 0.18 m is below required 1.70 m.",0.18,1.7,,,,,
23july.bag,2026-07-23T21:03:44.301+05:30,36.662,target_explorer_node,/rosout,endpoint_clearance_rejection,frontier,8.04,20.68,rejected,"Rejected frontier (8.04, 20.68): endpoint clearance 0.19 m is below required 1.70 m.",0.19,1.7,,,,,
23july.bag,2026-07-23T21:03:44.302+05:30,36.663,target_explorer_node,/rosout,endpoint_clearance_rejection,frontier,7.74,20.78,rejected,"Rejected frontier (7.74, 20.78): endpoint clearance 0.13 m is below required 1.70 m.",0.13,1.7,,,,,
23july.bag,2026-07-23T21:03:44.303+05:30,36.664,target_explorer_node,/rosout,endpoint_clearance_rejection,frontier,4.64,22.13,rejected,"Rejected frontier (4.64, 22.13): endpoint clearance 0.66 m is below required 1.70 m.",0.66,1.7,,,,,
23july.bag,2026-07-23T21:03:44.304+05:30,36.665,target_explorer_node,/rosout,endpoint_clearance_rejection,frontier,4.74,22.33,rejected,"Rejected frontier (4.74, 22.33): endpoint clearance 0.44 m is below required 1.70 m.",0.44,1.7,,,,,
23july.bag,2026-07-23T21:03:44.307+05:30,36.668,target_explorer_node,/rosout,endpoint_clearance_rejection,frontier,4.59,22.18,rejected,"Rejected frontier (4.59, 22.18): endpoint clearance 0.65 m is below required 1.70 m.",0.65,1.7,,,,,
23july.bag,2026-07-23T21:03:44.308+05:30,36.668,target_explorer_node,/rosout,endpoint_clearance_rejection,frontier,4.69,22.18,rejected,"Rejected frontier (4.69, 22.18): endpoint clearance 0.59 m is below required 1.70 m.",0.59,1.7,,,,,
23july.bag,2026-07-23T21:03:44.308+05:30,36.668,target_explorer_node,/rosout,endpoint_clearance_rejection,frontier,4.64,22.28,rejected,"Rejected frontier (4.64, 22.28): endpoint clearance 0.54 m is below required 1.70 m.",0.54,1.7,,,,,
23july.bag,2026-07-23T21:03:44.308+05:30,36.668,target_explorer_node,/rosout,endpoint_clearance_rejection,frontier,4.64,22.38,rejected,"Rejected frontier (4.64, 22.38): endpoint clearance 0.46 m is below required 1.70 m.",0.46,1.7,,,,,
23july.bag,2026-07-23T21:03:44.308+05:30,36.669,target_explorer_node,/rosout,endpoint_clearance_rejection,frontier,4.79,22.38,rejected,"Rejected frontier (4.79, 22.38): endpoint clearance 0.37 m is below required 1.70 m.",0.37,1.7,,,,,
23july.bag,2026-07-23T21:03:44.309+05:30,36.669,target_explorer_node,/rosout,endpoint_clearance_rejection,frontier,4.54,22.28,rejected,"Rejected frontier (4.54, 22.28): endpoint clearance 0.60 m is below required 1.70 m.",0.6,1.7,,,,,
23july.bag,2026-07-23T21:03:44.309+05:30,36.67,target_explorer_node,/rosout,endpoint_clearance_rejection,frontier,4.64,22.63,rejected,"Rejected frontier (4.64, 22.63): endpoint clearance 0.29 m is below required 1.70 m.",0.29,1.7,,,,,
23july.bag,2026-07-23T21:03:44.310+05:30,36.671,target_explorer_node,/rosout,endpoint_clearance_rejection,frontier,4.64,22.48,rejected,"Rejected frontier (4.64, 22.48): endpoint clearance 0.40 m is below required 1.70 m.",0.4,1.7,,,,,
23july.bag,2026-07-23T21:03:44.311+05:30,36.672,target_explorer_node,/rosout,endpoint_clearance_rejection,frontier,4.69,22.58,rejected,"Rejected frontier (4.69, 22.58): endpoint clearance 0.30 m is below required 1.70 m.",0.3,1.7,,,,,
23july.bag,2026-07-23T21:03:44.312+05:30,36.672,target_explorer_node,/rosout,endpoint_clearance_rejection,frontier,4.69,22.68,rejected,"Rejected frontier (4.69, 22.68): endpoint clearance 0.22 m is below required 1.70 m.",0.22,1.7,,,,,
23july.bag,2026-07-23T21:03:44.312+05:30,36.673,target_explorer_node,/rosout,endpoint_clearance_rejection,frontier,4.69,22.78,rejected,"Rejected frontier (4.69, 22.78): endpoint clearance 0.15 m is below required 1.70 m.",0.15,1.7,,,,,
23july.bag,2026-07-23T21:03:44.367+05:30,36.727,target_explorer_node,/rosout,goal_dispatch,final_or_frontier,4.39,18.93,dispatched,"Sending NavigateToPose goal (4.39, 18.93): progress=3.72 m alignment=0.996 path=3.72 m score=4.345.",,,3.72,0.996,3.72,4.345,
23july.bag,2026-07-23T21:03:44.370+05:30,36.73,target_explorer_node,/rosout,nav2_acceptance,,4.39,18.93,accepted,"Nav2 accepted goal (4.39, 18.93).",,,,,,,
23july.bag,2026-07-23T21:03:48.199+05:30,40.559,target_explorer_node,/rosout,active_goal_safety_cancellation,,4.39,18.93,cancel_requested,latest map places an obstacle 1.26 m from the endpoint; required clearance is 1.70 m.,,,,,,,
23july.bag,2026-07-23T21:03:48.200+05:30,40.561,target_explorer_node,/rosout,waiting,,,,deferred,Nav2 accepted the cancellation; waiting for the action result before selecting another goal.,,,,,,,
23july.bag,2026-07-23T21:03:48.229+05:30,40.59,target_explorer_node,/rosout,action_result,,4.39,18.93,canceled,"NavigateToPose cancellation completed for (4.39, 18.93).",,,,,,,CANCELED
23july.bag,2026-07-23T21:03:48.299+05:30,40.66,target_explorer_node,/rosout,endpoint_clearance_rejection,final_target,1.0,24.0,rejected,"Rejected final target (1.00, 24.00): endpoint clearance 0.96 m is below required 1.70 m.",0.96,1.7,,,,,
23july.bag,2026-07-23T21:03:48.322+05:30,40.683,target_explorer_node,/rosout,endpoint_clearance_rejection,frontier,-1.31,9.68,rejected,"Rejected frontier (-1.31, 9.68): endpoint clearance 0.03 m is below required 1.70 m.",0.03,1.7,,,,,
23july.bag,2026-07-23T21:03:48.323+05:30,40.683,target_explorer_node,/rosout,endpoint_clearance_rejection,frontier,-2.16,5.53,rejected,"Rejected frontier (-2.16, 5.53): endpoint clearance 1.38 m is below required 1.70 m.",1.38,1.7,,,,,
23july.bag,2026-07-23T21:03:48.323+05:30,40.684,target_explorer_node,/rosout,endpoint_clearance_rejection,frontier,-2.11,3.33,rejected,"Rejected frontier (-2.11, 3.33): endpoint clearance 0.95 m is below required 1.70 m.",0.95,1.7,,,,,
23july.bag,2026-07-23T21:03:48.324+05:30,40.685,target_explorer_node,/rosout,endpoint_clearance_rejection,frontier,-2.31,3.83,rejected,"Rejected frontier (-2.31, 3.83): endpoint clearance 0.43 m is below required 1.70 m.",0.43,1.7,,,,,
23july.bag,2026-07-23T21:03:48.324+05:30,40.685,target_explorer_node,/rosout,endpoint_clearance_rejection,frontier,-1.91,4.48,rejected,"Rejected frontier (-1.91, 4.48): endpoint clearance 0.73 m is below required 1.70 m.",0.73,1.7,,,,,
23july.bag,2026-07-23T21:03:48.325+05:30,40.686,target_explorer_node,/rosout,endpoint_clearance_rejection,frontier,-1.56,8.18,rejected,"Rejected frontier (-1.56, 8.18): endpoint clearance 1.45 m is below required 1.70 m.",1.45,1.7,,,,,
23july.bag,2026-07-23T21:03:48.325+05:30,40.686,target_explorer_node,/rosout,endpoint_clearance_rejection,frontier,-1.16,8.83,rejected,"Rejected frontier (-1.16, 8.83): endpoint clearance 0.75 m is below required 1.70 m.",0.75,1.7,,,,,
23july.bag,2026-07-23T21:03:48.326+05:30,40.687,target_explorer_node,/rosout,endpoint_clearance_rejection,frontier,6.99,7.23,rejected,"Rejected frontier (6.99, 7.23): endpoint clearance 0.03 m is below required 1.70 m.",0.03,1.7,,,,,
23july.bag,2026-07-23T21:03:48.327+05:30,40.687,target_explorer_node,/rosout,endpoint_clearance_rejection,frontier,5.19,6.23,rejected,"Rejected frontier (5.19, 6.23): endpoint clearance 1.31 m is below required 1.70 m.",1.31,1.7,,,,,
23july.bag,2026-07-23T21:03:48.327+05:30,40.688,target_explorer_node,/rosout,endpoint_clearance_rejection,frontier,6.04,6.73,rejected,"Rejected frontier (6.04, 6.73): endpoint clearance 0.38 m is below required 1.70 m.",0.38,1.7,,,,,
23july.bag,2026-07-23T21:03:48.328+05:30,40.688,target_explorer_node,/rosout,endpoint_clearance_rejection,frontier,7.04,7.28,rejected,"Rejected frontier (7.04, 7.28): endpoint clearance 0.03 m is below required 1.70 m.",0.03,1.7,,,,,
23july.bag,2026-07-23T21:03:48.329+05:30,40.689,target_explorer_node,/rosout,endpoint_clearance_rejection,frontier,6.94,7.38,rejected,"Rejected frontier (6.94, 7.38): endpoint clearance 0.15 m is below required 1.70 m.",0.15,1.7,,,,,
23july.bag,2026-07-23T21:03:48.329+05:30,40.69,target_explorer_node,/rosout,endpoint_clearance_rejection,frontier,6.99,7.43,rejected,"Rejected frontier (6.99, 7.43): endpoint clearance 0.18 m is below required 1.70 m.",0.18,1.7,,,,,
23july.bag,2026-07-23T21:03:48.330+05:30,40.691,target_explorer_node,/rosout,endpoint_clearance_rejection,frontier,7.09,7.43,rejected,"Rejected frontier (7.09, 7.43): endpoint clearance 0.08 m is below required 1.70 m.",0.08,1.7,,,,,
23july.bag,2026-07-23T21:03:48.331+05:30,40.691,target_explorer_node,/rosout,endpoint_clearance_rejection,frontier,7.14,7.48,rejected,"Rejected frontier (7.14, 7.48): endpoint clearance 0.08 m is below required 1.70 m.",0.08,1.7,,,,,
23july.bag,2026-07-23T21:03:48.331+05:30,40.692,target_explorer_node,/rosout,endpoint_clearance_rejection,frontier,7.19,7.48,rejected,"Rejected frontier (7.19, 7.48): endpoint clearance 0.08 m is below required 1.70 m.",0.08,1.7,,,,,
23july.bag,2026-07-23T21:03:48.332+05:30,40.692,target_explorer_node,/rosout,endpoint_clearance_rejection,frontier,7.29,7.53,rejected,"Rejected frontier (7.29, 7.53): endpoint clearance 0.04 m is below required 1.70 m.",0.04,1.7,,,,,
23july.bag,2026-07-23T21:03:48.333+05:30,40.693,target_explorer_node,/rosout,endpoint_clearance_rejection,frontier,8.69,9.48,rejected,"Rejected frontier (8.69, 9.48): endpoint clearance 0.04 m is below required 1.70 m.",0.04,1.7,,,,,
23july.bag,2026-07-23T21:03:48.333+05:30,40.694,target_explorer_node,/rosout,endpoint_clearance_rejection,frontier,8.39,9.28,rejected,"Rejected frontier (8.39, 9.28): endpoint clearance 0.36 m is below required 1.70 m.",0.36,1.7,,,,,
23july.bag,2026-07-23T21:03:48.334+05:30,40.694,target_explorer_node,/rosout,endpoint_clearance_rejection,frontier,8.09,9.08,rejected,"Rejected frontier (8.09, 9.08): endpoint clearance 0.03 m is below required 1.70 m.",0.03,1.7,,,,,
23july.bag,2026-07-23T21:03:48.334+05:30,40.695,target_explorer_node,/rosout,endpoint_clearance_rejection,frontier,8.14,9.18,rejected,"Rejected frontier (8.14, 9.18): endpoint clearance 0.13 m is below required 1.70 m.",0.13,1.7,,,,,
23july.bag,2026-07-23T21:03:48.335+05:30,40.696,target_explorer_node,/rosout,endpoint_clearance_rejection,frontier,8.19,9.18,rejected,"Rejected frontier (8.19, 9.18): endpoint clearance 0.15 m is below required 1.70 m.",0.15,1.7,,,,,
23july.bag,2026-07-23T21:03:48.336+05:30,40.696,target_explorer_node,/rosout,endpoint_clearance_rejection,frontier,8.29,9.23,rejected,"Rejected frontier (8.29, 9.23): endpoint clearance 0.25 m is below required 1.70 m.",0.25,1.7,,,,,
23july.bag,2026-07-23T21:03:48.336+05:30,40.697,target_explorer_node,/rosout,endpoint_clearance_rejection,frontier,8.34,9.28,rejected,"Rejected frontier (8.34, 9.28): endpoint clearance 0.32 m is below required 1.70 m.",0.32,1.7,,,,,
23july.bag,2026-07-23T21:03:48.337+05:30,40.698,target_explorer_node,/rosout,endpoint_clearance_rejection,frontier,8.49,9.38,rejected,"Rejected frontier (8.49, 9.38): endpoint clearance 0.26 m is below required 1.70 m.",0.26,1.7,,,,,
23july.bag,2026-07-23T21:03:48.338+05:30,40.698,target_explorer_node,/rosout,endpoint_clearance_rejection,frontier,8.69,11.38,rejected,"Rejected frontier (8.69, 11.38): endpoint clearance 0.04 m is below required 1.70 m.",0.04,1.7,,,,,
23july.bag,2026-07-23T21:03:48.339+05:30,40.699,target_explorer_node,/rosout,endpoint_clearance_rejection,frontier,8.79,11.48,rejected,"Rejected frontier (8.79, 11.48): endpoint clearance 0.18 m is below required 1.70 m.",0.18,1.7,,,,,
23july.bag,2026-07-23T21:03:48.339+05:30,40.7,target_explorer_node,/rosout,endpoint_clearance_rejection,frontier,8.89,11.53,rejected,"Rejected frontier (8.89, 11.53): endpoint clearance 0.29 m is below required 1.70 m.",0.29,1.7,,,,,
23july.bag,2026-07-23T21:03:48.340+05:30,40.701,target_explorer_node,/rosout,endpoint_clearance_rejection,frontier,8.94,11.58,rejected,"Rejected frontier (8.94, 11.58): endpoint clearance 0.30 m is below required 1.70 m.",0.3,1.7,,,,,
23july.bag,2026-07-23T21:03:48.341+05:30,40.701,target_explorer_node,/rosout,endpoint_clearance_rejection,frontier,8.99,11.58,rejected,"Rejected frontier (8.99, 11.58): endpoint clearance 0.26 m is below required 1.70 m.",0.26,1.7,,,,,
23july.bag,2026-07-23T21:03:48.341+05:30,40.702,target_explorer_node,/rosout,endpoint_clearance_rejection,frontier,9.09,11.63,rejected,"Rejected frontier (9.09, 11.63): endpoint clearance 0.15 m is below required 1.70 m.",0.15,1.7,,,,,
23july.bag,2026-07-23T21:03:48.342+05:30,40.703,target_explorer_node,/rosout,endpoint_clearance_rejection,frontier,9.14,11.68,rejected,"Rejected frontier (9.14, 11.68): endpoint clearance 0.08 m is below required 1.70 m.",0.08,1.7,,,,,
23july.bag,2026-07-23T21:03:48.343+05:30,40.703,target_explorer_node,/rosout,endpoint_clearance_rejection,frontier,9.19,11.73,rejected,"Rejected frontier (9.19, 11.73): endpoint clearance 0.03 m is below required 1.70 m.",0.03,1.7,,,,,
23july.bag,2026-07-23T21:03:48.343+05:30,40.704,target_explorer_node,/rosout,endpoint_clearance_rejection,frontier,9.29,12.13,rejected,"Rejected frontier (9.29, 12.13): endpoint clearance 0.03 m is below required 1.70 m.",0.03,1.7,,,,,
23july.bag,2026-07-23T21:03:48.344+05:30,40.704,target_explorer_node,/rosout,endpoint_clearance_rejection,frontier,9.29,12.18,rejected,"Rejected frontier (9.29, 12.18): endpoint clearance 0.08 m is below required 1.70 m.",0.08,1.7,,,,,
23july.bag,2026-07-23T21:03:48.344+05:30,40.705,target_explorer_node,/rosout,endpoint_clearance_rejection,frontier,9.39,12.23,rejected,"Rejected frontier (9.39, 12.23): endpoint clearance 0.15 m is below required 1.70 m.",0.15,1.7,,,,,
23july.bag,2026-07-23T21:03:48.345+05:30,40.706,target_explorer_node,/rosout,endpoint_clearance_rejection,frontier,9.44,12.28,rejected,"Rejected frontier (9.44, 12.28): endpoint clearance 0.22 m is below required 1.70 m.",0.22,1.7,,,,,
23july.bag,2026-07-23T21:03:48.345+05:30,40.706,target_explorer_node,/rosout,endpoint_clearance_rejection,frontier,9.49,12.33,rejected,"Rejected frontier (9.49, 12.33): endpoint clearance 0.29 m is below required 1.70 m.",0.29,1.7,,,,,
23july.bag,2026-07-23T21:03:48.346+05:30,40.707,target_explorer_node,/rosout,endpoint_clearance_rejection,frontier,9.59,12.38,rejected,"Rejected frontier (9.59, 12.38): endpoint clearance 0.19 m is below required 1.70 m.",0.19,1.7,,,,,
23july.bag,2026-07-23T21:03:48.347+05:30,40.707,target_explorer_node,/rosout,endpoint_clearance_rejection,frontier,9.69,12.43,rejected,"Rejected frontier (9.69, 12.43): endpoint clearance 0.08 m is below required 1.70 m.",0.08,1.7,,,,,
23july.bag,2026-07-23T21:03:48.347+05:30,40.708,target_explorer_node,/rosout,endpoint_clearance_rejection,frontier,9.74,12.48,rejected,"Rejected frontier (9.74, 12.48): endpoint clearance 0.03 m is below required 1.70 m.",0.03,1.7,,,,,
23july.bag,2026-07-23T21:03:48.348+05:30,40.708,target_explorer_node,/rosout,endpoint_clearance_rejection,frontier,4.64,13.18,rejected,"Rejected frontier (4.64, 13.18): endpoint clearance 0.03 m is below required 1.70 m.",0.03,1.7,,,,,
23july.bag,2026-07-23T21:03:48.348+05:30,40.709,target_explorer_node,/rosout,endpoint_clearance_rejection,frontier,4.49,12.93,rejected,"Rejected frontier (4.49, 12.93): endpoint clearance 0.04 m is below required 1.70 m.",0.04,1.7,,,,,
23july.bag,2026-07-23T21:03:48.349+05:30,40.71,target_explorer_node,/rosout,endpoint_clearance_rejection,frontier,4.44,12.58,rejected,"Rejected frontier (4.44, 12.58): endpoint clearance 0.03 m is below required 1.70 m.",0.03,1.7,,,,,
23july.bag,2026-07-23T21:03:48.350+05:30,40.71,target_explorer_node,/rosout,endpoint_clearance_rejection,frontier,4.49,12.63,rejected,"Rejected frontier (4.49, 12.63): endpoint clearance 0.03 m is below required 1.70 m.",0.03,1.7,,,,,
23july.bag,2026-07-23T21:03:48.350+05:30,40.711,target_explorer_node,/rosout,endpoint_clearance_rejection,frontier,4.49,12.68,rejected,"Rejected frontier (4.49, 12.68): endpoint clearance 0.04 m is below required 1.70 m.",0.04,1.7,,,,,
23july.bag,2026-07-23T21:03:48.351+05:30,40.712,target_explorer_node,/rosout,endpoint_clearance_rejection,frontier,4.49,12.78,rejected,"Rejected frontier (4.49, 12.78): endpoint clearance 0.08 m is below required 1.70 m.",0.08,1.7,,,,,
23july.bag,2026-07-23T21:03:48.353+05:30,40.713,target_explorer_node,/rosout,endpoint_clearance_rejection,frontier,4.59,12.93,rejected,"Rejected frontier (4.59, 12.93): endpoint clearance 0.04 m is below required 1.70 m.",0.04,1.7,,,,,
23july.bag,2026-07-23T21:03:48.356+05:30,40.716,target_explorer_node,/rosout,endpoint_clearance_rejection,frontier,4.49,12.98,rejected,"Rejected frontier (4.49, 12.98): endpoint clearance 0.08 m is below required 1.70 m.",0.08,1.7,,,,,
23july.bag,2026-07-23T21:03:48.356+05:30,40.716,target_explorer_node,/rosout,endpoint_clearance_rejection,frontier,4.59,12.98,rejected,"Rejected frontier (4.59, 12.98): endpoint clearance 0.08 m is below required 1.70 m.",0.08,1.7,,,,,
23july.bag,2026-07-23T21:03:48.356+05:30,40.716,target_explorer_node,/rosout,endpoint_clearance_rejection,frontier,10.09,12.93,rejected,"Rejected frontier (10.09, 12.93): endpoint clearance 0.03 m is below required 1.70 m.",0.03,1.7,,,,,
23july.bag,2026-07-23T21:03:48.356+05:30,40.717,target_explorer_node,/rosout,endpoint_clearance_rejection,frontier,10.09,12.98,rejected,"Rejected frontier (10.09, 12.98): endpoint clearance 0.04 m is below required 1.70 m.",0.04,1.7,,,,,
23july.bag,2026-07-23T21:03:48.356+05:30,40.717,target_explorer_node,/rosout,endpoint_clearance_rejection,frontier,10.04,13.03,rejected,"Rejected frontier (10.04, 13.03): endpoint clearance 0.04 m is below required 1.70 m.",0.04,1.7,,,,,
23july.bag,2026-07-23T21:03:48.356+05:30,40.717,target_explorer_node,/rosout,endpoint_clearance_rejection,frontier,10.04,13.08,rejected,"Rejected frontier (10.04, 13.08): endpoint clearance 0.03 m is below required 1.70 m.",0.03,1.7,,,,,
23july.bag,2026-07-23T21:03:48.357+05:30,40.717,target_explorer_node,/rosout,endpoint_clearance_rejection,frontier,10.09,13.08,rejected,"Rejected frontier (10.09, 13.08): endpoint clearance 0.08 m is below required 1.70 m.",0.08,1.7,,,,,
23july.bag,2026-07-23T21:03:48.358+05:30,40.718,target_explorer_node,/rosout,endpoint_clearance_rejection,frontier,10.19,13.13,rejected,"Rejected frontier (10.19, 13.13): endpoint clearance 0.18 m is below required 1.70 m.",0.18,1.7,,,,,
23july.bag,2026-07-23T21:03:48.358+05:30,40.719,target_explorer_node,/rosout,endpoint_clearance_rejection,frontier,10.14,13.18,rejected,"Rejected frontier (10.14, 13.18): endpoint clearance 0.13 m is below required 1.70 m.",0.13,1.7,,,,,
23july.bag,2026-07-23T21:03:48.359+05:30,40.72,target_explorer_node,/rosout,endpoint_clearance_rejection,frontier,4.59,18.08,rejected,"Rejected frontier (4.59, 18.08): endpoint clearance 1.34 m is below required 1.70 m.",1.34,1.7,,,,,
23july.bag,2026-07-23T21:03:48.360+05:30,40.72,target_explorer_node,/rosout,endpoint_clearance_rejection,frontier,4.64,13.28,rejected,"Rejected frontier (4.64, 13.28): endpoint clearance 0.03 m is below required 1.70 m.",0.03,1.7,,,,,
23july.bag,2026-07-23T21:03:48.360+05:30,40.721,target_explorer_node,/rosout,endpoint_clearance_rejection,frontier,4.59,14.23,rejected,"Rejected frontier (4.59, 14.23): endpoint clearance 0.25 m is below required 1.70 m.",0.25,1.7,,,,,
23july.bag,2026-07-23T21:03:48.361+05:30,40.722,target_explorer_node,/rosout,endpoint_clearance_rejection,frontier,4.49,15.18,rejected,"Rejected frontier (4.49, 15.18): endpoint clearance 1.16 m is below required 1.70 m.",1.16,1.7,,,,,
23july.bag,2026-07-23T21:03:48.361+05:30,40.722,target_explorer_node,/rosout,endpoint_clearance_rejection,frontier,4.64,15.63,rejected,"Rejected frontier (4.64, 15.63): endpoint clearance 1.58 m is below required 1.70 m.",1.58,1.7,,,,,
23july.bag,2026-07-23T21:03:48.362+05:30,40.723,target_explorer_node,/rosout,endpoint_clearance_rejection,frontier,4.64,17.63,rejected,"Rejected frontier (4.64, 17.63): endpoint clearance 1.51 m is below required 1.70 m.",1.51,1.7,,,,,
23july.bag,2026-07-23T21:03:48.363+05:30,40.724,target_explorer_node,/rosout,endpoint_clearance_rejection,frontier,4.14,18.13,rejected,"Rejected frontier (4.14, 18.13): endpoint clearance 0.88 m is below required 1.70 m.",0.88,1.7,,,,,
23july.bag,2026-07-23T21:03:48.364+05:30,40.724,target_explorer_node,/rosout,endpoint_clearance_rejection,frontier,10.34,13.73,rejected,"Rejected frontier (10.34, 13.73): endpoint clearance 0.33 m is below required 1.70 m.",0.33,1.7,,,,,
23july.bag,2026-07-23T21:03:48.364+05:30,40.725,target_explorer_node,/rosout,endpoint_clearance_rejection,frontier,11.24,14.18,rejected,"Rejected frontier (11.24, 14.18): endpoint clearance 0.71 m is below required 1.70 m.",0.71,1.7,,,,,
23july.bag,2026-07-23T21:03:48.365+05:30,40.725,target_explorer_node,/rosout,endpoint_clearance_rejection,frontier,9.99,13.38,rejected,"Rejected frontier (9.99, 13.38): endpoint clearance 0.04 m is below required 1.70 m.",0.04,1.7,,,,,
23july.bag,2026-07-23T21:03:48.365+05:30,40.726,target_explorer_node,/rosout,endpoint_clearance_rejection,frontier,10.54,13.63,rejected,"Rejected frontier (10.54, 13.63): endpoint clearance 0.53 m is below required 1.70 m.",0.53,1.7,,,,,
23july.bag,2026-07-23T21:03:48.366+05:30,40.727,target_explorer_node,/rosout,endpoint_clearance_rejection,frontier,10.59,13.73,rejected,"Rejected frontier (10.59, 13.73): endpoint clearance 0.58 m is below required 1.70 m.",0.58,1.7,,,,,
23july.bag,2026-07-23T21:03:48.367+05:30,40.727,target_explorer_node,/rosout,endpoint_clearance_rejection,frontier,10.74,13.83,rejected,"Rejected frontier (10.74, 13.83): endpoint clearance 0.73 m is below required 1.70 m.",0.73,1.7,,,,,
23july.bag,2026-07-23T21:03:48.367+05:30,40.728,target_explorer_node,/rosout,endpoint_clearance_rejection,frontier,10.79,13.93,rejected,"Rejected frontier (10.79, 13.93): endpoint clearance 0.78 m is below required 1.70 m.",0.78,1.7,,,,,
23july.bag,2026-07-23T21:03:48.368+05:30,40.728,target_explorer_node,/rosout,endpoint_clearance_rejection,frontier,11.09,14.03,rejected,"Rejected frontier (11.09, 14.03): endpoint clearance 0.83 m is below required 1.70 m.",0.83,1.7,,,,,
23july.bag,2026-07-23T21:03:48.368+05:30,40.729,target_explorer_node,/rosout,endpoint_clearance_rejection,frontier,11.39,14.28,rejected,"Rejected frontier (11.39, 14.28): endpoint clearance 0.69 m is below required 1.70 m.",0.69,1.7,,,,,
23july.bag,2026-07-23T21:03:48.369+05:30,40.729,target_explorer_node,/rosout,endpoint_clearance_rejection,frontier,11.59,14.58,rejected,"Rejected frontier (11.59, 14.58): endpoint clearance 0.53 m is below required 1.70 m.",0.53,1.7,,,,,
23july.bag,2026-07-23T21:03:48.369+05:30,40.73,target_explorer_node,/rosout,endpoint_clearance_rejection,frontier,11.79,14.68,rejected,"Rejected frontier (11.79, 14.68): endpoint clearance 0.43 m is below required 1.70 m.",0.43,1.7,,,,,
23july.bag,2026-07-23T21:03:48.370+05:30,40.73,target_explorer_node,/rosout,endpoint_clearance_rejection,frontier,11.89,14.78,rejected,"Rejected frontier (11.89, 14.78): endpoint clearance 0.35 m is below required 1.70 m.",0.35,1.7,,,,,
23july.bag,2026-07-23T21:03:48.370+05:30,40.731,target_explorer_node,/rosout,endpoint_clearance_rejection,frontier,10.39,14.33,rejected,"Rejected frontier (10.39, 14.33): endpoint clearance 0.38 m is below required 1.70 m.",0.38,1.7,,,,,
23july.bag,2026-07-23T21:03:48.371+05:30,40.731,target_explorer_node,/rosout,endpoint_clearance_rejection,frontier,10.44,14.08,rejected,"Rejected frontier (10.44, 14.08): endpoint clearance 0.43 m is below required 1.70 m.",0.43,1.7,,,,,
23july.bag,2026-07-23T21:03:48.371+05:30,40.732,target_explorer_node,/rosout,endpoint_clearance_rejection,frontier,10.29,13.83,rejected,"Rejected frontier (10.29, 13.83): endpoint clearance 0.28 m is below required 1.70 m.",0.28,1.7,,,,,
23july.bag,2026-07-23T21:03:48.372+05:30,40.733,target_explorer_node,/rosout,endpoint_clearance_rejection,frontier,10.34,13.88,rejected,"Rejected frontier (10.34, 13.88): endpoint clearance 0.33 m is below required 1.70 m.",0.33,1.7,,,,,
23july.bag,2026-07-23T21:03:48.373+05:30,40.733,target_explorer_node,/rosout,endpoint_clearance_rejection,frontier,10.39,13.93,rejected,"Rejected frontier (10.39, 13.93): endpoint clearance 0.38 m is below required 1.70 m.",0.38,1.7,,,,,
23july.bag,2026-07-23T21:03:48.373+05:30,40.734,target_explorer_node,/rosout,endpoint_clearance_rejection,frontier,10.34,13.98,rejected,"Rejected frontier (10.34, 13.98): endpoint clearance 0.33 m is below required 1.70 m.",0.33,1.7,,,,,
23july.bag,2026-07-23T21:03:48.373+05:30,40.734,target_explorer_node,/rosout,endpoint_clearance_rejection,frontier,10.39,14.03,rejected,"Rejected frontier (10.39, 14.03): endpoint clearance 0.38 m is below required 1.70 m.",0.38,1.7,,,,,
23july.bag,2026-07-23T21:03:48.374+05:30,40.735,target_explorer_node,/rosout,endpoint_clearance_rejection,frontier,10.34,14.18,rejected,"Rejected frontier (10.34, 14.18): endpoint clearance 0.33 m is below required 1.70 m.",0.33,1.7,,,,,
23july.bag,2026-07-23T21:03:48.375+05:30,40.735,target_explorer_node,/rosout,endpoint_clearance_rejection,frontier,10.34,14.28,rejected,"Rejected frontier (10.34, 14.28): endpoint clearance 0.33 m is below required 1.70 m.",0.33,1.7,,,,,
23july.bag,2026-07-23T21:03:48.375+05:30,40.736,target_explorer_node,/rosout,endpoint_clearance_rejection,frontier,10.54,15.23,rejected,"Rejected frontier (10.54, 15.23): endpoint clearance 0.04 m is below required 1.70 m.",0.04,1.7,,,,,
23july.bag,2026-07-23T21:03:48.375+05:30,40.736,target_explorer_node,/rosout,endpoint_clearance_rejection,frontier,11.39,15.28,rejected,"Rejected frontier (11.39, 15.28): endpoint clearance 0.24 m is below required 1.70 m.",0.24,1.7,,,,,
23july.bag,2026-07-23T21:03:48.376+05:30,40.737,target_explorer_node,/rosout,endpoint_clearance_rejection,frontier,10.64,14.08,rejected,"Rejected frontier (10.64, 14.08): endpoint clearance 0.63 m is below required 1.70 m.",0.63,1.7,,,,,
23july.bag,2026-07-23T21:03:48.377+05:30,40.737,target_explorer_node,/rosout,endpoint_clearance_rejection,frontier,10.74,14.43,rejected,"Rejected frontier (10.74, 14.43): endpoint clearance 0.46 m is below required 1.70 m.",0.46,1.7,,,,,
23july.bag,2026-07-23T21:03:48.377+05:30,40.738,target_explorer_node,/rosout,endpoint_clearance_rejection,frontier,10.94,14.73,rejected,"Rejected frontier (10.94, 14.73): endpoint clearance 0.13 m is below required 1.70 m.",0.13,1.7,,,,,
23july.bag,2026-07-23T21:03:48.378+05:30,40.738,target_explorer_node,/rosout,endpoint_clearance_rejection,frontier,11.74,14.93,rejected,"Rejected frontier (11.74, 14.93): endpoint clearance 0.18 m is below required 1.70 m.",0.18,1.7,,,,,
23july.bag,2026-07-23T21:03:48.378+05:30,40.739,target_explorer_node,/rosout,endpoint_clearance_rejection,frontier,11.39,15.13,rejected,"Rejected frontier (11.39, 15.13): endpoint clearance 0.28 m is below required 1.70 m.",0.28,1.7,,,,,
23july.bag,2026-07-23T21:03:48.379+05:30,40.739,target_explorer_node,/rosout,endpoint_clearance_rejection,frontier,11.54,15.28,rejected,"Rejected frontier (11.54, 15.28): endpoint clearance 0.18 m is below required 1.70 m.",0.18,1.7,,,,,
23july.bag,2026-07-23T21:03:48.379+05:30,40.74,target_explorer_node,/rosout,endpoint_clearance_rejection,frontier,10.84,15.43,rejected,"Rejected frontier (10.84, 15.43): endpoint clearance 0.28 m is below required 1.70 m.",0.28,1.7,,,,,
23july.bag,2026-07-23T21:03:48.380+05:30,40.74,target_explorer_node,/rosout,endpoint_clearance_rejection,frontier,11.04,15.58,rejected,"Rejected frontier (11.04, 15.58): endpoint clearance 0.19 m is below required 1.70 m.",0.19,1.7,,,,,
23july.bag,2026-07-23T21:03:48.380+05:30,40.741,target_explorer_node,/rosout,endpoint_clearance_rejection,frontier,11.34,15.73,rejected,"Rejected frontier (11.34, 15.73): endpoint clearance 0.37 m is below required 1.70 m.",0.37,1.7,,,,,
23july.bag,2026-07-23T21:03:48.381+05:30,40.741,target_explorer_node,/rosout,endpoint_clearance_rejection,frontier,11.94,15.88,rejected,"Rejected frontier (11.94, 15.88): endpoint clearance 0.73 m is below required 1.70 m.",0.73,1.7,,,,,
23july.bag,2026-07-23T21:03:48.381+05:30,40.742,target_explorer_node,/rosout,endpoint_clearance_rejection,frontier,10.44,15.03,rejected,"Rejected frontier (10.44, 15.03): endpoint clearance 0.03 m is below required 1.70 m.",0.03,1.7,,,,,
23july.bag,2026-07-23T21:03:48.382+05:30,40.743,target_explorer_node,/rosout,endpoint_clearance_rejection,frontier,10.64,15.03,rejected,"Rejected frontier (10.64, 15.03): endpoint clearance 0.23 m is below required 1.70 m.",0.23,1.7,,,,,
23july.bag,2026-07-23T21:03:48.382+05:30,40.743,target_explorer_node,/rosout,endpoint_clearance_rejection,frontier,10.59,14.83,rejected,"Rejected frontier (10.59, 14.83): endpoint clearance 0.18 m is below required 1.70 m.",0.18,1.7,,,,,
23july.bag,2026-07-23T21:03:48.383+05:30,40.743,target_explorer_node,/rosout,endpoint_clearance_rejection,frontier,10.64,14.88,rejected,"Rejected frontier (10.64, 14.88): endpoint clearance 0.24 m is below required 1.70 m.",0.24,1.7,,,,,
23july.bag,2026-07-23T21:03:48.383+05:30,40.744,target_explorer_node,/rosout,endpoint_clearance_rejection,frontier,10.69,14.93,rejected,"Rejected frontier (10.69, 14.93): endpoint clearance 0.28 m is below required 1.70 m.",0.28,1.7,,,,,
23july.bag,2026-07-23T21:03:48.384+05:30,40.744,target_explorer_node,/rosout,endpoint_clearance_rejection,frontier,10.54,14.98,rejected,"Rejected frontier (10.54, 14.98): endpoint clearance 0.13 m is below required 1.70 m.",0.13,1.7,,,,,
23july.bag,2026-07-23T21:03:48.384+05:30,40.745,target_explorer_node,/rosout,endpoint_clearance_rejection,frontier,10.74,14.98,rejected,"Rejected frontier (10.74, 14.98): endpoint clearance 0.24 m is below required 1.70 m.",0.24,1.7,,,,,
23july.bag,2026-07-23T21:03:48.385+05:30,40.746,target_explorer_node,/rosout,endpoint_clearance_rejection,frontier,10.79,15.03,rejected,"Rejected frontier (10.79, 15.03): endpoint clearance 0.22 m is below required 1.70 m.",0.22,1.7,,,,,
23july.bag,2026-07-23T21:03:48.386+05:30,40.746,target_explorer_node,/rosout,endpoint_clearance_rejection,frontier,10.64,15.08,rejected,"Rejected frontier (10.64, 15.08): endpoint clearance 0.22 m is below required 1.70 m.",0.22,1.7,,,,,
23july.bag,2026-07-23T21:03:48.386+05:30,40.747,target_explorer_node,/rosout,endpoint_clearance_rejection,frontier,10.74,15.08,rejected,"Rejected frontier (10.74, 15.08): endpoint clearance 0.29 m is below required 1.70 m.",0.29,1.7,,,,,
23july.bag,2026-07-23T21:03:48.387+05:30,40.747,target_explorer_node,/rosout,endpoint_clearance_rejection,frontier,10.54,15.13,rejected,"Rejected frontier (10.54, 15.13): endpoint clearance 0.11 m is below required 1.70 m.",0.11,1.7,,,,,
23july.bag,2026-07-23T21:03:48.387+05:30,40.748,target_explorer_node,/rosout,endpoint_clearance_rejection,frontier,4.79,15.63,rejected,"Rejected frontier (4.79, 15.63): endpoint clearance 1.58 m is below required 1.70 m.",1.58,1.7,,,,,
23july.bag,2026-07-23T21:03:48.387+05:30,40.748,target_explorer_node,/rosout,endpoint_clearance_rejection,frontier,4.64,15.23,rejected,"Rejected frontier (4.64, 15.23): endpoint clearance 1.18 m is below required 1.70 m.",1.18,1.7,,,,,
23july.bag,2026-07-23T21:03:48.388+05:30,40.749,target_explorer_node,/rosout,endpoint_clearance_rejection,frontier,4.59,14.88,rejected,"Rejected frontier (4.59, 14.88): endpoint clearance 0.84 m is below required 1.70 m.",0.84,1.7,,,,,
23july.bag,2026-07-23T21:03:48.388+05:30,40.749,target_explorer_node,/rosout,endpoint_clearance_rejection,frontier,4.54,14.98,rejected,"Rejected frontier (4.54, 14.98): endpoint clearance 0.95 m is below required 1.70 m.",0.95,1.7,,,,,
23july.bag,2026-07-23T21:03:48.389+05:30,40.75,target_explorer_node,/rosout,endpoint_clearance_rejection,frontier,4.64,15.03,rejected,"Rejected frontier (4.64, 15.03): endpoint clearance 0.98 m is below required 1.70 m.",0.98,1.7,,,,,
23july.bag,2026-07-23T21:03:48.389+05:30,40.75,target_explorer_node,/rosout,endpoint_clearance_rejection,frontier,4.54,15.13,rejected,"Rejected frontier (4.54, 15.13): endpoint clearance 1.10 m is below required 1.70 m.",1.1,1.7,,,,,
23july.bag,2026-07-23T21:03:48.390+05:30,40.751,target_explorer_node,/rosout,endpoint_clearance_rejection,frontier,4.54,15.28,rejected,"Rejected frontier (4.54, 15.28): endpoint clearance 1.25 m is below required 1.70 m.",1.25,1.7,,,,,
23july.bag,2026-07-23T21:03:48.390+05:30,40.751,target_explorer_node,/rosout,endpoint_clearance_rejection,frontier,4.69,15.33,rejected,"Rejected frontier (4.69, 15.33): endpoint clearance 1.28 m is below required 1.70 m.",1.28,1.7,,,,,
23july.bag,2026-07-23T21:03:48.391+05:30,40.752,target_explorer_node,/rosout,endpoint_clearance_rejection,frontier,4.59,15.43,rejected,"Rejected frontier (4.59, 15.43): endpoint clearance 1.39 m is below required 1.70 m.",1.39,1.7,,,,,
23july.bag,2026-07-23T21:03:48.391+05:30,40.752,target_explorer_node,/rosout,endpoint_clearance_rejection,frontier,4.59,15.48,rejected,"Rejected frontier (4.59, 15.48): endpoint clearance 1.44 m is below required 1.70 m.",1.44,1.7,,,,,
23july.bag,2026-07-23T21:03:48.392+05:30,40.753,target_explorer_node,/rosout,endpoint_clearance_rejection,frontier,3.74,18.43,rejected,"Rejected frontier (3.74, 18.43): endpoint clearance 0.48 m is below required 1.70 m.",0.48,1.7,,,,,
23july.bag,2026-07-23T21:03:48.392+05:30,40.753,target_explorer_node,/rosout,endpoint_clearance_rejection,frontier,3.04,18.58,rejected,"Rejected frontier (3.04, 18.58): endpoint clearance 0.29 m is below required 1.70 m.",0.29,1.7,,,,,
23july.bag,2026-07-23T21:03:48.393+05:30,40.754,target_explorer_node,/rosout,endpoint_clearance_rejection,frontier,3.19,18.38,rejected,"Rejected frontier (3.19, 18.38): endpoint clearance 0.04 m is below required 1.70 m.",0.04,1.7,,,,,
23july.bag,2026-07-23T21:03:48.393+05:30,40.754,target_explorer_node,/rosout,endpoint_clearance_rejection,frontier,3.39,18.38,rejected,"Rejected frontier (3.39, 18.38): endpoint clearance 0.13 m is below required 1.70 m.",0.13,1.7,,,,,
23july.bag,2026-07-23T21:03:48.394+05:30,40.754,target_explorer_node,/rosout,endpoint_clearance_rejection,frontier,3.64,18.38,rejected,"Rejected frontier (3.64, 18.38): endpoint clearance 0.38 m is below required 1.70 m.",0.38,1.7,,,,,
23july.bag,2026-07-23T21:03:48.394+05:30,40.755,target_explorer_node,/rosout,endpoint_clearance_rejection,frontier,3.34,18.48,rejected,"Rejected frontier (3.34, 18.48): endpoint clearance 0.15 m is below required 1.70 m.",0.15,1.7,,,,,
23july.bag,2026-07-23T21:03:48.395+05:30,40.755,target_explorer_node,/rosout,endpoint_clearance_rejection,frontier,3.69,18.48,rejected,"Rejected frontier (3.69, 18.48): endpoint clearance 0.44 m is below required 1.70 m.",0.44,1.7,,,,,
23july.bag,2026-07-23T21:03:48.395+05:30,40.756,target_explorer_node,/rosout,endpoint_clearance_rejection,frontier,2.84,18.63,rejected,"Rejected frontier (2.84, 18.63): endpoint clearance 0.33 m is below required 1.70 m.",0.33,1.7,,,,,
23july.bag,2026-07-23T21:03:48.396+05:30,40.756,target_explorer_node,/rosout,endpoint_clearance_rejection,frontier,3.09,18.63,rejected,"Rejected frontier (3.09, 18.63): endpoint clearance 0.30 m is below required 1.70 m.",0.3,1.7,,,,,
23july.bag,2026-07-23T21:03:48.396+05:30,40.757,target_explorer_node,/rosout,endpoint_clearance_rejection,frontier,2.54,18.68,rejected,"Rejected frontier (2.54, 18.68): endpoint clearance 0.08 m is below required 1.70 m.",0.08,1.7,,,,,
23july.bag,2026-07-23T21:03:48.397+05:30,40.757,target_explorer_node,/rosout,endpoint_clearance_rejection,frontier,2.74,18.68,rejected,"Rejected frontier (2.74, 18.68): endpoint clearance 0.24 m is below required 1.70 m.",0.24,1.7,,,,,
23july.bag,2026-07-23T21:03:48.397+05:30,40.758,target_explorer_node,/rosout,endpoint_clearance_rejection,frontier,9.19,18.43,rejected,"Rejected frontier (9.19, 18.43): endpoint clearance 0.04 m is below required 1.70 m.",0.04,1.7,,,,,
23july.bag,2026-07-23T21:03:48.398+05:30,40.758,target_explorer_node,/rosout,endpoint_clearance_rejection,frontier,9.34,18.68,rejected,"Rejected frontier (9.34, 18.68): endpoint clearance 0.23 m is below required 1.70 m.",0.23,1.7,,,,,
23july.bag,2026-07-23T21:03:48.398+05:30,40.759,target_explorer_node,/rosout,endpoint_clearance_rejection,frontier,9.19,18.48,rejected,"Rejected frontier (9.19, 18.48): endpoint clearance 0.08 m is below required 1.70 m.",0.08,1.7,,,,,
23july.bag,2026-07-23T21:03:48.399+05:30,40.76,target_explorer_node,/rosout,endpoint_clearance_rejection,frontier,9.29,18.53,rejected,"Rejected frontier (9.29, 18.53): endpoint clearance 0.18 m is below required 1.70 m.",0.18,1.7,,,,,
23july.bag,2026-07-23T21:03:48.400+05:30,40.76,target_explorer_node,/rosout,endpoint_clearance_rejection,frontier,9.24,18.58,rejected,"Rejected frontier (9.24, 18.58): endpoint clearance 0.19 m is below required 1.70 m.",0.19,1.7,,,,,
23july.bag,2026-07-23T21:03:48.400+05:30,40.761,target_explorer_node,/rosout,endpoint_clearance_rejection,frontier,9.29,18.63,rejected,"Rejected frontier (9.29, 18.63): endpoint clearance 0.25 m is below required 1.70 m.",0.25,1.7,,,,,
23july.bag,2026-07-23T21:03:48.401+05:30,40.761,target_explorer_node,/rosout,endpoint_clearance_rejection,frontier,9.34,18.78,rejected,"Rejected frontier (9.34, 18.78): endpoint clearance 0.13 m is below required 1.70 m.",0.13,1.7,,,,,
23july.bag,2026-07-23T21:03:48.401+05:30,40.762,target_explorer_node,/rosout,endpoint_clearance_rejection,frontier,9.39,18.78,rejected,"Rejected frontier (9.39, 18.78): endpoint clearance 0.13 m is below required 1.70 m.",0.13,1.7,,,,,
23july.bag,2026-07-23T21:03:48.402+05:30,40.763,target_explorer_node,/rosout,endpoint_clearance_rejection,frontier,2.89,18.78,rejected,"Rejected frontier (2.89, 18.78): endpoint clearance 0.41 m is below required 1.70 m.",0.41,1.7,,,,,
23july.bag,2026-07-23T21:03:48.403+05:30,40.763,target_explorer_node,/rosout,endpoint_clearance_rejection,frontier,2.59,18.83,rejected,"Rejected frontier (2.59, 18.83): endpoint clearance 0.18 m is below required 1.70 m.",0.18,1.7,,,,,
23july.bag,2026-07-23T21:03:48.403+05:30,40.764,target_explorer_node,/rosout,endpoint_clearance_rejection,frontier,2.64,18.68,rejected,"Rejected frontier (2.64, 18.68): endpoint clearance 0.15 m is below required 1.70 m.",0.15,1.7,,,,,
23july.bag,2026-07-23T21:03:48.404+05:30,40.764,target_explorer_node,/rosout,endpoint_clearance_rejection,frontier,2.44,18.73,rejected,"Rejected frontier (2.44, 18.73): endpoint clearance 0.13 m is below required 1.70 m.",0.13,1.7,,,,,
23july.bag,2026-07-23T21:03:48.404+05:30,40.765,target_explorer_node,/rosout,endpoint_clearance_rejection,frontier,2.84,18.73,rejected,"Rejected frontier (2.84, 18.73): endpoint clearance 0.35 m is below required 1.70 m.",0.35,1.7,,,,,
23july.bag,2026-07-23T21:03:48.405+05:30,40.765,target_explorer_node,/rosout,endpoint_clearance_rejection,frontier,2.34,18.83,rejected,"Rejected frontier (2.34, 18.83): endpoint clearance 0.03 m is below required 1.70 m.",0.03,1.7,,,,,
23july.bag,2026-07-23T21:03:48.405+05:30,40.766,target_explorer_node,/rosout,endpoint_clearance_rejection,frontier,2.69,18.83,rejected,"Rejected frontier (2.69, 18.83): endpoint clearance 0.26 m is below required 1.70 m.",0.26,1.7,,,,,
23july.bag,2026-07-23T21:03:48.406+05:30,40.766,target_explorer_node,/rosout,endpoint_clearance_rejection,frontier,2.54,18.88,rejected,"Rejected frontier (2.54, 18.88): endpoint clearance 0.11 m is below required 1.70 m.",0.11,1.7,,,,,
23july.bag,2026-07-23T21:03:48.406+05:30,40.767,target_explorer_node,/rosout,endpoint_clearance_rejection,frontier,2.79,18.88,rejected,"Rejected frontier (2.79, 18.88): endpoint clearance 0.33 m is below required 1.70 m.",0.33,1.7,,,,,
23july.bag,2026-07-23T21:03:48.407+05:30,40.767,target_explorer_node,/rosout,endpoint_clearance_rejection,frontier,2.49,19.03,rejected,"Rejected frontier (2.49, 19.03): endpoint clearance 0.04 m is below required 1.70 m.",0.04,1.7,,,,,
23july.bag,2026-07-23T21:03:48.407+05:30,40.768,target_explorer_node,/rosout,endpoint_clearance_rejection,frontier,2.39,18.93,rejected,"Rejected frontier (2.39, 18.93): endpoint clearance 0.03 m is below required 1.70 m.",0.03,1.7,,,,,
23july.bag,2026-07-23T21:03:48.407+05:30,40.768,target_explorer_node,/rosout,endpoint_clearance_rejection,frontier,2.24,19.48,rejected,"Rejected frontier (2.24, 19.48): endpoint clearance 0.51 m is below required 1.70 m.",0.51,1.7,,,,,
23july.bag,2026-07-23T21:03:48.408+05:30,40.769,target_explorer_node,/rosout,endpoint_clearance_rejection,frontier,1.74,19.83,rejected,"Rejected frontier (1.74, 19.83): endpoint clearance 1.05 m is below required 1.70 m.",1.05,1.7,,,,,
23july.bag,2026-07-23T21:03:48.409+05:30,40.769,target_explorer_node,/rosout,endpoint_clearance_rejection,frontier,1.54,20.18,rejected,"Rejected frontier (1.54, 20.18): endpoint clearance 1.45 m is below required 1.70 m.",1.45,1.7,,,,,
23july.bag,2026-07-23T21:03:48.409+05:30,40.77,target_explorer_node,/rosout,endpoint_clearance_rejection,frontier,1.84,21.08,rejected,"Rejected frontier (1.84, 21.08): endpoint clearance 1.54 m is below required 1.70 m.",1.54,1.7,,,,,
23july.bag,2026-07-23T21:03:48.410+05:30,40.77,target_explorer_node,/rosout,endpoint_clearance_rejection,frontier,1.54,21.33,rejected,"Rejected frontier (1.54, 21.33): endpoint clearance 1.38 m is below required 1.70 m.",1.38,1.7,,,,,
23july.bag,2026-07-23T21:03:48.410+05:30,40.771,target_explorer_node,/rosout,endpoint_clearance_rejection,frontier,2.29,21.58,rejected,"Rejected frontier (2.29, 21.58): endpoint clearance 1.03 m is below required 1.70 m.",1.03,1.7,,,,,
23july.bag,2026-07-23T21:03:48.411+05:30,40.771,target_explorer_node,/rosout,endpoint_clearance_rejection,frontier,2.54,21.88,rejected,"Rejected frontier (2.54, 21.88): endpoint clearance 0.78 m is below required 1.70 m.",0.78,1.7,,,,,
23july.bag,2026-07-23T21:03:48.411+05:30,40.772,target_explorer_node,/rosout,endpoint_clearance_rejection,frontier,8.34,19.88,rejected,"Rejected frontier (8.34, 19.88): endpoint clearance 0.03 m is below required 1.70 m.",0.03,1.7,,,,,
23july.bag,2026-07-23T21:03:48.412+05:30,40.772,target_explorer_node,/rosout,endpoint_clearance_rejection,frontier,8.99,21.13,rejected,"Rejected frontier (8.99, 21.13): endpoint clearance 0.76 m is below required 1.70 m.",0.76,1.7,,,,,
23july.bag,2026-07-23T21:03:48.412+05:30,40.773,target_explorer_node,/rosout,endpoint_clearance_rejection,frontier,8.54,19.78,rejected,"Rejected frontier (8.54, 19.78): endpoint clearance 0.03 m is below required 1.70 m.",0.03,1.7,,,,,
23july.bag,2026-07-23T21:03:48.413+05:30,40.773,target_explorer_node,/rosout,endpoint_clearance_rejection,frontier,8.44,20.08,rejected,"Rejected frontier (8.44, 20.08): endpoint clearance 0.22 m is below required 1.70 m.",0.22,1.7,,,,,
23july.bag,2026-07-23T21:03:48.413+05:30,40.774,target_explorer_node,/rosout,endpoint_clearance_rejection,frontier,8.59,20.33,rejected,"Rejected frontier (8.59, 20.33): endpoint clearance 0.38 m is below required 1.70 m.",0.38,1.7,,,,,
23july.bag,2026-07-23T21:03:48.414+05:30,40.775,target_explorer_node,/rosout,endpoint_clearance_rejection,frontier,8.69,20.58,rejected,"Rejected frontier (8.69, 20.58): endpoint clearance 0.51 m is below required 1.70 m.",0.51,1.7,,,,,
23july.bag,2026-07-23T21:03:48.415+05:30,40.775,target_explorer_node,/rosout,endpoint_clearance_rejection,frontier,8.79,20.83,rejected,"Rejected frontier (8.79, 20.83): endpoint clearance 0.53 m is below required 1.70 m.",0.53,1.7,,,,,
23july.bag,2026-07-23T21:03:48.415+05:30,40.776,target_explorer_node,/rosout,endpoint_clearance_rejection,frontier,8.94,21.08,rejected,"Rejected frontier (8.94, 21.08): endpoint clearance 0.70 m is below required 1.70 m.",0.7,1.7,,,,,
23july.bag,2026-07-23T21:03:48.416+05:30,40.776,target_explorer_node,/rosout,endpoint_clearance_rejection,frontier,9.04,21.23,rejected,"Rejected frontier (9.04, 21.23): endpoint clearance 0.84 m is below required 1.70 m.",0.84,1.7,,,,,
23july.bag,2026-07-23T21:03:48.416+05:30,40.777,target_explorer_node,/rosout,endpoint_clearance_rejection,frontier,9.14,21.43,rejected,"Rejected frontier (9.14, 21.43): endpoint clearance 1.02 m is below required 1.70 m.",1.02,1.7,,,,,
23july.bag,2026-07-23T21:03:48.417+05:30,40.777,target_explorer_node,/rosout,endpoint_clearance_rejection,frontier,9.24,21.68,rejected,"Rejected frontier (9.24, 21.68): endpoint clearance 1.25 m is below required 1.70 m.",1.25,1.7,,,,,
23july.bag,2026-07-23T21:03:48.417+05:30,40.778,target_explorer_node,/rosout,endpoint_clearance_rejection,frontier,9.39,21.93,rejected,"Rejected frontier (9.39, 21.93): endpoint clearance 1.52 m is below required 1.70 m.",1.52,1.7,,,,,
23july.bag,2026-07-23T21:03:48.418+05:30,40.778,target_explorer_node,/rosout,endpoint_clearance_rejection,frontier,7.89,20.53,rejected,"Rejected frontier (7.89, 20.53): endpoint clearance 0.08 m is below required 1.70 m.",0.08,1.7,,,,,
23july.bag,2026-07-23T21:03:48.418+05:30,40.779,target_explorer_node,/rosout,endpoint_clearance_rejection,frontier,7.99,20.78,rejected,"Rejected frontier (7.99, 20.78): endpoint clearance 0.13 m is below required 1.70 m.",0.13,1.7,,,,,
23july.bag,2026-07-23T21:03:48.419+05:30,40.779,target_explorer_node,/rosout,endpoint_clearance_rejection,frontier,7.84,20.58,rejected,"Rejected frontier (7.84, 20.58): endpoint clearance 0.08 m is below required 1.70 m.",0.08,1.7,,,,,
23july.bag,2026-07-23T21:03:48.419+05:30,40.78,target_explorer_node,/rosout,endpoint_clearance_rejection,frontier,7.94,20.58,rejected,"Rejected frontier (7.94, 20.58): endpoint clearance 0.15 m is below required 1.70 m.",0.15,1.7,,,,,
23july.bag,2026-07-23T21:03:48.420+05:30,40.781,target_explorer_node,/rosout,endpoint_clearance_rejection,frontier,7.84,20.68,rejected,"Rejected frontier (7.84, 20.68): endpoint clearance 0.11 m is below required 1.70 m.",0.11,1.7,,,,,
23july.bag,2026-07-23T21:03:48.421+05:30,40.781,target_explorer_node,/rosout,endpoint_clearance_rejection,frontier,7.99,20.68,rejected,"Rejected frontier (7.99, 20.68): endpoint clearance 0.23 m is below required 1.70 m.",0.23,1.7,,,,,
23july.bag,2026-07-23T21:03:48.421+05:30,40.782,target_explorer_node,/rosout,endpoint_clearance_rejection,frontier,7.89,20.73,rejected,"Rejected frontier (7.89, 20.73): endpoint clearance 0.18 m is below required 1.70 m.",0.18,1.7,,,,,
23july.bag,2026-07-23T21:03:48.422+05:30,40.783,target_explorer_node,/rosout,endpoint_clearance_rejection,frontier,7.89,20.78,rejected,"Rejected frontier (7.89, 20.78): endpoint clearance 0.13 m is below required 1.70 m.",0.13,1.7,,,,,
23july.bag,2026-07-23T21:03:48.423+05:30,40.783,target_explorer_node,/rosout,endpoint_clearance_rejection,frontier,3.39,21.58,rejected,"Rejected frontier (3.39, 21.58): endpoint clearance 1.39 m is below required 1.70 m.",1.39,1.7,,,,,
23july.bag,2026-07-23T21:03:48.423+05:30,40.784,target_explorer_node,/rosout,endpoint_clearance_rejection,frontier,3.09,21.88,rejected,"Rejected frontier (3.09, 21.88): endpoint clearance 0.97 m is below required 1.70 m.",0.97,1.7,,,,,
23july.bag,2026-07-23T21:03:48.424+05:30,40.785,target_explorer_node,/rosout,endpoint_clearance_rejection,frontier,3.39,21.68,rejected,"Rejected frontier (3.39, 21.68): endpoint clearance 1.31 m is below required 1.70 m.",1.31,1.7,,,,,
23july.bag,2026-07-23T21:03:48.424+05:30,40.785,target_explorer_node,/rosout,endpoint_clearance_rejection,frontier,3.34,21.73,rejected,"Rejected frontier (3.34, 21.73): endpoint clearance 1.24 m is below required 1.70 m.",1.24,1.7,,,,,
23july.bag,2026-07-23T21:03:48.425+05:30,40.786,target_explorer_node,/rosout,endpoint_clearance_rejection,frontier,3.29,21.78,rejected,"Rejected frontier (3.29, 21.78): endpoint clearance 1.17 m is below required 1.70 m.",1.17,1.7,,,,,
23july.bag,2026-07-23T21:03:48.426+05:30,40.786,target_explorer_node,/rosout,endpoint_clearance_rejection,frontier,3.24,21.83,rejected,"Rejected frontier (3.24, 21.83): endpoint clearance 1.10 m is below required 1.70 m.",1.1,1.7,,,,,
23july.bag,2026-07-23T21:03:48.426+05:30,40.787,target_explorer_node,/rosout,endpoint_clearance_rejection,frontier,3.19,21.88,rejected,"Rejected frontier (3.19, 21.88): endpoint clearance 1.03 m is below required 1.70 m.",1.03,1.7,,,,,
23july.bag,2026-07-23T21:03:48.427+05:30,40.788,target_explorer_node,/rosout,endpoint_clearance_rejection,frontier,3.09,21.98,rejected,"Rejected frontier (3.09, 21.98): endpoint clearance 0.89 m is below required 1.70 m.",0.89,1.7,,,,,
23july.bag,2026-07-23T21:03:48.428+05:30,40.788,target_explorer_node,/rosout,endpoint_clearance_rejection,frontier,3.04,22.03,rejected,"Rejected frontier (3.04, 22.03): endpoint clearance 0.82 m is below required 1.70 m.",0.82,1.7,,,,,
23july.bag,2026-07-23T21:03:48.428+05:30,40.789,target_explorer_node,/rosout,endpoint_clearance_rejection,frontier,2.99,22.08,rejected,"Rejected frontier (2.99, 22.08): endpoint clearance 0.75 m is below required 1.70 m.",0.75,1.7,,,,,
23july.bag,2026-07-23T21:03:48.429+05:30,40.789,target_explorer_node,/rosout,endpoint_clearance_rejection,frontier,3.09,21.83,rejected,"Rejected frontier (3.09, 21.83): endpoint clearance 1.01 m is below required 1.70 m.",1.01,1.7,,,,,
23july.bag,2026-07-23T21:03:48.429+05:30,40.79,target_explorer_node,/rosout,endpoint_clearance_rejection,frontier,2.79,22.88,rejected,"Rejected frontier (2.79, 22.88): endpoint clearance 0.29 m is below required 1.70 m.",0.29,1.7,,,,,
23july.bag,2026-07-23T21:03:48.430+05:30,40.79,target_explorer_node,/rosout,endpoint_clearance_rejection,frontier,2.99,21.78,rejected,"Rejected frontier (2.99, 21.78): endpoint clearance 1.00 m is below required 1.70 m.",1.0,1.7,,,,,
23july.bag,2026-07-23T21:03:48.430+05:30,40.791,target_explorer_node,/rosout,endpoint_clearance_rejection,frontier,2.74,22.08,rejected,"Rejected frontier (2.74, 22.08): endpoint clearance 0.62 m is below required 1.70 m.",0.62,1.7,,,,,
23july.bag,2026-07-23T21:03:48.431+05:30,40.791,target_explorer_node,/rosout,endpoint_clearance_rejection,frontier,2.79,22.33,rejected,"Rejected frontier (2.79, 22.33): endpoint clearance 0.43 m is below required 1.70 m.",0.43,1.7,,,,,
23july.bag,2026-07-23T21:03:48.431+05:30,40.792,target_explorer_node,/rosout,endpoint_clearance_rejection,frontier,2.79,22.53,rejected,"Rejected frontier (2.79, 22.53): endpoint clearance 0.30 m is below required 1.70 m.",0.3,1.7,,,,,
23july.bag,2026-07-23T21:03:48.431+05:30,40.792,target_explorer_node,/rosout,endpoint_clearance_rejection,frontier,2.74,22.78,rejected,"Rejected frontier (2.74, 22.78): endpoint clearance 0.23 m is below required 1.70 m.",0.23,1.7,,,,,
23july.bag,2026-07-23T21:03:48.432+05:30,40.793,target_explorer_node,/rosout,endpoint_clearance_rejection,frontier,3.09,22.88,rejected,"Rejected frontier (3.09, 22.88): endpoint clearance 0.48 m is below required 1.70 m.",0.48,1.7,,,,,
23july.bag,2026-07-23T21:03:48.432+05:30,40.793,target_explorer_node,/rosout,endpoint_clearance_rejection,frontier,2.84,22.98,rejected,"Rejected frontier (2.84, 22.98): endpoint clearance 0.37 m is below required 1.70 m.",0.37,1.7,,,,,
23july.bag,2026-07-23T21:03:48.433+05:30,40.793,target_explorer_node,/rosout,endpoint_clearance_rejection,frontier,2.69,23.08,rejected,"Rejected frontier (2.69, 23.08): endpoint clearance 0.33 m is below required 1.70 m.",0.33,1.7,,,,,
23july.bag,2026-07-23T21:03:48.433+05:30,40.794,target_explorer_node,/rosout,endpoint_clearance_rejection,frontier,3.14,23.13,rejected,"Rejected frontier (3.14, 23.13): endpoint clearance 0.23 m is below required 1.70 m.",0.23,1.7,,,,,
23july.bag,2026-07-23T21:03:48.434+05:30,40.795,target_explorer_node,/rosout,endpoint_clearance_rejection,frontier,2.84,23.38,rejected,"Rejected frontier (2.84, 23.38): endpoint clearance 0.23 m is below required 1.70 m.",0.23,1.7,,,,,
23july.bag,2026-07-23T21:03:48.508+05:30,40.869,target_explorer_node,/rosout,endpoint_clearance_rejection,frontier,1.89,20.73,rejected,"Rejected frontier (1.89, 20.73): endpoint clearance 1.68 m is below required 1.70 m.",1.68,1.7,,,,,
23july.bag,2026-07-23T21:03:48.509+05:30,40.869,target_explorer_node,/rosout,recovery_frontier,frontier,4.74,17.03,selected_as_recovery,"No forward-progress frontier is reachable; using recovery frontier (4.74, 17.03).",,,,,,,
23july.bag,2026-07-23T21:03:48.510+05:30,40.87,target_explorer_node,/rosout,goal_dispatch,final_or_frontier,4.74,17.03,dispatched,"Sending NavigateToPose goal (4.74, 17.03): progress=-0.04 m alignment=0.124 path=2.20 m score=-0.137.",,,-0.04,0.124,2.2,-0.137,
23july.bag,2026-07-23T21:03:48.513+05:30,40.874,target_explorer_node,/rosout,nav2_acceptance,,4.74,17.03,accepted,"Nav2 accepted goal (4.74, 17.03).",,,,,,,
23july.bag,2026-07-23T21:03:49.599+05:30,41.959,target_explorer_node,/rosout,active_goal_safety_cancellation,,4.74,17.03,cancel_requested,latest map places an obstacle 1.64 m from the endpoint; required clearance is 1.70 m.,,,,,,,
23july.bag,2026-07-23T21:03:49.600+05:30,41.961,target_explorer_node,/rosout,waiting,,,,deferred,Nav2 accepted the cancellation; waiting for the action result before selecting another goal.,,,,,,,
23july.bag,2026-07-23T21:03:49.622+05:30,41.983,target_explorer_node,/rosout,action_result,,4.74,17.03,canceled,"NavigateToPose cancellation completed for (4.74, 17.03).",,,,,,,CANCELED
23july.bag,2026-07-23T21:03:49.736+05:30,42.097,target_explorer_node,/rosout,endpoint_clearance_rejection,frontier,4.74,17.03,rejected,"Rejected frontier (4.74, 17.03): endpoint clearance 1.64 m is below required 1.70 m.",1.64,1.7,,,,,
23july.bag,2026-07-23T21:03:49.737+05:30,42.098,target_explorer_node,/rosout,endpoint_clearance_rejection,frontier,4.04,18.03,rejected,"Rejected frontier (4.04, 18.03): endpoint clearance 0.58 m is below required 1.70 m.",0.58,1.7,,,,,
23july.bag,2026-07-23T21:03:49.743+05:30,42.104,target_explorer_node,/rosout,endpoint_clearance_rejection,frontier,2.69,18.38,rejected,"Rejected frontier (2.69, 18.38): endpoint clearance 0.03 m is below required 1.70 m.",0.03,1.7,,,,,
23july.bag,2026-07-23T21:03:49.743+05:30,42.104,target_explorer_node,/rosout,endpoint_clearance_rejection,frontier,2.79,18.38,rejected,"Rejected frontier (2.79, 18.38): endpoint clearance 0.08 m is below required 1.70 m.",0.08,1.7,,,,,
23july.bag,2026-07-23T21:03:49.744+05:30,42.105,target_explorer_node,/rosout,endpoint_clearance_rejection,frontier,2.89,18.38,rejected,"Rejected frontier (2.89, 18.38): endpoint clearance 0.18 m is below required 1.70 m.",0.18,1.7,,,,,
23july.bag,2026-07-23T21:03:49.744+05:30,42.105,target_explorer_node,/rosout,endpoint_clearance_rejection,frontier,2.99,18.38,rejected,"Rejected frontier (2.99, 18.38): endpoint clearance 0.23 m is below required 1.70 m.",0.23,1.7,,,,,
23july.bag,2026-07-23T21:03:49.745+05:30,42.106,target_explorer_node,/rosout,endpoint_clearance_rejection,frontier,3.09,18.38,rejected,"Rejected frontier (3.09, 18.38): endpoint clearance 0.13 m is below required 1.70 m.",0.13,1.7,,,,,
23july.bag,2026-07-23T21:03:49.747+05:30,42.107,target_explorer_node,/rosout,endpoint_clearance_rejection,frontier,2.29,19.13,rejected,"Rejected frontier (2.29, 19.13): endpoint clearance 0.04 m is below required 1.70 m.",0.04,1.7,,,,,
23july.bag,2026-07-23T21:03:49.747+05:30,42.108,target_explorer_node,/rosout,endpoint_clearance_rejection,frontier,2.19,19.13,rejected,"Rejected frontier (2.19, 19.13): endpoint clearance 0.13 m is below required 1.70 m.",0.13,1.7,,,,,
23july.bag,2026-07-23T21:03:49.748+05:30,42.109,target_explorer_node,/rosout,endpoint_clearance_rejection,frontier,0.49,23.38,rejected,"Rejected frontier (0.49, 23.38): endpoint clearance 1.56 m is below required 1.70 m.",1.56,1.7,,,,,
23july.bag,2026-07-23T21:03:49.751+05:30,42.112,target_explorer_node,/rosout,endpoint_clearance_rejection,frontier,2.59,22.43,rejected,"Rejected frontier (2.59, 22.43): endpoint clearance 0.26 m is below required 1.70 m.",0.26,1.7,,,,,
23july.bag,2026-07-23T21:03:49.751+05:30,42.112,target_explorer_node,/rosout,endpoint_clearance_rejection,frontier,2.44,22.88,rejected,"Rejected frontier (2.44, 22.88): endpoint clearance 0.08 m is below required 1.70 m.",0.08,1.7,,,,,
23july.bag,2026-07-23T21:03:49.752+05:30,42.112,target_explorer_node,/rosout,endpoint_clearance_rejection,frontier,2.64,22.48,rejected,"Rejected frontier (2.64, 22.48): endpoint clearance 0.25 m is below required 1.70 m.",0.25,1.7,,,,,
23july.bag,2026-07-23T21:03:49.752+05:30,42.113,target_explorer_node,/rosout,endpoint_clearance_rejection,frontier,2.54,22.58,rejected,"Rejected frontier (2.54, 22.58): endpoint clearance 0.11 m is below required 1.70 m.",0.11,1.7,,,,,
23july.bag,2026-07-23T21:03:49.753+05:30,42.114,target_explorer_node,/rosout,endpoint_clearance_rejection,frontier,2.39,22.73,rejected,"Rejected frontier (2.39, 22.73): endpoint clearance 0.04 m is below required 1.70 m.",0.04,1.7,,,,,
23july.bag,2026-07-23T21:03:49.754+05:30,42.114,target_explorer_node,/rosout,endpoint_clearance_rejection,frontier,2.39,22.98,rejected,"Rejected frontier (2.39, 22.98): endpoint clearance 0.18 m is below required 1.70 m.",0.18,1.7,,,,,
23july.bag,2026-07-23T21:03:49.754+05:30,42.115,target_explorer_node,/rosout,endpoint_clearance_rejection,frontier,2.29,23.08,rejected,"Rejected frontier (2.29, 23.08): endpoint clearance 0.25 m is below required 1.70 m.",0.25,1.7,,,,,
23july.bag,2026-07-23T21:03:49.754+05:30,42.115,target_explorer_node,/rosout,endpoint_clearance_rejection,frontier,2.24,23.13,rejected,"Rejected frontier (2.24, 23.13): endpoint clearance 0.18 m is below required 1.70 m.",0.18,1.7,,,,,
23july.bag,2026-07-23T21:03:49.755+05:30,42.115,target_explorer_node,/rosout,endpoint_clearance_rejection,frontier,2.19,23.18,rejected,"Rejected frontier (2.19, 23.18): endpoint clearance 0.11 m is below required 1.70 m.",0.11,1.7,,,,,
23july.bag,2026-07-23T21:03:49.755+05:30,42.116,target_explorer_node,/rosout,endpoint_clearance_rejection,frontier,1.39,23.03,rejected,"Rejected frontier (1.39, 23.03): endpoint clearance 0.62 m is below required 1.70 m.",0.62,1.7,,,,,
23july.bag,2026-07-23T21:03:49.756+05:30,42.116,target_explorer_node,/rosout,endpoint_clearance_rejection,frontier,1.09,23.03,rejected,"Rejected frontier (1.09, 23.03): endpoint clearance 0.89 m is below required 1.70 m.",0.89,1.7,,,,,
23july.bag,2026-07-23T21:03:49.756+05:30,42.117,target_explorer_node,/rosout,endpoint_clearance_rejection,frontier,1.29,22.93,rejected,"Rejected frontier (1.29, 22.93): endpoint clearance 0.66 m is below required 1.70 m.",0.66,1.7,,,,,
23july.bag,2026-07-23T21:03:49.756+05:30,42.117,target_explorer_node,/rosout,endpoint_clearance_rejection,frontier,1.04,22.98,rejected,"Rejected frontier (1.04, 22.98): endpoint clearance 0.92 m is below required 1.70 m.",0.92,1.7,,,,,
23july.bag,2026-07-23T21:03:49.757+05:30,42.117,target_explorer_node,/rosout,endpoint_clearance_rejection,frontier,1.24,22.98,rejected,"Rejected frontier (1.24, 22.98): endpoint clearance 0.73 m is below required 1.70 m.",0.73,1.7,,,,,
23july.bag,2026-07-23T21:03:49.757+05:30,42.118,target_explorer_node,/rosout,endpoint_clearance_rejection,frontier,0.89,23.03,rejected,"Rejected frontier (0.89, 23.03): endpoint clearance 1.08 m is below required 1.70 m.",1.08,1.7,,,,,
23july.bag,2026-07-23T21:03:49.758+05:30,42.118,target_explorer_node,/rosout,endpoint_clearance_rejection,frontier,1.29,23.03,rejected,"Rejected frontier (1.29, 23.03): endpoint clearance 0.70 m is below required 1.70 m.",0.7,1.7,,,,,
23july.bag,2026-07-23T21:03:49.758+05:30,42.119,target_explorer_node,/rosout,endpoint_clearance_rejection,frontier,0.94,23.08,rejected,"Rejected frontier (0.94, 23.08): endpoint clearance 1.04 m is below required 1.70 m.",1.04,1.7,,,,,
23july.bag,2026-07-23T21:03:49.758+05:30,42.119,target_explorer_node,/rosout,endpoint_clearance_rejection,frontier,1.34,23.08,rejected,"Rejected frontier (1.34, 23.08): endpoint clearance 0.69 m is below required 1.70 m.",0.69,1.7,,,,,
23july.bag,2026-07-23T21:03:49.759+05:30,42.12,target_explorer_node,/rosout,endpoint_clearance_rejection,frontier,0.99,23.13,rejected,"Rejected frontier (0.99, 23.13): endpoint clearance 1.02 m is below required 1.70 m.",1.02,1.7,,,,,
23july.bag,2026-07-23T21:03:49.759+05:30,42.12,target_explorer_node,/rosout,endpoint_clearance_rejection,frontier,1.19,23.13,rejected,"Rejected frontier (1.19, 23.13): endpoint clearance 0.84 m is below required 1.70 m.",0.84,1.7,,,,,
23july.bag,2026-07-23T21:03:49.760+05:30,42.12,target_explorer_node,/rosout,endpoint_clearance_rejection,frontier,0.94,23.18,rejected,"Rejected frontier (0.94, 23.18): endpoint clearance 1.08 m is below required 1.70 m.",1.08,1.7,,,,,
23july.bag,2026-07-23T21:03:49.760+05:30,42.121,target_explorer_node,/rosout,endpoint_clearance_rejection,frontier,2.99,23.38,rejected,"Rejected frontier (2.99, 23.38): endpoint clearance 0.13 m is below required 1.70 m.",0.13,1.7,,,,,
23july.bag,2026-07-23T21:03:49.761+05:30,42.121,target_explorer_node,/rosout,endpoint_clearance_rejection,frontier,2.89,23.63,rejected,"Rejected frontier (2.89, 23.63): endpoint clearance 0.26 m is below required 1.70 m.",0.26,1.7,,,,,
23july.bag,2026-07-23T21:03:49.761+05:30,42.122,target_explorer_node,/rosout,endpoint_clearance_rejection,frontier,3.09,23.48,rejected,"Rejected frontier (3.09, 23.48): endpoint clearance 0.03 m is below required 1.70 m.",0.03,1.7,,,,,
23july.bag,2026-07-23T21:03:49.762+05:30,42.122,target_explorer_node,/rosout,endpoint_clearance_rejection,frontier,2.84,23.58,rejected,"Rejected frontier (2.84, 23.58): endpoint clearance 0.29 m is below required 1.70 m.",0.29,1.7,,,,,
23july.bag,2026-07-23T21:03:49.762+05:30,42.123,target_explorer_node,/rosout,endpoint_clearance_rejection,frontier,3.19,23.58,rejected,"Rejected frontier (3.19, 23.58): endpoint clearance 0.03 m is below required 1.70 m.",0.03,1.7,,,,,
23july.bag,2026-07-23T21:03:49.762+05:30,42.123,target_explorer_node,/rosout,endpoint_clearance_rejection,frontier,2.84,23.68,rejected,"Rejected frontier (2.84, 23.68): endpoint clearance 0.29 m is below required 1.70 m.",0.29,1.7,,,,,
23july.bag,2026-07-23T21:03:49.763+05:30,42.124,target_explorer_node,/rosout,endpoint_clearance_rejection,frontier,2.69,23.78,rejected,"Rejected frontier (2.69, 23.78): endpoint clearance 0.13 m is below required 1.70 m.",0.13,1.7,,,,,
23july.bag,2026-07-23T21:03:49.763+05:30,42.124,target_explorer_node,/rosout,endpoint_clearance_rejection,frontier,2.64,23.83,rejected,"Rejected frontier (2.64, 23.83): endpoint clearance 0.08 m is below required 1.70 m.",0.08,1.7,,,,,
23july.bag,2026-07-23T21:03:49.829+05:30,42.189,target_explorer_node,/rosout,goal_dispatch,final_or_frontier,0.09,22.98,dispatched,"Sending NavigateToPose goal (0.09, 22.98): progress=5.76 m alignment=0.982 path=7.19 m score=6.026.",,,5.76,0.982,7.19,6.026,
23july.bag,2026-07-23T21:03:49.832+05:30,42.193,target_explorer_node,/rosout,nav2_acceptance,,0.09,22.98,accepted,"Nav2 accepted goal (0.09, 22.98).",,,,,,,
23july.bag,2026-07-23T21:03:51.599+05:30,43.959,target_explorer_node,/rosout,active_goal_safety_cancellation,,0.09,22.98,cancel_requested,latest map places an obstacle 1.55 m from the endpoint; required clearance is 1.70 m.,,,,,,,
23july.bag,2026-07-23T21:03:51.600+05:30,43.961,target_explorer_node,/rosout,waiting,,,,deferred,Nav2 accepted the cancellation; waiting for the action result before selecting another goal.,,,,,,,
23july.bag,2026-07-23T21:03:51.601+05:30,43.962,target_explorer_node,/rosout,action_result,,0.09,22.98,canceled,"NavigateToPose cancellation completed for (0.09, 22.98).",,,,,,,CANCELED
23july.bag,2026-07-23T21:03:51.700+05:30,44.06,target_explorer_node,/rosout,endpoint_clearance_rejection,final_target,1.0,24.0,rejected,"Rejected final target (1.00, 24.00): endpoint clearance 0.89 m is below required 1.70 m.",0.89,1.7,,,,,
23july.bag,2026-07-23T21:03:51.726+05:30,44.087,target_explorer_node,/rosout,endpoint_clearance_rejection,frontier,-1.29,9.58,rejected,"Rejected frontier (-1.29, 9.58): endpoint clearance 0.04 m is below required 1.70 m.",0.04,1.7,,,,,
23july.bag,2026-07-23T21:03:51.727+05:30,44.087,target_explorer_node,/rosout,endpoint_clearance_rejection,frontier,-1.74,7.93,rejected,"Rejected frontier (-1.74, 7.93): endpoint clearance 1.45 m is below required 1.70 m.",1.45,1.7,,,,,
23july.bag,2026-07-23T21:03:51.727+05:30,44.088,target_explorer_node,/rosout,endpoint_clearance_rejection,frontier,-1.29,8.23,rejected,"Rejected frontier (-1.29, 8.23): endpoint clearance 1.32 m is below required 1.70 m.",1.32,1.7,,,,,
23july.bag,2026-07-23T21:03:51.728+05:30,44.088,target_explorer_node,/rosout,endpoint_clearance_rejection,frontier,6.96,7.23,rejected,"Rejected frontier (6.96, 7.23): endpoint clearance 0.03 m is below required 1.70 m.",0.03,1.7,,,,,
23july.bag,2026-07-23T21:03:51.728+05:30,44.089,target_explorer_node,/rosout,endpoint_clearance_rejection,frontier,5.21,6.28,rejected,"Rejected frontier (5.21, 6.28): endpoint clearance 0.98 m is below required 1.70 m.",0.98,1.7,,,,,
23july.bag,2026-07-23T21:03:51.729+05:30,44.09,target_explorer_node,/rosout,endpoint_clearance_rejection,frontier,6.21,6.78,rejected,"Rejected frontier (6.21, 6.78): endpoint clearance 0.22 m is below required 1.70 m.",0.22,1.7,,,,,
23july.bag,2026-07-23T21:03:51.729+05:30,44.09,target_explorer_node,/rosout,endpoint_clearance_rejection,frontier,8.06,9.08,rejected,"Rejected frontier (8.06, 9.08): endpoint clearance 0.03 m is below required 1.70 m.",0.03,1.7,,,,,
23july.bag,2026-07-23T21:03:51.730+05:30,44.09,target_explorer_node,/rosout,endpoint_clearance_rejection,frontier,8.16,9.18,rejected,"Rejected frontier (8.16, 9.18): endpoint clearance 0.15 m is below required 1.70 m.",0.15,1.7,,,,,
23july.bag,2026-07-23T21:03:51.730+05:30,44.091,target_explorer_node,/rosout,endpoint_clearance_rejection,frontier,8.26,9.23,rejected,"Rejected frontier (8.26, 9.23): endpoint clearance 0.25 m is below required 1.70 m.",0.25,1.7,,,,,
23july.bag,2026-07-23T21:03:51.731+05:30,44.092,target_explorer_node,/rosout,endpoint_clearance_rejection,frontier,8.36,9.28,rejected,"Rejected frontier (8.36, 9.28): endpoint clearance 0.29 m is below required 1.70 m.",0.29,1.7,,,,,
23july.bag,2026-07-23T21:03:51.732+05:30,44.092,target_explorer_node,/rosout,endpoint_clearance_rejection,frontier,8.46,9.33,rejected,"Rejected frontier (8.46, 9.33): endpoint clearance 0.18 m is below required 1.70 m.",0.18,1.7,,,,,
23july.bag,2026-07-23T21:03:51.732+05:30,44.093,target_explorer_node,/rosout,endpoint_clearance_rejection,frontier,8.51,9.38,rejected,"Rejected frontier (8.51, 9.38): endpoint clearance 0.13 m is below required 1.70 m.",0.13,1.7,,,,,
23july.bag,2026-07-23T21:03:51.733+05:30,44.093,target_explorer_node,/rosout,endpoint_clearance_rejection,frontier,8.56,9.38,rejected,"Rejected frontier (8.56, 9.38): endpoint clearance 0.08 m is below required 1.70 m.",0.08,1.7,,,,,
23july.bag,2026-07-23T21:03:51.733+05:30,44.094,target_explorer_node,/rosout,endpoint_clearance_rejection,frontier,9.01,11.63,rejected,"Rejected frontier (9.01, 11.63): endpoint clearance 0.26 m is below required 1.70 m.",0.26,1.7,,,,,
23july.bag,2026-07-23T21:03:51.734+05:30,44.095,target_explorer_node,/rosout,endpoint_clearance_rejection,frontier,8.76,11.43,rejected,"Rejected frontier (8.76, 11.43): endpoint clearance 0.15 m is below required 1.70 m.",0.15,1.7,,,,,
23july.bag,2026-07-23T21:03:51.735+05:30,44.095,target_explorer_node,/rosout,endpoint_clearance_rejection,frontier,8.26,11.03,rejected,"Rejected frontier (8.26, 11.03): endpoint clearance 0.03 m is below required 1.70 m.",0.03,1.7,,,,,
23july.bag,2026-07-23T21:03:51.735+05:30,44.096,target_explorer_node,/rosout,endpoint_clearance_rejection,frontier,8.36,11.13,rejected,"Rejected frontier (8.36, 11.13): endpoint clearance 0.15 m is below required 1.70 m.",0.15,1.7,,,,,
23july.bag,2026-07-23T21:03:51.736+05:30,44.096,target_explorer_node,/rosout,endpoint_clearance_rejection,frontier,8.46,11.18,rejected,"Rejected frontier (8.46, 11.18): endpoint clearance 0.18 m is below required 1.70 m.",0.18,1.7,,,,,
23july.bag,2026-07-23T21:03:51.736+05:30,44.097,target_explorer_node,/rosout,endpoint_clearance_rejection,frontier,8.56,11.28,rejected,"Rejected frontier (8.56, 11.28): endpoint clearance 0.04 m is below required 1.70 m.",0.04,1.7,,,,,
23july.bag,2026-07-23T21:03:51.736+05:30,44.097,target_explorer_node,/rosout,endpoint_clearance_rejection,frontier,8.66,11.33,rejected,"Rejected frontier (8.66, 11.33): endpoint clearance 0.03 m is below required 1.70 m.",0.03,1.7,,,,,
23july.bag,2026-07-23T21:03:51.737+05:30,44.098,target_explorer_node,/rosout,endpoint_clearance_rejection,frontier,8.86,11.53,rejected,"Rejected frontier (8.86, 11.53): endpoint clearance 0.29 m is below required 1.70 m.",0.29,1.7,,,,,
23july.bag,2026-07-23T21:03:51.738+05:30,44.098,target_explorer_node,/rosout,endpoint_clearance_rejection,frontier,9.06,11.63,rejected,"Rejected frontier (9.06, 11.63): endpoint clearance 0.22 m is below required 1.70 m.",0.22,1.7,,,,,
23july.bag,2026-07-23T21:03:51.738+05:30,44.099,target_explorer_node,/rosout,endpoint_clearance_rejection,frontier,9.16,11.68,rejected,"Rejected frontier (9.16, 11.68): endpoint clearance 0.11 m is below required 1.70 m.",0.11,1.7,,,,,
23july.bag,2026-07-23T21:03:51.739+05:30,44.099,target_explorer_node,/rosout,endpoint_clearance_rejection,frontier,9.56,12.38,rejected,"Rejected frontier (9.56, 12.38): endpoint clearance 0.37 m is below required 1.70 m.",0.37,1.7,,,,,
23july.bag,2026-07-23T21:03:51.739+05:30,44.1,target_explorer_node,/rosout,endpoint_clearance_rejection,frontier,9.26,12.13,rejected,"Rejected frontier (9.26, 12.13): endpoint clearance 0.03 m is below required 1.70 m.",0.03,1.7,,,,,
23july.bag,2026-07-23T21:03:51.740+05:30,44.1,target_explorer_node,/rosout,endpoint_clearance_rejection,frontier,9.31,12.18,rejected,"Rejected frontier (9.31, 12.18): endpoint clearance 0.08 m is below required 1.70 m.",0.08,1.7,,,,,
23july.bag,2026-07-23T21:03:51.740+05:30,44.101,target_explorer_node,/rosout,endpoint_clearance_rejection,frontier,9.36,12.18,rejected,"Rejected frontier (9.36, 12.18): endpoint clearance 0.11 m is below required 1.70 m.",0.11,1.7,,,,,
23july.bag,2026-07-23T21:03:51.741+05:30,44.101,target_explorer_node,/rosout,endpoint_clearance_rejection,frontier,9.46,12.28,rejected,"Rejected frontier (9.46, 12.28): endpoint clearance 0.25 m is below required 1.70 m.",0.25,1.7,,,,,
23july.bag,2026-07-23T21:03:51.742+05:30,44.102,target_explorer_node,/rosout,endpoint_clearance_rejection,frontier,9.66,12.43,rejected,"Rejected frontier (9.66, 12.43): endpoint clearance 0.26 m is below required 1.70 m.",0.26,1.7,,,,,
23july.bag,2026-07-23T21:03:51.742+05:30,44.103,target_explorer_node,/rosout,endpoint_clearance_rejection,frontier,9.71,12.48,rejected,"Rejected frontier (9.71, 12.48): endpoint clearance 0.19 m is below required 1.70 m.",0.19,1.7,,,,,
23july.bag,2026-07-23T21:03:51.742+05:30,44.103,target_explorer_node,/rosout,endpoint_clearance_rejection,frontier,9.76,12.48,rejected,"Rejected frontier (9.76, 12.48): endpoint clearance 0.15 m is below required 1.70 m.",0.15,1.7,,,,,
23july.bag,2026-07-23T21:03:51.743+05:30,44.103,target_explorer_node,/rosout,endpoint_clearance_rejection,frontier,10.11,12.98,rejected,"Rejected frontier (10.11, 12.98): endpoint clearance 0.04 m is below required 1.70 m.",0.04,1.7,,,,,
23july.bag,2026-07-23T21:03:51.743+05:30,44.104,target_explorer_node,/rosout,endpoint_clearance_rejection,frontier,10.01,13.03,rejected,"Rejected frontier (10.01, 13.03): endpoint clearance 0.03 m is below required 1.70 m.",0.03,1.7,,,,,
23july.bag,2026-07-23T21:03:51.744+05:30,44.104,target_explorer_node,/rosout,endpoint_clearance_rejection,frontier,10.06,13.08,rejected,"Rejected frontier (10.06, 13.08): endpoint clearance 0.08 m is below required 1.70 m.",0.08,1.7,,,,,
23july.bag,2026-07-23T21:03:51.744+05:30,44.105,target_explorer_node,/rosout,endpoint_clearance_rejection,frontier,10.16,13.13,rejected,"Rejected frontier (10.16, 13.13): endpoint clearance 0.18 m is below required 1.70 m.",0.18,1.7,,,,,
23july.bag,2026-07-23T21:03:51.745+05:30,44.105,target_explorer_node,/rosout,endpoint_clearance_rejection,frontier,10.16,13.18,rejected,"Rejected frontier (10.16, 13.18): endpoint clearance 0.18 m is below required 1.70 m.",0.18,1.7,,,,,
23july.bag,2026-07-23T21:03:51.745+05:30,44.106,target_explorer_node,/rosout,endpoint_clearance_rejection,frontier,4.61,17.83,rejected,"Rejected frontier (4.61, 17.83): endpoint clearance 0.90 m is below required 1.70 m.",0.9,1.7,,,,,
23july.bag,2026-07-23T21:03:51.745+05:30,44.106,target_explorer_node,/rosout,endpoint_clearance_rejection,frontier,4.61,15.98,rejected,"Rejected frontier (4.61, 15.98): endpoint clearance 1.61 m is below required 1.70 m.",1.61,1.7,,,,,
23july.bag,2026-07-23T21:03:51.746+05:30,44.107,target_explorer_node,/rosout,endpoint_clearance_rejection,frontier,4.66,13.13,rejected,"Rejected frontier (4.66, 13.13): endpoint clearance 0.04 m is below required 1.70 m.",0.04,1.7,,,,,
23july.bag,2026-07-23T21:03:51.746+05:30,44.107,target_explorer_node,/rosout,endpoint_clearance_rejection,frontier,4.61,13.98,rejected,"Rejected frontier (4.61, 13.98): endpoint clearance 0.18 m is below required 1.70 m.",0.18,1.7,,,,,
23july.bag,2026-07-23T21:03:51.747+05:30,44.107,target_explorer_node,/rosout,endpoint_clearance_rejection,frontier,4.51,14.78,rejected,"Rejected frontier (4.51, 14.78): endpoint clearance 0.78 m is below required 1.70 m.",0.78,1.7,,,,,
23july.bag,2026-07-23T21:03:51.747+05:30,44.108,target_explorer_node,/rosout,endpoint_clearance_rejection,frontier,4.51,15.38,rejected,"Rejected frontier (4.51, 15.38): endpoint clearance 1.35 m is below required 1.70 m.",1.35,1.7,,,,,
23july.bag,2026-07-23T21:03:51.748+05:30,44.108,target_explorer_node,/rosout,endpoint_clearance_rejection,frontier,4.71,15.78,rejected,"Rejected frontier (4.71, 15.78): endpoint clearance 1.67 m is below required 1.70 m.",1.67,1.7,,,,,
23july.bag,2026-07-23T21:03:51.748+05:30,44.109,target_explorer_node,/rosout,endpoint_clearance_rejection,frontier,4.76,16.23,rejected,"Rejected frontier (4.76, 16.23): endpoint clearance 1.52 m is below required 1.70 m.",1.52,1.7,,,,,
23july.bag,2026-07-23T21:03:51.748+05:30,44.109,target_explorer_node,/rosout,endpoint_clearance_rejection,frontier,4.66,16.58,rejected,"Rejected frontier (4.66, 16.58): endpoint clearance 1.22 m is below required 1.70 m.",1.22,1.7,,,,,
23july.bag,2026-07-23T21:03:51.749+05:30,44.11,target_explorer_node,/rosout,endpoint_clearance_rejection,frontier,4.56,16.93,rejected,"Rejected frontier (4.56, 16.93): endpoint clearance 0.95 m is below required 1.70 m.",0.95,1.7,,,,,
23july.bag,2026-07-23T21:03:51.749+05:30,44.11,target_explorer_node,/rosout,endpoint_clearance_rejection,frontier,3.66,17.43,rejected,"Rejected frontier (3.66, 17.43): endpoint clearance 0.04 m is below required 1.70 m.",0.04,1.7,,,,,
23july.bag,2026-07-23T21:03:51.750+05:30,44.11,target_explorer_node,/rosout,endpoint_clearance_rejection,frontier,4.26,17.58,rejected,"Rejected frontier (4.26, 17.58): endpoint clearance 0.53 m is below required 1.70 m.",0.53,1.7,,,,,
23july.bag,2026-07-23T21:03:51.750+05:30,44.111,target_explorer_node,/rosout,endpoint_clearance_rejection,frontier,10.46,15.33,rejected,"Rejected frontier (10.46, 15.33): endpoint clearance 0.04 m is below required 1.70 m.",0.04,1.7,,,,,
23july.bag,2026-07-23T21:03:51.751+05:30,44.112,target_explorer_node,/rosout,endpoint_clearance_rejection,frontier,11.21,14.78,rejected,"Rejected frontier (11.21, 14.78): endpoint clearance 0.19 m is below required 1.70 m.",0.19,1.7,,,,,
23july.bag,2026-07-23T21:03:51.751+05:30,44.112,target_explorer_node,/rosout,endpoint_clearance_rejection,frontier,10.01,13.28,rejected,"Rejected frontier (10.01, 13.28): endpoint clearance 0.04 m is below required 1.70 m.",0.04,1.7,,,,,
23july.bag,2026-07-23T21:03:51.752+05:30,44.113,target_explorer_node,/rosout,endpoint_clearance_rejection,frontier,10.71,13.83,rejected,"Rejected frontier (10.71, 13.83): endpoint clearance 0.68 m is below required 1.70 m.",0.68,1.7,,,,,
23july.bag,2026-07-23T21:03:51.752+05:30,44.113,target_explorer_node,/rosout,endpoint_clearance_rejection,frontier,11.01,14.08,rejected,"Rejected frontier (11.01, 14.08): endpoint clearance 0.78 m is below required 1.70 m.",0.78,1.7,,,,,
23july.bag,2026-07-23T21:03:51.753+05:30,44.113,target_explorer_node,/rosout,endpoint_clearance_rejection,frontier,10.56,14.28,rejected,"Rejected frontier (10.56, 14.28): endpoint clearance 0.51 m is below required 1.70 m.",0.51,1.7,,,,,
23july.bag,2026-07-23T21:03:51.753+05:30,44.114,target_explorer_node,/rosout,endpoint_clearance_rejection,frontier,11.16,14.48,rejected,"Rejected frontier (11.16, 14.48): endpoint clearance 0.40 m is below required 1.70 m.",0.4,1.7,,,,,
23july.bag,2026-07-23T21:03:51.754+05:30,44.115,target_explorer_node,/rosout,endpoint_clearance_rejection,frontier,11.81,14.63,rejected,"Rejected frontier (11.81, 14.63): endpoint clearance 0.44 m is below required 1.70 m.",0.44,1.7,,,,,
23july.bag,2026-07-23T21:03:51.755+05:30,44.115,target_explorer_node,/rosout,endpoint_clearance_rejection,frontier,11.56,14.78,rejected,"Rejected frontier (11.56, 14.78): endpoint clearance 0.29 m is below required 1.70 m.",0.29,1.7,,,,,
23july.bag,2026-07-23T21:03:51.755+05:30,44.116,target_explorer_node,/rosout,endpoint_clearance_rejection,frontier,11.01,14.98,rejected,"Rejected frontier (11.01, 14.98): endpoint clearance 0.08 m is below required 1.70 m.",0.08,1.7,,,,,
23july.bag,2026-07-23T21:03:51.756+05:30,44.116,target_explorer_node,/rosout,endpoint_clearance_rejection,frontier,11.61,15.33,rejected,"Rejected frontier (11.61, 15.33): endpoint clearance 0.13 m is below required 1.70 m.",0.13,1.7,,,,,
23july.bag,2026-07-23T21:03:51.756+05:30,44.117,target_explorer_node,/rosout,endpoint_clearance_rejection,frontier,11.21,15.53,rejected,"Rejected frontier (11.21, 15.53): endpoint clearance 0.08 m is below required 1.70 m.",0.08,1.7,,,,,
23july.bag,2026-07-23T21:03:51.757+05:30,44.117,target_explorer_node,/rosout,endpoint_clearance_rejection,frontier,10.01,14.03,rejected,"Rejected frontier (10.01, 14.03): endpoint clearance 0.03 m is below required 1.70 m.",0.03,1.7,,,,,
23july.bag,2026-07-23T21:03:51.757+05:30,44.118,target_explorer_node,/rosout,endpoint_clearance_rejection,frontier,10.26,14.18,rejected,"Rejected frontier (10.26, 14.18): endpoint clearance 0.29 m is below required 1.70 m.",0.29,1.7,,,,,
23july.bag,2026-07-23T21:03:51.758+05:30,44.119,target_explorer_node,/rosout,endpoint_clearance_rejection,frontier,10.11,13.88,rejected,"Rejected frontier (10.11, 13.88): endpoint clearance 0.08 m is below required 1.70 m.",0.08,1.7,,,,,
23july.bag,2026-07-23T21:03:51.759+05:30,44.119,target_explorer_node,/rosout,endpoint_clearance_rejection,frontier,10.16,13.93,rejected,"Rejected frontier (10.16, 13.93): endpoint clearance 0.13 m is below required 1.70 m.",0.13,1.7,,,,,
23july.bag,2026-07-23T21:03:51.759+05:30,44.12,target_explorer_node,/rosout,endpoint_clearance_rejection,frontier,10.11,13.98,rejected,"Rejected frontier (10.11, 13.98): endpoint clearance 0.08 m is below required 1.70 m.",0.08,1.7,,,,,
23july.bag,2026-07-23T21:03:51.760+05:30,44.12,target_explorer_node,/rosout,endpoint_clearance_rejection,frontier,10.16,14.03,rejected,"Rejected frontier (10.16, 14.03): endpoint clearance 0.13 m is below required 1.70 m.",0.13,1.7,,,,,
23july.bag,2026-07-23T21:03:51.760+05:30,44.121,target_explorer_node,/rosout,endpoint_clearance_rejection,frontier,10.06,14.08,rejected,"Rejected frontier (10.06, 14.08): endpoint clearance 0.08 m is below required 1.70 m.",0.08,1.7,,,,,
23july.bag,2026-07-23T21:03:51.761+05:30,44.122,target_explorer_node,/rosout,endpoint_clearance_rejection,frontier,10.31,14.08,rejected,"Rejected frontier (10.31, 14.08): endpoint clearance 0.29 m is below required 1.70 m.",0.29,1.7,,,,,
23july.bag,2026-07-23T21:03:51.761+05:30,44.122,target_explorer_node,/rosout,endpoint_clearance_rejection,frontier,10.21,14.13,rejected,"Rejected frontier (10.21, 14.13): endpoint clearance 0.22 m is below required 1.70 m.",0.22,1.7,,,,,
23july.bag,2026-07-23T21:03:51.762+05:30,44.122,target_explorer_node,/rosout,endpoint_clearance_rejection,frontier,10.16,14.18,rejected,"Rejected frontier (10.16, 14.18): endpoint clearance 0.22 m is below required 1.70 m.",0.22,1.7,,,,,
23july.bag,2026-07-23T21:03:51.762+05:30,44.123,target_explorer_node,/rosout,endpoint_clearance_rejection,frontier,10.41,14.18,rejected,"Rejected frontier (10.41, 14.18): endpoint clearance 0.41 m is below required 1.70 m.",0.41,1.7,,,,,
23july.bag,2026-07-23T21:03:51.763+05:30,44.123,target_explorer_node,/rosout,endpoint_clearance_rejection,frontier,10.51,14.88,rejected,"Rejected frontier (10.51, 14.88): endpoint clearance 0.15 m is below required 1.70 m.",0.15,1.7,,,,,
23july.bag,2026-07-23T21:03:51.763+05:30,44.124,target_explorer_node,/rosout,endpoint_clearance_rejection,frontier,10.76,14.98,rejected,"Rejected frontier (10.76, 14.98): endpoint clearance 0.24 m is below required 1.70 m.",0.24,1.7,,,,,
23july.bag,2026-07-23T21:03:51.764+05:30,44.125,target_explorer_node,/rosout,endpoint_clearance_rejection,frontier,10.56,14.83,rejected,"Rejected frontier (10.56, 14.83): endpoint clearance 0.18 m is below required 1.70 m.",0.18,1.7,,,,,
23july.bag,2026-07-23T21:03:51.766+05:30,44.126,target_explorer_node,/rosout,endpoint_clearance_rejection,frontier,10.61,14.88,rejected,"Rejected frontier (10.61, 14.88): endpoint clearance 0.24 m is below required 1.70 m.",0.24,1.7,,,,,
23july.bag,2026-07-23T21:03:51.766+05:30,44.127,target_explorer_node,/rosout,endpoint_clearance_rejection,frontier,10.66,14.88,rejected,"Rejected frontier (10.66, 14.88): endpoint clearance 0.29 m is below required 1.70 m.",0.29,1.7,,,,,
23july.bag,2026-07-23T21:03:51.767+05:30,44.128,target_explorer_node,/rosout,endpoint_clearance_rejection,frontier,10.61,14.98,rejected,"Rejected frontier (10.61, 14.98): endpoint clearance 0.23 m is below required 1.70 m.",0.23,1.7,,,,,
23july.bag,2026-07-23T21:03:51.767+05:30,44.128,target_explorer_node,/rosout,endpoint_clearance_rejection,frontier,10.66,15.08,rejected,"Rejected frontier (10.66, 15.08): endpoint clearance 0.22 m is below required 1.70 m.",0.22,1.7,,,,,
23july.bag,2026-07-23T21:03:51.768+05:30,44.129,target_explorer_node,/rosout,endpoint_clearance_rejection,frontier,10.86,15.03,rejected,"Rejected frontier (10.86, 15.03): endpoint clearance 0.18 m is below required 1.70 m.",0.18,1.7,,,,,
23july.bag,2026-07-23T21:03:51.769+05:30,44.13,target_explorer_node,/rosout,endpoint_clearance_rejection,frontier,11.16,15.23,rejected,"Rejected frontier (11.16, 15.23): endpoint clearance 0.18 m is below required 1.70 m.",0.18,1.7,,,,,
23july.bag,2026-07-23T21:03:51.770+05:30,44.131,target_explorer_node,/rosout,endpoint_clearance_rejection,frontier,11.01,15.08,rejected,"Rejected frontier (11.01, 15.08): endpoint clearance 0.18 m is below required 1.70 m.",0.18,1.7,,,,,
23july.bag,2026-07-23T21:03:51.771+05:30,44.131,target_explorer_node,/rosout,endpoint_clearance_rejection,frontier,11.06,15.13,rejected,"Rejected frontier (11.06, 15.13): endpoint clearance 0.23 m is below required 1.70 m.",0.23,1.7,,,,,
23july.bag,2026-07-23T21:03:51.771+05:30,44.132,target_explorer_node,/rosout,endpoint_clearance_rejection,frontier,11.01,15.18,rejected,"Rejected frontier (11.01, 15.18): endpoint clearance 0.28 m is below required 1.70 m.",0.28,1.7,,,,,
23july.bag,2026-07-23T21:03:51.771+05:30,44.132,target_explorer_node,/rosout,endpoint_clearance_rejection,frontier,11.06,15.23,rejected,"Rejected frontier (11.06, 15.23): endpoint clearance 0.22 m is below required 1.70 m.",0.22,1.7,,,,,
23july.bag,2026-07-23T21:03:51.772+05:30,44.133,target_explorer_node,/rosout,endpoint_clearance_rejection,frontier,11.36,15.23,rejected,"Rejected frontier (11.36, 15.23): endpoint clearance 0.22 m is below required 1.70 m.",0.22,1.7,,,,,
23july.bag,2026-07-23T21:03:51.773+05:30,44.133,target_explorer_node,/rosout,endpoint_clearance_rejection,frontier,11.21,15.28,rejected,"Rejected frontier (11.21, 15.28): endpoint clearance 0.13 m is below required 1.70 m.",0.13,1.7,,,,,
23july.bag,2026-07-23T21:03:51.773+05:30,44.134,target_explorer_node,/rosout,endpoint_clearance_rejection,frontier,11.41,15.28,rejected,"Rejected frontier (11.41, 15.28): endpoint clearance 0.19 m is below required 1.70 m.",0.19,1.7,,,,,
23july.bag,2026-07-23T21:03:51.774+05:30,44.135,target_explorer_node,/rosout,endpoint_clearance_rejection,frontier,4.81,15.58,rejected,"Rejected frontier (4.81, 15.58): endpoint clearance 1.45 m is below required 1.70 m.",1.45,1.7,,,,,
23july.bag,2026-07-23T21:03:51.775+05:30,44.135,target_explorer_node,/rosout,endpoint_clearance_rejection,frontier,4.86,15.63,rejected,"Rejected frontier (4.86, 15.63): endpoint clearance 1.49 m is below required 1.70 m.",1.49,1.7,,,,,
23july.bag,2026-07-23T21:03:51.776+05:30,44.137,target_explorer_node,/rosout,endpoint_clearance_rejection,frontier,4.86,15.68,rejected,"Rejected frontier (4.86, 15.68): endpoint clearance 1.54 m is below required 1.70 m.",1.54,1.7,,,,,
23july.bag,2026-07-23T21:03:51.776+05:30,44.137,target_explorer_node,/rosout,endpoint_clearance_rejection,frontier,4.81,15.78,rejected,"Rejected frontier (4.81, 15.78): endpoint clearance 1.65 m is below required 1.70 m.",1.65,1.7,,,,,
23july.bag,2026-07-23T21:03:51.777+05:30,44.138,target_explorer_node,/rosout,endpoint_clearance_rejection,frontier,4.81,16.03,rejected,"Rejected frontier (4.81, 16.03): endpoint clearance 1.70 m is below required 1.70 m.",1.7,1.7,,,,,
23july.bag,2026-07-23T21:03:51.777+05:30,44.138,target_explorer_node,/rosout,endpoint_clearance_rejection,frontier,4.81,16.08,rejected,"Rejected frontier (4.81, 16.08): endpoint clearance 1.66 m is below required 1.70 m.",1.66,1.7,,,,,
23july.bag,2026-07-23T21:03:51.778+05:30,44.139,target_explorer_node,/rosout,endpoint_clearance_rejection,frontier,3.31,18.18,rejected,"Rejected frontier (3.31, 18.18): endpoint clearance 0.03 m is below required 1.70 m.",0.03,1.7,,,,,
23july.bag,2026-07-23T21:03:51.778+05:30,44.139,target_explorer_node,/rosout,endpoint_clearance_rejection,frontier,3.11,18.23,rejected,"Rejected frontier (3.11, 18.23): endpoint clearance 0.08 m is below required 1.70 m.",0.08,1.7,,,,,
23july.bag,2026-07-23T21:03:51.779+05:30,44.14,target_explorer_node,/rosout,endpoint_clearance_rejection,frontier,2.86,18.23,rejected,"Rejected frontier (2.86, 18.23): endpoint clearance 0.08 m is below required 1.70 m.",0.08,1.7,,,,,
23july.bag,2026-07-23T21:03:51.779+05:30,44.14,target_explorer_node,/rosout,endpoint_clearance_rejection,frontier,3.16,18.23,rejected,"Rejected frontier (3.16, 18.23): endpoint clearance 0.04 m is below required 1.70 m.",0.04,1.7,,,,,
23july.bag,2026-07-23T21:03:51.780+05:30,44.141,target_explorer_node,/rosout,endpoint_clearance_rejection,frontier,2.76,18.28,rejected,"Rejected frontier (2.76, 18.28): endpoint clearance 0.03 m is below required 1.70 m.",0.03,1.7,,,,,
23july.bag,2026-07-23T21:03:51.781+05:30,44.141,target_explorer_node,/rosout,endpoint_clearance_rejection,frontier,2.91,18.28,rejected,"Rejected frontier (2.91, 18.28): endpoint clearance 0.08 m is below required 1.70 m.",0.08,1.7,,,,,
23july.bag,2026-07-23T21:03:51.781+05:30,44.142,target_explorer_node,/rosout,endpoint_clearance_rejection,frontier,2.96,18.33,rejected,"Rejected frontier (2.96, 18.33): endpoint clearance 0.13 m is below required 1.70 m.",0.13,1.7,,,,,
23july.bag,2026-07-23T21:03:51.782+05:30,44.142,target_explorer_node,/rosout,endpoint_clearance_rejection,frontier,3.06,18.33,rejected,"Rejected frontier (3.06, 18.33): endpoint clearance 0.13 m is below required 1.70 m.",0.13,1.7,,,,,
23july.bag,2026-07-23T21:03:51.782+05:30,44.143,target_explorer_node,/rosout,endpoint_clearance_rejection,frontier,9.31,18.43,rejected,"Rejected frontier (9.31, 18.43): endpoint clearance 0.04 m is below required 1.70 m.",0.04,1.7,,,,,
23july.bag,2026-07-23T21:03:51.783+05:30,44.143,target_explorer_node,/rosout,endpoint_clearance_rejection,frontier,9.26,18.48,rejected,"Rejected frontier (9.26, 18.48): endpoint clearance 0.08 m is below required 1.70 m.",0.08,1.7,,,,,
23july.bag,2026-07-23T21:03:51.783+05:30,44.144,target_explorer_node,/rosout,endpoint_clearance_rejection,frontier,9.31,18.58,rejected,"Rejected frontier (9.31, 18.58): endpoint clearance 0.04 m is below required 1.70 m.",0.04,1.7,,,,,
23july.bag,2026-07-23T21:03:51.784+05:30,44.144,target_explorer_node,/rosout,endpoint_clearance_rejection,frontier,9.26,18.68,rejected,"Rejected frontier (9.26, 18.68): endpoint clearance 0.03 m is below required 1.70 m.",0.03,1.7,,,,,
23july.bag,2026-07-23T21:03:51.784+05:30,44.145,target_explorer_node,/rosout,endpoint_clearance_rejection,frontier,9.31,18.78,rejected,"Rejected frontier (9.31, 18.78): endpoint clearance 0.13 m is below required 1.70 m.",0.13,1.7,,,,,
23july.bag,2026-07-23T21:03:51.785+05:30,44.146,target_explorer_node,/rosout,endpoint_clearance_rejection,frontier,9.36,18.83,rejected,"Rejected frontier (9.36, 18.83): endpoint clearance 0.08 m is below required 1.70 m.",0.08,1.7,,,,,
23july.bag,2026-07-23T21:03:51.785+05:30,44.146,target_explorer_node,/rosout,endpoint_clearance_rejection,frontier,9.36,18.88,rejected,"Rejected frontier (9.36, 18.88): endpoint clearance 0.04 m is below required 1.70 m.",0.04,1.7,,,,,
23july.bag,2026-07-23T21:03:51.786+05:30,44.147,target_explorer_node,/rosout,endpoint_clearance_rejection,frontier,9.41,18.98,rejected,"Rejected frontier (9.41, 18.98): endpoint clearance 0.08 m is below required 1.70 m.",0.08,1.7,,,,,
23july.bag,2026-07-23T21:03:51.787+05:30,44.147,target_explorer_node,/rosout,endpoint_clearance_rejection,frontier,2.26,19.13,rejected,"Rejected frontier (2.26, 19.13): endpoint clearance 0.04 m is below required 1.70 m.",0.04,1.7,,,,,
23july.bag,2026-07-23T21:03:51.787+05:30,44.148,target_explorer_node,/rosout,endpoint_clearance_rejection,frontier,2.16,19.13,rejected,"Rejected frontier (2.16, 19.13): endpoint clearance 0.13 m is below required 1.70 m.",0.13,1.7,,,,,
23july.bag,2026-07-23T21:03:51.788+05:30,44.149,target_explorer_node,/rosout,endpoint_clearance_rejection,frontier,-5.99,20.73,rejected,"Rejected frontier (-5.99, 20.73): endpoint clearance 1.32 m is below required 1.70 m.",1.32,1.7,,,,,
23july.bag,2026-07-23T21:03:51.789+05:30,44.149,target_explorer_node,/rosout,endpoint_clearance_rejection,frontier,-6.34,20.88,rejected,"Rejected frontier (-6.34, 20.88): endpoint clearance 0.95 m is below required 1.70 m.",0.95,1.7,,,,,
23july.bag,2026-07-23T21:03:51.789+05:30,44.15,target_explorer_node,/rosout,endpoint_clearance_rejection,frontier,-6.59,21.13,rejected,"Rejected frontier (-6.59, 21.13): endpoint clearance 0.60 m is below required 1.70 m.",0.6,1.7,,,,,
23july.bag,2026-07-23T21:03:51.790+05:30,44.15,target_explorer_node,/rosout,endpoint_clearance_rejection,frontier,8.16,20.08,rejected,"Rejected frontier (8.16, 20.08): endpoint clearance 0.03 m is below required 1.70 m.",0.03,1.7,,,,,
23july.bag,2026-07-23T21:03:51.790+05:30,44.151,target_explorer_node,/rosout,endpoint_clearance_rejection,frontier,8.81,20.78,rejected,"Rejected frontier (8.81, 20.78): endpoint clearance 0.58 m is below required 1.70 m.",0.58,1.7,,,,,
23july.bag,2026-07-23T21:03:51.790+05:30,44.151,target_explorer_node,/rosout,endpoint_clearance_rejection,frontier,8.51,19.63,rejected,"Rejected frontier (8.51, 19.63): endpoint clearance 0.03 m is below required 1.70 m.",0.03,1.7,,,,,
23july.bag,2026-07-23T21:03:51.791+05:30,44.152,target_explorer_node,/rosout,endpoint_clearance_rejection,frontier,8.56,19.93,rejected,"Rejected frontier (8.56, 19.93): endpoint clearance 0.28 m is below required 1.70 m.",0.28,1.7,,,,,
23july.bag,2026-07-23T21:03:51.792+05:30,44.152,target_explorer_node,/rosout,endpoint_clearance_rejection,frontier,8.31,20.08,rejected,"Rejected frontier (8.31, 20.08): endpoint clearance 0.08 m is below required 1.70 m.",0.08,1.7,,,,,
23july.bag,2026-07-23T21:03:51.792+05:30,44.153,target_explorer_node,/rosout,endpoint_clearance_rejection,frontier,8.66,20.18,rejected,"Rejected frontier (8.66, 20.18): endpoint clearance 0.43 m is below required 1.70 m.",0.43,1.7,,,,,
23july.bag,2026-07-23T21:03:51.793+05:30,44.153,target_explorer_node,/rosout,endpoint_clearance_rejection,frontier,8.71,20.33,rejected,"Rejected frontier (8.71, 20.33): endpoint clearance 0.48 m is below required 1.70 m.",0.48,1.7,,,,,
23july.bag,2026-07-23T21:03:51.793+05:30,44.154,target_explorer_node,/rosout,endpoint_clearance_rejection,frontier,8.71,20.58,rejected,"Rejected frontier (8.71, 20.58): endpoint clearance 0.55 m is below required 1.70 m.",0.55,1.7,,,,,
23july.bag,2026-07-23T21:03:51.794+05:30,44.154,target_explorer_node,/rosout,endpoint_clearance_rejection,frontier,8.91,20.78,rejected,"Rejected frontier (8.91, 20.78): endpoint clearance 0.68 m is below required 1.70 m.",0.68,1.7,,,,,
23july.bag,2026-07-23T21:03:51.794+05:30,44.155,target_explorer_node,/rosout,endpoint_clearance_rejection,frontier,8.91,21.03,rejected,"Rejected frontier (8.91, 21.03): endpoint clearance 0.69 m is below required 1.70 m.",0.69,1.7,,,,,
23july.bag,2026-07-23T21:03:51.795+05:30,44.155,target_explorer_node,/rosout,endpoint_clearance_rejection,frontier,9.01,21.18,rejected,"Rejected frontier (9.01, 21.18): endpoint clearance 0.82 m is below required 1.70 m.",0.82,1.7,,,,,
23july.bag,2026-07-23T21:03:51.795+05:30,44.156,target_explorer_node,/rosout,endpoint_clearance_rejection,frontier,9.16,21.48,rejected,"Rejected frontier (9.16, 21.48): endpoint clearance 1.09 m is below required 1.70 m.",1.09,1.7,,,,,
23july.bag,2026-07-23T21:03:51.796+05:30,44.157,target_explorer_node,/rosout,endpoint_clearance_rejection,frontier,7.81,20.68,rejected,"Rejected frontier (7.81, 20.68): endpoint clearance 0.11 m is below required 1.70 m.",0.11,1.7,,,,,
23july.bag,2026-07-23T21:03:51.797+05:30,44.157,target_explorer_node,/rosout,endpoint_clearance_rejection,frontier,8.06,20.83,rejected,"Rejected frontier (8.06, 20.83): endpoint clearance 0.13 m is below required 1.70 m.",0.13,1.7,,,,,
23july.bag,2026-07-23T21:03:51.797+05:30,44.158,target_explorer_node,/rosout,endpoint_clearance_rejection,frontier,7.86,20.63,rejected,"Rejected frontier (7.86, 20.63): endpoint clearance 0.13 m is below required 1.70 m.",0.13,1.7,,,,,
23july.bag,2026-07-23T21:03:51.797+05:30,44.158,target_explorer_node,/rosout,endpoint_clearance_rejection,frontier,7.96,20.63,rejected,"Rejected frontier (7.96, 20.63): endpoint clearance 0.22 m is below required 1.70 m.",0.22,1.7,,,,,
23july.bag,2026-07-23T21:03:51.798+05:30,44.159,target_explorer_node,/rosout,endpoint_clearance_rejection,frontier,7.91,20.68,rejected,"Rejected frontier (7.91, 20.68): endpoint clearance 0.19 m is below required 1.70 m.",0.19,1.7,,,,,
23july.bag,2026-07-23T21:03:51.799+05:30,44.159,target_explorer_node,/rosout,endpoint_clearance_rejection,frontier,8.01,20.68,rejected,"Rejected frontier (8.01, 20.68): endpoint clearance 0.25 m is below required 1.70 m.",0.25,1.7,,,,,
23july.bag,2026-07-23T21:03:51.800+05:30,44.16,target_explorer_node,/rosout,endpoint_clearance_rejection,frontier,7.81,20.78,rejected,"Rejected frontier (7.81, 20.78): endpoint clearance 0.08 m is below required 1.70 m.",0.08,1.7,,,,,
23july.bag,2026-07-23T21:03:51.800+05:30,44.161,target_explorer_node,/rosout,endpoint_clearance_rejection,frontier,7.91,20.78,rejected,"Rejected frontier (7.91, 20.78): endpoint clearance 0.15 m is below required 1.70 m.",0.15,1.7,,,,,
23july.bag,2026-07-23T21:03:51.801+05:30,44.162,target_explorer_node,/rosout,endpoint_clearance_rejection,frontier,8.01,20.78,rejected,"Rejected frontier (8.01, 20.78): endpoint clearance 0.19 m is below required 1.70 m.",0.19,1.7,,,,,
23july.bag,2026-07-23T21:03:51.801+05:30,44.162,target_explorer_node,/rosout,endpoint_clearance_rejection,frontier,-4.44,21.58,rejected,"Rejected frontier (-4.44, 21.58): endpoint clearance 1.44 m is below required 1.70 m.",1.44,1.7,,,,,
23july.bag,2026-07-23T21:03:51.802+05:30,44.163,target_explorer_node,/rosout,endpoint_clearance_rejection,frontier,-5.44,21.88,rejected,"Rejected frontier (-5.44, 21.88): endpoint clearance 0.64 m is below required 1.70 m.",0.64,1.7,,,,,
23july.bag,2026-07-23T21:03:51.802+05:30,44.163,target_explorer_node,/rosout,endpoint_clearance_rejection,frontier,-4.69,21.48,rejected,"Rejected frontier (-4.69, 21.48): endpoint clearance 1.45 m is below required 1.70 m.",1.45,1.7,,,,,
23july.bag,2026-07-23T21:03:51.803+05:30,44.163,target_explorer_node,/rosout,endpoint_clearance_rejection,frontier,-4.94,21.58,rejected,"Rejected frontier (-4.94, 21.58): endpoint clearance 1.20 m is below required 1.70 m.",1.2,1.7,,,,,
23july.bag,2026-07-23T21:03:51.803+05:30,44.164,target_explorer_node,/rosout,endpoint_clearance_rejection,frontier,-4.74,21.68,rejected,"Rejected frontier (-4.74, 21.68): endpoint clearance 1.28 m is below required 1.70 m.",1.28,1.7,,,,,
23july.bag,2026-07-23T21:03:51.804+05:30,44.165,target_explorer_node,/rosout,endpoint_clearance_rejection,frontier,-4.94,21.73,rejected,"Rejected frontier (-4.94, 21.73): endpoint clearance 1.10 m is below required 1.70 m.",1.1,1.7,,,,,
23july.bag,2026-07-23T21:03:51.805+05:30,44.166,target_explorer_node,/rosout,endpoint_clearance_rejection,frontier,-5.29,21.78,rejected,"Rejected frontier (-5.29, 21.78): endpoint clearance 0.81 m is below required 1.70 m.",0.81,1.7,,,,,
23july.bag,2026-07-23T21:03:51.806+05:30,44.166,target_explorer_node,/rosout,endpoint_clearance_rejection,frontier,-5.34,21.88,rejected,"Rejected frontier (-5.34, 21.88): endpoint clearance 0.71 m is below required 1.70 m.",0.71,1.7,,,,,
23july.bag,2026-07-23T21:03:51.806+05:30,44.167,target_explorer_node,/rosout,endpoint_clearance_rejection,frontier,-5.24,21.93,rejected,"Rejected frontier (-5.24, 21.93): endpoint clearance 0.74 m is below required 1.70 m.",0.74,1.7,,,,,
23july.bag,2026-07-23T21:03:51.806+05:30,44.167,target_explorer_node,/rosout,endpoint_clearance_rejection,frontier,-5.89,22.03,rejected,"Rejected frontier (-5.89, 22.03): endpoint clearance 0.33 m is below required 1.70 m.",0.33,1.7,,,,,
23july.bag,2026-07-23T21:03:51.807+05:30,44.167,target_explorer_node,/rosout,endpoint_clearance_rejection,frontier,-2.69,22.68,rejected,"Rejected frontier (-2.69, 22.68): endpoint clearance 0.03 m is below required 1.70 m.",0.03,1.7,,,,,
23july.bag,2026-07-23T21:03:51.807+05:30,44.168,target_explorer_node,/rosout,endpoint_clearance_rejection,frontier,-4.24,22.63,rejected,"Rejected frontier (-4.24, 22.63): endpoint clearance 0.57 m is below required 1.70 m.",0.57,1.7,,,,,
23july.bag,2026-07-23T21:03:51.808+05:30,44.168,target_explorer_node,/rosout,endpoint_clearance_rejection,frontier,-3.39,22.18,rejected,"Rejected frontier (-3.39, 22.18): endpoint clearance 0.62 m is below required 1.70 m.",0.62,1.7,,,,,
23july.bag,2026-07-23T21:03:51.808+05:30,44.169,target_explorer_node,/rosout,endpoint_clearance_rejection,frontier,-3.54,22.33,rejected,"Rejected frontier (-3.54, 22.33): endpoint clearance 0.73 m is below required 1.70 m.",0.73,1.7,,,,,
23july.bag,2026-07-23T21:03:51.808+05:30,44.169,target_explorer_node,/rosout,endpoint_clearance_rejection,frontier,-3.44,22.38,rejected,"Rejected frontier (-3.44, 22.38): endpoint clearance 0.63 m is below required 1.70 m.",0.63,1.7,,,,,
23july.bag,2026-07-23T21:03:51.809+05:30,44.169,target_explorer_node,/rosout,endpoint_clearance_rejection,frontier,-3.19,22.48,rejected,"Rejected frontier (-3.19, 22.48): endpoint clearance 0.38 m is below required 1.70 m.",0.38,1.7,,,,,
23july.bag,2026-07-23T21:03:51.809+05:30,44.17,target_explorer_node,/rosout,endpoint_clearance_rejection,frontier,-5.79,22.58,rejected,"Rejected frontier (-5.79, 22.58): endpoint clearance 0.04 m is below required 1.70 m.",0.04,1.7,,,,,
23july.bag,2026-07-23T21:03:51.810+05:30,44.17,target_explorer_node,/rosout,endpoint_clearance_rejection,frontier,-4.54,22.63,rejected,"Rejected frontier (-4.54, 22.63): endpoint clearance 0.40 m is below required 1.70 m.",0.4,1.7,,,,,
23july.bag,2026-07-23T21:03:51.810+05:30,44.171,target_explorer_node,/rosout,endpoint_clearance_rejection,frontier,-5.54,22.68,rejected,"Rejected frontier (-5.54, 22.68): endpoint clearance 0.19 m is below required 1.70 m.",0.19,1.7,,,,,
23july.bag,2026-07-23T21:03:51.811+05:30,44.171,target_explorer_node,/rosout,endpoint_clearance_rejection,frontier,-4.79,22.73,rejected,"Rejected frontier (-4.79, 22.73): endpoint clearance 0.28 m is below required 1.70 m.",0.28,1.7,,,,,
23july.bag,2026-07-23T21:03:51.811+05:30,44.172,target_explorer_node,/rosout,endpoint_clearance_rejection,frontier,-4.74,22.78,rejected,"Rejected frontier (-4.74, 22.78): endpoint clearance 0.23 m is below required 1.70 m.",0.23,1.7,,,,,
23july.bag,2026-07-23T21:03:51.811+05:30,44.172,target_explorer_node,/rosout,endpoint_clearance_rejection,frontier,-5.19,22.88,rejected,"Rejected frontier (-5.19, 22.88): endpoint clearance 0.08 m is below required 1.70 m.",0.08,1.7,,,,,
23july.bag,2026-07-23T21:03:51.812+05:30,44.173,target_explorer_node,/rosout,endpoint_clearance_rejection,frontier,2.51,22.83,rejected,"Rejected frontier (2.51, 22.83): endpoint clearance 0.03 m is below required 1.70 m.",0.03,1.7,,,,,
23july.bag,2026-07-23T21:03:51.812+05:30,44.173,target_explorer_node,/rosout,endpoint_clearance_rejection,frontier,2.51,22.88,rejected,"Rejected frontier (2.51, 22.88): endpoint clearance 0.08 m is below required 1.70 m.",0.08,1.7,,,,,
23july.bag,2026-07-23T21:03:51.813+05:30,44.173,target_explorer_node,/rosout,endpoint_clearance_rejection,frontier,2.41,22.98,rejected,"Rejected frontier (2.41, 22.98): endpoint clearance 0.18 m is below required 1.70 m.",0.18,1.7,,,,,
23july.bag,2026-07-23T21:03:51.813+05:30,44.174,target_explorer_node,/rosout,endpoint_clearance_rejection,frontier,2.31,23.08,rejected,"Rejected frontier (2.31, 23.08): endpoint clearance 0.25 m is below required 1.70 m.",0.25,1.7,,,,,
23july.bag,2026-07-23T21:03:51.814+05:30,44.174,target_explorer_node,/rosout,endpoint_clearance_rejection,frontier,2.41,23.08,rejected,"Rejected frontier (2.41, 23.08): endpoint clearance 0.28 m is below required 1.70 m.",0.28,1.7,,,,,
23july.bag,2026-07-23T21:03:51.814+05:30,44.175,target_explorer_node,/rosout,endpoint_clearance_rejection,frontier,2.26,23.18,rejected,"Rejected frontier (2.26, 23.18): endpoint clearance 0.15 m is below required 1.70 m.",0.15,1.7,,,,,
23july.bag,2026-07-23T21:03:51.815+05:30,44.175,target_explorer_node,/rosout,endpoint_clearance_rejection,frontier,2.21,23.23,rejected,"Rejected frontier (2.21, 23.23): endpoint clearance 0.08 m is below required 1.70 m.",0.08,1.7,,,,,
23july.bag,2026-07-23T21:03:51.815+05:30,44.176,target_explorer_node,/rosout,endpoint_clearance_rejection,frontier,2.16,23.28,rejected,"Rejected frontier (2.16, 23.28): endpoint clearance 0.03 m is below required 1.70 m.",0.03,1.7,,,,,
23july.bag,2026-07-23T21:03:51.816+05:30,44.176,target_explorer_node,/rosout,endpoint_clearance_rejection,frontier,1.61,22.88,rejected,"Rejected frontier (1.61, 22.88): endpoint clearance 0.03 m is below required 1.70 m.",0.03,1.7,,,,,
23july.bag,2026-07-23T21:03:51.816+05:30,44.177,target_explorer_node,/rosout,endpoint_clearance_rejection,frontier,-1.29,25.13,rejected,"Rejected frontier (-1.29, 25.13): endpoint clearance 1.66 m is below required 1.70 m.",1.66,1.7,,,,,
23july.bag,2026-07-23T21:03:51.817+05:30,44.177,target_explorer_node,/rosout,endpoint_clearance_rejection,frontier,0.51,23.88,rejected,"Rejected frontier (0.51, 23.88): endpoint clearance 1.38 m is below required 1.70 m.",1.38,1.7,,,,,
23july.bag,2026-07-23T21:03:51.817+05:30,44.178,target_explorer_node,/rosout,endpoint_clearance_rejection,frontier,-1.94,24.98,rejected,"Rejected frontier (-1.94, 24.98): endpoint clearance 0.99 m is below required 1.70 m.",0.99,1.7,,,,,
23july.bag,2026-07-23T21:03:51.818+05:30,44.178,target_explorer_node,/rosout,endpoint_clearance_rejection,frontier,-1.64,25.23,rejected,"Rejected frontier (-1.64, 25.23): endpoint clearance 1.33 m is below required 1.70 m.",1.33,1.7,,,,,
23july.bag,2026-07-23T21:03:51.818+05:30,44.179,target_explorer_node,/rosout,endpoint_clearance_rejection,frontier,-2.09,25.33,rejected,"Rejected frontier (-2.09, 25.33): endpoint clearance 0.88 m is below required 1.70 m.",0.88,1.7,,,,,
23july.bag,2026-07-23T21:03:51.819+05:30,44.179,target_explorer_node,/rosout,endpoint_clearance_rejection,frontier,-2.24,25.43,rejected,"Rejected frontier (-2.24, 25.43): endpoint clearance 0.73 m is below required 1.70 m.",0.73,1.7,,,,,
23july.bag,2026-07-23T21:03:51.819+05:30,44.18,target_explorer_node,/rosout,endpoint_clearance_rejection,frontier,-2.84,25.53,rejected,"Rejected frontier (-2.84, 25.53): endpoint clearance 0.13 m is below required 1.70 m.",0.13,1.7,,,,,
23july.bag,2026-07-23T21:03:51.819+05:30,44.18,target_explorer_node,/rosout,endpoint_clearance_rejection,frontier,-2.99,25.68,rejected,"Rejected frontier (-2.99, 25.68): endpoint clearance 0.08 m is below required 1.70 m.",0.08,1.7,,,,,
23july.bag,2026-07-23T21:03:51.820+05:30,44.181,target_explorer_node,/rosout,endpoint_clearance_rejection,frontier,-2.59,25.98,rejected,"Rejected frontier (-2.59, 25.98): endpoint clearance 0.43 m is below required 1.70 m.",0.43,1.7,,,,,
23july.bag,2026-07-23T21:03:51.820+05:30,44.181,target_explorer_node,/rosout,endpoint_clearance_rejection,frontier,-1.89,23.48,rejected,"Rejected frontier (-1.89, 23.48): endpoint clearance 0.08 m is below required 1.70 m.",0.08,1.7,,,,,
23july.bag,2026-07-23T21:03:51.821+05:30,44.181,target_explorer_node,/rosout,endpoint_clearance_rejection,frontier,-2.44,23.73,rejected,"Rejected frontier (-2.44, 23.73): endpoint clearance 0.46 m is below required 1.70 m.",0.46,1.7,,,,,
23july.bag,2026-07-23T21:03:51.821+05:30,44.182,target_explorer_node,/rosout,endpoint_clearance_rejection,frontier,-1.94,23.43,rejected,"Rejected frontier (-1.94, 23.43): endpoint clearance 0.03 m is below required 1.70 m.",0.03,1.7,,,,,
23july.bag,2026-07-23T21:03:51.821+05:30,44.182,target_explorer_node,/rosout,endpoint_clearance_rejection,frontier,-2.09,23.53,rejected,"Rejected frontier (-2.09, 23.53): endpoint clearance 0.18 m is below required 1.70 m.",0.18,1.7,,,,,
23july.bag,2026-07-23T21:03:51.822+05:30,44.182,target_explorer_node,/rosout,endpoint_clearance_rejection,frontier,-2.19,23.58,rejected,"Rejected frontier (-2.19, 23.58): endpoint clearance 0.29 m is below required 1.70 m.",0.29,1.7,,,,,
23july.bag,2026-07-23T21:03:51.822+05:30,44.183,target_explorer_node,/rosout,endpoint_clearance_rejection,frontier,-2.29,23.63,rejected,"Rejected frontier (-2.29, 23.63): endpoint clearance 0.40 m is below required 1.70 m.",0.4,1.7,,,,,
23july.bag,2026-07-23T21:03:51.823+05:30,44.183,target_explorer_node,/rosout,endpoint_clearance_rejection,frontier,-2.09,23.63,rejected,"Rejected frontier (-2.09, 23.63): endpoint clearance 0.26 m is below required 1.70 m.",0.26,1.7,,,,,
23july.bag,2026-07-23T21:03:51.823+05:30,44.184,target_explorer_node,/rosout,endpoint_clearance_rejection,frontier,-2.49,23.78,rejected,"Rejected frontier (-2.49, 23.78): endpoint clearance 0.47 m is below required 1.70 m.",0.47,1.7,,,,,
23july.bag,2026-07-23T21:03:51.823+05:30,44.184,target_explorer_node,/rosout,endpoint_clearance_rejection,frontier,-2.44,23.83,rejected,"Rejected frontier (-2.44, 23.83): endpoint clearance 0.51 m is below required 1.70 m.",0.51,1.7,,,,,
23july.bag,2026-07-23T21:03:51.824+05:30,44.184,target_explorer_node,/rosout,endpoint_clearance_rejection,frontier,-2.74,23.93,rejected,"Rejected frontier (-2.74, 23.93): endpoint clearance 0.19 m is below required 1.70 m.",0.19,1.7,,,,,
23july.bag,2026-07-23T21:03:51.824+05:30,44.185,target_explorer_node,/rosout,endpoint_clearance_rejection,frontier,-2.69,23.98,rejected,"Rejected frontier (-2.69, 23.98): endpoint clearance 0.23 m is below required 1.70 m.",0.23,1.7,,,,,
23july.bag,2026-07-23T21:03:51.825+05:30,44.185,target_explorer_node,/rosout,endpoint_clearance_rejection,frontier,-2.64,24.03,rejected,"Rejected frontier (-2.64, 24.03): endpoint clearance 0.28 m is below required 1.70 m.",0.28,1.7,,,,,
23july.bag,2026-07-23T21:03:51.825+05:30,44.186,target_explorer_node,/rosout,endpoint_clearance_rejection,frontier,-1.99,24.23,rejected,"Rejected frontier (-1.99, 24.23): endpoint clearance 0.83 m is below required 1.70 m.",0.83,1.7,,,,,
23july.bag,2026-07-23T21:03:51.826+05:30,44.186,target_explorer_node,/rosout,endpoint_clearance_rejection,frontier,-2.19,24.38,rejected,"Rejected frontier (-2.19, 24.38): endpoint clearance 0.73 m is below required 1.70 m.",0.73,1.7,,,,,
23july.bag,2026-07-23T21:03:51.826+05:30,44.187,target_explorer_node,/rosout,endpoint_clearance_rejection,frontier,-2.29,24.28,rejected,"Rejected frontier (-2.29, 24.28): endpoint clearance 0.63 m is below required 1.70 m.",0.63,1.7,,,,,
23july.bag,2026-07-23T21:03:51.827+05:30,44.187,target_explorer_node,/rosout,endpoint_clearance_rejection,frontier,-1.99,24.33,rejected,"Rejected frontier (-1.99, 24.33): endpoint clearance 0.93 m is below required 1.70 m.",0.93,1.7,,,,,
23july.bag,2026-07-23T21:03:51.827+05:30,44.188,target_explorer_node,/rosout,endpoint_clearance_rejection,frontier,-2.14,24.38,rejected,"Rejected frontier (-2.14, 24.38): endpoint clearance 0.78 m is below required 1.70 m.",0.78,1.7,,,,,
23july.bag,2026-07-23T21:03:51.828+05:30,44.188,target_explorer_node,/rosout,endpoint_clearance_rejection,frontier,-2.34,24.43,rejected,"Rejected frontier (-2.34, 24.43): endpoint clearance 0.58 m is below required 1.70 m.",0.58,1.7,,,,,
23july.bag,2026-07-23T21:03:51.828+05:30,44.189,target_explorer_node,/rosout,endpoint_clearance_rejection,frontier,-2.39,24.48,rejected,"Rejected frontier (-2.39, 24.48): endpoint clearance 0.54 m is below required 1.70 m.",0.54,1.7,,,,,
23july.bag,2026-07-23T21:03:51.829+05:30,44.189,target_explorer_node,/rosout,endpoint_clearance_rejection,frontier,-2.04,24.48,rejected,"Rejected frontier (-2.04, 24.48): endpoint clearance 0.88 m is below required 1.70 m.",0.88,1.7,,,,,
23july.bag,2026-07-23T21:03:51.829+05:30,44.19,target_explorer_node,/rosout,endpoint_clearance_rejection,frontier,-2.19,24.53,rejected,"Rejected frontier (-2.19, 24.53): endpoint clearance 0.75 m is below required 1.70 m.",0.75,1.7,,,,,
23july.bag,2026-07-23T21:03:51.830+05:30,44.19,target_explorer_node,/rosout,endpoint_clearance_rejection,frontier,-2.14,24.58,rejected,"Rejected frontier (-2.14, 24.58): endpoint clearance 0.79 m is below required 1.70 m.",0.79,1.7,,,,,
23july.bag,2026-07-23T21:03:51.830+05:30,44.191,target_explorer_node,/rosout,endpoint_clearance_rejection,frontier,-0.79,24.43,rejected,"Rejected frontier (-0.79, 24.43): endpoint clearance 1.52 m is below required 1.70 m.",1.52,1.7,,,,,
23july.bag,2026-07-23T21:03:51.831+05:30,44.191,target_explorer_node,/rosout,endpoint_clearance_rejection,frontier,-1.24,24.83,rejected,"Rejected frontier (-1.24, 24.83): endpoint clearance 1.58 m is below required 1.70 m.",1.58,1.7,,,,,
23july.bag,2026-07-23T21:03:51.831+05:30,44.192,target_explorer_node,/rosout,endpoint_clearance_rejection,frontier,-1.14,24.58,rejected,"Rejected frontier (-1.14, 24.58): endpoint clearance 1.41 m is below required 1.70 m.",1.41,1.7,,,,,
23july.bag,2026-07-23T21:03:51.832+05:30,44.192,target_explorer_node,/rosout,endpoint_clearance_rejection,frontier,-0.84,24.68,rejected,"Rejected frontier (-0.84, 24.68): endpoint clearance 1.67 m is below required 1.70 m.",1.67,1.7,,,,,
23july.bag,2026-07-23T21:03:51.832+05:30,44.193,target_explorer_node,/rosout,endpoint_clearance_rejection,frontier,-1.44,24.83,rejected,"Rejected frontier (-1.44, 24.83): endpoint clearance 1.48 m is below required 1.70 m.",1.48,1.7,,,,,
23july.bag,2026-07-23T21:03:51.833+05:30,44.193,target_explorer_node,/rosout,endpoint_clearance_rejection,frontier,-1.49,24.88,rejected,"Rejected frontier (-1.49, 24.88): endpoint clearance 1.43 m is below required 1.70 m.",1.43,1.7,,,,,
23july.bag,2026-07-23T21:03:51.834+05:30,44.194,target_explorer_node,/rosout,endpoint_clearance_rejection,frontier,-1.59,25.03,rejected,"Rejected frontier (-1.59, 25.03): endpoint clearance 1.34 m is below required 1.70 m.",1.34,1.7,,,,,
23july.bag,2026-07-23T21:03:51.834+05:30,44.195,target_explorer_node,/rosout,endpoint_clearance_rejection,frontier,-1.44,25.08,rejected,"Rejected frontier (-1.44, 25.08): endpoint clearance 1.50 m is below required 1.70 m.",1.5,1.7,,,,,
23july.bag,2026-07-23T21:03:51.835+05:30,44.195,target_explorer_node,/rosout,endpoint_clearance_rejection,frontier,-2.74,24.93,rejected,"Rejected frontier (-2.74, 24.93): endpoint clearance 0.22 m is below required 1.70 m.",0.22,1.7,,,,,
23july.bag,2026-07-23T21:03:51.835+05:30,44.196,target_explorer_node,/rosout,endpoint_clearance_rejection,frontier,-2.84,25.13,rejected,"Rejected frontier (-2.84, 25.13): endpoint clearance 0.13 m is below required 1.70 m.",0.13,1.7,,,,,
23july.bag,2026-07-23T21:03:51.836+05:30,44.196,target_explorer_node,/rosout,endpoint_clearance_rejection,frontier,-2.89,24.88,rejected,"Rejected frontier (-2.89, 24.88): endpoint clearance 0.08 m is below required 1.70 m.",0.08,1.7,,,,,
23july.bag,2026-07-23T21:03:51.836+05:30,44.197,target_explorer_node,/rosout,endpoint_clearance_rejection,frontier,-2.79,24.98,rejected,"Rejected frontier (-2.79, 24.98): endpoint clearance 0.19 m is below required 1.70 m.",0.19,1.7,,,,,
23july.bag,2026-07-23T21:03:51.837+05:30,44.198,target_explorer_node,/rosout,endpoint_clearance_rejection,frontier,-2.84,25.18,rejected,"Rejected frontier (-2.84, 25.18): endpoint clearance 0.15 m is below required 1.70 m.",0.15,1.7,,,,,
23july.bag,2026-07-23T21:03:51.837+05:30,44.198,target_explorer_node,/rosout,endpoint_clearance_rejection,frontier,-2.89,25.23,rejected,"Rejected frontier (-2.89, 25.23): endpoint clearance 0.13 m is below required 1.70 m.",0.13,1.7,,,,,
23july.bag,2026-07-23T21:03:51.838+05:30,44.199,target_explorer_node,/rosout,endpoint_clearance_rejection,frontier,-2.69,25.23,rejected,"Rejected frontier (-2.69, 25.23): endpoint clearance 0.30 m is below required 1.70 m.",0.3,1.7,,,,,
23july.bag,2026-07-23T21:03:51.839+05:30,44.199,target_explorer_node,/rosout,endpoint_clearance_rejection,frontier,-2.84,25.28,rejected,"Rejected frontier (-2.84, 25.28): endpoint clearance 0.15 m is below required 1.70 m.",0.15,1.7,,,,,
23july.bag,2026-07-23T21:03:51.839+05:30,44.2,target_explorer_node,/rosout,endpoint_clearance_rejection,frontier,-2.89,25.33,rejected,"Rejected frontier (-2.89, 25.33): endpoint clearance 0.08 m is below required 1.70 m.",0.08,1.7,,,,,
23july.bag,2026-07-23T21:03:51.925+05:30,44.286,target_explorer_node,/rosout,goal_dispatch,final_or_frontier,-0.24,24.53,dispatched,"Sending NavigateToPose goal (-0.24, 24.53): progress=5.01 m alignment=0.995 path=7.51 m score=5.256.",,,5.01,0.995,7.51,5.256,
23july.bag,2026-07-23T21:03:51.929+05:30,44.29,target_explorer_node,/rosout,nav2_acceptance,,-0.24,24.53,accepted,"Nav2 accepted goal (-0.24, 24.53).",,,,,,,
23july.bag,2026-07-23T21:03:53.698+05:30,46.059,target_explorer_node,/rosout,active_goal_safety_cancellation,,-0.24,24.53,cancel_requested,latest map places an obstacle 0.71 m from the endpoint; required clearance is 1.70 m.,,,,,,,
23july.bag,2026-07-23T21:03:53.699+05:30,46.06,target_explorer_node,/rosout,waiting,,,,deferred,Nav2 accepted the cancellation; waiting for the action result before selecting another goal.,,,,,,,
23july.bag,2026-07-23T21:03:53.727+05:30,46.088,target_explorer_node,/rosout,action_result,,-0.24,24.53,canceled,"NavigateToPose cancellation completed for (-0.24, 24.53).",,,,,,,CANCELED
23july.bag,2026-07-23T21:03:53.799+05:30,46.159,target_explorer_node,/rosout,endpoint_clearance_rejection,final_target,1.0,24.0,rejected,"Rejected final target (1.00, 24.00): endpoint clearance 0.57 m is below required 1.70 m.",0.57,1.7,,,,,
23july.bag,2026-07-23T21:03:53.823+05:30,46.183,target_explorer_node,/rosout,endpoint_clearance_rejection,frontier,-1.29,9.58,rejected,"Rejected frontier (-1.29, 9.58): endpoint clearance 0.04 m is below required 1.70 m.",0.04,1.7,,,,,
23july.bag,2026-07-23T21:03:53.823+05:30,46.184,target_explorer_node,/rosout,endpoint_clearance_rejection,frontier,-1.74,7.93,rejected,"Rejected frontier (-1.74, 7.93): endpoint clearance 1.45 m is below required 1.70 m.",1.45,1.7,,,,,
23july.bag,2026-07-23T21:03:53.824+05:30,46.185,target_explorer_node,/rosout,endpoint_clearance_rejection,frontier,-1.29,8.23,rejected,"Rejected frontier (-1.29, 8.23): endpoint clearance 1.32 m is below required 1.70 m.",1.32,1.7,,,,,
23july.bag,2026-07-23T21:03:53.824+05:30,46.185,target_explorer_node,/rosout,endpoint_clearance_rejection,frontier,6.71,7.18,rejected,"Rejected frontier (6.71, 7.18): endpoint clearance 0.19 m is below required 1.70 m.",0.19,1.7,,,,,
23july.bag,2026-07-23T21:03:53.825+05:30,46.186,target_explorer_node,/rosout,endpoint_clearance_rejection,frontier,5.21,6.28,rejected,"Rejected frontier (5.21, 6.28): endpoint clearance 0.98 m is below required 1.70 m.",0.98,1.7,,,,,
23july.bag,2026-07-23T21:03:53.826+05:30,46.186,target_explorer_node,/rosout,endpoint_clearance_rejection,frontier,6.21,6.78,rejected,"Rejected frontier (6.21, 6.78): endpoint clearance 0.22 m is below required 1.70 m.",0.22,1.7,,,,,
23july.bag,2026-07-23T21:03:53.827+05:30,46.187,target_explorer_node,/rosout,endpoint_clearance_rejection,frontier,8.06,9.08,rejected,"Rejected frontier (8.06, 9.08): endpoint clearance 0.03 m is below required 1.70 m.",0.03,1.7,,,,,
23july.bag,2026-07-23T21:03:53.827+05:30,46.188,target_explorer_node,/rosout,endpoint_clearance_rejection,frontier,8.16,9.18,rejected,"Rejected frontier (8.16, 9.18): endpoint clearance 0.15 m is below required 1.70 m.",0.15,1.7,,,,,
23july.bag,2026-07-23T21:03:53.828+05:30,46.189,target_explorer_node,/rosout,endpoint_clearance_rejection,frontier,8.26,9.23,rejected,"Rejected frontier (8.26, 9.23): endpoint clearance 0.25 m is below required 1.70 m.",0.25,1.7,,,,,
23july.bag,2026-07-23T21:03:53.828+05:30,46.189,target_explorer_node,/rosout,endpoint_clearance_rejection,frontier,8.36,9.28,rejected,"Rejected frontier (8.36, 9.28): endpoint clearance 0.29 m is below required 1.70 m.",0.29,1.7,,,,,
23july.bag,2026-07-23T21:03:53.829+05:30,46.19,target_explorer_node,/rosout,endpoint_clearance_rejection,frontier,8.46,9.33,rejected,"Rejected frontier (8.46, 9.33): endpoint clearance 0.18 m is below required 1.70 m.",0.18,1.7,,,,,
23july.bag,2026-07-23T21:03:53.830+05:30,46.19,target_explorer_node,/rosout,endpoint_clearance_rejection,frontier,8.51,9.38,rejected,"Rejected frontier (8.51, 9.38): endpoint clearance 0.13 m is below required 1.70 m.",0.13,1.7,,,,,
23july.bag,2026-07-23T21:03:53.832+05:30,46.193,target_explorer_node,/rosout,endpoint_clearance_rejection,frontier,8.56,9.38,rejected,"Rejected frontier (8.56, 9.38): endpoint clearance 0.08 m is below required 1.70 m.",0.08,1.7,,,,,
23july.bag,2026-07-23T21:03:53.833+05:30,46.193,target_explorer_node,/rosout,endpoint_clearance_rejection,frontier,9.01,11.63,rejected,"Rejected frontier (9.01, 11.63): endpoint clearance 0.26 m is below required 1.70 m.",0.26,1.7,,,,,
23july.bag,2026-07-23T21:03:53.833+05:30,46.193,target_explorer_node,/rosout,endpoint_clearance_rejection,frontier,8.76,11.43,rejected,"Rejected frontier (8.76, 11.43): endpoint clearance 0.15 m is below required 1.70 m.",0.15,1.7,,,,,
23july.bag,2026-07-23T21:03:53.833+05:30,46.193,target_explorer_node,/rosout,endpoint_clearance_rejection,frontier,8.26,11.03,rejected,"Rejected frontier (8.26, 11.03): endpoint clearance 0.03 m is below required 1.70 m.",0.03,1.7,,,,,
23july.bag,2026-07-23T21:03:53.833+05:30,46.194,target_explorer_node,/rosout,endpoint_clearance_rejection,frontier,8.36,11.13,rejected,"Rejected frontier (8.36, 11.13): endpoint clearance 0.15 m is below required 1.70 m.",0.15,1.7,,,,,
23july.bag,2026-07-23T21:03:53.835+05:30,46.196,target_explorer_node,/rosout,endpoint_clearance_rejection,frontier,8.46,11.18,rejected,"Rejected frontier (8.46, 11.18): endpoint clearance 0.18 m is below required 1.70 m.",0.18,1.7,,,,,
23july.bag,2026-07-23T21:03:53.835+05:30,46.196,target_explorer_node,/rosout,endpoint_clearance_rejection,frontier,8.56,11.28,rejected,"Rejected frontier (8.56, 11.28): endpoint clearance 0.04 m is below required 1.70 m.",0.04,1.7,,,,,
23july.bag,2026-07-23T21:03:53.836+05:30,46.196,target_explorer_node,/rosout,endpoint_clearance_rejection,frontier,8.66,11.33,rejected,"Rejected frontier (8.66, 11.33): endpoint clearance 0.03 m is below required 1.70 m.",0.03,1.7,,,,,
23july.bag,2026-07-23T21:03:53.836+05:30,46.197,target_explorer_node,/rosout,endpoint_clearance_rejection,frontier,8.86,11.53,rejected,"Rejected frontier (8.86, 11.53): endpoint clearance 0.29 m is below required 1.70 m.",0.29,1.7,,,,,
23july.bag,2026-07-23T21:03:53.837+05:30,46.198,target_explorer_node,/rosout,endpoint_clearance_rejection,frontier,9.06,11.63,rejected,"Rejected frontier (9.06, 11.63): endpoint clearance 0.22 m is below required 1.70 m.",0.22,1.7,,,,,
23july.bag,2026-07-23T21:03:53.838+05:30,46.198,target_explorer_node,/rosout,endpoint_clearance_rejection,frontier,9.16,11.68,rejected,"Rejected frontier (9.16, 11.68): endpoint clearance 0.11 m is below required 1.70 m.",0.11,1.7,,,,,
23july.bag,2026-07-23T21:03:53.838+05:30,46.199,target_explorer_node,/rosout,endpoint_clearance_rejection,frontier,9.56,12.38,rejected,"Rejected frontier (9.56, 12.38): endpoint clearance 0.37 m is below required 1.70 m.",0.37,1.7,,,,,
23july.bag,2026-07-23T21:03:53.839+05:30,46.199,target_explorer_node,/rosout,endpoint_clearance_rejection,frontier,9.26,12.13,rejected,"Rejected frontier (9.26, 12.13): endpoint clearance 0.03 m is below required 1.70 m.",0.03,1.7,,,,,
23july.bag,2026-07-23T21:03:53.839+05:30,46.2,target_explorer_node,/rosout,endpoint_clearance_rejection,frontier,9.31,12.18,rejected,"Rejected frontier (9.31, 12.18): endpoint clearance 0.08 m is below required 1.70 m.",0.08,1.7,,,,,
23july.bag,2026-07-23T21:03:53.840+05:30,46.201,target_explorer_node,/rosout,endpoint_clearance_rejection,frontier,9.36,12.18,rejected,"Rejected frontier (9.36, 12.18): endpoint clearance 0.11 m is below required 1.70 m.",0.11,1.7,,,,,
23july.bag,2026-07-23T21:03:53.841+05:30,46.202,target_explorer_node,/rosout,endpoint_clearance_rejection,frontier,9.46,12.28,rejected,"Rejected frontier (9.46, 12.28): endpoint clearance 0.25 m is below required 1.70 m.",0.25,1.7,,,,,
23july.bag,2026-07-23T21:03:53.842+05:30,46.203,target_explorer_node,/rosout,endpoint_clearance_rejection,frontier,9.66,12.43,rejected,"Rejected frontier (9.66, 12.43): endpoint clearance 0.26 m is below required 1.70 m.",0.26,1.7,,,,,
23july.bag,2026-07-23T21:03:53.843+05:30,46.203,target_explorer_node,/rosout,endpoint_clearance_rejection,frontier,9.71,12.48,rejected,"Rejected frontier (9.71, 12.48): endpoint clearance 0.19 m is below required 1.70 m.",0.19,1.7,,,,,
23july.bag,2026-07-23T21:03:53.843+05:30,46.204,target_explorer_node,/rosout,endpoint_clearance_rejection,frontier,9.76,12.48,rejected,"Rejected frontier (9.76, 12.48): endpoint clearance 0.15 m is below required 1.70 m.",0.15,1.7,,,,,
23july.bag,2026-07-23T21:03:53.844+05:30,46.204,target_explorer_node,/rosout,endpoint_clearance_rejection,frontier,10.11,12.98,rejected,"Rejected frontier (10.11, 12.98): endpoint clearance 0.04 m is below required 1.70 m.",0.04,1.7,,,,,
23july.bag,2026-07-23T21:03:53.844+05:30,46.205,target_explorer_node,/rosout,endpoint_clearance_rejection,frontier,10.01,13.03,rejected,"Rejected frontier (10.01, 13.03): endpoint clearance 0.03 m is below required 1.70 m.",0.03,1.7,,,,,
23july.bag,2026-07-23T21:03:53.845+05:30,46.206,target_explorer_node,/rosout,endpoint_clearance_rejection,frontier,10.06,13.08,rejected,"Rejected frontier (10.06, 13.08): endpoint clearance 0.08 m is below required 1.70 m.",0.08,1.7,,,,,
23july.bag,2026-07-23T21:03:53.846+05:30,46.206,target_explorer_node,/rosout,endpoint_clearance_rejection,frontier,10.16,13.13,rejected,"Rejected frontier (10.16, 13.13): endpoint clearance 0.18 m is below required 1.70 m.",0.18,1.7,,,,,
23july.bag,2026-07-23T21:03:53.846+05:30,46.207,target_explorer_node,/rosout,endpoint_clearance_rejection,frontier,10.16,13.18,rejected,"Rejected frontier (10.16, 13.18): endpoint clearance 0.18 m is below required 1.70 m.",0.18,1.7,,,,,
23july.bag,2026-07-23T21:03:53.847+05:30,46.208,target_explorer_node,/rosout,endpoint_clearance_rejection,frontier,4.01,17.68,rejected,"Rejected frontier (4.01, 17.68): endpoint clearance 0.29 m is below required 1.70 m.",0.29,1.7,,,,,
23july.bag,2026-07-23T21:03:53.848+05:30,46.208,target_explorer_node,/rosout,endpoint_clearance_rejection,frontier,4.61,15.98,rejected,"Rejected frontier (4.61, 15.98): endpoint clearance 1.61 m is below required 1.70 m.",1.61,1.7,,,,,
23july.bag,2026-07-23T21:03:53.848+05:30,46.209,target_explorer_node,/rosout,endpoint_clearance_rejection,frontier,4.66,13.13,rejected,"Rejected frontier (4.66, 13.13): endpoint clearance 0.04 m is below required 1.70 m.",0.04,1.7,,,,,
23july.bag,2026-07-23T21:03:53.848+05:30,46.209,target_explorer_node,/rosout,endpoint_clearance_rejection,frontier,4.61,13.98,rejected,"Rejected frontier (4.61, 13.98): endpoint clearance 0.18 m is below required 1.70 m.",0.18,1.7,,,,,
23july.bag,2026-07-23T21:03:53.849+05:30,46.21,target_explorer_node,/rosout,endpoint_clearance_rejection,frontier,4.51,14.78,rejected,"Rejected frontier (4.51, 14.78): endpoint clearance 0.78 m is below required 1.70 m.",0.78,1.7,,,,,
23july.bag,2026-07-23T21:03:53.849+05:30,46.21,target_explorer_node,/rosout,endpoint_clearance_rejection,frontier,4.51,15.38,rejected,"Rejected frontier (4.51, 15.38): endpoint clearance 1.35 m is below required 1.70 m.",1.35,1.7,,,,,
23july.bag,2026-07-23T21:03:53.850+05:30,46.21,target_explorer_node,/rosout,endpoint_clearance_rejection,frontier,4.71,15.78,rejected,"Rejected frontier (4.71, 15.78): endpoint clearance 1.67 m is below required 1.70 m.",1.67,1.7,,,,,
23july.bag,2026-07-23T21:03:53.850+05:30,46.211,target_explorer_node,/rosout,endpoint_clearance_rejection,frontier,4.76,16.23,rejected,"Rejected frontier (4.76, 16.23): endpoint clearance 1.52 m is below required 1.70 m.",1.52,1.7,,,,,
23july.bag,2026-07-23T21:03:53.851+05:30,46.211,target_explorer_node,/rosout,endpoint_clearance_rejection,frontier,4.66,16.58,rejected,"Rejected frontier (4.66, 16.58): endpoint clearance 1.22 m is below required 1.70 m.",1.22,1.7,,,,,
23july.bag,2026-07-23T21:03:53.851+05:30,46.212,target_explorer_node,/rosout,endpoint_clearance_rejection,frontier,4.56,16.93,rejected,"Rejected frontier (4.56, 16.93): endpoint clearance 0.95 m is below required 1.70 m.",0.95,1.7,,,,,
23july.bag,2026-07-23T21:03:53.851+05:30,46.212,target_explorer_node,/rosout,endpoint_clearance_rejection,frontier,3.66,17.43,rejected,"Rejected frontier (3.66, 17.43): endpoint clearance 0.04 m is below required 1.70 m.",0.04,1.7,,,,,
23july.bag,2026-07-23T21:03:53.852+05:30,46.213,target_explorer_node,/rosout,endpoint_clearance_rejection,frontier,4.26,17.58,rejected,"Rejected frontier (4.26, 17.58): endpoint clearance 0.53 m is below required 1.70 m.",0.53,1.7,,,,,
23july.bag,2026-07-23T21:03:53.852+05:30,46.213,target_explorer_node,/rosout,endpoint_clearance_rejection,frontier,10.46,15.33,rejected,"Rejected frontier (10.46, 15.33): endpoint clearance 0.04 m is below required 1.70 m.",0.04,1.7,,,,,
23july.bag,2026-07-23T21:03:53.853+05:30,46.214,target_explorer_node,/rosout,endpoint_clearance_rejection,frontier,11.21,14.78,rejected,"Rejected frontier (11.21, 14.78): endpoint clearance 0.19 m is below required 1.70 m.",0.19,1.7,,,,,
23july.bag,2026-07-23T21:03:53.853+05:30,46.214,target_explorer_node,/rosout,endpoint_clearance_rejection,frontier,10.01,13.28,rejected,"Rejected frontier (10.01, 13.28): endpoint clearance 0.04 m is below required 1.70 m.",0.04,1.7,,,,,
23july.bag,2026-07-23T21:03:53.854+05:30,46.214,target_explorer_node,/rosout,endpoint_clearance_rejection,frontier,10.71,13.83,rejected,"Rejected frontier (10.71, 13.83): endpoint clearance 0.68 m is below required 1.70 m.",0.68,1.7,,,,,
23july.bag,2026-07-23T21:03:53.854+05:30,46.215,target_explorer_node,/rosout,endpoint_clearance_rejection,frontier,11.01,14.08,rejected,"Rejected frontier (11.01, 14.08): endpoint clearance 0.78 m is below required 1.70 m.",0.78,1.7,,,,,
23july.bag,2026-07-23T21:03:53.855+05:30,46.215,target_explorer_node,/rosout,endpoint_clearance_rejection,frontier,10.56,14.28,rejected,"Rejected frontier (10.56, 14.28): endpoint clearance 0.51 m is below required 1.70 m.",0.51,1.7,,,,,
23july.bag,2026-07-23T21:03:53.855+05:30,46.216,target_explorer_node,/rosout,endpoint_clearance_rejection,frontier,11.16,14.48,rejected,"Rejected frontier (11.16, 14.48): endpoint clearance 0.40 m is below required 1.70 m.",0.4,1.7,,,,,
23july.bag,2026-07-23T21:03:53.856+05:30,46.217,target_explorer_node,/rosout,endpoint_clearance_rejection,frontier,11.81,14.63,rejected,"Rejected frontier (11.81, 14.63): endpoint clearance 0.44 m is below required 1.70 m.",0.44,1.7,,,,,
23july.bag,2026-07-23T21:03:53.857+05:30,46.217,target_explorer_node,/rosout,endpoint_clearance_rejection,frontier,11.56,14.78,rejected,"Rejected frontier (11.56, 14.78): endpoint clearance 0.29 m is below required 1.70 m.",0.29,1.7,,,,,
23july.bag,2026-07-23T21:03:53.857+05:30,46.218,target_explorer_node,/rosout,endpoint_clearance_rejection,frontier,11.01,14.98,rejected,"Rejected frontier (11.01, 14.98): endpoint clearance 0.08 m is below required 1.70 m.",0.08,1.7,,,,,
23july.bag,2026-07-23T21:03:53.858+05:30,46.218,target_explorer_node,/rosout,endpoint_clearance_rejection,frontier,11.61,15.33,rejected,"Rejected frontier (11.61, 15.33): endpoint clearance 0.13 m is below required 1.70 m.",0.13,1.7,,,,,
23july.bag,2026-07-23T21:03:53.858+05:30,46.219,target_explorer_node,/rosout,endpoint_clearance_rejection,frontier,11.21,15.53,rejected,"Rejected frontier (11.21, 15.53): endpoint clearance 0.08 m is below required 1.70 m.",0.08,1.7,,,,,
23july.bag,2026-07-23T21:03:53.859+05:30,46.22,target_explorer_node,/rosout,endpoint_clearance_rejection,frontier,10.01,14.03,rejected,"Rejected frontier (10.01, 14.03): endpoint clearance 0.03 m is below required 1.70 m.",0.03,1.7,,,,,
23july.bag,2026-07-23T21:03:53.860+05:30,46.221,target_explorer_node,/rosout,endpoint_clearance_rejection,frontier,10.26,14.18,rejected,"Rejected frontier (10.26, 14.18): endpoint clearance 0.29 m is below required 1.70 m.",0.29,1.7,,,,,
23july.bag,2026-07-23T21:03:53.860+05:30,46.221,target_explorer_node,/rosout,endpoint_clearance_rejection,frontier,10.11,13.88,rejected,"Rejected frontier (10.11, 13.88): endpoint clearance 0.08 m is below required 1.70 m.",0.08,1.7,,,,,
23july.bag,2026-07-23T21:03:53.861+05:30,46.222,target_explorer_node,/rosout,endpoint_clearance_rejection,frontier,10.16,13.93,rejected,"Rejected frontier (10.16, 13.93): endpoint clearance 0.13 m is below required 1.70 m.",0.13,1.7,,,,,
23july.bag,2026-07-23T21:03:53.862+05:30,46.222,target_explorer_node,/rosout,endpoint_clearance_rejection,frontier,10.11,13.98,rejected,"Rejected frontier (10.11, 13.98): endpoint clearance 0.08 m is below required 1.70 m.",0.08,1.7,,,,,
23july.bag,2026-07-23T21:03:53.862+05:30,46.223,target_explorer_node,/rosout,endpoint_clearance_rejection,frontier,10.16,14.03,rejected,"Rejected frontier (10.16, 14.03): endpoint clearance 0.13 m is below required 1.70 m.",0.13,1.7,,,,,
23july.bag,2026-07-23T21:03:53.863+05:30,46.223,target_explorer_node,/rosout,endpoint_clearance_rejection,frontier,10.06,14.08,rejected,"Rejected frontier (10.06, 14.08): endpoint clearance 0.08 m is below required 1.70 m.",0.08,1.7,,,,,
23july.bag,2026-07-23T21:03:53.863+05:30,46.224,target_explorer_node,/rosout,endpoint_clearance_rejection,frontier,10.31,14.08,rejected,"Rejected frontier (10.31, 14.08): endpoint clearance 0.29 m is below required 1.70 m.",0.29,1.7,,,,,
23july.bag,2026-07-23T21:03:53.864+05:30,46.224,target_explorer_node,/rosout,endpoint_clearance_rejection,frontier,10.21,14.13,rejected,"Rejected frontier (10.21, 14.13): endpoint clearance 0.22 m is below required 1.70 m.",0.22,1.7,,,,,
23july.bag,2026-07-23T21:03:53.864+05:30,46.225,target_explorer_node,/rosout,endpoint_clearance_rejection,frontier,10.16,14.18,rejected,"Rejected frontier (10.16, 14.18): endpoint clearance 0.22 m is below required 1.70 m.",0.22,1.7,,,,,
23july.bag,2026-07-23T21:03:53.864+05:30,46.225,target_explorer_node,/rosout,endpoint_clearance_rejection,frontier,10.41,14.18,rejected,"Rejected frontier (10.41, 14.18): endpoint clearance 0.41 m is below required 1.70 m.",0.41,1.7,,,,,
23july.bag,2026-07-23T21:03:53.865+05:30,46.226,target_explorer_node,/rosout,endpoint_clearance_rejection,frontier,10.61,15.03,rejected,"Rejected frontier (10.61, 15.03): endpoint clearance 0.23 m is below required 1.70 m.",0.23,1.7,,,,,
23july.bag,2026-07-23T21:03:53.865+05:30,46.226,target_explorer_node,/rosout,endpoint_clearance_rejection,frontier,10.76,14.98,rejected,"Rejected frontier (10.76, 14.98): endpoint clearance 0.24 m is below required 1.70 m.",0.24,1.7,,,,,
23july.bag,2026-07-23T21:03:53.866+05:30,46.226,target_explorer_node,/rosout,endpoint_clearance_rejection,frontier,10.56,14.83,rejected,"Rejected frontier (10.56, 14.83): endpoint clearance 0.18 m is below required 1.70 m.",0.18,1.7,,,,,
23july.bag,2026-07-23T21:03:53.867+05:30,46.227,target_explorer_node,/rosout,endpoint_clearance_rejection,frontier,10.51,14.88,rejected,"Rejected frontier (10.51, 14.88): endpoint clearance 0.15 m is below required 1.70 m.",0.15,1.7,,,,,
23july.bag,2026-07-23T21:03:53.867+05:30,46.228,target_explorer_node,/rosout,endpoint_clearance_rejection,frontier,10.61,14.88,rejected,"Rejected frontier (10.61, 14.88): endpoint clearance 0.24 m is below required 1.70 m.",0.24,1.7,,,,,
23july.bag,2026-07-23T21:03:53.867+05:30,46.228,target_explorer_node,/rosout,endpoint_clearance_rejection,frontier,10.66,14.88,rejected,"Rejected frontier (10.66, 14.88): endpoint clearance 0.29 m is below required 1.70 m.",0.29,1.7,,,,,
23july.bag,2026-07-23T21:03:53.868+05:30,46.229,target_explorer_node,/rosout,endpoint_clearance_rejection,frontier,10.66,15.08,rejected,"Rejected frontier (10.66, 15.08): endpoint clearance 0.22 m is below required 1.70 m.",0.22,1.7,,,,,
23july.bag,2026-07-23T21:03:53.868+05:30,46.229,target_explorer_node,/rosout,endpoint_clearance_rejection,frontier,10.86,15.03,rejected,"Rejected frontier (10.86, 15.03): endpoint clearance 0.18 m is below required 1.70 m.",0.18,1.7,,,,,
23july.bag,2026-07-23T21:03:53.869+05:30,46.23,target_explorer_node,/rosout,endpoint_clearance_rejection,frontier,11.16,15.23,rejected,"Rejected frontier (11.16, 15.23): endpoint clearance 0.18 m is below required 1.70 m.",0.18,1.7,,,,,
23july.bag,2026-07-23T21:03:53.870+05:30,46.23,target_explorer_node,/rosout,endpoint_clearance_rejection,frontier,11.01,15.08,rejected,"Rejected frontier (11.01, 15.08): endpoint clearance 0.18 m is below required 1.70 m.",0.18,1.7,,,,,
23july.bag,2026-07-23T21:03:53.870+05:30,46.231,target_explorer_node,/rosout,endpoint_clearance_rejection,frontier,11.06,15.13,rejected,"Rejected frontier (11.06, 15.13): endpoint clearance 0.23 m is below required 1.70 m.",0.23,1.7,,,,,
23july.bag,2026-07-23T21:03:53.871+05:30,46.231,target_explorer_node,/rosout,endpoint_clearance_rejection,frontier,11.01,15.18,rejected,"Rejected frontier (11.01, 15.18): endpoint clearance 0.28 m is below required 1.70 m.",0.28,1.7,,,,,
23july.bag,2026-07-23T21:03:53.871+05:30,46.232,target_explorer_node,/rosout,endpoint_clearance_rejection,frontier,11.06,15.23,rejected,"Rejected frontier (11.06, 15.23): endpoint clearance 0.22 m is below required 1.70 m.",0.22,1.7,,,,,
23july.bag,2026-07-23T21:03:53.872+05:30,46.232,target_explorer_node,/rosout,endpoint_clearance_rejection,frontier,11.36,15.23,rejected,"Rejected frontier (11.36, 15.23): endpoint clearance 0.22 m is below required 1.70 m.",0.22,1.7,,,,,
23july.bag,2026-07-23T21:03:53.872+05:30,46.233,target_explorer_node,/rosout,endpoint_clearance_rejection,frontier,11.21,15.28,rejected,"Rejected frontier (11.21, 15.28): endpoint clearance 0.13 m is below required 1.70 m.",0.13,1.7,,,,,
23july.bag,2026-07-23T21:03:53.872+05:30,46.233,target_explorer_node,/rosout,endpoint_clearance_rejection,frontier,11.41,15.28,rejected,"Rejected frontier (11.41, 15.28): endpoint clearance 0.19 m is below required 1.70 m.",0.19,1.7,,,,,
23july.bag,2026-07-23T21:03:53.873+05:30,46.234,target_explorer_node,/rosout,endpoint_clearance_rejection,frontier,4.81,15.58,rejected,"Rejected frontier (4.81, 15.58): endpoint clearance 1.45 m is below required 1.70 m.",1.45,1.7,,,,,
23july.bag,2026-07-23T21:03:53.874+05:30,46.234,target_explorer_node,/rosout,endpoint_clearance_rejection,frontier,4.86,15.63,rejected,"Rejected frontier (4.86, 15.63): endpoint clearance 1.49 m is below required 1.70 m.",1.49,1.7,,,,,
23july.bag,2026-07-23T21:03:53.874+05:30,46.235,target_explorer_node,/rosout,endpoint_clearance_rejection,frontier,4.86,15.68,rejected,"Rejected frontier (4.86, 15.68): endpoint clearance 1.54 m is below required 1.70 m.",1.54,1.7,,,,,
23july.bag,2026-07-23T21:03:53.875+05:30,46.236,target_explorer_node,/rosout,endpoint_clearance_rejection,frontier,4.81,15.78,rejected,"Rejected frontier (4.81, 15.78): endpoint clearance 1.65 m is below required 1.70 m.",1.65,1.7,,,,,
23july.bag,2026-07-23T21:03:53.876+05:30,46.236,target_explorer_node,/rosout,endpoint_clearance_rejection,frontier,4.81,16.03,rejected,"Rejected frontier (4.81, 16.03): endpoint clearance 1.70 m is below required 1.70 m.",1.7,1.7,,,,,
23july.bag,2026-07-23T21:03:53.876+05:30,46.237,target_explorer_node,/rosout,endpoint_clearance_rejection,frontier,4.81,16.08,rejected,"Rejected frontier (4.81, 16.08): endpoint clearance 1.66 m is below required 1.70 m.",1.66,1.7,,,,,
23july.bag,2026-07-23T21:03:53.877+05:30,46.238,target_explorer_node,/rosout,endpoint_clearance_rejection,frontier,3.16,18.33,rejected,"Rejected frontier (3.16, 18.33): endpoint clearance 0.04 m is below required 1.70 m.",0.04,1.7,,,,,
23july.bag,2026-07-23T21:03:53.877+05:30,46.238,target_explorer_node,/rosout,endpoint_clearance_rejection,frontier,3.11,18.23,rejected,"Rejected frontier (3.11, 18.23): endpoint clearance 0.08 m is below required 1.70 m.",0.08,1.7,,,,,
23july.bag,2026-07-23T21:03:53.878+05:30,46.238,target_explorer_node,/rosout,endpoint_clearance_rejection,frontier,3.31,18.18,rejected,"Rejected frontier (3.31, 18.18): endpoint clearance 0.03 m is below required 1.70 m.",0.03,1.7,,,,,
23july.bag,2026-07-23T21:03:53.879+05:30,46.239,target_explorer_node,/rosout,endpoint_clearance_rejection,frontier,2.86,18.23,rejected,"Rejected frontier (2.86, 18.23): endpoint clearance 0.08 m is below required 1.70 m.",0.08,1.7,,,,,
23july.bag,2026-07-23T21:03:53.879+05:30,46.24,target_explorer_node,/rosout,endpoint_clearance_rejection,frontier,3.16,18.23,rejected,"Rejected frontier (3.16, 18.23): endpoint clearance 0.04 m is below required 1.70 m.",0.04,1.7,,,,,
23july.bag,2026-07-23T21:03:53.880+05:30,46.24,target_explorer_node,/rosout,endpoint_clearance_rejection,frontier,2.76,18.28,rejected,"Rejected frontier (2.76, 18.28): endpoint clearance 0.03 m is below required 1.70 m.",0.03,1.7,,,,,
23july.bag,2026-07-23T21:03:53.880+05:30,46.241,target_explorer_node,/rosout,endpoint_clearance_rejection,frontier,2.91,18.28,rejected,"Rejected frontier (2.91, 18.28): endpoint clearance 0.08 m is below required 1.70 m.",0.08,1.7,,,,,
23july.bag,2026-07-23T21:03:53.881+05:30,46.241,target_explorer_node,/rosout,endpoint_clearance_rejection,frontier,2.96,18.33,rejected,"Rejected frontier (2.96, 18.33): endpoint clearance 0.13 m is below required 1.70 m.",0.13,1.7,,,,,
23july.bag,2026-07-23T21:03:53.881+05:30,46.242,target_explorer_node,/rosout,endpoint_clearance_rejection,frontier,9.31,18.43,rejected,"Rejected frontier (9.31, 18.43): endpoint clearance 0.04 m is below required 1.70 m.",0.04,1.7,,,,,
23july.bag,2026-07-23T21:03:53.882+05:30,46.242,target_explorer_node,/rosout,endpoint_clearance_rejection,frontier,9.26,18.48,rejected,"Rejected frontier (9.26, 18.48): endpoint clearance 0.08 m is below required 1.70 m.",0.08,1.7,,,,,
23july.bag,2026-07-23T21:03:53.883+05:30,46.243,target_explorer_node,/rosout,endpoint_clearance_rejection,frontier,9.31,18.58,rejected,"Rejected frontier (9.31, 18.58): endpoint clearance 0.04 m is below required 1.70 m.",0.04,1.7,,,,,
23july.bag,2026-07-23T21:03:53.883+05:30,46.244,target_explorer_node,/rosout,endpoint_clearance_rejection,frontier,9.26,18.68,rejected,"Rejected frontier (9.26, 18.68): endpoint clearance 0.03 m is below required 1.70 m.",0.03,1.7,,,,,
23july.bag,2026-07-23T21:03:53.883+05:30,46.244,target_explorer_node,/rosout,endpoint_clearance_rejection,frontier,9.31,18.78,rejected,"Rejected frontier (9.31, 18.78): endpoint clearance 0.13 m is below required 1.70 m.",0.13,1.7,,,,,
23july.bag,2026-07-23T21:03:53.884+05:30,46.244,target_explorer_node,/rosout,endpoint_clearance_rejection,frontier,9.36,18.83,rejected,"Rejected frontier (9.36, 18.83): endpoint clearance 0.08 m is below required 1.70 m.",0.08,1.7,,,,,
23july.bag,2026-07-23T21:03:53.884+05:30,46.245,target_explorer_node,/rosout,endpoint_clearance_rejection,frontier,9.36,18.88,rejected,"Rejected frontier (9.36, 18.88): endpoint clearance 0.04 m is below required 1.70 m.",0.04,1.7,,,,,
23july.bag,2026-07-23T21:03:53.885+05:30,46.245,target_explorer_node,/rosout,endpoint_clearance_rejection,frontier,9.41,18.98,rejected,"Rejected frontier (9.41, 18.98): endpoint clearance 0.08 m is below required 1.70 m.",0.08,1.7,,,,,
23july.bag,2026-07-23T21:03:53.885+05:30,46.246,target_explorer_node,/rosout,endpoint_clearance_rejection,frontier,2.31,19.03,rejected,"Rejected frontier (2.31, 19.03): endpoint clearance 0.03 m is below required 1.70 m.",0.03,1.7,,,,,
23july.bag,2026-07-23T21:03:53.886+05:30,46.246,target_explorer_node,/rosout,endpoint_clearance_rejection,frontier,1.06,19.28,rejected,"Rejected frontier (1.06, 19.28): endpoint clearance 1.23 m is below required 1.70 m.",1.23,1.7,,,,,
23july.bag,2026-07-23T21:03:53.887+05:30,46.247,target_explorer_node,/rosout,endpoint_clearance_rejection,frontier,-5.94,20.73,rejected,"Rejected frontier (-5.94, 20.73): endpoint clearance 1.34 m is below required 1.70 m.",1.34,1.7,,,,,
23july.bag,2026-07-23T21:03:53.887+05:30,46.248,target_explorer_node,/rosout,endpoint_clearance_rejection,frontier,-6.69,20.88,rejected,"Rejected frontier (-6.69, 20.88): endpoint clearance 0.65 m is below required 1.70 m.",0.65,1.7,,,,,
23july.bag,2026-07-23T21:03:53.887+05:30,46.248,target_explorer_node,/rosout,endpoint_clearance_rejection,frontier,-6.89,20.98,rejected,"Rejected frontier (-6.89, 20.98): endpoint clearance 0.43 m is below required 1.70 m.",0.43,1.7,,,,,
23july.bag,2026-07-23T21:03:53.888+05:30,46.249,target_explorer_node,/rosout,endpoint_clearance_rejection,frontier,8.11,20.23,rejected,"Rejected frontier (8.11, 20.23): endpoint clearance 0.08 m is below required 1.70 m.",0.08,1.7,,,,,
23july.bag,2026-07-23T21:03:53.888+05:30,46.249,target_explorer_node,/rosout,endpoint_clearance_rejection,frontier,8.81,20.78,rejected,"Rejected frontier (8.81, 20.78): endpoint clearance 0.58 m is below required 1.70 m.",0.58,1.7,,,,,
23july.bag,2026-07-23T21:03:53.889+05:30,46.249,target_explorer_node,/rosout,endpoint_clearance_rejection,frontier,8.51,19.63,rejected,"Rejected frontier (8.51, 19.63): endpoint clearance 0.03 m is below required 1.70 m.",0.03,1.7,,,,,
23july.bag,2026-07-23T21:03:53.889+05:30,46.25,target_explorer_node,/rosout,endpoint_clearance_rejection,frontier,8.56,19.93,rejected,"Rejected frontier (8.56, 19.93): endpoint clearance 0.28 m is below required 1.70 m.",0.28,1.7,,,,,
23july.bag,2026-07-23T21:03:53.890+05:30,46.25,target_explorer_node,/rosout,endpoint_clearance_rejection,frontier,8.31,20.08,rejected,"Rejected frontier (8.31, 20.08): endpoint clearance 0.08 m is below required 1.70 m.",0.08,1.7,,,,,
23july.bag,2026-07-23T21:03:53.890+05:30,46.251,target_explorer_node,/rosout,endpoint_clearance_rejection,frontier,8.66,20.18,rejected,"Rejected frontier (8.66, 20.18): endpoint clearance 0.43 m is below required 1.70 m.",0.43,1.7,,,,,
23july.bag,2026-07-23T21:03:53.890+05:30,46.251,target_explorer_node,/rosout,endpoint_clearance_rejection,frontier,8.71,20.33,rejected,"Rejected frontier (8.71, 20.33): endpoint clearance 0.48 m is below required 1.70 m.",0.48,1.7,,,,,
23july.bag,2026-07-23T21:03:53.891+05:30,46.252,target_explorer_node,/rosout,endpoint_clearance_rejection,frontier,8.71,20.58,rejected,"Rejected frontier (8.71, 20.58): endpoint clearance 0.55 m is below required 1.70 m.",0.55,1.7,,,,,
23july.bag,2026-07-23T21:03:53.891+05:30,46.252,target_explorer_node,/rosout,endpoint_clearance_rejection,frontier,8.91,20.78,rejected,"Rejected frontier (8.91, 20.78): endpoint clearance 0.68 m is below required 1.70 m.",0.68,1.7,,,,,
23july.bag,2026-07-23T21:03:53.892+05:30,46.253,target_explorer_node,/rosout,endpoint_clearance_rejection,frontier,8.91,21.03,rejected,"Rejected frontier (8.91, 21.03): endpoint clearance 0.69 m is below required 1.70 m.",0.69,1.7,,,,,
23july.bag,2026-07-23T21:03:53.892+05:30,46.253,target_explorer_node,/rosout,endpoint_clearance_rejection,frontier,9.01,21.18,rejected,"Rejected frontier (9.01, 21.18): endpoint clearance 0.82 m is below required 1.70 m.",0.82,1.7,,,,,
23july.bag,2026-07-23T21:03:53.893+05:30,46.254,target_explorer_node,/rosout,endpoint_clearance_rejection,frontier,9.16,21.48,rejected,"Rejected frontier (9.16, 21.48): endpoint clearance 1.09 m is below required 1.70 m.",1.09,1.7,,,,,
23july.bag,2026-07-23T21:03:53.893+05:30,46.254,target_explorer_node,/rosout,endpoint_clearance_rejection,frontier,7.81,20.68,rejected,"Rejected frontier (7.81, 20.68): endpoint clearance 0.11 m is below required 1.70 m.",0.11,1.7,,,,,
23july.bag,2026-07-23T21:03:53.894+05:30,46.254,target_explorer_node,/rosout,endpoint_clearance_rejection,frontier,8.06,20.83,rejected,"Rejected frontier (8.06, 20.83): endpoint clearance 0.13 m is below required 1.70 m.",0.13,1.7,,,,,
23july.bag,2026-07-23T21:03:53.894+05:30,46.255,target_explorer_node,/rosout,endpoint_clearance_rejection,frontier,7.86,20.63,rejected,"Rejected frontier (7.86, 20.63): endpoint clearance 0.13 m is below required 1.70 m.",0.13,1.7,,,,,
23july.bag,2026-07-23T21:03:53.895+05:30,46.255,target_explorer_node,/rosout,endpoint_clearance_rejection,frontier,7.96,20.63,rejected,"Rejected frontier (7.96, 20.63): endpoint clearance 0.22 m is below required 1.70 m.",0.22,1.7,,,,,
23july.bag,2026-07-23T21:03:53.895+05:30,46.256,target_explorer_node,/rosout,endpoint_clearance_rejection,frontier,7.91,20.68,rejected,"Rejected frontier (7.91, 20.68): endpoint clearance 0.19 m is below required 1.70 m.",0.19,1.7,,,,,
23july.bag,2026-07-23T21:03:53.896+05:30,46.256,target_explorer_node,/rosout,endpoint_clearance_rejection,frontier,8.01,20.68,rejected,"Rejected frontier (8.01, 20.68): endpoint clearance 0.25 m is below required 1.70 m.",0.25,1.7,,,,,
23july.bag,2026-07-23T21:03:53.896+05:30,46.257,target_explorer_node,/rosout,endpoint_clearance_rejection,frontier,7.81,20.78,rejected,"Rejected frontier (7.81, 20.78): endpoint clearance 0.08 m is below required 1.70 m.",0.08,1.7,,,,,
23july.bag,2026-07-23T21:03:53.897+05:30,46.257,target_explorer_node,/rosout,endpoint_clearance_rejection,frontier,7.91,20.78,rejected,"Rejected frontier (7.91, 20.78): endpoint clearance 0.15 m is below required 1.70 m.",0.15,1.7,,,,,
23july.bag,2026-07-23T21:03:53.897+05:30,46.258,target_explorer_node,/rosout,endpoint_clearance_rejection,frontier,8.01,20.78,rejected,"Rejected frontier (8.01, 20.78): endpoint clearance 0.19 m is below required 1.70 m.",0.19,1.7,,,,,
23july.bag,2026-07-23T21:03:53.897+05:30,46.258,target_explorer_node,/rosout,endpoint_clearance_rejection,frontier,-2.99,22.58,rejected,"Rejected frontier (-2.99, 22.58): endpoint clearance 0.22 m is below required 1.70 m.",0.22,1.7,,,,,
23july.bag,2026-07-23T21:03:53.898+05:30,46.259,target_explorer_node,/rosout,endpoint_clearance_rejection,frontier,-3.79,22.83,rejected,"Rejected frontier (-3.79, 22.83): endpoint clearance 0.70 m is below required 1.70 m.",0.7,1.7,,,,,
23july.bag,2026-07-23T21:03:53.898+05:30,46.259,target_explorer_node,/rosout,endpoint_clearance_rejection,frontier,-3.89,22.48,rejected,"Rejected frontier (-3.89, 22.48): endpoint clearance 0.85 m is below required 1.70 m.",0.85,1.7,,,,,
23july.bag,2026-07-23T21:03:53.899+05:30,46.259,target_explorer_node,/rosout,endpoint_clearance_rejection,frontier,-3.44,22.53,rejected,"Rejected frontier (-3.44, 22.53): endpoint clearance 0.63 m is below required 1.70 m.",0.63,1.7,,,,,
23july.bag,2026-07-23T21:03:53.899+05:30,46.26,target_explorer_node,/rosout,endpoint_clearance_rejection,frontier,-3.49,22.58,rejected,"Rejected frontier (-3.49, 22.58): endpoint clearance 0.69 m is below required 1.70 m.",0.69,1.7,,,,,
23july.bag,2026-07-23T21:03:53.900+05:30,46.261,target_explorer_node,/rosout,endpoint_clearance_rejection,frontier,-3.59,22.63,rejected,"Rejected frontier (-3.59, 22.63): endpoint clearance 0.75 m is below required 1.70 m.",0.75,1.7,,,,,
23july.bag,2026-07-23T21:03:53.901+05:30,46.261,target_explorer_node,/rosout,endpoint_clearance_rejection,frontier,-3.69,22.68,rejected,"Rejected frontier (-3.69, 22.68): endpoint clearance 0.80 m is below required 1.70 m.",0.8,1.7,,,,,
23july.bag,2026-07-23T21:03:53.901+05:30,46.262,target_explorer_node,/rosout,endpoint_clearance_rejection,frontier,-3.54,22.73,rejected,"Rejected frontier (-3.54, 22.73): endpoint clearance 0.65 m is below required 1.70 m.",0.65,1.7,,,,,
23july.bag,2026-07-23T21:03:53.902+05:30,46.262,target_explorer_node,/rosout,endpoint_clearance_rejection,frontier,-3.39,22.78,rejected,"Rejected frontier (-3.39, 22.78): endpoint clearance 0.50 m is below required 1.70 m.",0.5,1.7,,,,,
23july.bag,2026-07-23T21:03:53.902+05:30,46.263,target_explorer_node,/rosout,endpoint_clearance_rejection,frontier,-3.54,22.83,rejected,"Rejected frontier (-3.54, 22.83): endpoint clearance 0.59 m is below required 1.70 m.",0.59,1.7,,,,,
23july.bag,2026-07-23T21:03:53.903+05:30,46.263,target_explorer_node,/rosout,endpoint_clearance_rejection,frontier,-3.64,22.93,rejected,"Rejected frontier (-3.64, 22.93): endpoint clearance 0.65 m is below required 1.70 m.",0.65,1.7,,,,,
23july.bag,2026-07-23T21:03:53.903+05:30,46.264,target_explorer_node,/rosout,endpoint_clearance_rejection,frontier,-3.99,23.03,rejected,"Rejected frontier (-3.99, 23.03): endpoint clearance 0.44 m is below required 1.70 m.",0.44,1.7,,,,,
23july.bag,2026-07-23T21:03:53.904+05:30,46.264,target_explorer_node,/rosout,endpoint_clearance_rejection,frontier,-4.84,22.88,rejected,"Rejected frontier (-4.84, 22.88): endpoint clearance 0.04 m is below required 1.70 m.",0.04,1.7,,,,,
23july.bag,2026-07-23T21:03:53.904+05:30,46.265,target_explorer_node,/rosout,endpoint_clearance_rejection,frontier,-5.29,22.93,rejected,"Rejected frontier (-5.29, 22.93): endpoint clearance 0.03 m is below required 1.70 m.",0.03,1.7,,,,,
23july.bag,2026-07-23T21:03:53.904+05:30,46.265,target_explorer_node,/rosout,endpoint_clearance_rejection,frontier,-5.59,22.68,rejected,"Rejected frontier (-5.59, 22.68): endpoint clearance 0.13 m is below required 1.70 m.",0.13,1.7,,,,,
23july.bag,2026-07-23T21:03:53.905+05:30,46.266,target_explorer_node,/rosout,endpoint_clearance_rejection,frontier,-5.69,22.73,rejected,"Rejected frontier (-5.69, 22.73): endpoint clearance 0.04 m is below required 1.70 m.",0.04,1.7,,,,,
23july.bag,2026-07-23T21:03:53.905+05:30,46.266,target_explorer_node,/rosout,endpoint_clearance_rejection,frontier,-5.49,22.73,rejected,"Rejected frontier (-5.49, 22.73): endpoint clearance 0.03 m is below required 1.70 m.",0.03,1.7,,,,,
23july.bag,2026-07-23T21:03:53.906+05:30,46.267,target_explorer_node,/rosout,endpoint_clearance_rejection,frontier,-5.49,22.83,rejected,"Rejected frontier (-5.49, 22.83): endpoint clearance 0.08 m is below required 1.70 m.",0.08,1.7,,,,,
23july.bag,2026-07-23T21:03:53.906+05:30,46.267,target_explorer_node,/rosout,endpoint_clearance_rejection,frontier,-5.39,22.88,rejected,"Rejected frontier (-5.39, 22.88): endpoint clearance 0.03 m is below required 1.70 m.",0.03,1.7,,,,,
23july.bag,2026-07-23T21:03:53.907+05:30,46.268,target_explorer_node,/rosout,endpoint_clearance_rejection,frontier,-4.94,22.88,rejected,"Rejected frontier (-4.94, 22.88): endpoint clearance 0.13 m is below required 1.70 m.",0.13,1.7,,,,,
23july.bag,2026-07-23T21:03:53.907+05:30,46.268,target_explorer_node,/rosout,endpoint_clearance_rejection,frontier,-5.04,22.93,rejected,"Rejected frontier (-5.04, 22.93): endpoint clearance 0.23 m is below required 1.70 m.",0.23,1.7,,,,,
23july.bag,2026-07-23T21:03:53.908+05:30,46.268,target_explorer_node,/rosout,endpoint_clearance_rejection,frontier,-5.19,22.98,rejected,"Rejected frontier (-5.19, 22.98): endpoint clearance 0.11 m is below required 1.70 m.",0.11,1.7,,,,,
23july.bag,2026-07-23T21:03:53.908+05:30,46.269,target_explorer_node,/rosout,endpoint_clearance_rejection,frontier,-2.69,22.73,rejected,"Rejected frontier (-2.69, 22.73): endpoint clearance 0.04 m is below required 1.70 m.",0.04,1.7,,,,,
23july.bag,2026-07-23T21:03:53.909+05:30,46.269,target_explorer_node,/rosout,endpoint_clearance_rejection,frontier,-3.59,23.08,rejected,"Rejected frontier (-3.59, 23.08): endpoint clearance 0.58 m is below required 1.70 m.",0.58,1.7,,,,,
23july.bag,2026-07-23T21:03:53.909+05:30,46.27,target_explorer_node,/rosout,endpoint_clearance_rejection,frontier,-2.79,22.68,rejected,"Rejected frontier (-2.79, 22.68): endpoint clearance 0.13 m is below required 1.70 m.",0.13,1.7,,,,,
23july.bag,2026-07-23T21:03:53.909+05:30,46.27,target_explorer_node,/rosout,endpoint_clearance_rejection,frontier,-3.19,22.83,rejected,"Rejected frontier (-3.19, 22.83): endpoint clearance 0.33 m is below required 1.70 m.",0.33,1.7,,,,,
23july.bag,2026-07-23T21:03:53.910+05:30,46.271,target_explorer_node,/rosout,endpoint_clearance_rejection,frontier,-3.14,22.88,rejected,"Rejected frontier (-3.14, 22.88): endpoint clearance 0.26 m is below required 1.70 m.",0.26,1.7,,,,,
23july.bag,2026-07-23T21:03:53.910+05:30,46.271,target_explorer_node,/rosout,endpoint_clearance_rejection,frontier,-3.34,22.98,rejected,"Rejected frontier (-3.34, 22.98): endpoint clearance 0.35 m is below required 1.70 m.",0.35,1.7,,,,,
23july.bag,2026-07-23T21:03:53.911+05:30,46.271,target_explorer_node,/rosout,endpoint_clearance_rejection,frontier,-4.04,23.13,rejected,"Rejected frontier (-4.04, 23.13): endpoint clearance 0.33 m is below required 1.70 m.",0.33,1.7,,,,,
23july.bag,2026-07-23T21:03:53.911+05:30,46.272,target_explorer_node,/rosout,endpoint_clearance_rejection,frontier,-3.69,23.13,rejected,"Rejected frontier (-3.69, 23.13): endpoint clearance 0.54 m is below required 1.70 m.",0.54,1.7,,,,,
23july.bag,2026-07-23T21:03:53.912+05:30,46.272,target_explorer_node,/rosout,endpoint_clearance_rejection,frontier,-4.14,23.18,rejected,"Rejected frontier (-4.14, 23.18): endpoint clearance 0.26 m is below required 1.70 m.",0.26,1.7,,,,,
23july.bag,2026-07-23T21:03:53.912+05:30,46.273,target_explorer_node,/rosout,endpoint_clearance_rejection,frontier,-3.84,23.18,rejected,"Rejected frontier (-3.84, 23.18): endpoint clearance 0.39 m is below required 1.70 m.",0.39,1.7,,,,,
23july.bag,2026-07-23T21:03:53.912+05:30,46.273,target_explorer_node,/rosout,endpoint_clearance_rejection,frontier,-4.19,23.23,rejected,"Rejected frontier (-4.19, 23.23): endpoint clearance 0.19 m is below required 1.70 m.",0.19,1.7,,,,,
23july.bag,2026-07-23T21:03:53.913+05:30,46.274,target_explorer_node,/rosout,endpoint_clearance_rejection,frontier,-4.29,23.28,rejected,"Rejected frontier (-4.29, 23.28): endpoint clearance 0.08 m is below required 1.70 m.",0.08,1.7,,,,,
23july.bag,2026-07-23T21:03:53.913+05:30,46.274,target_explorer_node,/rosout,endpoint_clearance_rejection,frontier,1.86,22.68,rejected,"Rejected frontier (1.86, 22.68): endpoint clearance 0.04 m is below required 1.70 m.",0.04,1.7,,,,,
23july.bag,2026-07-23T21:03:53.914+05:30,46.275,target_explorer_node,/rosout,endpoint_clearance_rejection,frontier,-0.24,24.83,rejected,"Rejected frontier (-0.24, 24.83): endpoint clearance 0.86 m is below required 1.70 m.",0.86,1.7,,,,,
23july.bag,2026-07-23T21:03:53.914+05:30,46.275,target_explorer_node,/rosout,endpoint_clearance_rejection,frontier,1.26,23.28,rejected,"Rejected frontier (1.26, 23.28): endpoint clearance 0.53 m is below required 1.70 m.",0.53,1.7,,,,,
23july.bag,2026-07-23T21:03:53.915+05:30,46.275,target_explorer_node,/rosout,endpoint_clearance_rejection,frontier,0.91,23.73,rejected,"Rejected frontier (0.91, 23.73): endpoint clearance 0.68 m is below required 1.70 m.",0.68,1.7,,,,,
23july.bag,2026-07-23T21:03:53.915+05:30,46.276,target_explorer_node,/rosout,endpoint_clearance_rejection,frontier,0.41,24.38,rejected,"Rejected frontier (0.41, 24.38): endpoint clearance 0.08 m is below required 1.70 m.",0.08,1.7,,,,,
23july.bag,2026-07-23T21:03:53.916+05:30,46.277,target_explorer_node,/rosout,endpoint_clearance_rejection,frontier,-0.54,24.78,rejected,"Rejected frontier (-0.54, 24.78): endpoint clearance 1.08 m is below required 1.70 m.",1.08,1.7,,,,,
23july.bag,2026-07-23T21:03:53.916+05:30,46.277,target_explorer_node,/rosout,endpoint_clearance_rejection,frontier,-0.24,24.88,rejected,"Rejected frontier (-0.24, 24.88): endpoint clearance 0.89 m is below required 1.70 m.",0.89,1.7,,,,,
23july.bag,2026-07-23T21:03:53.917+05:30,46.278,target_explorer_node,/rosout,endpoint_clearance_rejection,frontier,-0.59,25.18,rejected,"Rejected frontier (-0.59, 25.18): endpoint clearance 1.35 m is below required 1.70 m.",1.35,1.7,,,,,
23july.bag,2026-07-23T21:03:53.918+05:30,46.278,target_explorer_node,/rosout,endpoint_clearance_rejection,frontier,-1.39,25.63,rejected,"Rejected frontier (-1.39, 25.63): endpoint clearance 1.45 m is below required 1.70 m.",1.45,1.7,,,,,
23july.bag,2026-07-23T21:03:53.918+05:30,46.279,target_explorer_node,/rosout,endpoint_clearance_rejection,frontier,-2.04,26.18,rejected,"Rejected frontier (-2.04, 26.18): endpoint clearance 0.61 m is below required 1.70 m.",0.61,1.7,,,,,
23july.bag,2026-07-23T21:03:53.919+05:30,46.28,target_explorer_node,/rosout,endpoint_clearance_rejection,frontier,-2.44,26.58,rejected,"Rejected frontier (-2.44, 26.58): endpoint clearance 0.08 m is below required 1.70 m.",0.08,1.7,,,,,
23july.bag,2026-07-23T21:03:53.919+05:30,46.28,target_explorer_node,/rosout,endpoint_clearance_rejection,frontier,-2.54,22.78,rejected,"Rejected frontier (-2.54, 22.78): endpoint clearance 0.03 m is below required 1.70 m.",0.03,1.7,,,,,
23july.bag,2026-07-23T21:03:53.921+05:30,46.281,target_explorer_node,/rosout,endpoint_clearance_rejection,frontier,-2.54,22.88,rejected,"Rejected frontier (-2.54, 22.88): endpoint clearance 0.08 m is below required 1.70 m.",0.08,1.7,,,,,
23july.bag,2026-07-23T21:03:53.921+05:30,46.281,target_explorer_node,/rosout,endpoint_clearance_rejection,frontier,-2.44,22.88,rejected,"Rejected frontier (-2.44, 22.88): endpoint clearance 0.08 m is below required 1.70 m.",0.08,1.7,,,,,
23july.bag,2026-07-23T21:03:53.922+05:30,46.282,target_explorer_node,/rosout,endpoint_clearance_rejection,frontier,-2.29,22.88,rejected,"Rejected frontier (-2.29, 22.88): endpoint clearance 0.03 m is below required 1.70 m.",0.03,1.7,,,,,
23july.bag,2026-07-23T21:03:53.923+05:30,46.283,target_explorer_node,/rosout,endpoint_clearance_rejection,frontier,-2.44,22.98,rejected,"Rejected frontier (-2.44, 22.98): endpoint clearance 0.18 m is below required 1.70 m.",0.18,1.7,,,,,
23july.bag,2026-07-23T21:03:53.924+05:30,46.284,target_explorer_node,/rosout,endpoint_clearance_rejection,frontier,2.51,22.83,rejected,"Rejected frontier (2.51, 22.83): endpoint clearance 0.03 m is below required 1.70 m.",0.03,1.7,,,,,
23july.bag,2026-07-23T21:03:53.924+05:30,46.285,target_explorer_node,/rosout,endpoint_clearance_rejection,frontier,2.51,22.88,rejected,"Rejected frontier (2.51, 22.88): endpoint clearance 0.08 m is below required 1.70 m.",0.08,1.7,,,,,
23july.bag,2026-07-23T21:03:53.925+05:30,46.285,target_explorer_node,/rosout,endpoint_clearance_rejection,frontier,2.41,22.98,rejected,"Rejected frontier (2.41, 22.98): endpoint clearance 0.18 m is below required 1.70 m.",0.18,1.7,,,,,
23july.bag,2026-07-23T21:03:53.925+05:30,46.286,target_explorer_node,/rosout,endpoint_clearance_rejection,frontier,2.31,23.08,rejected,"Rejected frontier (2.31, 23.08): endpoint clearance 0.25 m is below required 1.70 m.",0.25,1.7,,,,,
23july.bag,2026-07-23T21:03:53.926+05:30,46.286,target_explorer_node,/rosout,endpoint_clearance_rejection,frontier,2.41,23.08,rejected,"Rejected frontier (2.41, 23.08): endpoint clearance 0.28 m is below required 1.70 m.",0.28,1.7,,,,,
23july.bag,2026-07-23T21:03:53.927+05:30,46.287,target_explorer_node,/rosout,endpoint_clearance_rejection,frontier,2.26,23.18,rejected,"Rejected frontier (2.26, 23.18): endpoint clearance 0.15 m is below required 1.70 m.",0.15,1.7,,,,,
23july.bag,2026-07-23T21:03:53.927+05:30,46.288,target_explorer_node,/rosout,endpoint_clearance_rejection,frontier,2.21,23.23,rejected,"Rejected frontier (2.21, 23.23): endpoint clearance 0.08 m is below required 1.70 m.",0.08,1.7,,,,,
23july.bag,2026-07-23T21:03:53.928+05:30,46.289,target_explorer_node,/rosout,endpoint_clearance_rejection,frontier,2.16,23.28,rejected,"Rejected frontier (2.16, 23.28): endpoint clearance 0.03 m is below required 1.70 m.",0.03,1.7,,,,,
23july.bag,2026-07-23T21:03:53.928+05:30,46.289,target_explorer_node,/rosout,endpoint_clearance_rejection,frontier,-1.99,23.28,rejected,"Rejected frontier (-1.99, 23.28): endpoint clearance 0.03 m is below required 1.70 m.",0.03,1.7,,,,,
23july.bag,2026-07-23T21:03:53.929+05:30,46.29,target_explorer_node,/rosout,endpoint_clearance_rejection,frontier,-2.49,23.63,rejected,"Rejected frontier (-2.49, 23.63): endpoint clearance 0.26 m is below required 1.70 m.",0.26,1.7,,,,,
23july.bag,2026-07-23T21:03:53.929+05:30,46.29,target_explorer_node,/rosout,endpoint_clearance_rejection,frontier,-2.09,23.38,rejected,"Rejected frontier (-2.09, 23.38): endpoint clearance 0.15 m is below required 1.70 m.",0.15,1.7,,,,,
23july.bag,2026-07-23T21:03:53.930+05:30,46.29,target_explorer_node,/rosout,endpoint_clearance_rejection,frontier,-2.24,23.48,rejected,"Rejected frontier (-2.24, 23.48): endpoint clearance 0.32 m is below required 1.70 m.",0.32,1.7,,,,,
23july.bag,2026-07-23T21:03:53.930+05:30,46.291,target_explorer_node,/rosout,endpoint_clearance_rejection,frontier,-2.29,23.53,rejected,"Rejected frontier (-2.29, 23.53): endpoint clearance 0.39 m is below required 1.70 m.",0.39,1.7,,,,,
23july.bag,2026-07-23T21:03:53.931+05:30,46.291,target_explorer_node,/rosout,endpoint_clearance_rejection,frontier,-2.44,23.58,rejected,"Rejected frontier (-2.44, 23.58): endpoint clearance 0.29 m is below required 1.70 m.",0.29,1.7,,,,,
23july.bag,2026-07-23T21:03:53.931+05:30,46.292,target_explorer_node,/rosout,endpoint_clearance_rejection,frontier,-2.29,23.63,rejected,"Rejected frontier (-2.29, 23.63): endpoint clearance 0.44 m is below required 1.70 m.",0.44,1.7,,,,,
23july.bag,2026-07-23T21:03:53.932+05:30,46.292,target_explorer_node,/rosout,endpoint_clearance_rejection,frontier,-2.64,23.73,rejected,"Rejected frontier (-2.64, 23.73): endpoint clearance 0.24 m is below required 1.70 m.",0.24,1.7,,,,,
23july.bag,2026-07-23T21:03:53.932+05:30,46.293,target_explorer_node,/rosout,endpoint_clearance_rejection,frontier,-2.44,23.73,rejected,"Rejected frontier (-2.44, 23.73): endpoint clearance 0.36 m is below required 1.70 m.",0.36,1.7,,,,,
23july.bag,2026-07-23T21:03:53.933+05:30,46.293,target_explorer_node,/rosout,endpoint_clearance_rejection,frontier,-2.74,23.83,rejected,"Rejected frontier (-2.74, 23.83): endpoint clearance 0.22 m is below required 1.70 m.",0.22,1.7,,,,,
23july.bag,2026-07-23T21:03:53.933+05:30,46.294,target_explorer_node,/rosout,endpoint_clearance_rejection,frontier,-2.69,23.88,rejected,"Rejected frontier (-2.69, 23.88): endpoint clearance 0.24 m is below required 1.70 m.",0.24,1.7,,,,,
23july.bag,2026-07-23T21:03:53.933+05:30,46.294,target_explorer_node,/rosout,endpoint_clearance_rejection,frontier,-2.79,23.93,rejected,"Rejected frontier (-2.79, 23.93): endpoint clearance 0.13 m is below required 1.70 m.",0.13,1.7,,,,,
23july.bag,2026-07-23T21:03:53.934+05:30,46.294,target_explorer_node,/rosout,endpoint_clearance_rejection,frontier,3.06,23.63,rejected,"Rejected frontier (3.06, 23.63): endpoint clearance 0.08 m is below required 1.70 m.",0.08,1.7,,,,,
23july.bag,2026-07-23T21:03:53.934+05:30,46.295,target_explorer_node,/rosout,endpoint_clearance_rejection,frontier,3.01,23.68,rejected,"Rejected frontier (3.01, 23.68): endpoint clearance 0.08 m is below required 1.70 m.",0.08,1.7,,,,,
23july.bag,2026-07-23T21:03:53.935+05:30,46.295,target_explorer_node,/rosout,endpoint_clearance_rejection,frontier,3.11,23.68,rejected,"Rejected frontier (3.11, 23.68): endpoint clearance 0.04 m is below required 1.70 m.",0.04,1.7,,,,,
23july.bag,2026-07-23T21:03:53.935+05:30,46.296,target_explorer_node,/rosout,endpoint_clearance_rejection,frontier,3.01,23.78,rejected,"Rejected frontier (3.01, 23.78): endpoint clearance 0.03 m is below required 1.70 m.",0.03,1.7,,,,,
23july.bag,2026-07-23T21:03:53.936+05:30,46.296,target_explorer_node,/rosout,endpoint_clearance_rejection,frontier,3.06,23.78,rejected,"Rejected frontier (3.06, 23.78): endpoint clearance 0.08 m is below required 1.70 m.",0.08,1.7,,,,,
23july.bag,2026-07-23T21:03:53.936+05:30,46.297,target_explorer_node,/rosout,endpoint_clearance_rejection,frontier,2.91,23.83,rejected,"Rejected frontier (2.91, 23.83): endpoint clearance 0.03 m is below required 1.70 m.",0.03,1.7,,,,,
23july.bag,2026-07-23T21:03:53.937+05:30,46.297,target_explorer_node,/rosout,endpoint_clearance_rejection,frontier,-2.24,25.78,rejected,"Rejected frontier (-2.24, 25.78): endpoint clearance 0.78 m is below required 1.70 m.",0.78,1.7,,,,,
23july.bag,2026-07-23T21:03:53.937+05:30,46.298,target_explorer_node,/rosout,endpoint_clearance_rejection,frontier,-2.44,25.98,rejected,"Rejected frontier (-2.44, 25.98): endpoint clearance 0.58 m is below required 1.70 m.",0.58,1.7,,,,,
23july.bag,2026-07-23T21:03:53.938+05:30,46.298,target_explorer_node,/rosout,endpoint_clearance_rejection,frontier,-2.29,25.83,rejected,"Rejected frontier (-2.29, 25.83): endpoint clearance 0.74 m is below required 1.70 m.",0.74,1.7,,,,,
23july.bag,2026-07-23T21:03:53.938+05:30,46.299,target_explorer_node,/rosout,endpoint_clearance_rejection,frontier,-2.44,25.88,rejected,"Rejected frontier (-2.44, 25.88): endpoint clearance 0.58 m is below required 1.70 m.",0.58,1.7,,,,,
23july.bag,2026-07-23T21:03:53.938+05:30,46.299,target_explorer_node,/rosout,endpoint_clearance_rejection,frontier,-2.24,25.88,rejected,"Rejected frontier (-2.24, 25.88): endpoint clearance 0.78 m is below required 1.70 m.",0.78,1.7,,,,,
23july.bag,2026-07-23T21:03:53.939+05:30,46.299,target_explorer_node,/rosout,endpoint_clearance_rejection,frontier,-2.29,25.93,rejected,"Rejected frontier (-2.29, 25.93): endpoint clearance 0.73 m is below required 1.70 m.",0.73,1.7,,,,,
23july.bag,2026-07-23T21:03:53.939+05:30,46.3,target_explorer_node,/rosout,endpoint_clearance_rejection,frontier,-2.59,26.03,rejected,"Rejected frontier (-2.59, 26.03): endpoint clearance 0.43 m is below required 1.70 m.",0.43,1.7,,,,,
23july.bag,2026-07-23T21:03:53.940+05:30,46.3,target_explorer_node,/rosout,endpoint_clearance_rejection,frontier,-2.54,26.08,rejected,"Rejected frontier (-2.54, 26.08): endpoint clearance 0.48 m is below required 1.70 m.",0.48,1.7,,,,,
23july.bag,2026-07-23T21:03:53.941+05:30,46.301,target_explorer_node,/rosout,endpoint_clearance_rejection,frontier,-2.59,26.13,rejected,"Rejected frontier (-2.59, 26.13): endpoint clearance 0.43 m is below required 1.70 m.",0.43,1.7,,,,,
23july.bag,2026-07-23T21:03:54.031+05:30,46.392,target_explorer_node,/rosout,goal_dispatch,final_or_frontier,-1.04,25.38,dispatched,"Sending NavigateToPose goal (-1.04, 25.38): progress=2.72 m alignment=0.990 path=7.46 m score=2.967.",,,2.72,0.99,7.46,2.967,
23july.bag,2026-07-23T21:03:54.035+05:30,46.395,target_explorer_node,/rosout,nav2_acceptance,,-1.04,25.38,accepted,"Nav2 accepted goal (-1.04, 25.38).",,,,,,,
23july.bag,2026-07-23T21:04:04.843+05:30,57.204,target_explorer_node,/rosout,action_result,,-1.04,25.38,succeeded,"NavigateToPose succeeded for (-1.04, 25.38).",,,,,,,SUCCEEDED
23july.bag,2026-07-23T21:04:04.899+05:30,57.26,target_explorer_node,/rosout,endpoint_clearance_rejection,final_target,1.0,24.0,rejected,"Rejected final target (1.00, 24.00): endpoint clearance 0.45 m is below required 1.70 m.",0.45,1.7,,,,,
23july.bag,2026-07-23T21:04:04.930+05:30,57.29,target_explorer_node,/rosout,endpoint_clearance_rejection,frontier,-1.29,9.58,rejected,"Rejected frontier (-1.29, 9.58): endpoint clearance 0.04 m is below required 1.70 m.",0.04,1.7,,,,,
23july.bag,2026-07-23T21:04:04.931+05:30,57.292,target_explorer_node,/rosout,endpoint_clearance_rejection,frontier,-1.74,7.93,rejected,"Rejected frontier (-1.74, 7.93): endpoint clearance 1.45 m is below required 1.70 m.",1.45,1.7,,,,,
23july.bag,2026-07-23T21:04:04.931+05:30,57.292,target_explorer_node,/rosout,endpoint_clearance_rejection,frontier,-1.29,8.23,rejected,"Rejected frontier (-1.29, 8.23): endpoint clearance 1.32 m is below required 1.70 m.",1.32,1.7,,,,,
23july.bag,2026-07-23T21:04:04.932+05:30,57.293,target_explorer_node,/rosout,endpoint_clearance_rejection,frontier,6.31,7.03,rejected,"Rejected frontier (6.31, 7.03): endpoint clearance 0.30 m is below required 1.70 m.",0.3,1.7,,,,,
23july.bag,2026-07-23T21:04:04.933+05:30,57.293,target_explorer_node,/rosout,endpoint_clearance_rejection,frontier,5.21,6.28,rejected,"Rejected frontier (5.21, 6.28): endpoint clearance 0.98 m is below required 1.70 m.",0.98,1.7,,,,,
23july.bag,2026-07-23T21:04:04.933+05:30,57.294,target_explorer_node,/rosout,endpoint_clearance_rejection,frontier,6.21,6.78,rejected,"Rejected frontier (6.21, 6.78): endpoint clearance 0.22 m is below required 1.70 m.",0.22,1.7,,,,,
23july.bag,2026-07-23T21:04:04.934+05:30,57.294,target_explorer_node,/rosout,endpoint_clearance_rejection,frontier,8.06,9.08,rejected,"Rejected frontier (8.06, 9.08): endpoint clearance 0.03 m is below required 1.70 m.",0.03,1.7,,,,,
23july.bag,2026-07-23T21:04:04.934+05:30,57.295,target_explorer_node,/rosout,endpoint_clearance_rejection,frontier,8.16,9.18,rejected,"Rejected frontier (8.16, 9.18): endpoint clearance 0.15 m is below required 1.70 m.",0.15,1.7,,,,,
23july.bag,2026-07-23T21:04:04.935+05:30,57.296,target_explorer_node,/rosout,endpoint_clearance_rejection,frontier,8.26,9.23,rejected,"Rejected frontier (8.26, 9.23): endpoint clearance 0.25 m is below required 1.70 m.",0.25,1.7,,,,,
23july.bag,2026-07-23T21:04:04.936+05:30,57.296,target_explorer_node,/rosout,endpoint_clearance_rejection,frontier,8.36,9.28,rejected,"Rejected frontier (8.36, 9.28): endpoint clearance 0.29 m is below required 1.70 m.",0.29,1.7,,,,,
23july.bag,2026-07-23T21:04:04.936+05:30,57.297,target_explorer_node,/rosout,endpoint_clearance_rejection,frontier,8.46,9.33,rejected,"Rejected frontier (8.46, 9.33): endpoint clearance 0.18 m is below required 1.70 m.",0.18,1.7,,,,,
23july.bag,2026-07-23T21:04:04.937+05:30,57.297,target_explorer_node,/rosout,endpoint_clearance_rejection,frontier,8.51,9.38,rejected,"Rejected frontier (8.51, 9.38): endpoint clearance 0.13 m is below required 1.70 m.",0.13,1.7,,,,,
23july.bag,2026-07-23T21:04:04.937+05:30,57.298,target_explorer_node,/rosout,endpoint_clearance_rejection,frontier,8.56,9.38,rejected,"Rejected frontier (8.56, 9.38): endpoint clearance 0.08 m is below required 1.70 m.",0.08,1.7,,,,,
23july.bag,2026-07-23T21:04:04.938+05:30,57.298,target_explorer_node,/rosout,endpoint_clearance_rejection,frontier,8.86,11.53,rejected,"Rejected frontier (8.86, 11.53): endpoint clearance 0.29 m is below required 1.70 m.",0.29,1.7,,,,,
23july.bag,2026-07-23T21:04:04.938+05:30,57.299,target_explorer_node,/rosout,endpoint_clearance_rejection,frontier,8.76,11.43,rejected,"Rejected frontier (8.76, 11.43): endpoint clearance 0.15 m is below required 1.70 m.",0.15,1.7,,,,,
23july.bag,2026-07-23T21:04:04.939+05:30,57.299,target_explorer_node,/rosout,endpoint_clearance_rejection,frontier,8.26,11.03,rejected,"Rejected frontier (8.26, 11.03): endpoint clearance 0.03 m is below required 1.70 m.",0.03,1.7,,,,,
23july.bag,2026-07-23T21:04:04.939+05:30,57.3,target_explorer_node,/rosout,endpoint_clearance_rejection,frontier,8.36,11.13,rejected,"Rejected frontier (8.36, 11.13): endpoint clearance 0.15 m is below required 1.70 m.",0.15,1.7,,,,,
23july.bag,2026-07-23T21:04:04.940+05:30,57.3,target_explorer_node,/rosout,endpoint_clearance_rejection,frontier,8.46,11.18,rejected,"Rejected frontier (8.46, 11.18): endpoint clearance 0.18 m is below required 1.70 m.",0.18,1.7,,,,,
23july.bag,2026-07-23T21:04:04.940+05:30,57.301,target_explorer_node,/rosout,endpoint_clearance_rejection,frontier,8.56,11.28,rejected,"Rejected frontier (8.56, 11.28): endpoint clearance 0.04 m is below required 1.70 m.",0.04,1.7,,,,,
23july.bag,2026-07-23T21:04:04.941+05:30,57.301,target_explorer_node,/rosout,endpoint_clearance_rejection,frontier,8.66,11.33,rejected,"Rejected frontier (8.66, 11.33): endpoint clearance 0.03 m is below required 1.70 m.",0.03,1.7,,,,,
23july.bag,2026-07-23T21:04:04.941+05:30,57.302,target_explorer_node,/rosout,endpoint_clearance_rejection,frontier,8.96,11.58,rejected,"Rejected frontier (8.96, 11.58): endpoint clearance 0.33 m is below required 1.70 m.",0.33,1.7,,,,,
23july.bag,2026-07-23T21:04:04.942+05:30,57.302,target_explorer_node,/rosout,endpoint_clearance_rejection,frontier,9.06,11.63,rejected,"Rejected frontier (9.06, 11.63): endpoint clearance 0.22 m is below required 1.70 m.",0.22,1.7,,,,,
23july.bag,2026-07-23T21:04:04.942+05:30,57.303,target_explorer_node,/rosout,endpoint_clearance_rejection,frontier,9.16,11.68,rejected,"Rejected frontier (9.16, 11.68): endpoint clearance 0.11 m is below required 1.70 m.",0.11,1.7,,,,,
23july.bag,2026-07-23T21:04:04.943+05:30,57.303,target_explorer_node,/rosout,endpoint_clearance_rejection,frontier,9.56,12.38,rejected,"Rejected frontier (9.56, 12.38): endpoint clearance 0.37 m is below required 1.70 m.",0.37,1.7,,,,,
23july.bag,2026-07-23T21:04:04.943+05:30,57.304,target_explorer_node,/rosout,endpoint_clearance_rejection,frontier,9.26,12.13,rejected,"Rejected frontier (9.26, 12.13): endpoint clearance 0.03 m is below required 1.70 m.",0.03,1.7,,,,,
23july.bag,2026-07-23T21:04:04.944+05:30,57.304,target_explorer_node,/rosout,endpoint_clearance_rejection,frontier,9.31,12.18,rejected,"Rejected frontier (9.31, 12.18): endpoint clearance 0.08 m is below required 1.70 m.",0.08,1.7,,,,,
23july.bag,2026-07-23T21:04:04.944+05:30,57.305,target_explorer_node,/rosout,endpoint_clearance_rejection,frontier,9.36,12.18,rejected,"Rejected frontier (9.36, 12.18): endpoint clearance 0.11 m is below required 1.70 m.",0.11,1.7,,,,,
23july.bag,2026-07-23T21:04:04.945+05:30,57.305,target_explorer_node,/rosout,endpoint_clearance_rejection,frontier,9.46,12.28,rejected,"Rejected frontier (9.46, 12.28): endpoint clearance 0.25 m is below required 1.70 m.",0.25,1.7,,,,,
23july.bag,2026-07-23T21:04:04.946+05:30,57.306,target_explorer_node,/rosout,endpoint_clearance_rejection,frontier,9.66,12.43,rejected,"Rejected frontier (9.66, 12.43): endpoint clearance 0.26 m is below required 1.70 m.",0.26,1.7,,,,,
23july.bag,2026-07-23T21:04:04.946+05:30,57.307,target_explorer_node,/rosout,endpoint_clearance_rejection,frontier,9.71,12.48,rejected,"Rejected frontier (9.71, 12.48): endpoint clearance 0.19 m is below required 1.70 m.",0.19,1.7,,,,,
23july.bag,2026-07-23T21:04:04.947+05:30,57.308,target_explorer_node,/rosout,endpoint_clearance_rejection,frontier,9.76,12.48,rejected,"Rejected frontier (9.76, 12.48): endpoint clearance 0.15 m is below required 1.70 m.",0.15,1.7,,,,,
23july.bag,2026-07-23T21:04:04.947+05:30,57.308,target_explorer_node,/rosout,endpoint_clearance_rejection,frontier,10.11,12.98,rejected,"Rejected frontier (10.11, 12.98): endpoint clearance 0.04 m is below required 1.70 m.",0.04,1.7,,,,,
23july.bag,2026-07-23T21:04:04.948+05:30,57.309,target_explorer_node,/rosout,endpoint_clearance_rejection,frontier,10.01,13.03,rejected,"Rejected frontier (10.01, 13.03): endpoint clearance 0.03 m is below required 1.70 m.",0.03,1.7,,,,,
23july.bag,2026-07-23T21:04:04.951+05:30,57.311,target_explorer_node,/rosout,endpoint_clearance_rejection,frontier,10.06,13.08,rejected,"Rejected frontier (10.06, 13.08): endpoint clearance 0.08 m is below required 1.70 m.",0.08,1.7,,,,,
23july.bag,2026-07-23T21:04:04.951+05:30,57.311,target_explorer_node,/rosout,endpoint_clearance_rejection,frontier,10.16,13.13,rejected,"Rejected frontier (10.16, 13.13): endpoint clearance 0.18 m is below required 1.70 m.",0.18,1.7,,,,,
23july.bag,2026-07-23T21:04:04.951+05:30,57.311,target_explorer_node,/rosout,endpoint_clearance_rejection,frontier,10.16,13.18,rejected,"Rejected frontier (10.16, 13.18): endpoint clearance 0.18 m is below required 1.70 m.",0.18,1.7,,,,,
23july.bag,2026-07-23T21:04:04.951+05:30,57.311,target_explorer_node,/rosout,endpoint_clearance_rejection,frontier,3.86,17.63,rejected,"Rejected frontier (3.86, 17.63): endpoint clearance 0.13 m is below required 1.70 m.",0.13,1.7,,,,,
23july.bag,2026-07-23T21:04:04.951+05:30,57.312,target_explorer_node,/rosout,endpoint_clearance_rejection,frontier,4.61,15.98,rejected,"Rejected frontier (4.61, 15.98): endpoint clearance 1.61 m is below required 1.70 m.",1.61,1.7,,,,,
23july.bag,2026-07-23T21:04:04.951+05:30,57.312,target_explorer_node,/rosout,endpoint_clearance_rejection,frontier,4.66,13.13,rejected,"Rejected frontier (4.66, 13.13): endpoint clearance 0.04 m is below required 1.70 m.",0.04,1.7,,,,,
23july.bag,2026-07-23T21:04:04.952+05:30,57.313,target_explorer_node,/rosout,endpoint_clearance_rejection,frontier,4.61,13.98,rejected,"Rejected frontier (4.61, 13.98): endpoint clearance 0.18 m is below required 1.70 m.",0.18,1.7,,,,,
23july.bag,2026-07-23T21:04:04.952+05:30,57.313,target_explorer_node,/rosout,endpoint_clearance_rejection,frontier,4.51,14.78,rejected,"Rejected frontier (4.51, 14.78): endpoint clearance 0.78 m is below required 1.70 m.",0.78,1.7,,,,,
23july.bag,2026-07-23T21:04:04.953+05:30,57.314,target_explorer_node,/rosout,endpoint_clearance_rejection,frontier,4.51,15.38,rejected,"Rejected frontier (4.51, 15.38): endpoint clearance 1.35 m is below required 1.70 m.",1.35,1.7,,,,,
23july.bag,2026-07-23T21:04:04.954+05:30,57.314,target_explorer_node,/rosout,endpoint_clearance_rejection,frontier,4.71,15.78,rejected,"Rejected frontier (4.71, 15.78): endpoint clearance 1.67 m is below required 1.70 m.",1.67,1.7,,,,,
23july.bag,2026-07-23T21:04:04.954+05:30,57.315,target_explorer_node,/rosout,endpoint_clearance_rejection,frontier,4.76,16.23,rejected,"Rejected frontier (4.76, 16.23): endpoint clearance 1.52 m is below required 1.70 m.",1.52,1.7,,,,,
23july.bag,2026-07-23T21:04:04.955+05:30,57.315,target_explorer_node,/rosout,endpoint_clearance_rejection,frontier,4.66,16.58,rejected,"Rejected frontier (4.66, 16.58): endpoint clearance 1.22 m is below required 1.70 m.",1.22,1.7,,,,,
23july.bag,2026-07-23T21:04:04.955+05:30,57.316,target_explorer_node,/rosout,endpoint_clearance_rejection,frontier,4.56,16.93,rejected,"Rejected frontier (4.56, 16.93): endpoint clearance 0.95 m is below required 1.70 m.",0.95,1.7,,,,,
23july.bag,2026-07-23T21:04:04.956+05:30,57.316,target_explorer_node,/rosout,endpoint_clearance_rejection,frontier,3.66,17.43,rejected,"Rejected frontier (3.66, 17.43): endpoint clearance 0.04 m is below required 1.70 m.",0.04,1.7,,,,,
23july.bag,2026-07-23T21:04:04.956+05:30,57.317,target_explorer_node,/rosout,endpoint_clearance_rejection,frontier,4.26,17.58,rejected,"Rejected frontier (4.26, 17.58): endpoint clearance 0.53 m is below required 1.70 m.",0.53,1.7,,,,,
23july.bag,2026-07-23T21:04:04.957+05:30,57.318,target_explorer_node,/rosout,endpoint_clearance_rejection,frontier,10.46,15.33,rejected,"Rejected frontier (10.46, 15.33): endpoint clearance 0.04 m is below required 1.70 m.",0.04,1.7,,,,,
23july.bag,2026-07-23T21:04:04.958+05:30,57.318,target_explorer_node,/rosout,endpoint_clearance_rejection,frontier,11.21,14.78,rejected,"Rejected frontier (11.21, 14.78): endpoint clearance 0.19 m is below required 1.70 m.",0.19,1.7,,,,,
23july.bag,2026-07-23T21:04:04.958+05:30,57.319,target_explorer_node,/rosout,endpoint_clearance_rejection,frontier,10.01,13.28,rejected,"Rejected frontier (10.01, 13.28): endpoint clearance 0.04 m is below required 1.70 m.",0.04,1.7,,,,,
23july.bag,2026-07-23T21:04:04.959+05:30,57.319,target_explorer_node,/rosout,endpoint_clearance_rejection,frontier,10.71,13.83,rejected,"Rejected frontier (10.71, 13.83): endpoint clearance 0.68 m is below required 1.70 m.",0.68,1.7,,,,,
23july.bag,2026-07-23T21:04:04.959+05:30,57.32,target_explorer_node,/rosout,endpoint_clearance_rejection,frontier,11.01,14.08,rejected,"Rejected frontier (11.01, 14.08): endpoint clearance 0.78 m is below required 1.70 m.",0.78,1.7,,,,,
23july.bag,2026-07-23T21:04:04.960+05:30,57.32,target_explorer_node,/rosout,endpoint_clearance_rejection,frontier,10.56,14.28,rejected,"Rejected frontier (10.56, 14.28): endpoint clearance 0.51 m is below required 1.70 m.",0.51,1.7,,,,,
23july.bag,2026-07-23T21:04:04.960+05:30,57.321,target_explorer_node,/rosout,endpoint_clearance_rejection,frontier,11.16,14.48,rejected,"Rejected frontier (11.16, 14.48): endpoint clearance 0.40 m is below required 1.70 m.",0.4,1.7,,,,,
23july.bag,2026-07-23T21:04:04.961+05:30,57.322,target_explorer_node,/rosout,endpoint_clearance_rejection,frontier,11.81,14.63,rejected,"Rejected frontier (11.81, 14.63): endpoint clearance 0.44 m is below required 1.70 m.",0.44,1.7,,,,,
23july.bag,2026-07-23T21:04:04.961+05:30,57.322,target_explorer_node,/rosout,endpoint_clearance_rejection,frontier,11.56,14.78,rejected,"Rejected frontier (11.56, 14.78): endpoint clearance 0.29 m is below required 1.70 m.",0.29,1.7,,,,,
23july.bag,2026-07-23T21:04:04.962+05:30,57.323,target_explorer_node,/rosout,endpoint_clearance_rejection,frontier,11.01,14.98,rejected,"Rejected frontier (11.01, 14.98): endpoint clearance 0.08 m is below required 1.70 m.",0.08,1.7,,,,,
23july.bag,2026-07-23T21:04:04.963+05:30,57.323,target_explorer_node,/rosout,endpoint_clearance_rejection,frontier,11.61,15.33,rejected,"Rejected frontier (11.61, 15.33): endpoint clearance 0.13 m is below required 1.70 m.",0.13,1.7,,,,,
23july.bag,2026-07-23T21:04:04.963+05:30,57.324,target_explorer_node,/rosout,endpoint_clearance_rejection,frontier,11.21,15.53,rejected,"Rejected frontier (11.21, 15.53): endpoint clearance 0.08 m is below required 1.70 m.",0.08,1.7,,,,,
23july.bag,2026-07-23T21:04:04.964+05:30,57.324,target_explorer_node,/rosout,endpoint_clearance_rejection,frontier,10.16,14.18,rejected,"Rejected frontier (10.16, 14.18): endpoint clearance 0.22 m is below required 1.70 m.",0.22,1.7,,,,,
23july.bag,2026-07-23T21:04:04.964+05:30,57.325,target_explorer_node,/rosout,endpoint_clearance_rejection,frontier,10.26,14.18,rejected,"Rejected frontier (10.26, 14.18): endpoint clearance 0.29 m is below required 1.70 m.",0.29,1.7,,,,,
23july.bag,2026-07-23T21:04:04.965+05:30,57.325,target_explorer_node,/rosout,endpoint_clearance_rejection,frontier,10.11,13.88,rejected,"Rejected frontier (10.11, 13.88): endpoint clearance 0.08 m is below required 1.70 m.",0.08,1.7,,,,,
23july.bag,2026-07-23T21:04:04.965+05:30,57.326,target_explorer_node,/rosout,endpoint_clearance_rejection,frontier,10.16,13.93,rejected,"Rejected frontier (10.16, 13.93): endpoint clearance 0.13 m is below required 1.70 m.",0.13,1.7,,,,,
23july.bag,2026-07-23T21:04:04.966+05:30,57.327,target_explorer_node,/rosout,endpoint_clearance_rejection,frontier,10.11,13.98,rejected,"Rejected frontier (10.11, 13.98): endpoint clearance 0.08 m is below required 1.70 m.",0.08,1.7,,,,,
23july.bag,2026-07-23T21:04:04.966+05:30,57.327,target_explorer_node,/rosout,endpoint_clearance_rejection,frontier,10.01,14.03,rejected,"Rejected frontier (10.01, 14.03): endpoint clearance 0.03 m is below required 1.70 m.",0.03,1.7,,,,,
23july.bag,2026-07-23T21:04:04.967+05:30,57.328,target_explorer_node,/rosout,endpoint_clearance_rejection,frontier,10.16,14.03,rejected,"Rejected frontier (10.16, 14.03): endpoint clearance 0.13 m is below required 1.70 m.",0.13,1.7,,,,,
23july.bag,2026-07-23T21:04:04.967+05:30,57.328,target_explorer_node,/rosout,endpoint_clearance_rejection,frontier,10.06,14.08,rejected,"Rejected frontier (10.06, 14.08): endpoint clearance 0.08 m is below required 1.70 m.",0.08,1.7,,,,,
23july.bag,2026-07-23T21:04:04.968+05:30,57.329,target_explorer_node,/rosout,endpoint_clearance_rejection,frontier,10.31,14.08,rejected,"Rejected frontier (10.31, 14.08): endpoint clearance 0.29 m is below required 1.70 m.",0.29,1.7,,,,,
23july.bag,2026-07-23T21:04:04.968+05:30,57.329,target_explorer_node,/rosout,endpoint_clearance_rejection,frontier,10.21,14.13,rejected,"Rejected frontier (10.21, 14.13): endpoint clearance 0.22 m is below required 1.70 m.",0.22,1.7,,,,,
23july.bag,2026-07-23T21:04:04.969+05:30,57.329,target_explorer_node,/rosout,endpoint_clearance_rejection,frontier,10.41,14.18,rejected,"Rejected frontier (10.41, 14.18): endpoint clearance 0.41 m is below required 1.70 m.",0.41,1.7,,,,,
23july.bag,2026-07-23T21:04:04.969+05:30,57.33,target_explorer_node,/rosout,endpoint_clearance_rejection,frontier,10.61,15.03,rejected,"Rejected frontier (10.61, 15.03): endpoint clearance 0.23 m is below required 1.70 m.",0.23,1.7,,,,,
23july.bag,2026-07-23T21:04:04.970+05:30,57.33,target_explorer_node,/rosout,endpoint_clearance_rejection,frontier,10.76,14.98,rejected,"Rejected frontier (10.76, 14.98): endpoint clearance 0.24 m is below required 1.70 m.",0.24,1.7,,,,,
23july.bag,2026-07-23T21:04:04.970+05:30,57.331,target_explorer_node,/rosout,endpoint_clearance_rejection,frontier,10.56,14.83,rejected,"Rejected frontier (10.56, 14.83): endpoint clearance 0.18 m is below required 1.70 m.",0.18,1.7,,,,,
23july.bag,2026-07-23T21:04:04.971+05:30,57.332,target_explorer_node,/rosout,endpoint_clearance_rejection,frontier,10.51,14.88,rejected,"Rejected frontier (10.51, 14.88): endpoint clearance 0.15 m is below required 1.70 m.",0.15,1.7,,,,,
23july.bag,2026-07-23T21:04:04.971+05:30,57.332,target_explorer_node,/rosout,endpoint_clearance_rejection,frontier,10.61,14.88,rejected,"Rejected frontier (10.61, 14.88): endpoint clearance 0.24 m is below required 1.70 m.",0.24,1.7,,,,,
23july.bag,2026-07-23T21:04:04.972+05:30,57.333,target_explorer_node,/rosout,endpoint_clearance_rejection,frontier,10.66,14.88,rejected,"Rejected frontier (10.66, 14.88): endpoint clearance 0.29 m is below required 1.70 m.",0.29,1.7,,,,,
23july.bag,2026-07-23T21:04:04.973+05:30,57.334,target_explorer_node,/rosout,endpoint_clearance_rejection,frontier,10.66,15.08,rejected,"Rejected frontier (10.66, 15.08): endpoint clearance 0.22 m is below required 1.70 m.",0.22,1.7,,,,,
23july.bag,2026-07-23T21:04:04.973+05:30,57.334,target_explorer_node,/rosout,endpoint_clearance_rejection,frontier,10.86,15.03,rejected,"Rejected frontier (10.86, 15.03): endpoint clearance 0.18 m is below required 1.70 m.",0.18,1.7,,,,,
23july.bag,2026-07-23T21:04:04.974+05:30,57.335,target_explorer_node,/rosout,endpoint_clearance_rejection,frontier,11.16,15.23,rejected,"Rejected frontier (11.16, 15.23): endpoint clearance 0.18 m is below required 1.70 m.",0.18,1.7,,,,,
23july.bag,2026-07-23T21:04:04.975+05:30,57.335,target_explorer_node,/rosout,endpoint_clearance_rejection,frontier,11.01,15.08,rejected,"Rejected frontier (11.01, 15.08): endpoint clearance 0.18 m is below required 1.70 m.",0.18,1.7,,,,,
23july.bag,2026-07-23T21:04:04.975+05:30,57.336,target_explorer_node,/rosout,endpoint_clearance_rejection,frontier,11.06,15.13,rejected,"Rejected frontier (11.06, 15.13): endpoint clearance 0.23 m is below required 1.70 m.",0.23,1.7,,,,,
23july.bag,2026-07-23T21:04:04.975+05:30,57.336,target_explorer_node,/rosout,endpoint_clearance_rejection,frontier,11.01,15.18,rejected,"Rejected frontier (11.01, 15.18): endpoint clearance 0.28 m is below required 1.70 m.",0.28,1.7,,,,,
23july.bag,2026-07-23T21:04:04.976+05:30,57.337,target_explorer_node,/rosout,endpoint_clearance_rejection,frontier,11.06,15.23,rejected,"Rejected frontier (11.06, 15.23): endpoint clearance 0.22 m is below required 1.70 m.",0.22,1.7,,,,,
23july.bag,2026-07-23T21:04:04.977+05:30,57.337,target_explorer_node,/rosout,endpoint_clearance_rejection,frontier,11.36,15.23,rejected,"Rejected frontier (11.36, 15.23): endpoint clearance 0.22 m is below required 1.70 m.",0.22,1.7,,,,,
23july.bag,2026-07-23T21:04:04.977+05:30,57.338,target_explorer_node,/rosout,endpoint_clearance_rejection,frontier,11.21,15.28,rejected,"Rejected frontier (11.21, 15.28): endpoint clearance 0.13 m is below required 1.70 m.",0.13,1.7,,,,,
23july.bag,2026-07-23T21:04:04.977+05:30,57.338,target_explorer_node,/rosout,endpoint_clearance_rejection,frontier,11.41,15.28,rejected,"Rejected frontier (11.41, 15.28): endpoint clearance 0.19 m is below required 1.70 m.",0.19,1.7,,,,,
23july.bag,2026-07-23T21:04:04.978+05:30,57.339,target_explorer_node,/rosout,endpoint_clearance_rejection,frontier,4.81,15.58,rejected,"Rejected frontier (4.81, 15.58): endpoint clearance 1.45 m is below required 1.70 m.",1.45,1.7,,,,,
23july.bag,2026-07-23T21:04:04.979+05:30,57.34,target_explorer_node,/rosout,endpoint_clearance_rejection,frontier,4.86,15.63,rejected,"Rejected frontier (4.86, 15.63): endpoint clearance 1.49 m is below required 1.70 m.",1.49,1.7,,,,,
23july.bag,2026-07-23T21:04:04.980+05:30,57.34,target_explorer_node,/rosout,endpoint_clearance_rejection,frontier,4.86,15.68,rejected,"Rejected frontier (4.86, 15.68): endpoint clearance 1.54 m is below required 1.70 m.",1.54,1.7,,,,,
23july.bag,2026-07-23T21:04:04.981+05:30,57.341,target_explorer_node,/rosout,endpoint_clearance_rejection,frontier,4.81,15.78,rejected,"Rejected frontier (4.81, 15.78): endpoint clearance 1.65 m is below required 1.70 m.",1.65,1.7,,,,,
23july.bag,2026-07-23T21:04:04.982+05:30,57.342,target_explorer_node,/rosout,endpoint_clearance_rejection,frontier,4.81,16.03,rejected,"Rejected frontier (4.81, 16.03): endpoint clearance 1.70 m is below required 1.70 m.",1.7,1.7,,,,,
23july.bag,2026-07-23T21:04:04.982+05:30,57.343,target_explorer_node,/rosout,endpoint_clearance_rejection,frontier,4.81,16.08,rejected,"Rejected frontier (4.81, 16.08): endpoint clearance 1.66 m is below required 1.70 m.",1.66,1.7,,,,,
23july.bag,2026-07-23T21:04:04.983+05:30,57.344,target_explorer_node,/rosout,endpoint_clearance_rejection,frontier,2.76,18.28,rejected,"Rejected frontier (2.76, 18.28): endpoint clearance 0.03 m is below required 1.70 m.",0.03,1.7,,,,,
23july.bag,2026-07-23T21:04:04.984+05:30,57.344,target_explorer_node,/rosout,endpoint_clearance_rejection,frontier,3.11,18.23,rejected,"Rejected frontier (3.11, 18.23): endpoint clearance 0.08 m is below required 1.70 m.",0.08,1.7,,,,,
23july.bag,2026-07-23T21:04:04.984+05:30,57.345,target_explorer_node,/rosout,endpoint_clearance_rejection,frontier,3.31,18.18,rejected,"Rejected frontier (3.31, 18.18): endpoint clearance 0.03 m is below required 1.70 m.",0.03,1.7,,,,,
23july.bag,2026-07-23T21:04:04.985+05:30,57.346,target_explorer_node,/rosout,endpoint_clearance_rejection,frontier,2.86,18.23,rejected,"Rejected frontier (2.86, 18.23): endpoint clearance 0.08 m is below required 1.70 m.",0.08,1.7,,,,,
23july.bag,2026-07-23T21:04:04.986+05:30,57.347,target_explorer_node,/rosout,endpoint_clearance_rejection,frontier,3.16,18.23,rejected,"Rejected frontier (3.16, 18.23): endpoint clearance 0.04 m is below required 1.70 m.",0.04,1.7,,,,,
23july.bag,2026-07-23T21:04:04.987+05:30,57.348,target_explorer_node,/rosout,endpoint_clearance_rejection,frontier,2.91,18.28,rejected,"Rejected frontier (2.91, 18.28): endpoint clearance 0.08 m is below required 1.70 m.",0.08,1.7,,,,,
23july.bag,2026-07-23T21:04:04.988+05:30,57.349,target_explorer_node,/rosout,endpoint_clearance_rejection,frontier,2.96,18.33,rejected,"Rejected frontier (2.96, 18.33): endpoint clearance 0.13 m is below required 1.70 m.",0.13,1.7,,,,,
23july.bag,2026-07-23T21:04:04.989+05:30,57.349,target_explorer_node,/rosout,endpoint_clearance_rejection,frontier,3.06,18.33,rejected,"Rejected frontier (3.06, 18.33): endpoint clearance 0.13 m is below required 1.70 m.",0.13,1.7,,,,,
23july.bag,2026-07-23T21:04:04.989+05:30,57.35,target_explorer_node,/rosout,endpoint_clearance_rejection,frontier,9.31,18.43,rejected,"Rejected frontier (9.31, 18.43): endpoint clearance 0.04 m is below required 1.70 m.",0.04,1.7,,,,,
23july.bag,2026-07-23T21:04:04.990+05:30,57.35,target_explorer_node,/rosout,endpoint_clearance_rejection,frontier,9.26,18.48,rejected,"Rejected frontier (9.26, 18.48): endpoint clearance 0.08 m is below required 1.70 m.",0.08,1.7,,,,,
23july.bag,2026-07-23T21:04:04.990+05:30,57.351,target_explorer_node,/rosout,endpoint_clearance_rejection,frontier,9.31,18.58,rejected,"Rejected frontier (9.31, 18.58): endpoint clearance 0.04 m is below required 1.70 m.",0.04,1.7,,,,,
23july.bag,2026-07-23T21:04:04.991+05:30,57.352,target_explorer_node,/rosout,endpoint_clearance_rejection,frontier,9.26,18.68,rejected,"Rejected frontier (9.26, 18.68): endpoint clearance 0.03 m is below required 1.70 m.",0.03,1.7,,,,,
23july.bag,2026-07-23T21:04:04.992+05:30,57.353,target_explorer_node,/rosout,endpoint_clearance_rejection,frontier,9.31,18.78,rejected,"Rejected frontier (9.31, 18.78): endpoint clearance 0.13 m is below required 1.70 m.",0.13,1.7,,,,,
23july.bag,2026-07-23T21:04:04.992+05:30,57.353,target_explorer_node,/rosout,endpoint_clearance_rejection,frontier,9.36,18.83,rejected,"Rejected frontier (9.36, 18.83): endpoint clearance 0.08 m is below required 1.70 m.",0.08,1.7,,,,,
23july.bag,2026-07-23T21:04:04.993+05:30,57.354,target_explorer_node,/rosout,endpoint_clearance_rejection,frontier,9.36,18.88,rejected,"Rejected frontier (9.36, 18.88): endpoint clearance 0.04 m is below required 1.70 m.",0.04,1.7,,,,,
23july.bag,2026-07-23T21:04:04.994+05:30,57.354,target_explorer_node,/rosout,endpoint_clearance_rejection,frontier,9.41,18.98,rejected,"Rejected frontier (9.41, 18.98): endpoint clearance 0.08 m is below required 1.70 m.",0.08,1.7,,,,,
23july.bag,2026-07-23T21:04:04.995+05:30,57.355,target_explorer_node,/rosout,endpoint_clearance_rejection,frontier,2.31,19.03,rejected,"Rejected frontier (2.31, 19.03): endpoint clearance 0.03 m is below required 1.70 m.",0.03,1.7,,,,,
23july.bag,2026-07-23T21:04:04.995+05:30,57.356,target_explorer_node,/rosout,endpoint_clearance_rejection,frontier,1.06,19.28,rejected,"Rejected frontier (1.06, 19.28): endpoint clearance 1.23 m is below required 1.70 m.",1.23,1.7,,,,,
23july.bag,2026-07-23T21:04:04.996+05:30,57.357,target_explorer_node,/rosout,endpoint_clearance_rejection,frontier,-5.94,20.73,rejected,"Rejected frontier (-5.94, 20.73): endpoint clearance 1.34 m is below required 1.70 m.",1.34,1.7,,,,,
23july.bag,2026-07-23T21:04:04.997+05:30,57.358,target_explorer_node,/rosout,endpoint_clearance_rejection,frontier,-6.69,20.88,rejected,"Rejected frontier (-6.69, 20.88): endpoint clearance 0.65 m is below required 1.70 m.",0.65,1.7,,,,,
23july.bag,2026-07-23T21:04:04.997+05:30,57.358,target_explorer_node,/rosout,endpoint_clearance_rejection,frontier,8.11,20.33,rejected,"Rejected frontier (8.11, 20.33): endpoint clearance 0.04 m is below required 1.70 m.",0.04,1.7,,,,,
23july.bag,2026-07-23T21:04:04.998+05:30,57.358,target_explorer_node,/rosout,endpoint_clearance_rejection,frontier,8.81,20.78,rejected,"Rejected frontier (8.81, 20.78): endpoint clearance 0.58 m is below required 1.70 m.",0.58,1.7,,,,,
23july.bag,2026-07-23T21:04:04.998+05:30,57.359,target_explorer_node,/rosout,endpoint_clearance_rejection,frontier,8.51,19.63,rejected,"Rejected frontier (8.51, 19.63): endpoint clearance 0.03 m is below required 1.70 m.",0.03,1.7,,,,,
23july.bag,2026-07-23T21:04:04.999+05:30,57.359,target_explorer_node,/rosout,endpoint_clearance_rejection,frontier,8.56,19.93,rejected,"Rejected frontier (8.56, 19.93): endpoint clearance 0.28 m is below required 1.70 m.",0.28,1.7,,,,,
23july.bag,2026-07-23T21:04:04.999+05:30,57.36,target_explorer_node,/rosout,endpoint_clearance_rejection,frontier,8.31,20.08,rejected,"Rejected frontier (8.31, 20.08): endpoint clearance 0.08 m is below required 1.70 m.",0.08,1.7,,,,,
23july.bag,2026-07-23T21:04:05.000+05:30,57.36,target_explorer_node,/rosout,endpoint_clearance_rejection,frontier,8.66,20.18,rejected,"Rejected frontier (8.66, 20.18): endpoint clearance 0.43 m is below required 1.70 m.",0.43,1.7,,,,,
23july.bag,2026-07-23T21:04:05.000+05:30,57.361,target_explorer_node,/rosout,endpoint_clearance_rejection,frontier,8.71,20.33,rejected,"Rejected frontier (8.71, 20.33): endpoint clearance 0.48 m is below required 1.70 m.",0.48,1.7,,,,,
23july.bag,2026-07-23T21:04:05.001+05:30,57.361,target_explorer_node,/rosout,endpoint_clearance_rejection,frontier,8.71,20.58,rejected,"Rejected frontier (8.71, 20.58): endpoint clearance 0.55 m is below required 1.70 m.",0.55,1.7,,,,,
23july.bag,2026-07-23T21:04:05.001+05:30,57.362,target_explorer_node,/rosout,endpoint_clearance_rejection,frontier,8.91,20.78,rejected,"Rejected frontier (8.91, 20.78): endpoint clearance 0.68 m is below required 1.70 m.",0.68,1.7,,,,,
23july.bag,2026-07-23T21:04:05.002+05:30,57.362,target_explorer_node,/rosout,endpoint_clearance_rejection,frontier,8.91,21.03,rejected,"Rejected frontier (8.91, 21.03): endpoint clearance 0.69 m is below required 1.70 m.",0.69,1.7,,,,,
23july.bag,2026-07-23T21:04:05.002+05:30,57.363,target_explorer_node,/rosout,endpoint_clearance_rejection,frontier,9.01,21.18,rejected,"Rejected frontier (9.01, 21.18): endpoint clearance 0.82 m is below required 1.70 m.",0.82,1.7,,,,,
23july.bag,2026-07-23T21:04:05.002+05:30,57.363,target_explorer_node,/rosout,endpoint_clearance_rejection,frontier,9.16,21.48,rejected,"Rejected frontier (9.16, 21.48): endpoint clearance 1.09 m is below required 1.70 m.",1.09,1.7,,,,,
23july.bag,2026-07-23T21:04:05.003+05:30,57.364,target_explorer_node,/rosout,endpoint_clearance_rejection,frontier,7.81,20.88,rejected,"Rejected frontier (7.81, 20.88): endpoint clearance 0.03 m is below required 1.70 m.",0.03,1.7,,,,,
23july.bag,2026-07-23T21:04:05.003+05:30,57.364,target_explorer_node,/rosout,endpoint_clearance_rejection,frontier,8.06,20.83,rejected,"Rejected frontier (8.06, 20.83): endpoint clearance 0.13 m is below required 1.70 m.",0.13,1.7,,,,,
23july.bag,2026-07-23T21:04:05.004+05:30,57.365,target_explorer_node,/rosout,endpoint_clearance_rejection,frontier,7.86,20.63,rejected,"Rejected frontier (7.86, 20.63): endpoint clearance 0.13 m is below required 1.70 m.",0.13,1.7,,,,,
23july.bag,2026-07-23T21:04:05.004+05:30,57.365,target_explorer_node,/rosout,endpoint_clearance_rejection,frontier,7.96,20.63,rejected,"Rejected frontier (7.96, 20.63): endpoint clearance 0.22 m is below required 1.70 m.",0.22,1.7,,,,,
23july.bag,2026-07-23T21:04:05.005+05:30,57.365,target_explorer_node,/rosout,endpoint_clearance_rejection,frontier,7.81,20.68,rejected,"Rejected frontier (7.81, 20.68): endpoint clearance 0.11 m is below required 1.70 m.",0.11,1.7,,,,,
23july.bag,2026-07-23T21:04:05.005+05:30,57.366,target_explorer_node,/rosout,endpoint_clearance_rejection,frontier,7.91,20.68,rejected,"Rejected frontier (7.91, 20.68): endpoint clearance 0.19 m is below required 1.70 m.",0.19,1.7,,,,,
23july.bag,2026-07-23T21:04:05.006+05:30,57.367,target_explorer_node,/rosout,endpoint_clearance_rejection,frontier,8.01,20.68,rejected,"Rejected frontier (8.01, 20.68): endpoint clearance 0.25 m is below required 1.70 m.",0.25,1.7,,,,,
23july.bag,2026-07-23T21:04:05.007+05:30,57.368,target_explorer_node,/rosout,endpoint_clearance_rejection,frontier,7.81,20.78,rejected,"Rejected frontier (7.81, 20.78): endpoint clearance 0.08 m is below required 1.70 m.",0.08,1.7,,,,,
23july.bag,2026-07-23T21:04:05.008+05:30,57.369,target_explorer_node,/rosout,endpoint_clearance_rejection,frontier,7.91,20.78,rejected,"Rejected frontier (7.91, 20.78): endpoint clearance 0.15 m is below required 1.70 m.",0.15,1.7,,,,,
23july.bag,2026-07-23T21:04:05.009+05:30,57.369,target_explorer_node,/rosout,endpoint_clearance_rejection,frontier,-6.89,21.88,rejected,"Rejected frontier (-6.89, 21.88): endpoint clearance 0.03 m is below required 1.70 m.",0.03,1.7,,,,,
23july.bag,2026-07-23T21:04:05.009+05:30,57.37,target_explorer_node,/rosout,endpoint_clearance_rejection,frontier,-6.84,21.88,rejected,"Rejected frontier (-6.84, 21.88): endpoint clearance 0.04 m is below required 1.70 m.",0.04,1.7,,,,,
23july.bag,2026-07-23T21:04:05.010+05:30,57.37,target_explorer_node,/rosout,endpoint_clearance_rejection,frontier,-6.69,21.93,rejected,"Rejected frontier (-6.69, 21.93): endpoint clearance 0.08 m is below required 1.70 m.",0.08,1.7,,,,,
23july.bag,2026-07-23T21:04:05.010+05:30,57.371,target_explorer_node,/rosout,endpoint_clearance_rejection,frontier,-6.54,21.93,rejected,"Rejected frontier (-6.54, 21.93): endpoint clearance 0.15 m is below required 1.70 m.",0.15,1.7,,,,,
23july.bag,2026-07-23T21:04:05.011+05:30,57.371,target_explorer_node,/rosout,endpoint_clearance_rejection,frontier,-6.74,21.98,rejected,"Rejected frontier (-6.74, 21.98): endpoint clearance 0.04 m is below required 1.70 m.",0.04,1.7,,,,,
23july.bag,2026-07-23T21:04:05.011+05:30,57.372,target_explorer_node,/rosout,endpoint_clearance_rejection,frontier,-6.64,21.98,rejected,"Rejected frontier (-6.64, 21.98): endpoint clearance 0.13 m is below required 1.70 m.",0.13,1.7,,,,,
23july.bag,2026-07-23T21:04:05.012+05:30,57.373,target_explorer_node,/rosout,endpoint_clearance_rejection,frontier,-6.49,21.98,rejected,"Rejected frontier (-6.49, 21.98): endpoint clearance 0.08 m is below required 1.70 m.",0.08,1.7,,,,,
23july.bag,2026-07-23T21:04:05.013+05:30,57.374,target_explorer_node,/rosout,endpoint_clearance_rejection,frontier,-6.44,21.98,rejected,"Rejected frontier (-6.44, 21.98): endpoint clearance 0.04 m is below required 1.70 m.",0.04,1.7,,,,,
23july.bag,2026-07-23T21:04:05.014+05:30,57.375,target_explorer_node,/rosout,endpoint_clearance_rejection,frontier,-4.84,22.88,rejected,"Rejected frontier (-4.84, 22.88): endpoint clearance 0.04 m is below required 1.70 m.",0.04,1.7,,,,,
23july.bag,2026-07-23T21:04:05.015+05:30,57.375,target_explorer_node,/rosout,endpoint_clearance_rejection,frontier,-5.34,22.93,rejected,"Rejected frontier (-5.34, 22.93): endpoint clearance 0.03 m is below required 1.70 m.",0.03,1.7,,,,,
23july.bag,2026-07-23T21:04:05.015+05:30,57.376,target_explorer_node,/rosout,endpoint_clearance_rejection,frontier,-5.59,22.68,rejected,"Rejected frontier (-5.59, 22.68): endpoint clearance 0.08 m is below required 1.70 m.",0.08,1.7,,,,,
23july.bag,2026-07-23T21:04:05.016+05:30,57.376,target_explorer_node,/rosout,endpoint_clearance_rejection,frontier,-5.69,22.73,rejected,"Rejected frontier (-5.69, 22.73): endpoint clearance 0.04 m is below required 1.70 m.",0.04,1.7,,,,,
23july.bag,2026-07-23T21:04:05.016+05:30,57.377,target_explorer_node,/rosout,endpoint_clearance_rejection,frontier,-5.59,22.78,rejected,"Rejected frontier (-5.59, 22.78): endpoint clearance 0.08 m is below required 1.70 m.",0.08,1.7,,,,,
23july.bag,2026-07-23T21:04:05.017+05:30,57.378,target_explorer_node,/rosout,endpoint_clearance_rejection,frontier,-5.44,22.83,rejected,"Rejected frontier (-5.44, 22.83): endpoint clearance 0.03 m is below required 1.70 m.",0.03,1.7,,,,,
23july.bag,2026-07-23T21:04:05.017+05:30,57.378,target_explorer_node,/rosout,endpoint_clearance_rejection,frontier,-4.99,22.88,rejected,"Rejected frontier (-4.99, 22.88): endpoint clearance 0.18 m is below required 1.70 m.",0.18,1.7,,,,,
23july.bag,2026-07-23T21:04:05.018+05:30,57.379,target_explorer_node,/rosout,endpoint_clearance_rejection,frontier,-4.89,22.88,rejected,"Rejected frontier (-4.89, 22.88): endpoint clearance 0.08 m is below required 1.70 m.",0.08,1.7,,,,,
23july.bag,2026-07-23T21:04:05.019+05:30,57.379,target_explorer_node,/rosout,endpoint_clearance_rejection,frontier,-5.39,22.93,rejected,"Rejected frontier (-5.39, 22.93): endpoint clearance 0.04 m is below required 1.70 m.",0.04,1.7,,,,,
23july.bag,2026-07-23T21:04:05.019+05:30,57.38,target_explorer_node,/rosout,endpoint_clearance_rejection,frontier,1.61,23.38,rejected,"Rejected frontier (1.61, 23.38): endpoint clearance 0.18 m is below required 1.70 m.",0.18,1.7,,,,,
23july.bag,2026-07-23T21:04:05.020+05:30,57.38,target_explorer_node,/rosout,endpoint_clearance_rejection,frontier,1.76,23.08,rejected,"Rejected frontier (1.76, 23.08): endpoint clearance 0.18 m is below required 1.70 m.",0.18,1.7,,,,,
23july.bag,2026-07-23T21:04:05.020+05:30,57.381,target_explorer_node,/rosout,endpoint_clearance_rejection,frontier,2.06,22.73,rejected,"Rejected frontier (2.06, 22.73): endpoint clearance 0.03 m is below required 1.70 m.",0.03,1.7,,,,,
23july.bag,2026-07-23T21:04:05.021+05:30,57.381,target_explorer_node,/rosout,endpoint_clearance_rejection,frontier,2.01,22.78,rejected,"Rejected frontier (2.01, 22.78): endpoint clearance 0.04 m is below required 1.70 m.",0.04,1.7,,,,,
23july.bag,2026-07-23T21:04:05.021+05:30,57.382,target_explorer_node,/rosout,endpoint_clearance_rejection,frontier,1.86,22.88,rejected,"Rejected frontier (1.86, 22.88): endpoint clearance 0.08 m is below required 1.70 m.",0.08,1.7,,,,,
23july.bag,2026-07-23T21:04:05.022+05:30,57.382,target_explorer_node,/rosout,endpoint_clearance_rejection,frontier,1.76,22.93,rejected,"Rejected frontier (1.76, 22.93): endpoint clearance 0.08 m is below required 1.70 m.",0.08,1.7,,,,,
23july.bag,2026-07-23T21:04:05.022+05:30,57.383,target_explorer_node,/rosout,endpoint_clearance_rejection,frontier,1.76,22.98,rejected,"Rejected frontier (1.76, 22.98): endpoint clearance 0.13 m is below required 1.70 m.",0.13,1.7,,,,,
23july.bag,2026-07-23T21:04:05.023+05:30,57.383,target_explorer_node,/rosout,endpoint_clearance_rejection,frontier,1.71,23.18,rejected,"Rejected frontier (1.71, 23.18): endpoint clearance 0.18 m is below required 1.70 m.",0.18,1.7,,,,,
23july.bag,2026-07-23T21:04:05.023+05:30,57.384,target_explorer_node,/rosout,endpoint_clearance_rejection,frontier,1.66,23.28,rejected,"Rejected frontier (1.66, 23.28): endpoint clearance 0.15 m is below required 1.70 m.",0.15,1.7,,,,,
23july.bag,2026-07-23T21:04:05.024+05:30,57.385,target_explorer_node,/rosout,endpoint_clearance_rejection,frontier,1.76,23.38,rejected,"Rejected frontier (1.76, 23.38): endpoint clearance 0.03 m is below required 1.70 m.",0.03,1.7,,,,,
23july.bag,2026-07-23T21:04:05.024+05:30,57.385,target_explorer_node,/rosout,endpoint_clearance_rejection,frontier,-2.69,22.98,rejected,"Rejected frontier (-2.69, 22.98): endpoint clearance 0.18 m is below required 1.70 m.",0.18,1.7,,,,,
23july.bag,2026-07-23T21:04:05.025+05:30,57.386,target_explorer_node,/rosout,endpoint_clearance_rejection,frontier,-3.34,22.98,rejected,"Rejected frontier (-3.34, 22.98): endpoint clearance 0.35 m is below required 1.70 m.",0.35,1.7,,,,,
23july.bag,2026-07-23T21:04:05.026+05:30,57.386,target_explorer_node,/rosout,endpoint_clearance_rejection,frontier,-2.79,22.78,rejected,"Rejected frontier (-2.79, 22.78): endpoint clearance 0.15 m is below required 1.70 m.",0.15,1.7,,,,,
23july.bag,2026-07-23T21:04:05.026+05:30,57.387,target_explorer_node,/rosout,endpoint_clearance_rejection,frontier,-3.04,22.83,rejected,"Rejected frontier (-3.04, 22.83): endpoint clearance 0.19 m is below required 1.70 m.",0.19,1.7,,,,,
23july.bag,2026-07-23T21:04:05.027+05:30,57.387,target_explorer_node,/rosout,endpoint_clearance_rejection,frontier,-3.14,22.88,rejected,"Rejected frontier (-3.14, 22.88): endpoint clearance 0.22 m is below required 1.70 m.",0.22,1.7,,,,,
23july.bag,2026-07-23T21:04:05.027+05:30,57.388,target_explorer_node,/rosout,endpoint_clearance_rejection,frontier,-2.84,22.88,rejected,"Rejected frontier (-2.84, 22.88): endpoint clearance 0.15 m is below required 1.70 m.",0.15,1.7,,,,,
23july.bag,2026-07-23T21:04:05.028+05:30,57.389,target_explorer_node,/rosout,endpoint_clearance_rejection,frontier,-2.74,22.93,rejected,"Rejected frontier (-2.74, 22.93): endpoint clearance 0.19 m is below required 1.70 m.",0.19,1.7,,,,,
23july.bag,2026-07-23T21:04:05.029+05:30,57.39,target_explorer_node,/rosout,endpoint_clearance_rejection,frontier,-2.84,23.03,rejected,"Rejected frontier (-2.84, 23.03): endpoint clearance 0.08 m is below required 1.70 m.",0.08,1.7,,,,,
23july.bag,2026-07-23T21:04:05.029+05:30,57.39,target_explorer_node,/rosout,endpoint_clearance_rejection,frontier,-3.64,23.13,rejected,"Rejected frontier (-3.64, 23.13): endpoint clearance 0.58 m is below required 1.70 m.",0.58,1.7,,,,,
23july.bag,2026-07-23T21:04:05.030+05:30,57.391,target_explorer_node,/rosout,endpoint_clearance_rejection,frontier,-3.69,23.18,rejected,"Rejected frontier (-3.69, 23.18): endpoint clearance 0.51 m is below required 1.70 m.",0.51,1.7,,,,,
23july.bag,2026-07-23T21:04:05.031+05:30,57.391,target_explorer_node,/rosout,endpoint_clearance_rejection,frontier,2.16,23.28,rejected,"Rejected frontier (2.16, 23.28): endpoint clearance 0.03 m is below required 1.70 m.",0.03,1.7,,,,,
23july.bag,2026-07-23T21:04:05.031+05:30,57.392,target_explorer_node,/rosout,endpoint_clearance_rejection,frontier,2.26,23.03,rejected,"Rejected frontier (2.26, 23.03): endpoint clearance 0.18 m is below required 1.70 m.",0.18,1.7,,,,,
23july.bag,2026-07-23T21:04:05.032+05:30,57.393,target_explorer_node,/rosout,endpoint_clearance_rejection,frontier,2.36,22.83,rejected,"Rejected frontier (2.36, 22.83): endpoint clearance 0.03 m is below required 1.70 m.",0.03,1.7,,,,,
23july.bag,2026-07-23T21:04:05.033+05:30,57.393,target_explorer_node,/rosout,endpoint_clearance_rejection,frontier,2.46,22.88,rejected,"Rejected frontier (2.46, 22.88): endpoint clearance 0.08 m is below required 1.70 m.",0.08,1.7,,,,,
23july.bag,2026-07-23T21:04:05.033+05:30,57.394,target_explorer_node,/rosout,endpoint_clearance_rejection,frontier,2.36,22.93,rejected,"Rejected frontier (2.36, 22.93): endpoint clearance 0.08 m is below required 1.70 m.",0.08,1.7,,,,,
23july.bag,2026-07-23T21:04:05.034+05:30,57.394,target_explorer_node,/rosout,endpoint_clearance_rejection,frontier,2.36,22.98,rejected,"Rejected frontier (2.36, 22.98): endpoint clearance 0.13 m is below required 1.70 m.",0.13,1.7,,,,,
23july.bag,2026-07-23T21:04:05.034+05:30,57.395,target_explorer_node,/rosout,endpoint_clearance_rejection,frontier,2.26,23.08,rejected,"Rejected frontier (2.26, 23.08): endpoint clearance 0.22 m is below required 1.70 m.",0.22,1.7,,,,,
23july.bag,2026-07-23T21:04:05.035+05:30,57.396,target_explorer_node,/rosout,endpoint_clearance_rejection,frontier,-2.49,23.53,rejected,"Rejected frontier (-2.49, 23.53): endpoint clearance 0.33 m is below required 1.70 m.",0.33,1.7,,,,,
23july.bag,2026-07-23T21:04:05.035+05:30,57.396,target_explorer_node,/rosout,endpoint_clearance_rejection,frontier,-2.49,23.43,rejected,"Rejected frontier (-2.49, 23.43): endpoint clearance 0.30 m is below required 1.70 m.",0.3,1.7,,,,,
23july.bag,2026-07-23T21:04:05.036+05:30,57.396,target_explorer_node,/rosout,endpoint_clearance_rejection,frontier,-2.29,23.03,rejected,"Rejected frontier (-2.29, 23.03): endpoint clearance 0.08 m is below required 1.70 m.",0.08,1.7,,,,,
23july.bag,2026-07-23T21:04:05.036+05:30,57.397,target_explorer_node,/rosout,endpoint_clearance_rejection,frontier,-2.44,23.13,rejected,"Rejected frontier (-2.44, 23.13): endpoint clearance 0.26 m is below required 1.70 m.",0.26,1.7,,,,,
23july.bag,2026-07-23T21:04:05.037+05:30,57.397,target_explorer_node,/rosout,endpoint_clearance_rejection,frontier,-2.14,23.13,rejected,"Rejected frontier (-2.14, 23.13): endpoint clearance 0.03 m is below required 1.70 m.",0.03,1.7,,,,,
23july.bag,2026-07-23T21:04:05.037+05:30,57.398,target_explorer_node,/rosout,endpoint_clearance_rejection,frontier,-2.09,23.18,rejected,"Rejected frontier (-2.09, 23.18): endpoint clearance 0.03 m is below required 1.70 m.",0.03,1.7,,,,,
23july.bag,2026-07-23T21:04:05.038+05:30,57.398,target_explorer_node,/rosout,endpoint_clearance_rejection,frontier,-2.29,23.23,rejected,"Rejected frontier (-2.29, 23.23): endpoint clearance 0.18 m is below required 1.70 m.",0.18,1.7,,,,,
23july.bag,2026-07-23T21:04:05.038+05:30,57.399,target_explorer_node,/rosout,endpoint_clearance_rejection,frontier,-2.24,23.28,rejected,"Rejected frontier (-2.24, 23.28): endpoint clearance 0.18 m is below required 1.70 m.",0.18,1.7,,,,,
23july.bag,2026-07-23T21:04:05.039+05:30,57.399,target_explorer_node,/rosout,endpoint_clearance_rejection,frontier,-2.29,23.33,rejected,"Rejected frontier (-2.29, 23.33): endpoint clearance 0.25 m is below required 1.70 m.",0.25,1.7,,,,,
23july.bag,2026-07-23T21:04:05.039+05:30,57.4,target_explorer_node,/rosout,endpoint_clearance_rejection,frontier,-2.44,23.48,rejected,"Rejected frontier (-2.44, 23.48): endpoint clearance 0.37 m is below required 1.70 m.",0.37,1.7,,,,,
23july.bag,2026-07-23T21:04:05.039+05:30,57.4,target_explorer_node,/rosout,endpoint_clearance_rejection,frontier,-2.64,23.58,rejected,"Rejected frontier (-2.64, 23.58): endpoint clearance 0.22 m is below required 1.70 m.",0.22,1.7,,,,,
23july.bag,2026-07-23T21:04:05.040+05:30,57.401,target_explorer_node,/rosout,endpoint_clearance_rejection,frontier,-2.89,23.68,rejected,"Rejected frontier (-2.89, 23.68): endpoint clearance 0.15 m is below required 1.70 m.",0.15,1.7,,,,,
23july.bag,2026-07-23T21:04:05.040+05:30,57.401,target_explorer_node,/rosout,endpoint_clearance_rejection,frontier,1.46,24.28,rejected,"Rejected frontier (1.46, 24.28): endpoint clearance 0.03 m is below required 1.70 m.",0.03,1.7,,,,,
23july.bag,2026-07-23T21:04:05.041+05:30,57.401,target_explorer_node,/rosout,endpoint_clearance_rejection,frontier,1.56,23.88,rejected,"Rejected frontier (1.56, 23.88): endpoint clearance 0.30 m is below required 1.70 m.",0.3,1.7,,,,,
23july.bag,2026-07-23T21:04:05.041+05:30,57.402,target_explorer_node,/rosout,endpoint_clearance_rejection,frontier,1.71,23.43,rejected,"Rejected frontier (1.71, 23.43): endpoint clearance 0.08 m is below required 1.70 m.",0.08,1.7,,,,,
23july.bag,2026-07-23T21:04:05.042+05:30,57.403,target_explorer_node,/rosout,endpoint_clearance_rejection,frontier,1.71,23.48,rejected,"Rejected frontier (1.71, 23.48): endpoint clearance 0.11 m is below required 1.70 m.",0.11,1.7,,,,,
23july.bag,2026-07-23T21:04:05.042+05:30,57.403,target_explorer_node,/rosout,endpoint_clearance_rejection,frontier,1.61,23.58,rejected,"Rejected frontier (1.61, 23.58): endpoint clearance 0.25 m is below required 1.70 m.",0.25,1.7,,,,,
23july.bag,2026-07-23T21:04:05.043+05:30,57.404,target_explorer_node,/rosout,endpoint_clearance_rejection,frontier,1.61,23.68,rejected,"Rejected frontier (1.61, 23.68): endpoint clearance 0.33 m is below required 1.70 m.",0.33,1.7,,,,,
23july.bag,2026-07-23T21:04:05.043+05:30,57.404,target_explorer_node,/rosout,endpoint_clearance_rejection,frontier,1.56,23.78,rejected,"Rejected frontier (1.56, 23.78): endpoint clearance 0.36 m is below required 1.70 m.",0.36,1.7,,,,,
23july.bag,2026-07-23T21:04:05.044+05:30,57.405,target_explorer_node,/rosout,endpoint_clearance_rejection,frontier,1.51,23.83,rejected,"Rejected frontier (1.51, 23.83): endpoint clearance 0.37 m is below required 1.70 m.",0.37,1.7,,,,,
23july.bag,2026-07-23T21:04:05.044+05:30,57.405,target_explorer_node,/rosout,endpoint_clearance_rejection,frontier,3.06,23.63,rejected,"Rejected frontier (3.06, 23.63): endpoint clearance 0.08 m is below required 1.70 m.",0.08,1.7,,,,,
23july.bag,2026-07-23T21:04:05.045+05:30,57.406,target_explorer_node,/rosout,endpoint_clearance_rejection,frontier,3.01,23.68,rejected,"Rejected frontier (3.01, 23.68): endpoint clearance 0.08 m is below required 1.70 m.",0.08,1.7,,,,,
23july.bag,2026-07-23T21:04:05.045+05:30,57.406,target_explorer_node,/rosout,endpoint_clearance_rejection,frontier,3.11,23.68,rejected,"Rejected frontier (3.11, 23.68): endpoint clearance 0.04 m is below required 1.70 m.",0.04,1.7,,,,,
23july.bag,2026-07-23T21:04:05.046+05:30,57.407,target_explorer_node,/rosout,endpoint_clearance_rejection,frontier,3.01,23.78,rejected,"Rejected frontier (3.01, 23.78): endpoint clearance 0.03 m is below required 1.70 m.",0.03,1.7,,,,,
23july.bag,2026-07-23T21:04:05.046+05:30,57.407,target_explorer_node,/rosout,endpoint_clearance_rejection,frontier,3.06,23.78,rejected,"Rejected frontier (3.06, 23.78): endpoint clearance 0.08 m is below required 1.70 m.",0.08,1.7,,,,,
23july.bag,2026-07-23T21:04:05.047+05:30,57.407,target_explorer_node,/rosout,endpoint_clearance_rejection,frontier,2.91,23.83,rejected,"Rejected frontier (2.91, 23.83): endpoint clearance 0.03 m is below required 1.70 m.",0.03,1.7,,,,,
23july.bag,2026-07-23T21:04:05.047+05:30,57.408,target_explorer_node,/rosout,endpoint_clearance_rejection,frontier,1.31,24.43,rejected,"Rejected frontier (1.31, 24.43): endpoint clearance 0.04 m is below required 1.70 m.",0.04,1.7,,,,,
23july.bag,2026-07-23T21:04:05.048+05:30,57.408,target_explorer_node,/rosout,endpoint_clearance_rejection,frontier,1.26,24.48,rejected,"Rejected frontier (1.26, 24.48): endpoint clearance 0.11 m is below required 1.70 m.",0.11,1.7,,,,,
23july.bag,2026-07-23T21:04:05.048+05:30,57.409,target_explorer_node,/rosout,endpoint_clearance_rejection,frontier,1.26,24.58,rejected,"Rejected frontier (1.26, 24.58): endpoint clearance 0.19 m is below required 1.70 m.",0.19,1.7,,,,,
23july.bag,2026-07-23T21:04:05.049+05:30,57.409,target_explorer_node,/rosout,endpoint_clearance_rejection,frontier,1.26,24.68,rejected,"Rejected frontier (1.26, 24.68): endpoint clearance 0.23 m is below required 1.70 m.",0.23,1.7,,,,,
23july.bag,2026-07-23T21:04:05.049+05:30,57.41,target_explorer_node,/rosout,endpoint_clearance_rejection,frontier,1.21,24.78,rejected,"Rejected frontier (1.21, 24.78): endpoint clearance 0.13 m is below required 1.70 m.",0.13,1.7,,,,,
23july.bag,2026-07-23T21:04:05.050+05:30,57.411,target_explorer_node,/rosout,endpoint_clearance_rejection,frontier,1.21,24.88,rejected,"Rejected frontier (1.21, 24.88): endpoint clearance 0.03 m is below required 1.70 m.",0.03,1.7,,,,,
23july.bag,2026-07-23T21:04:05.051+05:30,57.411,target_explorer_node,/rosout,endpoint_clearance_rejection,frontier,1.01,25.28,rejected,"Rejected frontier (1.01, 25.28): endpoint clearance 0.23 m is below required 1.70 m.",0.23,1.7,,,,,
23july.bag,2026-07-23T21:04:05.051+05:30,57.412,target_explorer_node,/rosout,endpoint_clearance_rejection,frontier,1.06,25.98,rejected,"Rejected frontier (1.06, 25.98): endpoint clearance 0.75 m is below required 1.70 m.",0.75,1.7,,,,,
23july.bag,2026-07-23T21:04:05.052+05:30,57.412,target_explorer_node,/rosout,endpoint_clearance_rejection,frontier,1.16,24.98,rejected,"Rejected frontier (1.16, 24.98): endpoint clearance 0.04 m is below required 1.70 m.",0.04,1.7,,,,,
23july.bag,2026-07-23T21:04:05.052+05:30,57.413,target_explorer_node,/rosout,endpoint_clearance_rejection,frontier,1.01,25.13,rejected,"Rejected frontier (1.01, 25.13): endpoint clearance 0.08 m is below required 1.70 m.",0.08,1.7,,,,,
23july.bag,2026-07-23T21:04:05.053+05:30,57.414,target_explorer_node,/rosout,endpoint_clearance_rejection,frontier,1.01,25.23,rejected,"Rejected frontier (1.01, 25.23): endpoint clearance 0.18 m is below required 1.70 m.",0.18,1.7,,,,,
23july.bag,2026-07-23T21:04:05.054+05:30,57.414,target_explorer_node,/rosout,endpoint_clearance_rejection,frontier,1.06,25.43,rejected,"Rejected frontier (1.06, 25.43): endpoint clearance 0.38 m is below required 1.70 m.",0.38,1.7,,,,,
23july.bag,2026-07-23T21:04:05.054+05:30,57.415,target_explorer_node,/rosout,endpoint_clearance_rejection,frontier,1.06,25.63,rejected,"Rejected frontier (1.06, 25.63): endpoint clearance 0.58 m is below required 1.70 m.",0.58,1.7,,,,,
23july.bag,2026-07-23T21:04:05.055+05:30,57.416,target_explorer_node,/rosout,endpoint_clearance_rejection,frontier,1.06,25.83,rejected,"Rejected frontier (1.06, 25.83): endpoint clearance 0.78 m is below required 1.70 m.",0.78,1.7,,,,,
23july.bag,2026-07-23T21:04:05.056+05:30,57.416,target_explorer_node,/rosout,endpoint_clearance_rejection,frontier,1.01,26.23,rejected,"Rejected frontier (1.01, 26.23): endpoint clearance 0.51 m is below required 1.70 m.",0.51,1.7,,,,,
23july.bag,2026-07-23T21:04:05.056+05:30,57.417,target_explorer_node,/rosout,endpoint_clearance_rejection,frontier,1.01,26.43,rejected,"Rejected frontier (1.01, 26.43): endpoint clearance 0.33 m is below required 1.70 m.",0.33,1.7,,,,,
23july.bag,2026-07-23T21:04:05.057+05:30,57.417,target_explorer_node,/rosout,endpoint_clearance_rejection,frontier,1.01,26.63,rejected,"Rejected frontier (1.01, 26.63): endpoint clearance 0.19 m is below required 1.70 m.",0.19,1.7,,,,,
23july.bag,2026-07-23T21:04:05.057+05:30,57.418,target_explorer_node,/rosout,endpoint_clearance_rejection,frontier,0.86,26.68,rejected,"Rejected frontier (0.86, 26.68): endpoint clearance 0.04 m is below required 1.70 m.",0.04,1.7,,,,,
23july.bag,2026-07-23T21:04:05.058+05:30,57.418,target_explorer_node,/rosout,endpoint_clearance_rejection,frontier,0.86,27.43,rejected,"Rejected frontier (0.86, 27.43): endpoint clearance 0.18 m is below required 1.70 m.",0.18,1.7,,,,,
23july.bag,2026-07-23T21:04:05.058+05:30,57.419,target_explorer_node,/rosout,endpoint_clearance_rejection,frontier,0.86,26.78,rejected,"Rejected frontier (0.86, 26.78): endpoint clearance 0.04 m is below required 1.70 m.",0.04,1.7,,,,,
23july.bag,2026-07-23T21:04:05.059+05:30,57.419,target_explorer_node,/rosout,endpoint_clearance_rejection,frontier,0.86,26.88,rejected,"Rejected frontier (0.86, 26.88): endpoint clearance 0.11 m is below required 1.70 m.",0.11,1.7,,,,,
23july.bag,2026-07-23T21:04:05.059+05:30,57.42,target_explorer_node,/rosout,endpoint_clearance_rejection,frontier,0.86,26.98,rejected,"Rejected frontier (0.86, 26.98): endpoint clearance 0.19 m is below required 1.70 m.",0.19,1.7,,,,,
23july.bag,2026-07-23T21:04:05.060+05:30,57.42,target_explorer_node,/rosout,endpoint_clearance_rejection,frontier,0.86,27.08,rejected,"Rejected frontier (0.86, 27.08): endpoint clearance 0.13 m is below required 1.70 m.",0.13,1.7,,,,,
23july.bag,2026-07-23T21:04:05.061+05:30,57.421,target_explorer_node,/rosout,endpoint_clearance_rejection,frontier,0.86,27.18,rejected,"Rejected frontier (0.86, 27.18): endpoint clearance 0.04 m is below required 1.70 m.",0.04,1.7,,,,,
23july.bag,2026-07-23T21:04:05.061+05:30,57.422,target_explorer_node,/rosout,endpoint_clearance_rejection,frontier,0.86,27.28,rejected,"Rejected frontier (0.86, 27.28): endpoint clearance 0.04 m is below required 1.70 m.",0.04,1.7,,,,,
23july.bag,2026-07-23T21:04:05.062+05:30,57.423,target_explorer_node,/rosout,endpoint_clearance_rejection,frontier,0.86,27.48,rejected,"Rejected frontier (0.86, 27.48): endpoint clearance 0.23 m is below required 1.70 m.",0.23,1.7,,,,,
23july.bag,2026-07-23T21:04:05.063+05:30,57.423,target_explorer_node,/rosout,endpoint_clearance_rejection,frontier,0.86,27.58,rejected,"Rejected frontier (0.86, 27.58): endpoint clearance 0.33 m is below required 1.70 m.",0.33,1.7,,,,,
23july.bag,2026-07-23T21:04:05.063+05:30,57.424,target_explorer_node,/rosout,endpoint_clearance_rejection,frontier,0.86,27.68,rejected,"Rejected frontier (0.86, 27.68): endpoint clearance 0.43 m is below required 1.70 m.",0.43,1.7,,,,,
23july.bag,2026-07-23T21:04:05.064+05:30,57.424,target_explorer_node,/rosout,endpoint_clearance_rejection,frontier,-3.29,26.78,rejected,"Rejected frontier (-3.29, 26.78): endpoint clearance 0.03 m is below required 1.70 m.",0.03,1.7,,,,,
23july.bag,2026-07-23T21:04:05.064+05:30,57.425,target_explorer_node,/rosout,endpoint_clearance_rejection,frontier,-3.44,27.08,rejected,"Rejected frontier (-3.44, 27.08): endpoint clearance 0.25 m is below required 1.70 m.",0.25,1.7,,,,,
23july.bag,2026-07-23T21:04:05.065+05:30,57.425,target_explorer_node,/rosout,endpoint_clearance_rejection,frontier,-3.34,26.88,rejected,"Rejected frontier (-3.34, 26.88): endpoint clearance 0.08 m is below required 1.70 m.",0.08,1.7,,,,,
23july.bag,2026-07-23T21:04:05.065+05:30,57.426,target_explorer_node,/rosout,endpoint_clearance_rejection,frontier,-3.39,26.93,rejected,"Rejected frontier (-3.39, 26.93): endpoint clearance 0.13 m is below required 1.70 m.",0.13,1.7,,,,,
23july.bag,2026-07-23T21:04:05.066+05:30,57.427,target_explorer_node,/rosout,endpoint_clearance_rejection,frontier,-3.44,26.98,rejected,"Rejected frontier (-3.44, 26.98): endpoint clearance 0.19 m is below required 1.70 m.",0.19,1.7,,,,,
23july.bag,2026-07-23T21:04:05.067+05:30,57.427,target_explorer_node,/rosout,endpoint_clearance_rejection,frontier,-3.34,26.98,rejected,"Rejected frontier (-3.34, 26.98): endpoint clearance 0.11 m is below required 1.70 m.",0.11,1.7,,,,,
23july.bag,2026-07-23T21:04:05.067+05:30,57.428,target_explorer_node,/rosout,endpoint_clearance_rejection,frontier,-3.49,27.08,rejected,"Rejected frontier (-3.49, 27.08): endpoint clearance 0.29 m is below required 1.70 m.",0.29,1.7,,,,,
23july.bag,2026-07-23T21:04:05.068+05:30,57.429,target_explorer_node,/rosout,endpoint_clearance_rejection,frontier,0.41,26.83,rejected,"Rejected frontier (0.41, 26.83): endpoint clearance 0.04 m is below required 1.70 m.",0.04,1.7,,,,,
23july.bag,2026-07-23T21:04:05.068+05:30,57.429,target_explorer_node,/rosout,endpoint_clearance_rejection,frontier,0.36,27.23,rejected,"Rejected frontier (0.36, 27.23): endpoint clearance 0.43 m is below required 1.70 m.",0.43,1.7,,,,,
23july.bag,2026-07-23T21:04:05.069+05:30,57.43,target_explorer_node,/rosout,endpoint_clearance_rejection,frontier,0.41,26.88,rejected,"Rejected frontier (0.41, 26.88): endpoint clearance 0.08 m is below required 1.70 m.",0.08,1.7,,,,,
23july.bag,2026-07-23T21:04:05.070+05:30,57.43,target_explorer_node,/rosout,endpoint_clearance_rejection,frontier,0.41,26.98,rejected,"Rejected frontier (0.41, 26.98): endpoint clearance 0.18 m is below required 1.70 m.",0.18,1.7,,,,,
23july.bag,2026-07-23T21:04:05.070+05:30,57.431,target_explorer_node,/rosout,endpoint_clearance_rejection,frontier,0.36,27.08,rejected,"Rejected frontier (0.36, 27.08): endpoint clearance 0.29 m is below required 1.70 m.",0.29,1.7,,,,,
23july.bag,2026-07-23T21:04:05.071+05:30,57.432,target_explorer_node,/rosout,endpoint_clearance_rejection,frontier,0.36,27.28,rejected,"Rejected frontier (0.36, 27.28): endpoint clearance 0.38 m is below required 1.70 m.",0.38,1.7,,,,,
23july.bag,2026-07-23T21:04:05.072+05:30,57.433,target_explorer_node,/rosout,endpoint_clearance_rejection,frontier,0.36,27.38,rejected,"Rejected frontier (0.36, 27.38): endpoint clearance 0.28 m is below required 1.70 m.",0.28,1.7,,,,,
23july.bag,2026-07-23T21:04:05.076+05:30,57.437,target_explorer_node,/rosout,endpoint_clearance_rejection,frontier,0.86,27.78,rejected,"Rejected frontier (0.86, 27.78): endpoint clearance 0.33 m is below required 1.70 m.",0.33,1.7,,,,,
23july.bag,2026-07-23T21:04:05.076+05:30,57.437,target_explorer_node,/rosout,endpoint_clearance_rejection,frontier,0.26,27.73,rejected,"Rejected frontier (0.26, 27.73): endpoint clearance 0.04 m is below required 1.70 m.",0.04,1.7,,,,,
23july.bag,2026-07-23T21:04:05.076+05:30,57.437,target_explorer_node,/rosout,endpoint_clearance_rejection,frontier,0.26,28.18,rejected,"Rejected frontier (0.26, 28.18): endpoint clearance 0.48 m is below required 1.70 m.",0.48,1.7,,,,,
23july.bag,2026-07-23T21:04:05.076+05:30,57.437,target_explorer_node,/rosout,endpoint_clearance_rejection,frontier,0.26,28.63,rejected,"Rejected frontier (0.26, 28.63): endpoint clearance 0.71 m is below required 1.70 m.",0.71,1.7,,,,,
23july.bag,2026-07-23T21:04:05.077+05:30,57.437,target_explorer_node,/rosout,endpoint_clearance_rejection,frontier,0.26,29.08,rejected,"Rejected frontier (0.26, 29.08): endpoint clearance 1.06 m is below required 1.70 m.",1.06,1.7,,,,,
23july.bag,2026-07-23T21:04:05.077+05:30,57.438,target_explorer_node,/rosout,endpoint_clearance_rejection,frontier,0.21,29.53,rejected,"Rejected frontier (0.21, 29.53): endpoint clearance 1.49 m is below required 1.70 m.",1.49,1.7,,,,,
23july.bag,2026-07-23T21:04:05.078+05:30,57.439,target_explorer_node,/rosout,endpoint_clearance_rejection,frontier,0.26,30.88,rejected,"Rejected frontier (0.26, 30.88): endpoint clearance 1.68 m is below required 1.70 m.",1.68,1.7,,,,,
23july.bag,2026-07-23T21:04:05.079+05:30,57.44,target_explorer_node,/rosout,endpoint_clearance_rejection,frontier,0.16,31.33,rejected,"Rejected frontier (0.16, 31.33): endpoint clearance 1.24 m is below required 1.70 m.",1.24,1.7,,,,,
23july.bag,2026-07-23T21:04:05.080+05:30,57.44,target_explorer_node,/rosout,endpoint_clearance_rejection,frontier,0.16,31.78,rejected,"Rejected frontier (0.16, 31.78): endpoint clearance 0.79 m is below required 1.70 m.",0.79,1.7,,,,,
23july.bag,2026-07-23T21:04:05.080+05:30,57.441,target_explorer_node,/rosout,endpoint_clearance_rejection,frontier,0.21,32.18,rejected,"Rejected frontier (0.21, 32.18): endpoint clearance 0.40 m is below required 1.70 m.",0.4,1.7,,,,,
23july.bag,2026-07-23T21:04:05.081+05:30,57.442,target_explorer_node,/rosout,endpoint_clearance_rejection,frontier,-2.64,28.08,rejected,"Rejected frontier (-2.64, 28.08): endpoint clearance 0.03 m is below required 1.70 m.",0.03,1.7,,,,,
23july.bag,2026-07-23T21:04:05.081+05:30,57.442,target_explorer_node,/rosout,endpoint_clearance_rejection,frontier,-2.89,28.48,rejected,"Rejected frontier (-2.89, 28.48): endpoint clearance 0.48 m is below required 1.70 m.",0.48,1.7,,,,,
23july.bag,2026-07-23T21:04:05.082+05:30,57.443,target_explorer_node,/rosout,endpoint_clearance_rejection,frontier,-2.69,28.18,rejected,"Rejected frontier (-2.69, 28.18): endpoint clearance 0.13 m is below required 1.70 m.",0.13,1.7,,,,,
23july.bag,2026-07-23T21:04:05.083+05:30,57.443,target_explorer_node,/rosout,endpoint_clearance_rejection,frontier,-2.74,28.28,rejected,"Rejected frontier (-2.74, 28.28): endpoint clearance 0.24 m is below required 1.70 m.",0.24,1.7,,,,,
23july.bag,2026-07-23T21:04:05.083+05:30,57.444,target_explorer_node,/rosout,endpoint_clearance_rejection,frontier,-2.79,28.33,rejected,"Rejected frontier (-2.79, 28.33): endpoint clearance 0.30 m is below required 1.70 m.",0.3,1.7,,,,,
23july.bag,2026-07-23T21:04:05.084+05:30,57.445,target_explorer_node,/rosout,endpoint_clearance_rejection,frontier,-2.84,28.38,rejected,"Rejected frontier (-2.84, 28.38): endpoint clearance 0.37 m is below required 1.70 m.",0.37,1.7,,,,,
23july.bag,2026-07-23T21:04:05.085+05:30,57.446,target_explorer_node,/rosout,endpoint_clearance_rejection,frontier,-2.94,28.58,rejected,"Rejected frontier (-2.94, 28.58): endpoint clearance 0.43 m is below required 1.70 m.",0.43,1.7,,,,,
23july.bag,2026-07-23T21:04:05.085+05:30,57.446,target_explorer_node,/rosout,endpoint_clearance_rejection,frontier,-2.99,28.63,rejected,"Rejected frontier (-2.99, 28.63): endpoint clearance 0.36 m is below required 1.70 m.",0.36,1.7,,,,,
23july.bag,2026-07-23T21:04:05.086+05:30,57.447,target_explorer_node,/rosout,endpoint_clearance_rejection,frontier,-1.84,32.53,rejected,"Rejected frontier (-1.84, 32.53): endpoint clearance 0.03 m is below required 1.70 m.",0.03,1.7,,,,,
23july.bag,2026-07-23T21:04:05.087+05:30,57.447,target_explorer_node,/rosout,endpoint_clearance_rejection,frontier,-1.99,32.63,rejected,"Rejected frontier (-1.99, 32.63): endpoint clearance 0.08 m is below required 1.70 m.",0.08,1.7,,,,,
23july.bag,2026-07-23T21:04:05.087+05:30,57.448,target_explorer_node,/rosout,endpoint_clearance_rejection,frontier,-2.04,32.53,rejected,"Rejected frontier (-2.04, 32.53): endpoint clearance 0.04 m is below required 1.70 m.",0.04,1.7,,,,,
23july.bag,2026-07-23T21:04:05.088+05:30,57.448,target_explorer_node,/rosout,endpoint_clearance_rejection,frontier,-1.94,32.53,rejected,"Rejected frontier (-1.94, 32.53): endpoint clearance 0.04 m is below required 1.70 m.",0.04,1.7,,,,,
23july.bag,2026-07-23T21:04:05.088+05:30,57.449,target_explorer_node,/rosout,endpoint_clearance_rejection,frontier,-2.19,32.58,rejected,"Rejected frontier (-2.19, 32.58): endpoint clearance 0.11 m is below required 1.70 m.",0.11,1.7,,,,,
23july.bag,2026-07-23T21:04:05.089+05:30,57.449,target_explorer_node,/rosout,endpoint_clearance_rejection,frontier,-2.09,32.58,rejected,"Rejected frontier (-2.09, 32.58): endpoint clearance 0.08 m is below required 1.70 m.",0.08,1.7,,,,,
23july.bag,2026-07-23T21:04:05.089+05:30,57.45,target_explorer_node,/rosout,endpoint_clearance_rejection,frontier,-1.89,32.58,rejected,"Rejected frontier (-1.89, 32.58): endpoint clearance 0.08 m is below required 1.70 m.",0.08,1.7,,,,,
23july.bag,2026-07-23T21:04:05.090+05:30,57.45,target_explorer_node,/rosout,endpoint_clearance_rejection,frontier,-1.79,32.58,rejected,"Rejected frontier (-1.79, 32.58): endpoint clearance 0.04 m is below required 1.70 m.",0.04,1.7,,,,,
23july.bag,2026-07-23T21:04:05.235+05:30,57.596,target_explorer_node,/rosout,recovery_frontier,frontier,0.36,19.43,selected_as_recovery,"No forward-progress frontier is reachable; using recovery frontier (0.36, 19.43).",,,,,,,
23july.bag,2026-07-23T21:04:05.236+05:30,57.597,target_explorer_node,/rosout,goal_dispatch,final_or_frontier,0.36,19.43,dispatched,"Sending NavigateToPose goal (0.36, 19.43): progress=-2.32 m alignment=0.737 path=6.21 m score=-2.206.",,,-2.32,0.737,6.21,-2.206,
23july.bag,2026-07-23T21:04:05.241+05:30,57.601,target_explorer_node,/rosout,nav2_acceptance,,0.36,19.43,accepted,"Nav2 accepted goal (0.36, 19.43).",,,,,,,
23july1.bag,2026-07-23T21:17:09.476+05:30,5.153,target_explorer_node,/rosout,startup_final_target,final_target,0.0,27.0,configured_at_startup,"target_explorer started: final target=(0.00, 27.00) frame=map action=/navigate_to_pose",,,,,,,
23july1.bag,2026-07-23T21:17:09.854+05:30,5.531,target_explorer_node,/rosout,tf_failure,,,,deferred,"Cannot look up robot pose map -> base_footprint: Lookup would require extrapolation at time 1784821629.514687, but only time 1784821629.572658 is in the buffer, when looking up transform from frame [base_footprint] to frame [map].",,,,,,,
23july1.bag,2026-07-23T21:17:10.958+05:30,6.634,target_explorer_node,/rosout,goal_dispatch,final_or_frontier,0.15,0.83,dispatched,"Sending NavigateToPose goal (0.15, 0.83): progress=0.73 m alignment=0.985 path=0.76 m score=1.640.",,,0.73,0.985,0.76,1.64,
23july1.bag,2026-07-23T21:17:10.959+05:30,6.636,target_explorer_node,/rosout,nav2_acceptance,,0.15,0.83,accepted,"Nav2 accepted goal (0.15, 0.83).",,,,,,,
23july1.bag,2026-07-23T21:17:13.670+05:30,9.347,target_explorer_node,/rosout,action_result,,0.15,0.83,succeeded,"NavigateToPose succeeded for (0.15, 0.83).",,,,,,,SUCCEEDED
23july1.bag,2026-07-23T21:17:13.771+05:30,9.448,target_explorer_node,/rosout,goal_dispatch,final_or_frontier,1.45,3.93,dispatched,"Sending NavigateToPose goal (1.45, 3.93): progress=3.24 m alignment=0.926 path=3.13 m score=3.851.",,,3.24,0.926,3.13,3.851,
23july1.bag,2026-07-23T21:17:13.773+05:30,9.449,target_explorer_node,/rosout,nav2_acceptance,,1.45,3.93,accepted,"Nav2 accepted goal (1.45, 3.93).",,,,,,,
23july1.bag,2026-07-23T21:17:18.783+05:30,14.46,target_explorer_node,/rosout,action_result,,1.45,3.93,succeeded,"NavigateToPose succeeded for (1.45, 3.93).",,,,,,,SUCCEEDED
23july1.bag,2026-07-23T21:17:18.876+05:30,14.552,target_explorer_node,/rosout,endpoint_clearance_rejection,frontier,7.95,7.33,rejected,"Rejected frontier (7.95, 7.33): endpoint clearance 0.03 m is below required 0.10 m.",0.03,0.1,,,,,
23july1.bag,2026-07-23T21:17:18.876+05:30,14.553,target_explorer_node,/rosout,endpoint_clearance_rejection,frontier,8.0,7.38,rejected,"Rejected frontier (8.00, 7.38): endpoint clearance 0.08 m is below required 0.10 m.",0.08,0.1,,,,,
23july1.bag,2026-07-23T21:17:18.877+05:30,14.554,target_explorer_node,/rosout,endpoint_clearance_rejection,frontier,-1.65,8.18,rejected,"Rejected frontier (-1.65, 8.18): endpoint clearance 0.04 m is below required 0.10 m.",0.04,0.1,,,,,
23july1.bag,2026-07-23T21:17:18.878+05:30,14.554,target_explorer_node,/rosout,endpoint_clearance_rejection,frontier,7.6,8.03,rejected,"Rejected frontier (7.60, 8.03): endpoint clearance 0.03 m is below required 0.10 m.",0.03,0.1,,,,,
23july1.bag,2026-07-23T21:17:18.878+05:30,14.555,target_explorer_node,/rosout,endpoint_clearance_rejection,frontier,7.7,7.93,rejected,"Rejected frontier (7.70, 7.93): endpoint clearance 0.03 m is below required 0.10 m.",0.03,0.1,,,,,
23july1.bag,2026-07-23T21:17:18.879+05:30,14.556,target_explorer_node,/rosout,endpoint_clearance_rejection,frontier,7.95,8.03,rejected,"Rejected frontier (7.95, 8.03): endpoint clearance 0.08 m is below required 0.10 m.",0.08,0.1,,,,,
23july1.bag,2026-07-23T21:17:18.879+05:30,14.556,target_explorer_node,/rosout,endpoint_clearance_rejection,frontier,8.1,8.03,rejected,"Rejected frontier (8.10, 8.03): endpoint clearance 0.03 m is below required 0.10 m.",0.03,0.1,,,,,
23july1.bag,2026-07-23T21:17:18.880+05:30,14.556,target_explorer_node,/rosout,endpoint_clearance_rejection,frontier,7.6,8.08,rejected,"Rejected frontier (7.60, 8.08): endpoint clearance 0.08 m is below required 0.10 m.",0.08,0.1,,,,,
23july1.bag,2026-07-23T21:17:18.880+05:30,14.557,target_explorer_node,/rosout,endpoint_clearance_rejection,frontier,8.0,8.08,rejected,"Rejected frontier (8.00, 8.08): endpoint clearance 0.08 m is below required 0.10 m.",0.08,0.1,,,,,
23july1.bag,2026-07-23T21:17:18.881+05:30,14.557,target_explorer_node,/rosout,endpoint_clearance_rejection,frontier,3.35,8.83,rejected,"Rejected frontier (3.35, 8.83): endpoint clearance 0.08 m is below required 0.10 m.",0.08,0.1,,,,,
23july1.bag,2026-07-23T21:17:18.881+05:30,14.558,target_explorer_node,/rosout,endpoint_clearance_rejection,frontier,3.25,8.93,rejected,"Rejected frontier (3.25, 8.93): endpoint clearance 0.08 m is below required 0.10 m.",0.08,0.1,,,,,
23july1.bag,2026-07-23T21:17:18.882+05:30,14.559,target_explorer_node,/rosout,endpoint_clearance_rejection,frontier,3.35,9.08,rejected,"Rejected frontier (3.35, 9.08): endpoint clearance 0.08 m is below required 0.10 m.",0.08,0.1,,,,,
23july1.bag,2026-07-23T21:17:18.882+05:30,14.559,target_explorer_node,/rosout,endpoint_clearance_rejection,frontier,3.4,9.23,rejected,"Rejected frontier (3.40, 9.23): endpoint clearance 0.08 m is below required 0.10 m.",0.08,0.1,,,,,
23july1.bag,2026-07-23T21:17:18.883+05:30,14.559,target_explorer_node,/rosout,endpoint_clearance_rejection,frontier,2.35,8.73,rejected,"Rejected frontier (2.35, 8.73): endpoint clearance 0.03 m is below required 0.10 m.",0.03,0.1,,,,,
23july1.bag,2026-07-23T21:17:18.883+05:30,14.56,target_explorer_node,/rosout,endpoint_clearance_rejection,frontier,2.45,8.78,rejected,"Rejected frontier (2.45, 8.78): endpoint clearance 0.00 m is below required 0.10 m.",0.0,0.1,,,,,
23july1.bag,2026-07-23T21:17:18.884+05:30,14.56,target_explorer_node,/rosout,endpoint_clearance_rejection,frontier,2.55,8.78,rejected,"Rejected frontier (2.55, 8.78): endpoint clearance 0.04 m is below required 0.10 m.",0.04,0.1,,,,,
23july1.bag,2026-07-23T21:17:18.884+05:30,14.561,target_explorer_node,/rosout,endpoint_clearance_rejection,frontier,2.7,8.78,rejected,"Rejected frontier (2.70, 8.78): endpoint clearance 0.03 m is below required 0.10 m.",0.03,0.1,,,,,
23july1.bag,2026-07-23T21:17:18.885+05:30,14.562,target_explorer_node,/rosout,endpoint_clearance_rejection,frontier,2.5,8.88,rejected,"Rejected frontier (2.50, 8.88): endpoint clearance 0.08 m is below required 0.10 m.",0.08,0.1,,,,,
23july1.bag,2026-07-23T21:17:18.886+05:30,14.562,target_explorer_node,/rosout,endpoint_clearance_rejection,frontier,7.95,8.93,rejected,"Rejected frontier (7.95, 8.93): endpoint clearance 0.08 m is below required 0.10 m.",0.08,0.1,,,,,
23july1.bag,2026-07-23T21:17:18.886+05:30,14.563,target_explorer_node,/rosout,endpoint_clearance_rejection,frontier,7.75,8.73,rejected,"Rejected frontier (7.75, 8.73): endpoint clearance 0.08 m is below required 0.10 m.",0.08,0.1,,,,,
23july1.bag,2026-07-23T21:17:18.887+05:30,14.563,target_explorer_node,/rosout,endpoint_clearance_rejection,frontier,7.8,8.78,rejected,"Rejected frontier (7.80, 8.78): endpoint clearance 0.04 m is below required 0.10 m.",0.04,0.1,,,,,
23july1.bag,2026-07-23T21:17:18.887+05:30,14.564,target_explorer_node,/rosout,endpoint_clearance_rejection,frontier,7.9,8.78,rejected,"Rejected frontier (7.90, 8.78): endpoint clearance 0.03 m is below required 0.10 m.",0.03,0.1,,,,,
23july1.bag,2026-07-23T21:17:18.888+05:30,14.565,target_explorer_node,/rosout,endpoint_clearance_rejection,frontier,8.0,8.98,rejected,"Rejected frontier (8.00, 8.98): endpoint clearance 0.08 m is below required 0.10 m.",0.08,0.1,,,,,
23july1.bag,2026-07-23T21:17:18.889+05:30,14.566,target_explorer_node,/rosout,endpoint_clearance_rejection,frontier,3.75,9.28,rejected,"Rejected frontier (3.75, 9.28): endpoint clearance 0.08 m is below required 0.10 m.",0.08,0.1,,,,,
23july1.bag,2026-07-23T21:17:18.891+05:30,14.568,target_explorer_node,/rosout,endpoint_clearance_rejection,frontier,4.7,10.78,rejected,"Rejected frontier (4.70, 10.78): endpoint clearance 0.00 m is below required 0.10 m.",0.0,0.1,,,,,
23july1.bag,2026-07-23T21:17:18.894+05:30,14.571,target_explorer_node,/rosout,endpoint_clearance_rejection,frontier,9.95,12.08,rejected,"Rejected frontier (9.95, 12.08): endpoint clearance 0.03 m is below required 0.10 m.",0.03,0.1,,,,,
23july1.bag,2026-07-23T21:17:18.895+05:30,14.572,target_explorer_node,/rosout,endpoint_clearance_rejection,frontier,10.05,11.98,rejected,"Rejected frontier (10.05, 11.98): endpoint clearance 0.03 m is below required 0.10 m.",0.03,0.1,,,,,
23july1.bag,2026-07-23T21:17:18.896+05:30,14.573,target_explorer_node,/rosout,endpoint_clearance_rejection,frontier,9.9,12.03,rejected,"Rejected frontier (9.90, 12.03): endpoint clearance 0.08 m is below required 0.10 m.",0.08,0.1,,,,,
23july1.bag,2026-07-23T21:17:18.897+05:30,14.573,target_explorer_node,/rosout,endpoint_clearance_rejection,frontier,10.0,12.08,rejected,"Rejected frontier (10.00, 12.08): endpoint clearance 0.00 m is below required 0.10 m.",0.0,0.1,,,,,
23july1.bag,2026-07-23T21:17:18.898+05:30,14.575,target_explorer_node,/rosout,endpoint_clearance_rejection,frontier,10.0,13.03,rejected,"Rejected frontier (10.00, 13.03): endpoint clearance 0.08 m is below required 0.10 m.",0.08,0.1,,,,,
23july1.bag,2026-07-23T21:17:18.898+05:30,14.575,target_explorer_node,/rosout,endpoint_clearance_rejection,frontier,10.05,13.23,rejected,"Rejected frontier (10.05, 13.23): endpoint clearance 0.03 m is below required 0.10 m.",0.03,0.1,,,,,
23july1.bag,2026-07-23T21:17:18.899+05:30,14.576,target_explorer_node,/rosout,endpoint_clearance_rejection,frontier,10.1,13.38,rejected,"Rejected frontier (10.10, 13.38): endpoint clearance 0.03 m is below required 0.10 m.",0.03,0.1,,,,,
23july1.bag,2026-07-23T21:17:18.899+05:30,14.576,target_explorer_node,/rosout,endpoint_clearance_rejection,frontier,10.1,13.53,rejected,"Rejected frontier (10.10, 13.53): endpoint clearance 0.08 m is below required 0.10 m.",0.08,0.1,,,,,
23july1.bag,2026-07-23T21:17:18.900+05:30,14.576,target_explorer_node,/rosout,endpoint_clearance_rejection,frontier,10.0,12.28,rejected,"Rejected frontier (10.00, 12.28): endpoint clearance 0.03 m is below required 0.10 m.",0.03,0.1,,,,,
23july1.bag,2026-07-23T21:17:18.900+05:30,14.577,target_explorer_node,/rosout,endpoint_clearance_rejection,frontier,10.15,12.43,rejected,"Rejected frontier (10.15, 12.43): endpoint clearance 0.08 m is below required 0.10 m.",0.08,0.1,,,,,
23july1.bag,2026-07-23T21:17:18.901+05:30,14.578,target_explorer_node,/rosout,endpoint_clearance_rejection,frontier,10.2,12.48,rejected,"Rejected frontier (10.20, 12.48): endpoint clearance 0.04 m is below required 0.10 m.",0.04,0.1,,,,,
23july1.bag,2026-07-23T21:17:18.901+05:30,14.578,target_explorer_node,/rosout,endpoint_clearance_rejection,frontier,10.15,12.58,rejected,"Rejected frontier (10.15, 12.58): endpoint clearance 0.03 m is below required 0.10 m.",0.03,0.1,,,,,
23july1.bag,2026-07-23T21:17:18.902+05:30,14.579,target_explorer_node,/rosout,endpoint_clearance_rejection,frontier,10.1,12.68,rejected,"Rejected frontier (10.10, 12.68): endpoint clearance 0.03 m is below required 0.10 m.",0.03,0.1,,,,,
23july1.bag,2026-07-23T21:17:18.903+05:30,14.58,target_explorer_node,/rosout,endpoint_clearance_rejection,frontier,9.95,12.73,rejected,"Rejected frontier (9.95, 12.73): endpoint clearance 0.08 m is below required 0.10 m.",0.08,0.1,,,,,
23july1.bag,2026-07-23T21:17:19.294+05:30,14.97,target_explorer_node,/rosout,goal_dispatch,final_or_frontier,8.6,14.73,dispatched,"Sending NavigateToPose goal (8.60, 14.73): progress=8.18 m alignment=0.797 path=13.33 m score=7.640.",,,8.18,0.797,13.33,7.64,
23july1.bag,2026-07-23T21:17:19.297+05:30,14.973,target_explorer_node,/rosout,nav2_acceptance,,8.6,14.73,accepted,"Nav2 accepted goal (8.60, 14.73).",,,,,,,
23july1.bag,2026-07-23T21:17:38.656+05:30,34.332,target_explorer_node,/rosout,action_result,,8.6,14.73,succeeded,"NavigateToPose succeeded for (8.60, 14.73).",,,,,,,SUCCEEDED
23july1.bag,2026-07-23T21:17:38.773+05:30,34.449,target_explorer_node,/rosout,endpoint_clearance_rejection,frontier,-1.65,8.08,rejected,"Rejected frontier (-1.65, 8.08): endpoint clearance 0.04 m is below required 0.10 m.",0.04,0.1,,,,,
23july1.bag,2026-07-23T21:17:38.773+05:30,34.45,target_explorer_node,/rosout,endpoint_clearance_rejection,frontier,7.5,6.18,rejected,"Rejected frontier (7.50, 6.18): endpoint clearance 0.03 m is below required 0.10 m.",0.03,0.1,,,,,
23july1.bag,2026-07-23T21:17:38.773+05:30,34.45,target_explorer_node,/rosout,endpoint_clearance_rejection,frontier,7.15,5.88,rejected,"Rejected frontier (7.15, 5.88): endpoint clearance 0.03 m is below required 0.10 m.",0.03,0.1,,,,,
23july1.bag,2026-07-23T21:17:38.773+05:30,34.45,target_explorer_node,/rosout,endpoint_clearance_rejection,frontier,8.55,7.53,rejected,"Rejected frontier (8.55, 7.53): endpoint clearance 0.08 m is below required 0.10 m.",0.08,0.1,,,,,
23july1.bag,2026-07-23T21:17:38.774+05:30,34.451,target_explorer_node,/rosout,endpoint_clearance_rejection,frontier,8.0,7.28,rejected,"Rejected frontier (8.00, 7.28): endpoint clearance 0.03 m is below required 0.10 m.",0.03,0.1,,,,,
23july1.bag,2026-07-23T21:17:38.775+05:30,34.452,target_explorer_node,/rosout,endpoint_clearance_rejection,frontier,-1.3,8.38,rejected,"Rejected frontier (-1.30, 8.38): endpoint clearance 0.03 m is below required 0.10 m.",0.03,0.1,,,,,
23july1.bag,2026-07-23T21:17:38.776+05:30,34.453,target_explorer_node,/rosout,endpoint_clearance_rejection,frontier,-1.65,8.18,rejected,"Rejected frontier (-1.65, 8.18): endpoint clearance 0.04 m is below required 0.10 m.",0.04,0.1,,,,,
23july1.bag,2026-07-23T21:17:38.777+05:30,34.454,target_explorer_node,/rosout,endpoint_clearance_rejection,frontier,8.05,8.38,rejected,"Rejected frontier (8.05, 8.38): endpoint clearance 0.04 m is below required 0.10 m.",0.04,0.1,,,,,
23july1.bag,2026-07-23T21:17:38.778+05:30,34.454,target_explorer_node,/rosout,endpoint_clearance_rejection,frontier,7.75,7.98,rejected,"Rejected frontier (7.75, 7.98): endpoint clearance 0.04 m is below required 0.10 m.",0.04,0.1,,,,,
23july1.bag,2026-07-23T21:17:38.778+05:30,34.455,target_explorer_node,/rosout,endpoint_clearance_rejection,frontier,7.85,8.03,rejected,"Rejected frontier (7.85, 8.03): endpoint clearance 0.08 m is below required 0.10 m.",0.08,0.1,,,,,
23july1.bag,2026-07-23T21:17:38.779+05:30,34.455,target_explorer_node,/rosout,endpoint_clearance_rejection,frontier,7.85,8.08,rejected,"Rejected frontier (7.85, 8.08): endpoint clearance 0.08 m is below required 0.10 m.",0.08,0.1,,,,,
23july1.bag,2026-07-23T21:17:38.779+05:30,34.456,target_explorer_node,/rosout,endpoint_clearance_rejection,frontier,8.0,8.08,rejected,"Rejected frontier (8.00, 8.08): endpoint clearance 0.08 m is below required 0.10 m.",0.08,0.1,,,,,
23july1.bag,2026-07-23T21:17:38.780+05:30,34.456,target_explorer_node,/rosout,endpoint_clearance_rejection,frontier,8.1,8.13,rejected,"Rejected frontier (8.10, 8.13): endpoint clearance 0.04 m is below required 0.10 m.",0.04,0.1,,,,,
23july1.bag,2026-07-23T21:17:38.780+05:30,34.457,target_explorer_node,/rosout,endpoint_clearance_rejection,frontier,7.75,8.18,rejected,"Rejected frontier (7.75, 8.18): endpoint clearance 0.03 m is below required 0.10 m.",0.03,0.1,,,,,
23july1.bag,2026-07-23T21:17:38.780+05:30,34.457,target_explorer_node,/rosout,endpoint_clearance_rejection,frontier,8.15,8.18,rejected,"Rejected frontier (8.15, 8.18): endpoint clearance 0.08 m is below required 0.10 m.",0.08,0.1,,,,,
23july1.bag,2026-07-23T21:17:38.781+05:30,34.458,target_explorer_node,/rosout,endpoint_clearance_rejection,frontier,7.8,8.23,rejected,"Rejected frontier (7.80, 8.23): endpoint clearance 0.08 m is below required 0.10 m.",0.08,0.1,,,,,
23july1.bag,2026-07-23T21:17:38.781+05:30,34.458,target_explorer_node,/rosout,endpoint_clearance_rejection,frontier,8.75,9.53,rejected,"Rejected frontier (8.75, 9.53): endpoint clearance 0.03 m is below required 0.10 m.",0.03,0.1,,,,,
23july1.bag,2026-07-23T21:17:38.782+05:30,34.459,target_explorer_node,/rosout,endpoint_clearance_rejection,frontier,8.8,9.58,rejected,"Rejected frontier (8.80, 9.58): endpoint clearance 0.08 m is below required 0.10 m.",0.08,0.1,,,,,
23july1.bag,2026-07-23T21:17:38.783+05:30,34.459,target_explorer_node,/rosout,endpoint_clearance_rejection,frontier,9.2,9.78,rejected,"Rejected frontier (9.20, 9.78): endpoint clearance 0.08 m is below required 0.10 m.",0.08,0.1,,,,,
23july1.bag,2026-07-23T21:17:38.783+05:30,34.46,target_explorer_node,/rosout,endpoint_clearance_rejection,frontier,10.15,10.88,rejected,"Rejected frontier (10.15, 10.88): endpoint clearance 0.03 m is below required 0.10 m.",0.03,0.1,,,,,
23july1.bag,2026-07-23T21:17:38.784+05:30,34.461,target_explorer_node,/rosout,endpoint_clearance_rejection,frontier,9.35,10.28,rejected,"Rejected frontier (9.35, 10.28): endpoint clearance 0.03 m is below required 0.10 m.",0.03,0.1,,,,,
23july1.bag,2026-07-23T21:17:38.784+05:30,34.461,target_explorer_node,/rosout,endpoint_clearance_rejection,frontier,9.4,10.33,rejected,"Rejected frontier (9.40, 10.33): endpoint clearance 0.08 m is below required 0.10 m.",0.08,0.1,,,,,
23july1.bag,2026-07-23T21:17:38.785+05:30,34.462,target_explorer_node,/rosout,endpoint_clearance_rejection,frontier,10.2,11.08,rejected,"Rejected frontier (10.20, 11.08): endpoint clearance 0.03 m is below required 0.10 m.",0.03,0.1,,,,,
23july1.bag,2026-07-23T21:17:38.787+05:30,34.463,target_explorer_node,/rosout,endpoint_clearance_rejection,frontier,4.65,11.08,rejected,"Rejected frontier (4.65, 11.08): endpoint clearance 0.03 m is below required 0.10 m.",0.03,0.1,,,,,
23july1.bag,2026-07-23T21:17:38.788+05:30,34.464,target_explorer_node,/rosout,endpoint_clearance_rejection,frontier,4.85,12.48,rejected,"Rejected frontier (4.85, 12.48): endpoint clearance 0.04 m is below required 0.10 m.",0.04,0.1,,,,,
23july1.bag,2026-07-23T21:17:38.789+05:30,34.465,target_explorer_node,/rosout,endpoint_clearance_rejection,frontier,5.2,12.53,rejected,"Rejected frontier (5.20, 12.53): endpoint clearance 0.03 m is below required 0.10 m.",0.03,0.1,,,,,
23july1.bag,2026-07-23T21:17:38.790+05:30,34.466,target_explorer_node,/rosout,endpoint_clearance_rejection,frontier,12.25,13.03,rejected,"Rejected frontier (12.25, 13.03): endpoint clearance 0.04 m is below required 0.10 m.",0.04,0.1,,,,,
23july1.bag,2026-07-23T21:17:38.791+05:30,34.467,target_explorer_node,/rosout,endpoint_clearance_rejection,frontier,12.15,12.98,rejected,"Rejected frontier (12.15, 12.98): endpoint clearance 0.08 m is below required 0.10 m.",0.08,0.1,,,,,
23july1.bag,2026-07-23T21:17:38.792+05:30,34.468,target_explorer_node,/rosout,endpoint_clearance_rejection,frontier,11.25,13.03,rejected,"Rejected frontier (11.25, 13.03): endpoint clearance 0.03 m is below required 0.10 m.",0.03,0.1,,,,,
23july1.bag,2026-07-23T21:17:38.792+05:30,34.469,target_explorer_node,/rosout,endpoint_clearance_rejection,frontier,11.25,12.88,rejected,"Rejected frontier (11.25, 12.88): endpoint clearance 0.03 m is below required 0.10 m.",0.03,0.1,,,,,
23july1.bag,2026-07-23T21:17:38.793+05:30,34.469,target_explorer_node,/rosout,endpoint_clearance_rejection,frontier,11.3,12.93,rejected,"Rejected frontier (11.30, 12.93): endpoint clearance 0.04 m is below required 0.10 m.",0.04,0.1,,,,,
23july1.bag,2026-07-23T21:17:38.793+05:30,34.47,target_explorer_node,/rosout,endpoint_clearance_rejection,frontier,11.75,13.08,rejected,"Rejected frontier (11.75, 13.08): endpoint clearance 0.08 m is below required 0.10 m.",0.08,0.1,,,,,
23july1.bag,2026-07-23T21:17:38.794+05:30,34.471,target_explorer_node,/rosout,endpoint_clearance_rejection,frontier,11.8,13.13,rejected,"Rejected frontier (11.80, 13.13): endpoint clearance 0.03 m is below required 0.10 m.",0.03,0.1,,,,,
23july1.bag,2026-07-23T21:17:38.795+05:30,34.472,target_explorer_node,/rosout,endpoint_clearance_rejection,frontier,10.75,13.43,rejected,"Rejected frontier (10.75, 13.43): endpoint clearance 0.03 m is below required 0.10 m.",0.03,0.1,,,,,
23july1.bag,2026-07-23T21:17:38.796+05:30,34.472,target_explorer_node,/rosout,endpoint_clearance_rejection,frontier,11.5,13.38,rejected,"Rejected frontier (11.50, 13.38): endpoint clearance 0.04 m is below required 0.10 m.",0.04,0.1,,,,,
23july1.bag,2026-07-23T21:17:38.796+05:30,34.473,target_explorer_node,/rosout,endpoint_clearance_rejection,frontier,11.7,13.43,rejected,"Rejected frontier (11.70, 13.43): endpoint clearance 0.03 m is below required 0.10 m.",0.03,0.1,,,,,
23july1.bag,2026-07-23T21:17:38.797+05:30,34.474,target_explorer_node,/rosout,endpoint_clearance_rejection,frontier,8.55,18.43,rejected,"Rejected frontier (8.55, 18.43): endpoint clearance 0.04 m is below required 0.10 m.",0.04,0.1,,,,,
23july1.bag,2026-07-23T21:17:38.798+05:30,34.474,target_explorer_node,/rosout,endpoint_clearance_rejection,frontier,8.55,18.48,rejected,"Rejected frontier (8.55, 18.48): endpoint clearance 0.08 m is below required 0.10 m.",0.08,0.1,,,,,
23july1.bag,2026-07-23T21:17:38.953+05:30,34.629,target_explorer_node,/rosout,goal_dispatch,final_or_frontier,6.0,20.18,dispatched,"Sending NavigateToPose goal (6.00, 20.18): progress=5.99 m alignment=0.985 path=6.22 m score=6.349.",,,5.99,0.985,6.22,6.349,
23july1.bag,2026-07-23T21:17:38.957+05:30,34.634,target_explorer_node,/rosout,nav2_acceptance,,6.0,20.18,accepted,"Nav2 accepted goal (6.00, 20.18).",,,,,,,
23july1.bag,2026-07-23T21:17:48.665+05:30,44.341,target_explorer_node,/rosout,action_result,,6.0,20.18,succeeded,"NavigateToPose succeeded for (6.00, 20.18).",,,,,,,SUCCEEDED
23july1.bag,2026-07-23T21:17:48.780+05:30,44.457,target_explorer_node,/rosout,endpoint_clearance_rejection,frontier,-1.39,8.33,rejected,"Rejected frontier (-1.39, 8.33): endpoint clearance 0.04 m is below required 0.10 m.",0.04,0.1,,,,,
23july1.bag,2026-07-23T21:17:48.782+05:30,44.458,target_explorer_node,/rosout,endpoint_clearance_rejection,frontier,8.01,7.28,rejected,"Rejected frontier (8.01, 7.28): endpoint clearance 0.03 m is below required 0.10 m.",0.03,0.1,,,,,
23july1.bag,2026-07-23T21:17:48.782+05:30,44.459,target_explorer_node,/rosout,endpoint_clearance_rejection,frontier,8.06,7.33,rejected,"Rejected frontier (8.06, 7.33): endpoint clearance 0.08 m is below required 0.10 m.",0.08,0.1,,,,,
23july1.bag,2026-07-23T21:17:48.783+05:30,44.46,target_explorer_node,/rosout,endpoint_clearance_rejection,frontier,8.11,8.43,rejected,"Rejected frontier (8.11, 8.43): endpoint clearance 0.04 m is below required 0.10 m.",0.04,0.1,,,,,
23july1.bag,2026-07-23T21:17:48.784+05:30,44.461,target_explorer_node,/rosout,endpoint_clearance_rejection,frontier,7.76,7.98,rejected,"Rejected frontier (7.76, 7.98): endpoint clearance 0.03 m is below required 0.10 m.",0.03,0.1,,,,,
23july1.bag,2026-07-23T21:17:48.785+05:30,44.461,target_explorer_node,/rosout,endpoint_clearance_rejection,frontier,7.86,8.03,rejected,"Rejected frontier (7.86, 8.03): endpoint clearance 0.08 m is below required 0.10 m.",0.08,0.1,,,,,
23july1.bag,2026-07-23T21:17:48.785+05:30,44.462,target_explorer_node,/rosout,endpoint_clearance_rejection,frontier,7.86,8.08,rejected,"Rejected frontier (7.86, 8.08): endpoint clearance 0.08 m is below required 0.10 m.",0.08,0.1,,,,,
23july1.bag,2026-07-23T21:17:48.785+05:30,44.462,target_explorer_node,/rosout,endpoint_clearance_rejection,frontier,8.01,8.08,rejected,"Rejected frontier (8.01, 8.08): endpoint clearance 0.08 m is below required 0.10 m.",0.08,0.1,,,,,
23july1.bag,2026-07-23T21:17:48.786+05:30,44.463,target_explorer_node,/rosout,endpoint_clearance_rejection,frontier,7.81,8.23,rejected,"Rejected frontier (7.81, 8.23): endpoint clearance 0.08 m is below required 0.10 m.",0.08,0.1,,,,,
23july1.bag,2026-07-23T21:17:48.787+05:30,44.463,target_explorer_node,/rosout,endpoint_clearance_rejection,frontier,8.26,8.33,rejected,"Rejected frontier (8.26, 8.33): endpoint clearance 0.03 m is below required 0.10 m.",0.03,0.1,,,,,
23july1.bag,2026-07-23T21:17:48.787+05:30,44.464,target_explorer_node,/rosout,endpoint_clearance_rejection,frontier,8.71,9.53,rejected,"Rejected frontier (8.71, 9.53): endpoint clearance 0.03 m is below required 0.10 m.",0.03,0.1,,,,,
23july1.bag,2026-07-23T21:17:48.787+05:30,44.464,target_explorer_node,/rosout,endpoint_clearance_rejection,frontier,8.76,9.58,rejected,"Rejected frontier (8.76, 9.58): endpoint clearance 0.08 m is below required 0.10 m.",0.08,0.1,,,,,
23july1.bag,2026-07-23T21:17:48.788+05:30,44.465,target_explorer_node,/rosout,endpoint_clearance_rejection,frontier,9.16,9.78,rejected,"Rejected frontier (9.16, 9.78): endpoint clearance 0.08 m is below required 0.10 m.",0.08,0.1,,,,,
23july1.bag,2026-07-23T21:17:48.789+05:30,44.465,target_explorer_node,/rosout,endpoint_clearance_rejection,frontier,10.06,10.78,rejected,"Rejected frontier (10.06, 10.78): endpoint clearance 0.03 m is below required 0.10 m.",0.03,0.1,,,,,
23july1.bag,2026-07-23T21:17:48.789+05:30,44.466,target_explorer_node,/rosout,endpoint_clearance_rejection,frontier,9.36,10.28,rejected,"Rejected frontier (9.36, 10.28): endpoint clearance 0.03 m is below required 0.10 m.",0.03,0.1,,,,,
23july1.bag,2026-07-23T21:17:48.790+05:30,44.466,target_explorer_node,/rosout,endpoint_clearance_rejection,frontier,10.21,11.08,rejected,"Rejected frontier (10.21, 11.08): endpoint clearance 0.03 m is below required 0.10 m.",0.03,0.1,,,,,
23july1.bag,2026-07-23T21:17:48.790+05:30,44.467,target_explorer_node,/rosout,endpoint_clearance_rejection,frontier,4.66,11.13,rejected,"Rejected frontier (4.66, 11.13): endpoint clearance 0.04 m is below required 0.10 m.",0.04,0.1,,,,,
23july1.bag,2026-07-23T21:17:48.791+05:30,44.468,target_explorer_node,/rosout,endpoint_clearance_rejection,frontier,4.66,11.18,rejected,"Rejected frontier (4.66, 11.18): endpoint clearance 0.08 m is below required 0.10 m.",0.08,0.1,,,,,
23july1.bag,2026-07-23T21:17:48.792+05:30,44.468,target_explorer_node,/rosout,endpoint_clearance_rejection,frontier,4.71,11.53,rejected,"Rejected frontier (4.71, 11.53): endpoint clearance 0.08 m is below required 0.10 m.",0.08,0.1,,,,,
23july1.bag,2026-07-23T21:17:48.792+05:30,44.469,target_explorer_node,/rosout,endpoint_clearance_rejection,frontier,4.76,11.58,rejected,"Rejected frontier (4.76, 11.58): endpoint clearance 0.03 m is below required 0.10 m.",0.03,0.1,,,,,
23july1.bag,2026-07-23T21:17:48.793+05:30,44.469,target_explorer_node,/rosout,endpoint_clearance_rejection,frontier,4.86,12.63,rejected,"Rejected frontier (4.86, 12.63): endpoint clearance 0.08 m is below required 0.10 m.",0.08,0.1,,,,,
23july1.bag,2026-07-23T21:17:48.793+05:30,44.47,target_explorer_node,/rosout,endpoint_clearance_rejection,frontier,4.81,11.68,rejected,"Rejected frontier (4.81, 11.68): endpoint clearance 0.04 m is below required 0.10 m.",0.04,0.1,,,,,
23july1.bag,2026-07-23T21:17:48.794+05:30,44.47,target_explorer_node,/rosout,endpoint_clearance_rejection,frontier,4.86,12.48,rejected,"Rejected frontier (4.86, 12.48): endpoint clearance 0.04 m is below required 0.10 m.",0.04,0.1,,,,,
23july1.bag,2026-07-23T21:17:48.794+05:30,44.471,target_explorer_node,/rosout,endpoint_clearance_rejection,frontier,5.31,12.58,rejected,"Rejected frontier (5.31, 12.58): endpoint clearance 0.03 m is below required 0.10 m.",0.03,0.1,,,,,
23july1.bag,2026-07-23T21:17:48.795+05:30,44.472,target_explorer_node,/rosout,endpoint_clearance_rejection,frontier,12.21,13.03,rejected,"Rejected frontier (12.21, 13.03): endpoint clearance 0.04 m is below required 0.10 m.",0.04,0.1,,,,,
23july1.bag,2026-07-23T21:17:48.796+05:30,44.472,target_explorer_node,/rosout,endpoint_clearance_rejection,frontier,11.26,12.88,rejected,"Rejected frontier (11.26, 12.88): endpoint clearance 0.04 m is below required 0.10 m.",0.04,0.1,,,,,
23july1.bag,2026-07-23T21:17:48.797+05:30,44.473,target_explorer_node,/rosout,endpoint_clearance_rejection,frontier,11.31,13.08,rejected,"Rejected frontier (11.31, 13.08): endpoint clearance 0.08 m is below required 0.10 m.",0.08,0.1,,,,,
23july1.bag,2026-07-23T21:17:48.797+05:30,44.474,target_explorer_node,/rosout,endpoint_clearance_rejection,frontier,11.76,13.08,rejected,"Rejected frontier (11.76, 13.08): endpoint clearance 0.08 m is below required 0.10 m.",0.08,0.1,,,,,
23july1.bag,2026-07-23T21:17:48.798+05:30,44.475,target_explorer_node,/rosout,endpoint_clearance_rejection,frontier,10.76,13.48,rejected,"Rejected frontier (10.76, 13.48): endpoint clearance 0.08 m is below required 0.10 m.",0.08,0.1,,,,,
23july1.bag,2026-07-23T21:17:48.799+05:30,44.475,target_explorer_node,/rosout,endpoint_clearance_rejection,frontier,11.46,13.33,rejected,"Rejected frontier (11.46, 13.33): endpoint clearance 0.08 m is below required 0.10 m.",0.08,0.1,,,,,
23july1.bag,2026-07-23T21:17:48.799+05:30,44.476,target_explorer_node,/rosout,endpoint_clearance_rejection,frontier,11.51,13.53,rejected,"Rejected frontier (11.51, 13.53): endpoint clearance 0.08 m is below required 0.10 m.",0.08,0.1,,,,,
23july1.bag,2026-07-23T21:17:48.800+05:30,44.476,target_explorer_node,/rosout,endpoint_clearance_rejection,frontier,9.81,17.13,rejected,"Rejected frontier (9.81, 17.13): endpoint clearance 0.04 m is below required 0.10 m.",0.04,0.1,,,,,
23july1.bag,2026-07-23T21:17:48.800+05:30,44.477,target_explorer_node,/rosout,endpoint_clearance_rejection,frontier,10.01,16.03,rejected,"Rejected frontier (10.01, 16.03): endpoint clearance 0.08 m is below required 0.10 m.",0.08,0.1,,,,,
23july1.bag,2026-07-23T21:17:48.800+05:30,44.477,target_explorer_node,/rosout,endpoint_clearance_rejection,frontier,9.91,16.18,rejected,"Rejected frontier (9.91, 16.18): endpoint clearance 0.04 m is below required 0.10 m.",0.04,0.1,,,,,
23july1.bag,2026-07-23T21:17:48.801+05:30,44.478,target_explorer_node,/rosout,endpoint_clearance_rejection,frontier,9.86,17.08,rejected,"Rejected frontier (9.86, 17.08): endpoint clearance 0.08 m is below required 0.10 m.",0.08,0.1,,,,,
23july1.bag,2026-07-23T21:17:48.802+05:30,44.479,target_explorer_node,/rosout,endpoint_clearance_rejection,frontier,8.61,19.33,rejected,"Rejected frontier (8.61, 19.33): endpoint clearance 0.04 m is below required 0.10 m.",0.04,0.1,,,,,
23july1.bag,2026-07-23T21:17:48.802+05:30,44.479,target_explorer_node,/rosout,endpoint_clearance_rejection,frontier,8.91,17.93,rejected,"Rejected frontier (8.91, 17.93): endpoint clearance 0.03 m is below required 0.10 m.",0.03,0.1,,,,,
23july1.bag,2026-07-23T21:17:48.803+05:30,44.48,target_explorer_node,/rosout,endpoint_clearance_rejection,frontier,8.11,19.33,rejected,"Rejected frontier (8.11, 19.33): endpoint clearance 0.04 m is below required 0.10 m.",0.04,0.1,,,,,
23july1.bag,2026-07-23T21:17:48.804+05:30,44.481,target_explorer_node,/rosout,endpoint_clearance_rejection,frontier,2.81,21.23,rejected,"Rejected frontier (2.81, 21.23): endpoint clearance 0.03 m is below required 0.10 m.",0.03,0.1,,,,,
23july1.bag,2026-07-23T21:17:48.805+05:30,44.482,target_explorer_node,/rosout,endpoint_clearance_rejection,frontier,2.46,21.73,rejected,"Rejected frontier (2.46, 21.73): endpoint clearance 0.04 m is below required 0.10 m.",0.04,0.1,,,,,
23july1.bag,2026-07-23T21:17:48.806+05:30,44.482,target_explorer_node,/rosout,endpoint_clearance_rejection,frontier,5.61,21.83,rejected,"Rejected frontier (5.61, 21.83): endpoint clearance 0.04 m is below required 0.10 m.",0.04,0.1,,,,,
23july1.bag,2026-07-23T21:17:48.807+05:30,44.483,target_explorer_node,/rosout,endpoint_clearance_rejection,frontier,7.91,22.38,rejected,"Rejected frontier (7.91, 22.38): endpoint clearance 0.03 m is below required 0.10 m.",0.03,0.1,,,,,
23july1.bag,2026-07-23T21:17:48.807+05:30,44.484,target_explorer_node,/rosout,endpoint_clearance_rejection,frontier,7.71,22.48,rejected,"Rejected frontier (7.71, 22.48): endpoint clearance 0.04 m is below required 0.10 m.",0.04,0.1,,,,,
23july1.bag,2026-07-23T21:17:48.808+05:30,44.485,target_explorer_node,/rosout,endpoint_clearance_rejection,frontier,-2.14,23.58,rejected,"Rejected frontier (-2.14, 23.58): endpoint clearance 0.04 m is below required 0.10 m.",0.04,0.1,,,,,
23july1.bag,2026-07-23T21:17:48.809+05:30,44.485,target_explorer_node,/rosout,endpoint_clearance_rejection,frontier,7.31,23.88,rejected,"Rejected frontier (7.31, 23.88): endpoint clearance 0.04 m is below required 0.10 m.",0.04,0.1,,,,,
23july1.bag,2026-07-23T21:17:48.809+05:30,44.486,target_explorer_node,/rosout,endpoint_clearance_rejection,frontier,5.81,24.48,rejected,"Rejected frontier (5.81, 24.48): endpoint clearance 0.04 m is below required 0.10 m.",0.04,0.1,,,,,
23july1.bag,2026-07-23T21:17:48.810+05:30,44.487,target_explorer_node,/rosout,endpoint_clearance_rejection,frontier,6.46,28.63,rejected,"Rejected frontier (6.46, 28.63): endpoint clearance 0.03 m is below required 0.10 m.",0.03,0.1,,,,,
23july1.bag,2026-07-23T21:17:48.811+05:30,44.487,target_explorer_node,/rosout,endpoint_clearance_rejection,frontier,6.61,28.73,rejected,"Rejected frontier (6.61, 28.73): endpoint clearance 0.08 m is below required 0.10 m.",0.08,0.1,,,,,
23july1.bag,2026-07-23T21:17:49.147+05:30,44.823,target_explorer_node,/rosout,goal_dispatch,final_or_frontier,-1.19,23.73,dispatched,"Sending NavigateToPose goal (-1.19, 23.73): progress=5.75 m alignment=0.927 path=8.85 m score=5.791.",,,5.75,0.927,8.85,5.791,
23july1.bag,2026-07-23T21:17:49.148+05:30,44.825,target_explorer_node,/rosout,nav2_acceptance,,-1.19,23.73,accepted,"Nav2 accepted goal (-1.19, 23.73).",,,,,,,
23july1.bag,2026-07-23T21:18:01.959+05:30,57.635,target_explorer_node,/rosout,action_result,,-1.19,23.73,succeeded,"NavigateToPose succeeded for (-1.19, 23.73).",,,,,,,SUCCEEDED
23july1.bag,2026-07-23T21:18:02.091+05:30,57.767,target_explorer_node,/rosout,endpoint_clearance_rejection,frontier,-1.34,8.28,rejected,"Rejected frontier (-1.34, 8.28): endpoint clearance 0.03 m is below required 0.10 m.",0.03,0.1,,,,,
23july1.bag,2026-07-23T21:18:02.092+05:30,57.769,target_explorer_node,/rosout,endpoint_clearance_rejection,frontier,8.01,7.28,rejected,"Rejected frontier (8.01, 7.28): endpoint clearance 0.03 m is below required 0.10 m.",0.03,0.1,,,,,
23july1.bag,2026-07-23T21:18:02.092+05:30,57.769,target_explorer_node,/rosout,endpoint_clearance_rejection,frontier,8.06,7.33,rejected,"Rejected frontier (8.06, 7.33): endpoint clearance 0.08 m is below required 0.10 m.",0.08,0.1,,,,,
23july1.bag,2026-07-23T21:18:02.093+05:30,57.77,target_explorer_node,/rosout,endpoint_clearance_rejection,frontier,8.56,7.48,rejected,"Rejected frontier (8.56, 7.48): endpoint clearance 0.08 m is below required 0.10 m.",0.08,0.1,,,,,
23july1.bag,2026-07-23T21:18:02.094+05:30,57.77,target_explorer_node,/rosout,endpoint_clearance_rejection,frontier,7.76,7.98,rejected,"Rejected frontier (7.76, 7.98): endpoint clearance 0.04 m is below required 0.10 m.",0.04,0.1,,,,,
23july1.bag,2026-07-23T21:18:02.094+05:30,57.771,target_explorer_node,/rosout,endpoint_clearance_rejection,frontier,7.86,8.03,rejected,"Rejected frontier (7.86, 8.03): endpoint clearance 0.08 m is below required 0.10 m.",0.08,0.1,,,,,
23july1.bag,2026-07-23T21:18:02.095+05:30,57.771,target_explorer_node,/rosout,endpoint_clearance_rejection,frontier,7.86,8.08,rejected,"Rejected frontier (7.86, 8.08): endpoint clearance 0.08 m is below required 0.10 m.",0.08,0.1,,,,,
23july1.bag,2026-07-23T21:18:02.095+05:30,57.772,target_explorer_node,/rosout,endpoint_clearance_rejection,frontier,8.01,8.08,rejected,"Rejected frontier (8.01, 8.08): endpoint clearance 0.08 m is below required 0.10 m.",0.08,0.1,,,,,
23july1.bag,2026-07-23T21:18:02.095+05:30,57.772,target_explorer_node,/rosout,endpoint_clearance_rejection,frontier,7.76,8.18,rejected,"Rejected frontier (7.76, 8.18): endpoint clearance 0.03 m is below required 0.10 m.",0.03,0.1,,,,,
23july1.bag,2026-07-23T21:18:02.096+05:30,57.773,target_explorer_node,/rosout,endpoint_clearance_rejection,frontier,8.21,8.28,rejected,"Rejected frontier (8.21, 8.28): endpoint clearance 0.08 m is below required 0.10 m.",0.08,0.1,,,,,
23july1.bag,2026-07-23T21:18:02.096+05:30,57.773,target_explorer_node,/rosout,endpoint_clearance_rejection,frontier,7.96,8.33,rejected,"Rejected frontier (7.96, 8.33): endpoint clearance 0.08 m is below required 0.10 m.",0.08,0.1,,,,,
23july1.bag,2026-07-23T21:18:02.097+05:30,57.773,target_explorer_node,/rosout,endpoint_clearance_rejection,frontier,8.01,8.38,rejected,"Rejected frontier (8.01, 8.38): endpoint clearance 0.03 m is below required 0.10 m.",0.03,0.1,,,,,
23july1.bag,2026-07-23T21:18:02.097+05:30,57.774,target_explorer_node,/rosout,endpoint_clearance_rejection,frontier,8.71,9.53,rejected,"Rejected frontier (8.71, 9.53): endpoint clearance 0.03 m is below required 0.10 m.",0.03,0.1,,,,,
23july1.bag,2026-07-23T21:18:02.098+05:30,57.774,target_explorer_node,/rosout,endpoint_clearance_rejection,frontier,8.76,9.58,rejected,"Rejected frontier (8.76, 9.58): endpoint clearance 0.08 m is below required 0.10 m.",0.08,0.1,,,,,
23july1.bag,2026-07-23T21:18:02.098+05:30,57.775,target_explorer_node,/rosout,endpoint_clearance_rejection,frontier,9.16,9.78,rejected,"Rejected frontier (9.16, 9.78): endpoint clearance 0.08 m is below required 0.10 m.",0.08,0.1,,,,,
23july1.bag,2026-07-23T21:18:02.099+05:30,57.775,target_explorer_node,/rosout,endpoint_clearance_rejection,frontier,9.41,10.33,rejected,"Rejected frontier (9.41, 10.33): endpoint clearance 0.08 m is below required 0.10 m.",0.08,0.1,,,,,
23july1.bag,2026-07-23T21:18:02.100+05:30,57.776,target_explorer_node,/rosout,endpoint_clearance_rejection,frontier,10.21,11.08,rejected,"Rejected frontier (10.21, 11.08): endpoint clearance 0.03 m is below required 0.10 m.",0.03,0.1,,,,,
23july1.bag,2026-07-23T21:18:02.100+05:30,57.777,target_explorer_node,/rosout,endpoint_clearance_rejection,frontier,4.66,11.13,rejected,"Rejected frontier (4.66, 11.13): endpoint clearance 0.04 m is below required 0.10 m.",0.04,0.1,,,,,
23july1.bag,2026-07-23T21:18:02.101+05:30,57.778,target_explorer_node,/rosout,endpoint_clearance_rejection,frontier,4.66,11.18,rejected,"Rejected frontier (4.66, 11.18): endpoint clearance 0.08 m is below required 0.10 m.",0.08,0.1,,,,,
23july1.bag,2026-07-23T21:18:02.101+05:30,57.778,target_explorer_node,/rosout,endpoint_clearance_rejection,frontier,4.71,11.53,rejected,"Rejected frontier (4.71, 11.53): endpoint clearance 0.08 m is below required 0.10 m.",0.08,0.1,,,,,
23july1.bag,2026-07-23T21:18:02.102+05:30,57.779,target_explorer_node,/rosout,endpoint_clearance_rejection,frontier,4.76,11.58,rejected,"Rejected frontier (4.76, 11.58): endpoint clearance 0.03 m is below required 0.10 m.",0.03,0.1,,,,,
23july1.bag,2026-07-23T21:18:02.102+05:30,57.779,target_explorer_node,/rosout,endpoint_clearance_rejection,frontier,4.86,12.63,rejected,"Rejected frontier (4.86, 12.63): endpoint clearance 0.08 m is below required 0.10 m.",0.08,0.1,,,,,
23july1.bag,2026-07-23T21:18:02.103+05:30,57.78,target_explorer_node,/rosout,endpoint_clearance_rejection,frontier,4.81,11.68,rejected,"Rejected frontier (4.81, 11.68): endpoint clearance 0.04 m is below required 0.10 m.",0.04,0.1,,,,,
23july1.bag,2026-07-23T21:18:02.104+05:30,57.781,target_explorer_node,/rosout,endpoint_clearance_rejection,frontier,4.86,12.48,rejected,"Rejected frontier (4.86, 12.48): endpoint clearance 0.04 m is below required 0.10 m.",0.04,0.1,,,,,
23july1.bag,2026-07-23T21:18:02.105+05:30,57.781,target_explorer_node,/rosout,endpoint_clearance_rejection,frontier,5.31,12.58,rejected,"Rejected frontier (5.31, 12.58): endpoint clearance 0.03 m is below required 0.10 m.",0.03,0.1,,,,,
23july1.bag,2026-07-23T21:18:02.106+05:30,57.782,target_explorer_node,/rosout,endpoint_clearance_rejection,frontier,10.71,13.43,rejected,"Rejected frontier (10.71, 13.43): endpoint clearance 0.03 m is below required 0.10 m.",0.03,0.1,,,,,
23july1.bag,2026-07-23T21:18:02.107+05:30,57.783,target_explorer_node,/rosout,endpoint_clearance_rejection,frontier,11.76,13.43,rejected,"Rejected frontier (11.76, 13.43): endpoint clearance 0.03 m is below required 0.10 m.",0.03,0.1,,,,,
23july1.bag,2026-07-23T21:18:02.107+05:30,57.784,target_explorer_node,/rosout,endpoint_clearance_rejection,frontier,9.81,17.08,rejected,"Rejected frontier (9.81, 17.08): endpoint clearance 0.03 m is below required 0.10 m.",0.03,0.1,,,,,
23july1.bag,2026-07-23T21:18:02.108+05:30,57.784,target_explorer_node,/rosout,endpoint_clearance_rejection,frontier,9.96,16.08,rejected,"Rejected frontier (9.96, 16.08): endpoint clearance 0.04 m is below required 0.10 m.",0.04,0.1,,,,,
23july1.bag,2026-07-23T21:18:02.109+05:30,57.785,target_explorer_node,/rosout,endpoint_clearance_rejection,frontier,-1.14,17.68,rejected,"Rejected frontier (-1.14, 17.68): endpoint clearance 0.04 m is below required 0.10 m.",0.04,0.1,,,,,
23july1.bag,2026-07-23T21:18:02.109+05:30,57.786,target_explorer_node,/rosout,endpoint_clearance_rejection,frontier,-0.74,17.83,rejected,"Rejected frontier (-0.74, 17.83): endpoint clearance 0.08 m is below required 0.10 m.",0.08,0.1,,,,,
23july1.bag,2026-07-23T21:18:02.110+05:30,57.786,target_explorer_node,/rosout,endpoint_clearance_rejection,frontier,-0.69,17.88,rejected,"Rejected frontier (-0.69, 17.88): endpoint clearance 0.03 m is below required 0.10 m.",0.03,0.1,,,,,
23july1.bag,2026-07-23T21:18:02.110+05:30,57.787,target_explorer_node,/rosout,endpoint_clearance_rejection,frontier,-8.89,17.68,rejected,"Rejected frontier (-8.89, 17.68): endpoint clearance 0.03 m is below required 0.10 m.",0.03,0.1,,,,,
23july1.bag,2026-07-23T21:18:02.111+05:30,57.788,target_explorer_node,/rosout,endpoint_clearance_rejection,frontier,8.61,19.33,rejected,"Rejected frontier (8.61, 19.33): endpoint clearance 0.04 m is below required 0.10 m.",0.04,0.1,,,,,
23july1.bag,2026-07-23T21:18:02.112+05:30,57.788,target_explorer_node,/rosout,endpoint_clearance_rejection,frontier,8.91,17.93,rejected,"Rejected frontier (8.91, 17.93): endpoint clearance 0.04 m is below required 0.10 m.",0.04,0.1,,,,,
23july1.bag,2026-07-23T21:18:02.113+05:30,57.789,target_explorer_node,/rosout,endpoint_clearance_rejection,frontier,-7.99,18.03,rejected,"Rejected frontier (-7.99, 18.03): endpoint clearance 0.08 m is below required 0.10 m.",0.08,0.1,,,,,
23july1.bag,2026-07-23T21:18:02.113+05:30,57.79,target_explorer_node,/rosout,endpoint_clearance_rejection,frontier,-8.04,18.08,rejected,"Rejected frontier (-8.04, 18.08): endpoint clearance 0.04 m is below required 0.10 m.",0.04,0.1,,,,,
23july1.bag,2026-07-23T21:18:02.114+05:30,57.791,target_explorer_node,/rosout,endpoint_clearance_rejection,frontier,-7.94,18.38,rejected,"Rejected frontier (-7.94, 18.38): endpoint clearance 0.08 m is below required 0.10 m.",0.08,0.1,,,,,
23july1.bag,2026-07-23T21:18:02.115+05:30,57.791,target_explorer_node,/rosout,endpoint_clearance_rejection,frontier,-7.94,18.48,rejected,"Rejected frontier (-7.94, 18.48): endpoint clearance 0.03 m is below required 0.10 m.",0.03,0.1,,,,,
23july1.bag,2026-07-23T21:18:02.116+05:30,57.793,target_explorer_node,/rosout,endpoint_clearance_rejection,frontier,8.11,19.33,rejected,"Rejected frontier (8.11, 19.33): endpoint clearance 0.04 m is below required 0.10 m.",0.04,0.1,,,,,
23july1.bag,2026-07-23T21:18:02.117+05:30,57.794,target_explorer_node,/rosout,endpoint_clearance_rejection,frontier,-5.74,21.23,rejected,"Rejected frontier (-5.74, 21.23): endpoint clearance 0.04 m is below required 0.10 m.",0.04,0.1,,,,,
23july1.bag,2026-07-23T21:18:02.118+05:30,57.794,target_explorer_node,/rosout,endpoint_clearance_rejection,frontier,-6.49,21.08,rejected,"Rejected frontier (-6.49, 21.08): endpoint clearance 0.08 m is below required 0.10 m.",0.08,0.1,,,,,
23july1.bag,2026-07-23T21:18:02.119+05:30,57.795,target_explorer_node,/rosout,endpoint_clearance_rejection,frontier,-5.84,21.13,rejected,"Rejected frontier (-5.84, 21.13): endpoint clearance 0.04 m is below required 0.10 m.",0.04,0.1,,,,,
23july1.bag,2026-07-23T21:18:02.119+05:30,57.796,target_explorer_node,/rosout,endpoint_clearance_rejection,frontier,-6.94,21.18,rejected,"Rejected frontier (-6.94, 21.18): endpoint clearance 0.08 m is below required 0.10 m.",0.08,0.1,,,,,
23july1.bag,2026-07-23T21:18:02.120+05:30,57.797,target_explorer_node,/rosout,endpoint_clearance_rejection,frontier,-5.54,21.23,rejected,"Rejected frontier (-5.54, 21.23): endpoint clearance 0.08 m is below required 0.10 m.",0.08,0.1,,,,,
23july1.bag,2026-07-23T21:18:02.121+05:30,57.797,target_explorer_node,/rosout,endpoint_clearance_rejection,frontier,-5.59,21.28,rejected,"Rejected frontier (-5.59, 21.28): endpoint clearance 0.03 m is below required 0.10 m.",0.03,0.1,,,,,
23july1.bag,2026-07-23T21:18:02.121+05:30,57.798,target_explorer_node,/rosout,endpoint_clearance_rejection,frontier,-5.19,21.38,rejected,"Rejected frontier (-5.19, 21.38): endpoint clearance 0.03 m is below required 0.10 m.",0.03,0.1,,,,,
23july1.bag,2026-07-23T21:18:02.122+05:30,57.799,target_explorer_node,/rosout,endpoint_clearance_rejection,frontier,-3.79,21.88,rejected,"Rejected frontier (-3.79, 21.88): endpoint clearance 0.03 m is below required 0.10 m.",0.03,0.1,,,,,
23july1.bag,2026-07-23T21:18:02.122+05:30,57.799,target_explorer_node,/rosout,endpoint_clearance_rejection,frontier,-5.04,21.58,rejected,"Rejected frontier (-5.04, 21.58): endpoint clearance 0.03 m is below required 0.10 m.",0.03,0.1,,,,,
23july1.bag,2026-07-23T21:18:02.123+05:30,57.8,target_explorer_node,/rosout,endpoint_clearance_rejection,frontier,-5.04,21.73,rejected,"Rejected frontier (-5.04, 21.73): endpoint clearance 0.08 m is below required 0.10 m.",0.08,0.1,,,,,
23july1.bag,2026-07-23T21:18:02.124+05:30,57.8,target_explorer_node,/rosout,endpoint_clearance_rejection,frontier,-3.94,21.83,rejected,"Rejected frontier (-3.94, 21.83): endpoint clearance 0.08 m is below required 0.10 m.",0.08,0.1,,,,,
23july1.bag,2026-07-23T21:18:02.124+05:30,57.801,target_explorer_node,/rosout,endpoint_clearance_rejection,frontier,-2.44,21.88,rejected,"Rejected frontier (-2.44, 21.88): endpoint clearance 0.08 m is below required 0.10 m.",0.08,0.1,,,,,
23july1.bag,2026-07-23T21:18:02.125+05:30,57.801,target_explorer_node,/rosout,endpoint_clearance_rejection,frontier,-2.39,21.83,rejected,"Rejected frontier (-2.39, 21.83): endpoint clearance 0.04 m is below required 0.10 m.",0.04,0.1,,,,,
23july1.bag,2026-07-23T21:18:02.125+05:30,57.802,target_explorer_node,/rosout,endpoint_clearance_rejection,frontier,-3.74,21.93,rejected,"Rejected frontier (-3.74, 21.93): endpoint clearance 0.03 m is below required 0.10 m.",0.03,0.1,,,,,
23july1.bag,2026-07-23T21:18:02.126+05:30,57.803,target_explorer_node,/rosout,endpoint_clearance_rejection,frontier,2.61,21.83,rejected,"Rejected frontier (2.61, 21.83): endpoint clearance 0.03 m is below required 0.10 m.",0.03,0.1,,,,,
23july1.bag,2026-07-23T21:18:02.127+05:30,57.803,target_explorer_node,/rosout,endpoint_clearance_rejection,frontier,5.16,21.88,rejected,"Rejected frontier (5.16, 21.88): endpoint clearance 0.08 m is below required 0.10 m.",0.08,0.1,,,,,
23july1.bag,2026-07-23T21:18:02.128+05:30,57.804,target_explorer_node,/rosout,endpoint_clearance_rejection,frontier,3.21,22.43,rejected,"Rejected frontier (3.21, 22.43): endpoint clearance 0.03 m is below required 0.10 m.",0.03,0.1,,,,,
23july1.bag,2026-07-23T21:18:02.128+05:30,57.805,target_explorer_node,/rosout,endpoint_clearance_rejection,frontier,3.71,21.93,rejected,"Rejected frontier (3.71, 21.93): endpoint clearance 0.03 m is below required 0.10 m.",0.03,0.1,,,,,
23july1.bag,2026-07-23T21:18:02.129+05:30,57.805,target_explorer_node,/rosout,endpoint_clearance_rejection,frontier,3.66,21.98,rejected,"Rejected frontier (3.66, 21.98): endpoint clearance 0.08 m is below required 0.10 m.",0.08,0.1,,,,,
23july1.bag,2026-07-23T21:18:02.129+05:30,57.806,target_explorer_node,/rosout,endpoint_clearance_rejection,frontier,3.41,22.28,rejected,"Rejected frontier (3.41, 22.28): endpoint clearance 0.08 m is below required 0.10 m.",0.08,0.1,,,,,
23july1.bag,2026-07-23T21:18:02.130+05:30,57.807,target_explorer_node,/rosout,endpoint_clearance_rejection,frontier,3.31,22.38,rejected,"Rejected frontier (3.31, 22.38): endpoint clearance 0.03 m is below required 0.10 m.",0.03,0.1,,,,,
23july1.bag,2026-07-23T21:18:02.130+05:30,57.807,target_explorer_node,/rosout,endpoint_clearance_rejection,frontier,4.51,24.53,rejected,"Rejected frontier (4.51, 24.53): endpoint clearance 0.03 m is below required 0.10 m.",0.03,0.1,,,,,
23july1.bag,2026-07-23T21:18:02.131+05:30,57.808,target_explorer_node,/rosout,endpoint_clearance_rejection,frontier,5.51,22.03,rejected,"Rejected frontier (5.51, 22.03): endpoint clearance 0.04 m is below required 0.10 m.",0.04,0.1,,,,,
23july1.bag,2026-07-23T21:18:02.132+05:30,57.808,target_explorer_node,/rosout,endpoint_clearance_rejection,frontier,2.71,22.23,rejected,"Rejected frontier (2.71, 22.23): endpoint clearance 0.03 m is below required 0.10 m.",0.03,0.1,,,,,
23july1.bag,2026-07-23T21:18:02.132+05:30,57.809,target_explorer_node,/rosout,endpoint_clearance_rejection,frontier,2.66,22.28,rejected,"Rejected frontier (2.66, 22.28): endpoint clearance 0.08 m is below required 0.10 m.",0.08,0.1,,,,,
23july1.bag,2026-07-23T21:18:02.133+05:30,57.81,target_explorer_node,/rosout,endpoint_clearance_rejection,frontier,2.56,22.38,rejected,"Rejected frontier (2.56, 22.38): endpoint clearance 0.08 m is below required 0.10 m.",0.08,0.1,,,,,
23july1.bag,2026-07-23T21:18:02.134+05:30,57.81,target_explorer_node,/rosout,endpoint_clearance_rejection,frontier,2.46,22.43,rejected,"Rejected frontier (2.46, 22.43): endpoint clearance 0.08 m is below required 0.10 m.",0.08,0.1,,,,,
23july1.bag,2026-07-23T21:18:02.134+05:30,57.811,target_explorer_node,/rosout,endpoint_clearance_rejection,frontier,2.36,22.48,rejected,"Rejected frontier (2.36, 22.48): endpoint clearance 0.04 m is below required 0.10 m.",0.04,0.1,,,,,
23july1.bag,2026-07-23T21:18:02.135+05:30,57.811,target_explorer_node,/rosout,endpoint_clearance_rejection,frontier,2.26,22.53,rejected,"Rejected frontier (2.26, 22.53): endpoint clearance 0.03 m is below required 0.10 m.",0.03,0.1,,,,,
23july1.bag,2026-07-23T21:18:02.135+05:30,57.812,target_explorer_node,/rosout,endpoint_clearance_rejection,frontier,-2.29,22.43,rejected,"Rejected frontier (-2.29, 22.43): endpoint clearance 0.04 m is below required 0.10 m.",0.04,0.1,,,,,
23july1.bag,2026-07-23T21:18:02.136+05:30,57.813,target_explorer_node,/rosout,endpoint_clearance_rejection,frontier,-4.69,22.93,rejected,"Rejected frontier (-4.69, 22.93): endpoint clearance 0.08 m is below required 0.10 m.",0.08,0.1,,,,,
23july1.bag,2026-07-23T21:18:02.137+05:30,57.814,target_explorer_node,/rosout,endpoint_clearance_rejection,frontier,7.91,22.38,rejected,"Rejected frontier (7.91, 22.38): endpoint clearance 0.03 m is below required 0.10 m.",0.03,0.1,,,,,
23july1.bag,2026-07-23T21:18:02.138+05:30,57.815,target_explorer_node,/rosout,endpoint_clearance_rejection,frontier,7.91,22.48,rejected,"Rejected frontier (7.91, 22.48): endpoint clearance 0.08 m is below required 0.10 m.",0.08,0.1,,,,,
23july1.bag,2026-07-23T21:18:02.139+05:30,57.815,target_explorer_node,/rosout,endpoint_clearance_rejection,frontier,7.56,23.48,rejected,"Rejected frontier (7.56, 23.48): endpoint clearance 0.03 m is below required 0.10 m.",0.03,0.1,,,,,
23july1.bag,2026-07-23T21:18:02.139+05:30,57.816,target_explorer_node,/rosout,endpoint_clearance_rejection,frontier,7.71,22.48,rejected,"Rejected frontier (7.71, 22.48): endpoint clearance 0.04 m is below required 0.10 m.",0.04,0.1,,,,,
23july1.bag,2026-07-23T21:18:02.140+05:30,57.817,target_explorer_node,/rosout,endpoint_clearance_rejection,frontier,-2.84,23.38,rejected,"Rejected frontier (-2.84, 23.38): endpoint clearance 0.03 m is below required 0.10 m.",0.03,0.1,,,,,
23july1.bag,2026-07-23T21:18:02.141+05:30,57.818,target_explorer_node,/rosout,endpoint_clearance_rejection,frontier,-2.74,23.38,rejected,"Rejected frontier (-2.74, 23.38): endpoint clearance 0.03 m is below required 0.10 m.",0.03,0.1,,,,,
23july1.bag,2026-07-23T21:18:02.141+05:30,57.818,target_explorer_node,/rosout,endpoint_clearance_rejection,frontier,-2.79,23.53,rejected,"Rejected frontier (-2.79, 23.53): endpoint clearance 0.04 m is below required 0.10 m.",0.04,0.1,,,,,
23july1.bag,2026-07-23T21:18:02.142+05:30,57.819,target_explorer_node,/rosout,endpoint_clearance_rejection,frontier,-3.14,23.63,rejected,"Rejected frontier (-3.14, 23.63): endpoint clearance 0.08 m is below required 0.10 m.",0.08,0.1,,,,,
23july1.bag,2026-07-23T21:18:02.143+05:30,57.819,target_explorer_node,/rosout,endpoint_clearance_rejection,frontier,-3.19,23.68,rejected,"Rejected frontier (-3.19, 23.68): endpoint clearance 0.03 m is below required 0.10 m.",0.03,0.1,,,,,
23july1.bag,2026-07-23T21:18:02.143+05:30,57.82,target_explorer_node,/rosout,endpoint_clearance_rejection,frontier,7.31,23.88,rejected,"Rejected frontier (7.31, 23.88): endpoint clearance 0.04 m is below required 0.10 m.",0.04,0.1,,,,,
23july1.bag,2026-07-23T21:18:02.144+05:30,57.821,target_explorer_node,/rosout,endpoint_clearance_rejection,frontier,7.01,28.03,rejected,"Rejected frontier (7.01, 28.03): endpoint clearance 0.03 m is below required 0.10 m.",0.03,0.1,,,,,
23july1.bag,2026-07-23T21:18:02.145+05:30,57.822,target_explorer_node,/rosout,endpoint_clearance_rejection,frontier,4.91,24.33,rejected,"Rejected frontier (4.91, 24.33): endpoint clearance 0.08 m is below required 0.10 m.",0.08,0.1,,,,,
23july1.bag,2026-07-23T21:18:02.146+05:30,57.822,target_explorer_node,/rosout,endpoint_clearance_rejection,frontier,4.96,24.38,rejected,"Rejected frontier (4.96, 24.38): endpoint clearance 0.03 m is below required 0.10 m.",0.03,0.1,,,,,
23july1.bag,2026-07-23T21:18:02.147+05:30,57.823,target_explorer_node,/rosout,endpoint_clearance_rejection,frontier,4.71,24.48,rejected,"Rejected frontier (4.71, 24.48): endpoint clearance 0.08 m is below required 0.10 m.",0.08,0.1,,,,,
23july1.bag,2026-07-23T21:18:02.147+05:30,57.824,target_explorer_node,/rosout,endpoint_clearance_rejection,frontier,5.81,24.48,rejected,"Rejected frontier (5.81, 24.48): endpoint clearance 0.04 m is below required 0.10 m.",0.04,0.1,,,,,
23july1.bag,2026-07-23T21:18:02.148+05:30,57.825,target_explorer_node,/rosout,endpoint_clearance_rejection,frontier,-2.29,25.48,rejected,"Rejected frontier (-2.29, 25.48): endpoint clearance 0.00 m is below required 0.10 m.",0.0,0.1,,,,,
23july1.bag,2026-07-23T21:18:02.149+05:30,57.825,target_explorer_node,/rosout,endpoint_clearance_rejection,frontier,-2.64,25.98,rejected,"Rejected frontier (-2.64, 25.98): endpoint clearance 0.04 m is below required 0.10 m.",0.04,0.1,,,,,
23july1.bag,2026-07-23T21:18:02.149+05:30,57.826,target_explorer_node,/rosout,endpoint_clearance_rejection,frontier,-2.34,25.58,rejected,"Rejected frontier (-2.34, 25.58): endpoint clearance 0.08 m is below required 0.10 m.",0.08,0.1,,,,,
23july1.bag,2026-07-23T21:18:02.150+05:30,57.827,target_explorer_node,/rosout,endpoint_clearance_rejection,frontier,-2.69,26.08,rejected,"Rejected frontier (-2.69, 26.08): endpoint clearance 0.08 m is below required 0.10 m.",0.08,0.1,,,,,
23july1.bag,2026-07-23T21:18:02.150+05:30,57.827,target_explorer_node,/rosout,endpoint_clearance_rejection,frontier,-2.89,26.28,rejected,"Rejected frontier (-2.89, 26.28): endpoint clearance 0.08 m is below required 0.10 m.",0.08,0.1,,,,,
23july1.bag,2026-07-23T21:18:02.151+05:30,57.827,target_explorer_node,/rosout,endpoint_clearance_rejection,frontier,-2.99,26.38,rejected,"Rejected frontier (-2.99, 26.38): endpoint clearance 0.04 m is below required 0.10 m.",0.04,0.1,,,,,
23july1.bag,2026-07-23T21:18:02.151+05:30,57.828,target_explorer_node,/rosout,endpoint_clearance_rejection,frontier,-2.04,25.48,rejected,"Rejected frontier (-2.04, 25.48): endpoint clearance 0.03 m is below required 0.10 m.",0.03,0.1,,,,,
23july1.bag,2026-07-23T21:18:02.152+05:30,57.829,target_explorer_node,/rosout,endpoint_clearance_rejection,frontier,-2.09,25.53,rejected,"Rejected frontier (-2.09, 25.53): endpoint clearance 0.08 m is below required 0.10 m.",0.08,0.1,,,,,
23july1.bag,2026-07-23T21:18:02.153+05:30,57.829,target_explorer_node,/rosout,endpoint_clearance_rejection,frontier,-2.49,25.93,rejected,"Rejected frontier (-2.49, 25.93): endpoint clearance 0.08 m is below required 0.10 m.",0.08,0.1,,,,,
23july1.bag,2026-07-23T21:18:02.153+05:30,57.83,target_explorer_node,/rosout,endpoint_clearance_rejection,frontier,-2.54,25.98,rejected,"Rejected frontier (-2.54, 25.98): endpoint clearance 0.03 m is below required 0.10 m.",0.03,0.1,,,,,
23july1.bag,2026-07-23T21:18:02.154+05:30,57.83,target_explorer_node,/rosout,endpoint_clearance_rejection,frontier,-1.64,27.03,rejected,"Rejected frontier (-1.64, 27.03): endpoint clearance 0.03 m is below required 0.10 m.",0.03,0.1,,,,,
23july1.bag,2026-07-23T21:18:02.155+05:30,57.831,target_explorer_node,/rosout,endpoint_clearance_rejection,frontier,-2.14,27.93,rejected,"Rejected frontier (-2.14, 27.93): endpoint clearance 0.04 m is below required 0.10 m.",0.04,0.1,,,,,
23july1.bag,2026-07-23T21:18:02.155+05:30,57.832,target_explorer_node,/rosout,endpoint_clearance_rejection,frontier,5.91,29.48,rejected,"Rejected frontier (5.91, 29.48): endpoint clearance 0.08 m is below required 0.10 m.",0.08,0.1,,,,,
23july1.bag,2026-07-23T21:18:02.156+05:30,57.833,target_explorer_node,/rosout,endpoint_clearance_rejection,frontier,6.46,28.63,rejected,"Rejected frontier (6.46, 28.63): endpoint clearance 0.03 m is below required 0.10 m.",0.03,0.1,,,,,
23july1.bag,2026-07-23T21:18:02.172+05:30,57.849,target_explorer_node,/rosout,final_target_direct,final_target,,,selected,Final target is reachable and safe; sending it directly.,,,,,,,
23july1.bag,2026-07-23T21:18:02.173+05:30,57.85,target_explorer_node,/rosout,goal_dispatch,final_or_frontier,0.0,27.0,dispatched,"Sending NavigateToPose goal (0.00, 27.00): progress=3.64 m alignment=1.000 path=3.64 m score=4.278.",,,3.64,1.0,3.64,4.278,
23july1.bag,2026-07-23T21:18:02.177+05:30,57.853,target_explorer_node,/rosout,nav2_acceptance,,0.0,27.0,accepted,"Nav2 accepted goal (0.00, 27.00).",,,,,,,
23july1.bag,2026-07-23T21:18:07.985+05:30,63.662,target_explorer_node,/rosout,action_result,,0.0,27.0,succeeded,"NavigateToPose succeeded for (0.00, 27.00).",,,,,,,SUCCEEDED
23july2.bag,2026-07-23T21:20:28.556+05:30,1.826,target_explorer_node,/rosout,startup_final_target,final_target,0.0,27.0,configured_at_startup,"target_explorer started: final target=(0.00, 27.00) frame=map action=/navigate_to_pose",,,,,,,
23july2.bag,2026-07-23T21:20:28.940+05:30,2.21,target_explorer_node,/rosout,tf_failure,,,,deferred,"Cannot look up robot pose map -> base_footprint: Lookup would require extrapolation at time 1784821828.598046, but only time 1784821828.737741 is in the buffer, when looking up transform from frame [base_footprint] to frame [map].",,,,,,,
23july2.bag,2026-07-23T21:20:30.043+05:30,3.313,target_explorer_node,/rosout,goal_dispatch,final_or_frontier,-0.15,0.89,dispatched,"Sending NavigateToPose goal (-0.15, 0.89): progress=0.83 m alignment=0.993 path=0.93 m score=1.730.",,,0.83,0.993,0.93,1.73,
23july2.bag,2026-07-23T21:20:30.044+05:30,3.315,target_explorer_node,/rosout,nav2_acceptance,,-0.15,0.89,accepted,"Nav2 accepted goal (-0.15, 0.89).",,,,,,,
23july2.bag,2026-07-23T21:20:31.505+05:30,4.775,target_explorer_node,/rosout,action_result,,-0.15,0.89,succeeded,"NavigateToPose succeeded for (-0.15, 0.89).",,,,,,,SUCCEEDED
23july2.bag,2026-07-23T21:20:31.576+05:30,4.846,target_explorer_node,/rosout,goal_dispatch,final_or_frontier,0.21,5.64,dispatched,"Sending NavigateToPose goal (0.21, 5.64): progress=4.90 m alignment=0.999 path=4.52 m score=5.442.",,,4.9,0.999,4.52,5.442,
23july2.bag,2026-07-23T21:20:31.578+05:30,4.848,target_explorer_node,/rosout,nav2_acceptance,,0.21,5.64,accepted,"Nav2 accepted goal (0.21, 5.64).",,,,,,,
23july2.bag,2026-07-23T21:20:38.898+05:30,12.168,target_explorer_node,/rosout,action_result,,0.21,5.64,succeeded,"NavigateToPose succeeded for (0.21, 5.64).",,,,,,,SUCCEEDED
23july2.bag,2026-07-23T21:20:38.952+05:30,12.223,target_explorer_node,/rosout,endpoint_clearance_rejection,frontier,1.81,3.19,rejected,"Rejected frontier (1.81, 3.19): endpoint clearance 0.03 m is below required 0.10 m.",0.03,0.1,,,,,
23july2.bag,2026-07-23T21:20:38.954+05:30,12.224,target_explorer_node,/rosout,endpoint_clearance_rejection,frontier,0.91,2.94,rejected,"Rejected frontier (0.91, 2.94): endpoint clearance 0.04 m is below required 0.10 m.",0.04,0.1,,,,,
23july2.bag,2026-07-23T21:20:38.955+05:30,12.226,target_explorer_node,/rosout,endpoint_clearance_rejection,frontier,3.51,8.84,rejected,"Rejected frontier (3.51, 8.84): endpoint clearance 0.04 m is below required 0.10 m.",0.04,0.1,,,,,
23july2.bag,2026-07-23T21:20:38.957+05:30,12.227,target_explorer_node,/rosout,endpoint_clearance_rejection,frontier,4.61,10.09,rejected,"Rejected frontier (4.61, 10.09): endpoint clearance 0.04 m is below required 0.10 m.",0.04,0.1,,,,,
23july2.bag,2026-07-23T21:20:38.958+05:30,12.228,target_explorer_node,/rosout,endpoint_clearance_rejection,frontier,8.76,15.44,rejected,"Rejected frontier (8.76, 15.44): endpoint clearance 0.04 m is below required 0.10 m.",0.04,0.1,,,,,
23july2.bag,2026-07-23T21:20:39.062+05:30,12.332,target_explorer_node,/rosout,goal_dispatch,final_or_frontier,8.51,14.94,dispatched,"Sending NavigateToPose goal (8.51, 14.94): progress=6.63 m alignment=0.743 path=12.37 m score=6.141.",,,6.63,0.743,12.37,6.141,
23july2.bag,2026-07-23T21:20:39.064+05:30,12.334,target_explorer_node,/rosout,nav2_acceptance,,8.51,14.94,accepted,"Nav2 accepted goal (8.51, 14.94).",,,,,,,
23july2.bag,2026-07-23T21:22:42.795+05:30,136.065,target_explorer_node,/rosout,action_result,,8.51,14.94,terminal_result,"NavigateToPose finished for (8.51, 14.94) with status 6.",,,,,,,6 (ABORTED)
23july2.bag,2026-07-23T21:22:42.892+05:30,136.162,target_explorer_node,/rosout,endpoint_clearance_rejection,frontier,-3.24,7.59,rejected,"Rejected frontier (-3.24, 7.59): endpoint clearance 0.04 m is below required 0.10 m.",0.04,0.1,,,,,
23july2.bag,2026-07-23T21:22:42.894+05:30,136.164,target_explorer_node,/rosout,endpoint_clearance_rejection,frontier,1.81,3.19,rejected,"Rejected frontier (1.81, 3.19): endpoint clearance 0.03 m is below required 0.10 m.",0.03,0.1,,,,,
23july2.bag,2026-07-23T21:22:42.896+05:30,136.166,target_explorer_node,/rosout,endpoint_clearance_rejection,frontier,0.91,2.94,rejected,"Rejected frontier (0.91, 2.94): endpoint clearance 0.04 m is below required 0.10 m.",0.04,0.1,,,,,
23july2.bag,2026-07-23T21:22:42.898+05:30,136.168,target_explorer_node,/rosout,endpoint_clearance_rejection,frontier,0.31,8.79,rejected,"Rejected frontier (0.31, 8.79): endpoint clearance 0.04 m is below required 0.10 m.",0.04,0.1,,,,,
23july2.bag,2026-07-23T21:22:42.899+05:30,136.169,target_explorer_node,/rosout,endpoint_clearance_rejection,frontier,0.51,7.34,rejected,"Rejected frontier (0.51, 7.34): endpoint clearance 0.04 m is below required 0.10 m.",0.04,0.1,,,,,
23july2.bag,2026-07-23T21:22:42.900+05:30,136.17,target_explorer_node,/rosout,endpoint_clearance_rejection,frontier,0.46,7.49,rejected,"Rejected frontier (0.46, 7.49): endpoint clearance 0.08 m is below required 0.10 m.",0.08,0.1,,,,,
23july2.bag,2026-07-23T21:22:42.901+05:30,136.171,target_explorer_node,/rosout,endpoint_clearance_rejection,frontier,0.26,8.74,rejected,"Rejected frontier (0.26, 8.74): endpoint clearance 0.08 m is below required 0.10 m.",0.08,0.1,,,,,
23july2.bag,2026-07-23T21:22:42.902+05:30,136.172,target_explorer_node,/rosout,endpoint_clearance_rejection,frontier,0.61,9.14,rejected,"Rejected frontier (0.61, 9.14): endpoint clearance 0.08 m is below required 0.10 m.",0.08,0.1,,,,,
23july2.bag,2026-07-23T21:22:42.904+05:30,136.174,target_explorer_node,/rosout,endpoint_clearance_rejection,frontier,0.46,8.89,rejected,"Rejected frontier (0.46, 8.89): endpoint clearance 0.08 m is below required 0.10 m.",0.08,0.1,,,,,
23july2.bag,2026-07-23T21:22:42.905+05:30,136.175,target_explorer_node,/rosout,endpoint_clearance_rejection,frontier,2.01,8.14,rejected,"Rejected frontier (2.01, 8.14): endpoint clearance 0.08 m is below required 0.10 m.",0.08,0.1,,,,,
23july2.bag,2026-07-23T21:22:42.906+05:30,136.176,target_explorer_node,/rosout,endpoint_clearance_rejection,frontier,2.36,8.94,rejected,"Rejected frontier (2.36, 8.94): endpoint clearance 0.03 m is below required 0.10 m.",0.03,0.1,,,,,
23july2.bag,2026-07-23T21:22:42.907+05:30,136.177,target_explorer_node,/rosout,endpoint_clearance_rejection,frontier,2.06,8.29,rejected,"Rejected frontier (2.06, 8.29): endpoint clearance 0.04 m is below required 0.10 m.",0.04,0.1,,,,,
23july2.bag,2026-07-23T21:22:42.908+05:30,136.178,target_explorer_node,/rosout,endpoint_clearance_rejection,frontier,2.31,8.79,rejected,"Rejected frontier (2.31, 8.79): endpoint clearance 0.04 m is below required 0.10 m.",0.04,0.1,,,,,
23july2.bag,2026-07-23T21:22:42.909+05:30,136.179,target_explorer_node,/rosout,endpoint_clearance_rejection,frontier,2.31,8.49,rejected,"Rejected frontier (2.31, 8.49): endpoint clearance 0.04 m is below required 0.10 m.",0.04,0.1,,,,,
23july2.bag,2026-07-23T21:22:42.910+05:30,136.18,target_explorer_node,/rosout,endpoint_clearance_rejection,frontier,2.41,8.49,rejected,"Rejected frontier (2.41, 8.49): endpoint clearance 0.04 m is below required 0.10 m.",0.04,0.1,,,,,
23july2.bag,2026-07-23T21:22:42.911+05:30,136.181,target_explorer_node,/rosout,endpoint_clearance_rejection,frontier,2.51,8.59,rejected,"Rejected frontier (2.51, 8.59): endpoint clearance 0.08 m is below required 0.10 m.",0.08,0.1,,,,,
23july2.bag,2026-07-23T21:22:42.912+05:30,136.182,target_explorer_node,/rosout,endpoint_clearance_rejection,frontier,2.41,8.69,rejected,"Rejected frontier (2.41, 8.69): endpoint clearance 0.08 m is below required 0.10 m.",0.08,0.1,,,,,
23july2.bag,2026-07-23T21:22:42.913+05:30,136.183,target_explorer_node,/rosout,endpoint_clearance_rejection,frontier,2.56,8.69,rejected,"Rejected frontier (2.56, 8.69): endpoint clearance 0.03 m is below required 0.10 m.",0.03,0.1,,,,,
23july2.bag,2026-07-23T21:22:42.914+05:30,136.184,target_explorer_node,/rosout,endpoint_clearance_rejection,frontier,2.96,8.84,rejected,"Rejected frontier (2.96, 8.84): endpoint clearance 0.03 m is below required 0.10 m.",0.03,0.1,,,,,
23july2.bag,2026-07-23T21:22:42.915+05:30,136.185,target_explorer_node,/rosout,endpoint_clearance_rejection,frontier,9.61,10.64,rejected,"Rejected frontier (9.61, 10.64): endpoint clearance 0.03 m is below required 0.10 m.",0.03,0.1,,,,,
23july2.bag,2026-07-23T21:22:42.916+05:30,136.186,target_explorer_node,/rosout,endpoint_clearance_rejection,frontier,9.16,9.14,rejected,"Rejected frontier (9.16, 9.14): endpoint clearance 0.03 m is below required 0.10 m.",0.03,0.1,,,,,
23july2.bag,2026-07-23T21:22:42.918+05:30,136.188,target_explorer_node,/rosout,endpoint_clearance_rejection,frontier,9.91,12.59,rejected,"Rejected frontier (9.91, 12.59): endpoint clearance 0.04 m is below required 0.10 m.",0.04,0.1,,,,,
23july2.bag,2026-07-23T21:22:42.919+05:30,136.189,target_explorer_node,/rosout,endpoint_clearance_rejection,frontier,9.81,12.19,rejected,"Rejected frontier (9.81, 12.19): endpoint clearance 0.08 m is below required 0.10 m.",0.08,0.1,,,,,
23july2.bag,2026-07-23T21:22:42.920+05:30,136.19,target_explorer_node,/rosout,endpoint_clearance_rejection,frontier,9.76,12.29,rejected,"Rejected frontier (9.76, 12.29): endpoint clearance 0.03 m is below required 0.10 m.",0.03,0.1,,,,,
23july2.bag,2026-07-23T21:22:42.921+05:30,136.191,target_explorer_node,/rosout,endpoint_clearance_rejection,frontier,9.81,12.39,rejected,"Rejected frontier (9.81, 12.39): endpoint clearance 0.08 m is below required 0.10 m.",0.08,0.1,,,,,
23july2.bag,2026-07-23T21:22:42.922+05:30,136.192,target_explorer_node,/rosout,endpoint_clearance_rejection,frontier,9.71,13.14,rejected,"Rejected frontier (9.71, 13.14): endpoint clearance 0.03 m is below required 0.10 m.",0.03,0.1,,,,,
23july2.bag,2026-07-23T21:22:42.923+05:30,136.193,target_explorer_node,/rosout,endpoint_clearance_rejection,frontier,9.76,12.64,rejected,"Rejected frontier (9.76, 12.64): endpoint clearance 0.04 m is below required 0.10 m.",0.04,0.1,,,,,
23july2.bag,2026-07-23T21:22:42.924+05:30,136.194,target_explorer_node,/rosout,endpoint_clearance_rejection,frontier,9.81,12.69,rejected,"Rejected frontier (9.81, 12.69): endpoint clearance 0.08 m is below required 0.10 m.",0.08,0.1,,,,,
23july2.bag,2026-07-23T21:22:42.926+05:30,136.196,target_explorer_node,/rosout,endpoint_clearance_rejection,frontier,9.56,13.14,rejected,"Rejected frontier (9.56, 13.14): endpoint clearance 0.04 m is below required 0.10 m.",0.04,0.1,,,,,
23july2.bag,2026-07-23T21:22:42.927+05:30,136.197,target_explorer_node,/rosout,endpoint_clearance_rejection,frontier,9.46,13.24,rejected,"Rejected frontier (9.46, 13.24): endpoint clearance 0.03 m is below required 0.10 m.",0.03,0.1,,,,,
23july2.bag,2026-07-23T21:22:42.927+05:30,136.198,target_explorer_node,/rosout,endpoint_clearance_rejection,frontier,9.51,13.29,rejected,"Rejected frontier (9.51, 13.29): endpoint clearance 0.08 m is below required 0.10 m.",0.08,0.1,,,,,
23july2.bag,2026-07-23T21:22:42.928+05:30,136.199,target_explorer_node,/rosout,endpoint_clearance_rejection,frontier,9.56,13.44,rejected,"Rejected frontier (9.56, 13.44): endpoint clearance 0.08 m is below required 0.10 m.",0.08,0.1,,,,,
23july2.bag,2026-07-23T21:22:42.929+05:30,136.199,target_explorer_node,/rosout,endpoint_clearance_rejection,frontier,9.61,13.49,rejected,"Rejected frontier (9.61, 13.49): endpoint clearance 0.08 m is below required 0.10 m.",0.08,0.1,,,,,
23july2.bag,2026-07-23T21:22:42.930+05:30,136.2,target_explorer_node,/rosout,endpoint_clearance_rejection,frontier,9.51,13.64,rejected,"Rejected frontier (9.51, 13.64): endpoint clearance 0.03 m is below required 0.10 m.",0.03,0.1,,,,,
23july2.bag,2026-07-23T21:22:42.932+05:30,136.202,target_explorer_node,/rosout,endpoint_clearance_rejection,frontier,9.36,14.64,rejected,"Rejected frontier (9.36, 14.64): endpoint clearance 0.03 m is below required 0.10 m.",0.03,0.1,,,,,
23july2.bag,2026-07-23T21:22:42.933+05:30,136.203,target_explorer_node,/rosout,endpoint_clearance_rejection,frontier,9.61,14.84,rejected,"Rejected frontier (9.61, 14.84): endpoint clearance 0.03 m is below required 0.10 m.",0.03,0.1,,,,,
23july2.bag,2026-07-23T21:22:42.934+05:30,136.204,target_explorer_node,/rosout,endpoint_clearance_rejection,frontier,9.56,14.89,rejected,"Rejected frontier (9.56, 14.89): endpoint clearance 0.03 m is below required 0.10 m.",0.03,0.1,,,,,
23july2.bag,2026-07-23T21:22:42.935+05:30,136.205,target_explorer_node,/rosout,endpoint_clearance_rejection,frontier,9.86,15.24,rejected,"Rejected frontier (9.86, 15.24): endpoint clearance 0.04 m is below required 0.10 m.",0.04,0.1,,,,,
23july2.bag,2026-07-23T21:22:42.936+05:30,136.206,target_explorer_node,/rosout,endpoint_clearance_rejection,frontier,10.11,15.34,rejected,"Rejected frontier (10.11, 15.34): endpoint clearance 0.03 m is below required 0.10 m.",0.03,0.1,,,,,
23july2.bag,2026-07-23T21:22:42.938+05:30,136.208,target_explorer_node,/rosout,endpoint_clearance_rejection,frontier,9.71,15.59,rejected,"Rejected frontier (9.71, 15.59): endpoint clearance 0.04 m is below required 0.10 m.",0.04,0.1,,,,,
23july2.bag,2026-07-23T21:22:42.939+05:30,136.21,target_explorer_node,/rosout,endpoint_clearance_rejection,frontier,9.66,15.69,rejected,"Rejected frontier (9.66, 15.69): endpoint clearance 0.03 m is below required 0.10 m.",0.03,0.1,,,,,
23july2.bag,2026-07-23T21:22:42.940+05:30,136.21,target_explorer_node,/rosout,endpoint_clearance_rejection,frontier,8.36,16.34,rejected,"Rejected frontier (8.36, 16.34): endpoint clearance 0.03 m is below required 0.10 m.",0.03,0.1,,,,,
23july2.bag,2026-07-23T21:22:42.941+05:30,136.211,target_explorer_node,/rosout,endpoint_clearance_rejection,frontier,8.46,16.99,rejected,"Rejected frontier (8.46, 16.99): endpoint clearance 0.04 m is below required 0.10 m.",0.04,0.1,,,,,
23july2.bag,2026-07-23T21:22:42.942+05:30,136.212,target_explorer_node,/rosout,endpoint_clearance_rejection,frontier,8.41,17.09,rejected,"Rejected frontier (8.41, 17.09): endpoint clearance 0.03 m is below required 0.10 m.",0.03,0.1,,,,,
23july2.bag,2026-07-23T21:22:42.943+05:30,136.213,target_explorer_node,/rosout,endpoint_clearance_rejection,frontier,8.41,17.19,rejected,"Rejected frontier (8.41, 17.19): endpoint clearance 0.04 m is below required 0.10 m.",0.04,0.1,,,,,
23july3.bag,2026-07-23T21:24:49.528+05:30,2.501,target_explorer_node,/rosout,startup_final_target,final_target,0.0,27.0,configured_at_startup,"target_explorer started: final target=(0.00, 27.00) frame=map action=/navigate_to_pose",,,,,,,
23july3.bag,2026-07-23T21:24:49.914+05:30,2.887,target_explorer_node,/rosout,tf_failure,,,,deferred,"Cannot look up robot pose map -> base_footprint: Lookup would require extrapolation at time 1784822089.582011, but only time 1784822089.668450 is in the buffer, when looking up transform from frame [base_footprint] to frame [map].",,,,,,,
23july3.bag,2026-07-23T21:24:51.017+05:30,3.99,target_explorer_node,/rosout,goal_dispatch,final_or_frontier,0.03,0.92,dispatched,"Sending NavigateToPose goal (0.03, 0.92): progress=0.86 m alignment=1.000 path=0.84 m score=1.779.",,,0.86,1.0,0.84,1.779,
23july3.bag,2026-07-23T21:24:51.018+05:30,3.991,target_explorer_node,/rosout,nav2_acceptance,,0.03,0.92,accepted,"Nav2 accepted goal (0.03, 0.92).",,,,,,,
23july3.bag,2026-07-23T21:24:54.579+05:30,7.552,target_explorer_node,/rosout,action_result,,0.03,0.92,succeeded,"NavigateToPose succeeded for (0.03, 0.92).",,,,,,,SUCCEEDED
23july3.bag,2026-07-23T21:24:54.636+05:30,7.609,target_explorer_node,/rosout,goal_dispatch,final_or_frontier,0.08,4.77,dispatched,"Sending NavigateToPose goal (0.08, 4.77): progress=4.10 m alignment=1.000 path=4.13 m score=4.684.",,,4.1,1.0,4.13,4.684,
23july3.bag,2026-07-23T21:24:54.637+05:30,7.611,target_explorer_node,/rosout,nav2_acceptance,,0.08,4.77,accepted,"Nav2 accepted goal (0.08, 4.77).",,,,,,,
23july3.bag,2026-07-23T21:25:00.348+05:30,13.321,target_explorer_node,/rosout,action_result,,0.08,4.77,succeeded,"NavigateToPose succeeded for (0.08, 4.77).",,,,,,,SUCCEEDED
23july3.bag,2026-07-23T21:25:00.439+05:30,13.412,target_explorer_node,/rosout,endpoint_clearance_rejection,frontier,3.82,11.72,rejected,"Rejected frontier (3.82, 11.72): endpoint clearance 0.03 m is below required 0.10 m.",0.03,0.1,,,,,
23july3.bag,2026-07-23T21:25:00.440+05:30,13.413,target_explorer_node,/rosout,endpoint_clearance_rejection,frontier,3.87,11.77,rejected,"Rejected frontier (3.87, 11.77): endpoint clearance 0.08 m is below required 0.10 m.",0.08,0.1,,,,,
23july3.bag,2026-07-23T21:25:00.440+05:30,13.414,target_explorer_node,/rosout,endpoint_clearance_rejection,frontier,4.12,11.22,rejected,"Rejected frontier (4.12, 11.22): endpoint clearance 0.04 m is below required 0.10 m.",0.04,0.1,,,,,
23july3.bag,2026-07-23T21:25:00.441+05:30,13.414,target_explorer_node,/rosout,endpoint_clearance_rejection,frontier,4.12,12.17,rejected,"Rejected frontier (4.12, 12.17): endpoint clearance 0.03 m is below required 0.10 m.",0.03,0.1,,,,,
23july3.bag,2026-07-23T21:25:00.442+05:30,13.415,target_explorer_node,/rosout,endpoint_clearance_rejection,frontier,3.97,11.87,rejected,"Rejected frontier (3.97, 11.87): endpoint clearance 0.04 m is below required 0.10 m.",0.04,0.1,,,,,
23july3.bag,2026-07-23T21:25:00.442+05:30,13.416,target_explorer_node,/rosout,endpoint_clearance_rejection,frontier,4.02,11.97,rejected,"Rejected frontier (4.02, 11.97): endpoint clearance 0.08 m is below required 0.10 m.",0.08,0.1,,,,,
23july3.bag,2026-07-23T21:25:00.443+05:30,13.416,target_explorer_node,/rosout,endpoint_clearance_rejection,frontier,4.17,12.12,rejected,"Rejected frontier (4.17, 12.12): endpoint clearance 0.08 m is below required 0.10 m.",0.08,0.1,,,,,
23july3.bag,2026-07-23T21:25:00.445+05:30,13.418,target_explorer_node,/rosout,endpoint_clearance_rejection,frontier,9.22,16.67,rejected,"Rejected frontier (9.22, 16.67): endpoint clearance 0.08 m is below required 0.10 m.",0.08,0.1,,,,,
23july3.bag,2026-07-23T21:25:00.446+05:30,13.419,target_explorer_node,/rosout,endpoint_clearance_rejection,frontier,9.42,17.57,rejected,"Rejected frontier (9.42, 17.57): endpoint clearance 0.04 m is below required 0.10 m.",0.04,0.1,,,,,
23july3.bag,2026-07-23T21:25:00.626+05:30,13.599,target_explorer_node,/rosout,goal_dispatch,final_or_frontier,8.47,17.62,dispatched,"Sending NavigateToPose goal (8.47, 17.62): progress=9.75 m alignment=0.838 path=15.80 m score=9.008.",,,9.75,0.838,15.8,9.008,
23july3.bag,2026-07-23T21:25:00.629+05:30,13.602,target_explorer_node,/rosout,nav2_acceptance,,8.47,17.62,accepted,"Nav2 accepted goal (8.47, 17.62).",,,,,,,
23july3.bag,2026-07-23T21:25:23.888+05:30,36.861,target_explorer_node,/rosout,action_result,,8.47,17.62,succeeded,"NavigateToPose succeeded for (8.47, 17.62).",,,,,,,SUCCEEDED
23july3.bag,2026-07-23T21:25:23.932+05:30,36.905,target_explorer_node,/rosout,endpoint_clearance_rejection,frontier,-4.03,11.27,rejected,"Rejected frontier (-4.03, 11.27): endpoint clearance 0.08 m is below required 0.10 m.",0.08,0.1,,,,,
23july3.bag,2026-07-23T21:25:23.933+05:30,36.906,target_explorer_node,/rosout,endpoint_clearance_rejection,frontier,7.07,7.77,rejected,"Rejected frontier (7.07, 7.77): endpoint clearance 0.03 m is below required 0.10 m.",0.03,0.1,,,,,
23july3.bag,2026-07-23T21:25:23.934+05:30,36.907,target_explorer_node,/rosout,endpoint_clearance_rejection,frontier,8.27,9.02,rejected,"Rejected frontier (8.27, 9.02): endpoint clearance 0.03 m is below required 0.10 m.",0.03,0.1,,,,,
23july3.bag,2026-07-23T21:25:23.934+05:30,36.907,target_explorer_node,/rosout,endpoint_clearance_rejection,frontier,7.62,8.77,rejected,"Rejected frontier (7.62, 8.77): endpoint clearance 0.03 m is below required 0.10 m.",0.03,0.1,,,,,
23july3.bag,2026-07-23T21:25:23.935+05:30,36.908,target_explorer_node,/rosout,endpoint_clearance_rejection,frontier,7.67,8.82,rejected,"Rejected frontier (7.67, 8.82): endpoint clearance 0.08 m is below required 0.10 m.",0.08,0.1,,,,,
23july3.bag,2026-07-23T21:25:23.935+05:30,36.909,target_explorer_node,/rosout,endpoint_clearance_rejection,frontier,7.77,9.82,rejected,"Rejected frontier (7.77, 9.82): endpoint clearance 0.03 m is below required 0.10 m.",0.03,0.1,,,,,
23july3.bag,2026-07-23T21:25:23.936+05:30,36.909,target_explorer_node,/rosout,endpoint_clearance_rejection,frontier,7.42,9.42,rejected,"Rejected frontier (7.42, 9.42): endpoint clearance 0.08 m is below required 0.10 m.",0.08,0.1,,,,,
23july3.bag,2026-07-23T21:25:23.936+05:30,36.91,target_explorer_node,/rosout,endpoint_clearance_rejection,frontier,7.37,9.47,rejected,"Rejected frontier (7.37, 9.47): endpoint clearance 0.03 m is below required 0.10 m.",0.03,0.1,,,,,
23july3.bag,2026-07-23T21:25:23.937+05:30,36.91,target_explorer_node,/rosout,endpoint_clearance_rejection,frontier,7.47,9.47,rejected,"Rejected frontier (7.47, 9.47): endpoint clearance 0.04 m is below required 0.10 m.",0.04,0.1,,,,,
23july3.bag,2026-07-23T21:25:23.938+05:30,36.911,target_explorer_node,/rosout,endpoint_clearance_rejection,frontier,7.72,9.57,rejected,"Rejected frontier (7.72, 9.57): endpoint clearance 0.08 m is below required 0.10 m.",0.08,0.1,,,,,
23july3.bag,2026-07-23T21:25:23.938+05:30,36.912,target_explorer_node,/rosout,endpoint_clearance_rejection,frontier,7.42,9.62,rejected,"Rejected frontier (7.42, 9.62): endpoint clearance 0.04 m is below required 0.10 m.",0.04,0.1,,,,,
23july3.bag,2026-07-23T21:25:23.939+05:30,36.912,target_explorer_node,/rosout,endpoint_clearance_rejection,frontier,7.77,9.62,rejected,"Rejected frontier (7.77, 9.62): endpoint clearance 0.04 m is below required 0.10 m.",0.04,0.1,,,,,
23july3.bag,2026-07-23T21:25:23.940+05:30,36.913,target_explorer_node,/rosout,endpoint_clearance_rejection,frontier,-3.18,10.57,rejected,"Rejected frontier (-3.18, 10.57): endpoint clearance 0.08 m is below required 0.10 m.",0.08,0.1,,,,,
23july3.bag,2026-07-23T21:25:23.940+05:30,36.913,target_explorer_node,/rosout,endpoint_clearance_rejection,frontier,-3.28,9.87,rejected,"Rejected frontier (-3.28, 9.87): endpoint clearance 0.03 m is below required 0.10 m.",0.03,0.1,,,,,
23july3.bag,2026-07-23T21:25:23.941+05:30,36.914,target_explorer_node,/rosout,endpoint_clearance_rejection,frontier,-3.03,9.97,rejected,"Rejected frontier (-3.03, 9.97): endpoint clearance 0.04 m is below required 0.10 m.",0.04,0.1,,,,,
23july3.bag,2026-07-23T21:25:23.942+05:30,36.915,target_explorer_node,/rosout,endpoint_clearance_rejection,frontier,8.42,10.97,rejected,"Rejected frontier (8.42, 10.97): endpoint clearance 0.03 m is below required 0.10 m.",0.03,0.1,,,,,
23july3.bag,2026-07-23T21:25:23.942+05:30,36.915,target_explorer_node,/rosout,endpoint_clearance_rejection,frontier,8.47,11.02,rejected,"Rejected frontier (8.47, 11.02): endpoint clearance 0.08 m is below required 0.10 m.",0.08,0.1,,,,,
23july3.bag,2026-07-23T21:25:23.943+05:30,36.916,target_explorer_node,/rosout,endpoint_clearance_rejection,frontier,8.87,11.17,rejected,"Rejected frontier (8.87, 11.17): endpoint clearance 0.08 m is below required 0.10 m.",0.08,0.1,,,,,
23july3.bag,2026-07-23T21:25:23.944+05:30,36.917,target_explorer_node,/rosout,endpoint_clearance_rejection,frontier,4.22,12.37,rejected,"Rejected frontier (4.22, 12.37): endpoint clearance 0.03 m is below required 0.10 m.",0.03,0.1,,,,,
23july3.bag,2026-07-23T21:25:23.944+05:30,36.918,target_explorer_node,/rosout,endpoint_clearance_rejection,frontier,10.07,12.62,rejected,"Rejected frontier (10.07, 12.62): endpoint clearance 0.03 m is below required 0.10 m.",0.03,0.1,,,,,
23july3.bag,2026-07-23T21:25:23.945+05:30,36.918,target_explorer_node,/rosout,endpoint_clearance_rejection,frontier,9.97,13.37,rejected,"Rejected frontier (9.97, 13.37): endpoint clearance 0.03 m is below required 0.10 m.",0.03,0.1,,,,,
23july3.bag,2026-07-23T21:25:23.946+05:30,36.92,target_explorer_node,/rosout,endpoint_clearance_rejection,frontier,9.87,13.62,rejected,"Rejected frontier (9.87, 13.62): endpoint clearance 0.03 m is below required 0.10 m.",0.03,0.1,,,,,
23july3.bag,2026-07-23T21:25:23.947+05:30,36.92,target_explorer_node,/rosout,endpoint_clearance_rejection,frontier,10.87,14.27,rejected,"Rejected frontier (10.87, 14.27): endpoint clearance 0.04 m is below required 0.10 m.",0.04,0.1,,,,,
23july3.bag,2026-07-23T21:25:23.948+05:30,36.921,target_explorer_node,/rosout,endpoint_clearance_rejection,frontier,10.37,14.42,rejected,"Rejected frontier (10.37, 14.42): endpoint clearance 0.03 m is below required 0.10 m.",0.03,0.1,,,,,
23july3.bag,2026-07-23T21:25:23.948+05:30,36.921,target_explorer_node,/rosout,endpoint_clearance_rejection,frontier,10.02,13.82,rejected,"Rejected frontier (10.02, 13.82): endpoint clearance 0.08 m is below required 0.10 m.",0.08,0.1,,,,,
23july3.bag,2026-07-23T21:25:23.949+05:30,36.922,target_explorer_node,/rosout,endpoint_clearance_rejection,frontier,9.97,13.97,rejected,"Rejected frontier (9.97, 13.97): endpoint clearance 0.03 m is below required 0.10 m.",0.03,0.1,,,,,
23july3.bag,2026-07-23T21:25:23.949+05:30,36.923,target_explorer_node,/rosout,endpoint_clearance_rejection,frontier,10.37,14.22,rejected,"Rejected frontier (10.37, 14.22): endpoint clearance 0.08 m is below required 0.10 m.",0.08,0.1,,,,,
23july3.bag,2026-07-23T21:25:23.950+05:30,36.923,target_explorer_node,/rosout,endpoint_clearance_rejection,frontier,4.87,14.02,rejected,"Rejected frontier (4.87, 14.02): endpoint clearance 0.03 m is below required 0.10 m.",0.03,0.1,,,,,
23july3.bag,2026-07-23T21:25:23.951+05:30,36.924,target_explorer_node,/rosout,endpoint_clearance_rejection,frontier,9.62,17.57,rejected,"Rejected frontier (9.62, 17.57): endpoint clearance 0.03 m is below required 0.10 m.",0.03,0.1,,,,,
23july3.bag,2026-07-23T21:25:23.952+05:30,36.925,target_explorer_node,/rosout,endpoint_clearance_rejection,frontier,9.67,17.77,rejected,"Rejected frontier (9.67, 17.77): endpoint clearance 0.03 m is below required 0.10 m.",0.03,0.1,,,,,
23july3.bag,2026-07-23T21:25:23.953+05:30,36.926,target_explorer_node,/rosout,endpoint_clearance_rejection,frontier,9.72,18.37,rejected,"Rejected frontier (9.72, 18.37): endpoint clearance 0.00 m is below required 0.10 m.",0.0,0.1,,,,,
23july3.bag,2026-07-23T21:25:23.953+05:30,36.926,target_explorer_node,/rosout,endpoint_clearance_rejection,frontier,9.82,18.42,rejected,"Rejected frontier (9.82, 18.42): endpoint clearance 0.08 m is below required 0.10 m.",0.08,0.1,,,,,
23july3.bag,2026-07-23T21:25:23.954+05:30,36.927,target_explorer_node,/rosout,endpoint_clearance_rejection,frontier,8.87,19.57,rejected,"Rejected frontier (8.87, 19.57): endpoint clearance 0.03 m is below required 0.10 m.",0.03,0.1,,,,,
23july3.bag,2026-07-23T21:25:23.955+05:30,36.928,target_explorer_node,/rosout,endpoint_clearance_rejection,frontier,8.52,20.62,rejected,"Rejected frontier (8.52, 20.62): endpoint clearance 0.04 m is below required 0.10 m.",0.04,0.1,,,,,
23july3.bag,2026-07-23T21:25:23.956+05:30,36.929,target_explorer_node,/rosout,endpoint_clearance_rejection,frontier,5.12,22.92,rejected,"Rejected frontier (5.12, 22.92): endpoint clearance 0.04 m is below required 0.10 m.",0.04,0.1,,,,,
23july3.bag,2026-07-23T21:25:23.957+05:30,36.93,target_explorer_node,/rosout,endpoint_clearance_rejection,frontier,4.97,23.02,rejected,"Rejected frontier (4.97, 23.02): endpoint clearance 0.08 m is below required 0.10 m.",0.08,0.1,,,,,
23july3.bag,2026-07-23T21:25:24.090+05:30,37.063,target_explorer_node,/rosout,goal_dispatch,final_or_frontier,4.82,22.02,dispatched,"Sending NavigateToPose goal (4.82, 22.02): progress=5.53 m alignment=0.997 path=5.59 m score=5.969.",,,5.53,0.997,5.59,5.969,
23july3.bag,2026-07-23T21:25:24.093+05:30,37.066,target_explorer_node,/rosout,nav2_acceptance,,4.82,22.02,accepted,"Nav2 accepted goal (4.82, 22.02).",,,,,,,
23july4.bag,2026-07-23T21:47:14.826+05:30,1.752,target_explorer_node,/rosout,startup_final_target,final_target,0.0,15.0,configured_at_startup,"target_explorer started: final target=(0.00, 15.00) frame=map action=/navigate_to_pose",,,,,,,
23july4.bag,2026-07-23T21:47:14.913+05:30,1.839,target_explorer_node,/rosout,goal_dispatch,final_or_frontier,0.25,0.84,dispatched,"Sending NavigateToPose goal (0.25, 0.84): progress=0.75 m alignment=0.950 path=0.77 m score=1.625.",,,0.75,0.95,0.77,1.625,
23july4.bag,2026-07-23T21:47:14.914+05:30,1.841,target_explorer_node,/rosout,nav2_acceptance,,0.25,0.84,accepted,"Nav2 accepted goal (0.25, 0.84).",,,,,,,
23july4.bag,2026-07-23T21:47:16.675+05:30,3.602,target_explorer_node,/rosout,action_result,,0.25,0.84,succeeded,"NavigateToPose succeeded for (0.25, 0.84).",,,,,,,SUCCEEDED
23july4.bag,2026-07-23T21:47:16.711+05:30,3.638,target_explorer_node,/rosout,endpoint_clearance_rejection,frontier,0.58,3.89,rejected,"Rejected frontier (0.58, 3.89): endpoint clearance 0.08 m is below required 0.10 m.",0.08,0.1,,,,,
23july4.bag,2026-07-23T21:47:16.712+05:30,3.639,target_explorer_node,/rosout,endpoint_clearance_rejection,frontier,-0.07,3.89,rejected,"Rejected frontier (-0.07, 3.89): endpoint clearance 0.08 m is below required 0.10 m.",0.08,0.1,,,,,
23july4.bag,2026-07-23T21:47:16.713+05:30,3.639,target_explorer_node,/rosout,endpoint_clearance_rejection,frontier,-0.92,3.99,rejected,"Rejected frontier (-0.92, 3.99): endpoint clearance 0.03 m is below required 0.10 m.",0.03,0.1,,,,,
23july4.bag,2026-07-23T21:47:16.714+05:30,3.64,target_explorer_node,/rosout,endpoint_clearance_rejection,frontier,0.08,3.99,rejected,"Rejected frontier (0.08, 3.99): endpoint clearance 0.08 m is below required 0.10 m.",0.08,0.1,,,,,
23july4.bag,2026-07-23T21:47:16.722+05:30,3.648,target_explorer_node,/rosout,no_reachable_frontier,,,,no_goal,Nav2 found no reachable safe frontier candidate.,,,,,,,
23july4.bag,2026-07-23T21:47:17.812+05:30,4.738,target_explorer_node,/rosout,endpoint_clearance_rejection,frontier,3.13,4.09,rejected,"Rejected frontier (3.13, 4.09): endpoint clearance 0.08 m is below required 0.10 m.",0.08,0.1,,,,,
23july4.bag,2026-07-23T21:47:17.813+05:30,4.739,target_explorer_node,/rosout,endpoint_clearance_rejection,frontier,3.13,4.39,rejected,"Rejected frontier (3.13, 4.39): endpoint clearance 0.08 m is below required 0.10 m.",0.08,0.1,,,,,
23july4.bag,2026-07-23T21:47:17.814+05:30,4.74,target_explorer_node,/rosout,endpoint_clearance_rejection,frontier,3.13,4.54,rejected,"Rejected frontier (3.13, 4.54): endpoint clearance 0.08 m is below required 0.10 m.",0.08,0.1,,,,,
23july4.bag,2026-07-23T21:47:17.835+05:30,4.761,target_explorer_node,/rosout,goal_dispatch,final_or_frontier,0.03,4.74,dispatched,"Sending NavigateToPose goal (0.03, 4.74): progress=3.86 m alignment=1.000 path=3.97 m score=4.467.",,,3.86,1.0,3.97,4.467,
23july4.bag,2026-07-23T21:47:17.836+05:30,4.762,target_explorer_node,/rosout,nav2_acceptance,,0.03,4.74,accepted,"Nav2 accepted goal (0.03, 4.74).",,,,,,,
23july4.bag,2026-07-23T21:47:24.347+05:30,11.273,target_explorer_node,/rosout,action_result,,0.03,4.74,succeeded,"NavigateToPose succeeded for (0.03, 4.74).",,,,,,,SUCCEEDED
23july4.bag,2026-07-23T21:47:24.439+05:30,11.365,target_explorer_node,/rosout,endpoint_clearance_rejection,frontier,-0.92,3.99,rejected,"Rejected frontier (-0.92, 3.99): endpoint clearance 0.03 m is below required 0.10 m.",0.03,0.1,,,,,
23july4.bag,2026-07-23T21:47:24.440+05:30,11.366,target_explorer_node,/rosout,endpoint_clearance_rejection,frontier,3.18,3.39,rejected,"Rejected frontier (3.18, 3.39): endpoint clearance 0.03 m is below required 0.10 m.",0.03,0.1,,,,,
23july4.bag,2026-07-23T21:47:24.441+05:30,11.367,target_explorer_node,/rosout,endpoint_clearance_rejection,frontier,3.23,3.59,rejected,"Rejected frontier (3.23, 3.59): endpoint clearance 0.04 m is below required 0.10 m.",0.04,0.1,,,,,
23july4.bag,2026-07-23T21:47:24.441+05:30,11.368,target_explorer_node,/rosout,endpoint_clearance_rejection,frontier,3.28,3.59,rejected,"Rejected frontier (3.28, 3.59): endpoint clearance 0.03 m is below required 0.10 m.",0.03,0.1,,,,,
23july4.bag,2026-07-23T21:47:24.442+05:30,11.368,target_explorer_node,/rosout,endpoint_clearance_rejection,frontier,3.38,3.59,rejected,"Rejected frontier (3.38, 3.59): endpoint clearance 0.08 m is below required 0.10 m.",0.08,0.1,,,,,
23july4.bag,2026-07-23T21:47:24.443+05:30,11.369,target_explorer_node,/rosout,endpoint_clearance_rejection,frontier,3.38,3.69,rejected,"Rejected frontier (3.38, 3.69): endpoint clearance 0.08 m is below required 0.10 m.",0.08,0.1,,,,,
23july4.bag,2026-07-23T21:47:24.443+05:30,11.37,target_explorer_node,/rosout,endpoint_clearance_rejection,frontier,-0.82,3.99,rejected,"Rejected frontier (-0.82, 3.99): endpoint clearance 0.08 m is below required 0.10 m.",0.08,0.1,,,,,
23july4.bag,2026-07-23T21:47:24.444+05:30,11.37,target_explorer_node,/rosout,endpoint_clearance_rejection,frontier,-2.32,6.49,rejected,"Rejected frontier (-2.32, 6.49): endpoint clearance 0.03 m is below required 0.10 m.",0.03,0.1,,,,,
23july4.bag,2026-07-23T21:47:24.445+05:30,11.371,target_explorer_node,/rosout,endpoint_clearance_rejection,frontier,-2.42,6.74,rejected,"Rejected frontier (-2.42, 6.74): endpoint clearance 0.08 m is below required 0.10 m.",0.08,0.1,,,,,
23july4.bag,2026-07-23T21:47:24.445+05:30,11.372,target_explorer_node,/rosout,endpoint_clearance_rejection,frontier,3.68,9.74,rejected,"Rejected frontier (3.68, 9.74): endpoint clearance 0.04 m is below required 0.10 m.",0.04,0.1,,,,,
23july4.bag,2026-07-23T21:47:24.446+05:30,11.372,target_explorer_node,/rosout,endpoint_clearance_rejection,frontier,3.58,9.84,rejected,"Rejected frontier (3.58, 9.84): endpoint clearance 0.04 m is below required 0.10 m.",0.04,0.1,,,,,
23july4.bag,2026-07-23T21:47:24.446+05:30,11.373,target_explorer_node,/rosout,endpoint_clearance_rejection,frontier,3.63,9.89,rejected,"Rejected frontier (3.63, 9.89): endpoint clearance 0.08 m is below required 0.10 m.",0.08,0.1,,,,,
23july4.bag,2026-07-23T21:47:24.447+05:30,11.374,target_explorer_node,/rosout,endpoint_clearance_rejection,frontier,3.68,10.19,rejected,"Rejected frontier (3.68, 10.19): endpoint clearance 0.08 m is below required 0.10 m.",0.08,0.1,,,,,
23july4.bag,2026-07-23T21:47:24.448+05:30,11.374,target_explorer_node,/rosout,endpoint_clearance_rejection,frontier,3.68,11.14,rejected,"Rejected frontier (3.68, 11.14): endpoint clearance 0.03 m is below required 0.10 m.",0.03,0.1,,,,,
23july4.bag,2026-07-23T21:47:24.449+05:30,11.375,target_explorer_node,/rosout,endpoint_clearance_rejection,frontier,4.98,18.39,rejected,"Rejected frontier (4.98, 18.39): endpoint clearance 0.04 m is below required 0.10 m.",0.04,0.1,,,,,
23july4.bag,2026-07-23T21:47:24.449+05:30,11.376,target_explorer_node,/rosout,endpoint_clearance_rejection,frontier,0.38,17.49,rejected,"Rejected frontier (0.38, 17.49): endpoint clearance 0.08 m is below required 0.10 m.",0.08,0.1,,,,,
23july4.bag,2026-07-23T21:47:24.453+05:30,11.38,target_explorer_node,/rosout,endpoint_clearance_rejection,frontier,2.33,17.24,rejected,"Rejected frontier (2.33, 17.24): endpoint clearance 0.08 m is below required 0.10 m.",0.08,0.1,,,,,
23july4.bag,2026-07-23T21:47:24.457+05:30,11.384,target_explorer_node,/rosout,endpoint_clearance_rejection,frontier,2.48,17.24,rejected,"Rejected frontier (2.48, 17.24): endpoint clearance 0.08 m is below required 0.10 m.",0.08,0.1,,,,,
23july4.bag,2026-07-23T21:47:24.458+05:30,11.384,target_explorer_node,/rosout,endpoint_clearance_rejection,frontier,1.28,17.24,rejected,"Rejected frontier (1.28, 17.24): endpoint clearance 0.08 m is below required 0.10 m.",0.08,0.1,,,,,
23july4.bag,2026-07-23T21:47:24.458+05:30,11.384,target_explorer_node,/rosout,endpoint_clearance_rejection,frontier,1.48,17.29,rejected,"Rejected frontier (1.48, 17.29): endpoint clearance 0.03 m is below required 0.10 m.",0.03,0.1,,,,,
23july4.bag,2026-07-23T21:47:24.458+05:30,11.385,target_explorer_node,/rosout,endpoint_clearance_rejection,frontier,0.13,17.44,rejected,"Rejected frontier (0.13, 17.44): endpoint clearance 0.08 m is below required 0.10 m.",0.08,0.1,,,,,
23july4.bag,2026-07-23T21:47:24.459+05:30,11.385,target_explorer_node,/rosout,endpoint_clearance_rejection,frontier,0.03,17.54,rejected,"Rejected frontier (0.03, 17.54): endpoint clearance 0.04 m is below required 0.10 m.",0.04,0.1,,,,,
23july4.bag,2026-07-23T21:47:24.499+05:30,11.425,target_explorer_node,/rosout,final_target_direct,final_target,,,selected,Final target is reachable and safe; sending it directly.,,,,,,,
23july4.bag,2026-07-23T21:47:24.500+05:30,11.426,target_explorer_node,/rosout,goal_dispatch,final_or_frontier,0.0,15.0,dispatched,"Sending NavigateToPose goal (0.00, 15.00): progress=10.25 m alignment=1.000 path=10.27 m score=10.221.",,,10.25,1.0,10.27,10.221,
23july4.bag,2026-07-23T21:47:24.502+05:30,11.428,target_explorer_node,/rosout,nav2_acceptance,,0.0,15.0,accepted,"Nav2 accepted goal (0.00, 15.00).",,,,,,,
23july4.bag,2026-07-23T21:47:40.212+05:30,27.139,target_explorer_node,/rosout,action_result,,0.0,15.0,succeeded,"NavigateToPose succeeded for (0.00, 15.00).",,,,,,,SUCCEEDED
23july4.bag,2026-07-23T21:48:03.395+05:30,50.321,target_explorer_node,/rosout,startup_final_target,final_target,0.0,-15.0,configured_at_startup,"target_explorer started: final target=(0.00, -15.00) frame=map action=/navigate_to_pose",,,,,,,
23july4.bag,2026-07-23T21:48:03.774+05:30,50.7,target_explorer_node,/rosout,tf_failure,,,,deferred,"Cannot look up robot pose map -> base_footprint: Lookup would require extrapolation at time 1784823483.461829, but only time 1784823483.547074 is in the buffer, when looking up transform from frame [base_footprint] to frame [map].",,,,,,,
23july4.bag,2026-07-23T21:48:04.898+05:30,51.825,target_explorer_node,/rosout,endpoint_clearance_rejection,frontier,3.17,2.99,rejected,"Rejected frontier (3.17, 2.99): endpoint clearance 0.03 m is below required 0.10 m.",0.03,0.1,,,,,
23july4.bag,2026-07-23T21:48:04.899+05:30,51.825,target_explorer_node,/rosout,endpoint_clearance_rejection,frontier,-2.78,7.29,rejected,"Rejected frontier (-2.78, 7.29): endpoint clearance 0.03 m is below required 0.10 m.",0.03,0.1,,,,,
23july4.bag,2026-07-23T21:48:04.899+05:30,51.826,target_explorer_node,/rosout,endpoint_clearance_rejection,frontier,-0.83,3.99,rejected,"Rejected frontier (-0.83, 3.99): endpoint clearance 0.08 m is below required 0.10 m.",0.08,0.1,,,,,
23july4.bag,2026-07-23T21:48:04.900+05:30,51.826,target_explorer_node,/rosout,endpoint_clearance_rejection,frontier,-1.98,9.69,rejected,"Rejected frontier (-1.98, 9.69): endpoint clearance 0.03 m is below required 0.10 m.",0.03,0.1,,,,,
23july4.bag,2026-07-23T21:48:04.901+05:30,51.827,target_explorer_node,/rosout,endpoint_clearance_rejection,frontier,-2.03,9.99,rejected,"Rejected frontier (-2.03, 9.99): endpoint clearance 0.08 m is below required 0.10 m.",0.08,0.1,,,,,
23july4.bag,2026-07-23T21:48:04.901+05:30,51.827,target_explorer_node,/rosout,endpoint_clearance_rejection,frontier,-2.08,10.09,rejected,"Rejected frontier (-2.08, 10.09): endpoint clearance 0.03 m is below required 0.10 m.",0.03,0.1,,,,,
23july4.bag,2026-07-23T21:48:04.902+05:30,51.828,target_explorer_node,/rosout,endpoint_clearance_rejection,frontier,-2.13,10.19,rejected,"Rejected frontier (-2.13, 10.19): endpoint clearance 0.04 m is below required 0.10 m.",0.04,0.1,,,,,
23july4.bag,2026-07-23T21:48:04.902+05:30,51.828,target_explorer_node,/rosout,endpoint_clearance_rejection,frontier,-2.08,11.04,rejected,"Rejected frontier (-2.08, 11.04): endpoint clearance 0.03 m is below required 0.10 m.",0.03,0.1,,,,,
23july4.bag,2026-07-23T21:48:04.903+05:30,51.829,target_explorer_node,/rosout,endpoint_clearance_rejection,frontier,3.67,11.14,rejected,"Rejected frontier (3.67, 11.14): endpoint clearance 0.04 m is below required 0.10 m.",0.04,0.1,,,,,
23july4.bag,2026-07-23T21:48:04.904+05:30,51.83,target_explorer_node,/rosout,endpoint_clearance_rejection,frontier,-2.43,19.09,rejected,"Rejected frontier (-2.43, 19.09): endpoint clearance 0.04 m is below required 0.10 m.",0.04,0.1,,,,,
23july4.bag,2026-07-23T21:48:04.904+05:30,51.831,target_explorer_node,/rosout,endpoint_clearance_rejection,frontier,-2.73,19.54,rejected,"Rejected frontier (-2.73, 19.54): endpoint clearance 0.08 m is below required 0.10 m.",0.08,0.1,,,,,
23july4.bag,2026-07-23T21:48:04.905+05:30,51.831,target_explorer_node,/rosout,endpoint_clearance_rejection,frontier,5.47,19.04,rejected,"Rejected frontier (5.47, 19.04): endpoint clearance 0.03 m is below required 0.10 m.",0.03,0.1,,,,,
23july4.bag,2026-07-23T21:48:04.905+05:30,51.832,target_explorer_node,/rosout,endpoint_clearance_rejection,frontier,5.52,19.09,rejected,"Rejected frontier (5.52, 19.09): endpoint clearance 0.08 m is below required 0.10 m.",0.08,0.1,,,,,
23july4.bag,2026-07-23T21:48:04.906+05:30,51.833,target_explorer_node,/rosout,endpoint_clearance_rejection,frontier,5.77,19.34,rejected,"Rejected frontier (5.77, 19.34): endpoint clearance 0.08 m is below required 0.10 m.",0.08,0.1,,,,,
23july4.bag,2026-07-23T21:48:04.907+05:30,51.833,target_explorer_node,/rosout,endpoint_clearance_rejection,frontier,5.72,19.39,rejected,"Rejected frontier (5.72, 19.39): endpoint clearance 0.08 m is below required 0.10 m.",0.08,0.1,,,,,
23july4.bag,2026-07-23T21:48:04.907+05:30,51.833,target_explorer_node,/rosout,endpoint_clearance_rejection,frontier,5.82,19.39,rejected,"Rejected frontier (5.82, 19.39): endpoint clearance 0.03 m is below required 0.10 m.",0.03,0.1,,,,,
23july4.bag,2026-07-23T21:48:04.908+05:30,51.834,target_explorer_node,/rosout,endpoint_clearance_rejection,frontier,-2.78,19.54,rejected,"Rejected frontier (-2.78, 19.54): endpoint clearance 0.08 m is below required 0.10 m.",0.08,0.1,,,,,
23july4.bag,2026-07-23T21:48:04.908+05:30,51.835,target_explorer_node,/rosout,endpoint_clearance_rejection,frontier,-2.73,19.59,rejected,"Rejected frontier (-2.73, 19.59): endpoint clearance 0.03 m is below required 0.10 m.",0.03,0.1,,,,,
23july4.bag,2026-07-23T21:48:04.909+05:30,51.836,target_explorer_node,/rosout,endpoint_clearance_rejection,frontier,-3.18,20.24,rejected,"Rejected frontier (-3.18, 20.24): endpoint clearance 0.04 m is below required 0.10 m.",0.04,0.1,,,,,
23july4.bag,2026-07-23T21:48:04.910+05:30,51.836,target_explorer_node,/rosout,endpoint_clearance_rejection,frontier,6.07,19.54,rejected,"Rejected frontier (6.07, 19.54): endpoint clearance 0.04 m is below required 0.10 m.",0.04,0.1,,,,,
23july4.bag,2026-07-23T21:48:05.077+05:30,52.003,target_explorer_node,/rosout,goal_dispatch,final_or_frontier,0.02,0.04,dispatched,"Sending NavigateToPose goal (0.02, 0.04): progress=15.02 m alignment=1.000 path=15.06 m score=14.518.",,,15.02,1.0,15.06,14.518,
23july4.bag,2026-07-23T21:48:05.079+05:30,52.005,target_explorer_node,/rosout,nav2_acceptance,,0.02,0.04,accepted,"Nav2 accepted goal (0.02, 0.04).",,,,,,,
