bag,bag_path,storage,bag_start,bag_duration_sec,bag_message_count,topic,message_type,topic_message_count,frequency_hz
23july.bag,/home/aryaman/23july.bag,sqlite3,2026-07-23T21:03:07.639+05:30,71.541545,1135406,/target_explorer/candidate_goals,visualization_msgs/msg/MarkerArray,10,0.139779
23july.bag,/home/aryaman/23july.bag,sqlite3,2026-07-23T21:03:07.639+05:30,71.541545,1135406,/global_costmap/global_costmap/transition_event,lifecycle_msgs/msg/TransitionEvent,0,0.0
23july.bag,/home/aryaman/23july.bag,sqlite3,2026-07-23T21:03:07.639+05:30,71.541545,1135406,/uas1/mavlink_sink,mavros_msgs/msg/Mavlink,2686,37.544618
23july.bag,/home/aryaman/23july.bag,sqlite3,2026-07-23T21:03:07.639+05:30,71.541545,1135406,/global_costmap/costmap_updates,map_msgs/msg/OccupancyGridUpdate,0,0.0
23july.bag,/home/aryaman/23july.bag,sqlite3,2026-07-23T21:03:07.639+05:30,71.541545,1135406,/planner_server/transition_event,lifecycle_msgs/msg/TransitionEvent,0,0.0
23july.bag,/home/aryaman/23july.bag,sqlite3,2026-07-23T21:03:07.639+05:30,71.541545,1135406,/lookahead_collision_arc,nav_msgs/msg/Path,1257,17.57021
23july.bag,/home/aryaman/23july.bag,sqlite3,2026-07-23T21:03:07.639+05:30,71.541545,1135406,/global_costmap/costmap,nav_msgs/msg/OccupancyGrid,83,1.160165
23july.bag,/home/aryaman/23july.bag,sqlite3,2026-07-23T21:03:07.639+05:30,71.541545,1135406,/global_costmap/costmap_raw,nav2_msgs/msg/Costmap,83,1.160165
23july.bag,/home/aryaman/23july.bag,sqlite3,2026-07-23T21:03:07.639+05:30,71.541545,1135406,/mavros/rc/out,mavros_msgs/msg/RCOut,28643,400.368766
23july.bag,/home/aryaman/23july.bag,sqlite3,2026-07-23T21:03:07.639+05:30,71.541545,1135406,/local_costmap/costmap_updates,map_msgs/msg/OccupancyGridUpdate,0,0.0
23july.bag,/home/aryaman/23july.bag,sqlite3,2026-07-23T21:03:07.639+05:30,71.541545,1135406,/local_costmap/costmap,nav_msgs/msg/OccupancyGrid,552,7.715796
23july.bag,/home/aryaman/23july.bag,sqlite3,2026-07-23T21:03:07.639+05:30,71.541545,1135406,/mavros/sim_state/attitude,sensor_msgs/msg/Imu,0,0.0
23july.bag,/home/aryaman/23july.bag,sqlite3,2026-07-23T21:03:07.639+05:30,71.541545,1135406,/mavros/nav_controller_output/output,mavros_msgs/msg/NavControllerOutput,12,0.167735
23july.bag,/home/aryaman/23july.bag,sqlite3,2026-07-23T21:03:07.639+05:30,71.541545,1135406,/mavros/optical_flow/raw/optical_flow,mavros_msgs/msg/OpticalFlow,0,0.0
23july.bag,/home/aryaman/23july.bag,sqlite3,2026-07-23T21:03:07.639+05:30,71.541545,1135406,/map_metadata,nav_msgs/msg/MapMetaData,478,6.681432
23july.bag,/home/aryaman/23july.bag,sqlite3,2026-07-23T21:03:07.639+05:30,71.541545,1135406,/mavros/global_position/gp_lp_offset,geometry_msgs/msg/PoseStamped,0,0.0
23july.bag,/home/aryaman/23july.bag,sqlite3,2026-07-23T21:03:07.639+05:30,71.541545,1135406,/mavros/rallypoint/rallypoints,mavros_msgs/msg/WaypointList,1,0.013978
23july.bag,/home/aryaman/23july.bag,sqlite3,2026-07-23T21:03:07.639+05:30,71.541545,1135406,/mavros/sim_state/acceleration,geometry_msgs/msg/Vector3Stamped,0,0.0
23july.bag,/home/aryaman/23july.bag,sqlite3,2026-07-23T21:03:07.639+05:30,71.541545,1135406,/mavros/sim_state/velocity_local,geometry_msgs/msg/TwistStamped,0,0.0
23july.bag,/home/aryaman/23july.bag,sqlite3,2026-07-23T21:03:07.639+05:30,71.541545,1135406,/mavros/statustext/recv,mavros_msgs/msg/StatusText,0,0.0
23july.bag,/home/aryaman/23july.bag,sqlite3,2026-07-23T21:03:07.639+05:30,71.541545,1135406,/tf,tf2_msgs/msg/TFMessage,2745,38.369314
23july.bag,/home/aryaman/23july.bag,sqlite3,2026-07-23T21:03:07.639+05:30,71.541545,1135406,/mavros/rc/in,mavros_msgs/msg/RCIn,28673,400.788103
23july.bag,/home/aryaman/23july.bag,sqlite3,2026-07-23T21:03:07.639+05:30,71.541545,1135406,/mavros/wind_estimation,geometry_msgs/msg/TwistWithCovarianceStamped,0,0.0
23july.bag,/home/aryaman/23july.bag,sqlite3,2026-07-23T21:03:07.639+05:30,71.541545,1135406,/mavros/esc_telemetry/telemetry,mavros_msgs/msg/ESCTelemetry,0,0.0
23july.bag,/home/aryaman/23july.bag,sqlite3,2026-07-23T21:03:07.639+05:30,71.541545,1135406,/pose,geometry_msgs/msg/PoseWithCovarianceStamped,259,3.620274
23july.bag,/home/aryaman/23july.bag,sqlite3,2026-07-23T21:03:07.639+05:30,71.541545,1135406,/mavros/esc_status/status,mavros_msgs/msg/ESCStatus,0,0.0
23july.bag,/home/aryaman/23july.bag,sqlite3,2026-07-23T21:03:07.639+05:30,71.541545,1135406,/mavros/imu/data,sensor_msgs/msg/Imu,28688,400.997771
23july.bag,/home/aryaman/23july.bag,sqlite3,2026-07-23T21:03:07.639+05:30,71.541545,1135406,/mavros/gimbal_control/manager/status,mavros_msgs/msg/GimbalManagerStatus,0,0.0
23july.bag,/home/aryaman/23july.bag,sqlite3,2026-07-23T21:03:07.639+05:30,71.541545,1135406,/mavros/estimator_status,mavros_msgs/msg/EstimatorStatus,0,0.0
23july.bag,/home/aryaman/23july.bag,sqlite3,2026-07-23T21:03:07.639+05:30,71.541545,1135406,/parameter_events,rcl_interfaces/msg/ParameterEvent,28,0.391381
23july.bag,/home/aryaman/23july.bag,sqlite3,2026-07-23T21:03:07.639+05:30,71.541545,1135406,/mavros/local_position/pose,geometry_msgs/msg/PoseStamped,28667,400.704235
23july.bag,/home/aryaman/23july.bag,sqlite3,2026-07-23T21:03:07.639+05:30,71.541545,1135406,/mavros/landing_target/pose_in,geometry_msgs/msg/PoseStamped,0,0.0
23july.bag,/home/aryaman/23july.bag,sqlite3,2026-07-23T21:03:07.639+05:30,71.541545,1135406,/mavros/cam_imu_sync/cam_imu_stamp,mavros_msgs/msg/CamIMUStamp,0,0.0
23july.bag,/home/aryaman/23july.bag,sqlite3,2026-07-23T21:03:07.639+05:30,71.541545,1135406,/uas1/mavlink_source,mavros_msgs/msg/Mavlink,507045,7087.420344
23july.bag,/home/aryaman/23july.bag,sqlite3,2026-07-23T21:03:07.639+05:30,71.541545,1135406,/mavros/global_position/rel_alt,std_msgs/msg/Float64,28676,400.830036
23july.bag,/home/aryaman/23july.bag,sqlite3,2026-07-23T21:03:07.639+05:30,71.541545,1135406,/odometry/filtered,nav_msgs/msg/Odometry,2146,29.996557
23july.bag,/home/aryaman/23july.bag,sqlite3,2026-07-23T21:03:07.639+05:30,71.541545,1135406,/behavior_server/transition_event,lifecycle_msgs/msg/TransitionEvent,0,0.0
23july.bag,/home/aryaman/23july.bag,sqlite3,2026-07-23T21:03:07.639+05:30,71.541545,1135406,/mavros/local_position/pose_cov,geometry_msgs/msg/PoseWithCovarianceStamped,0,0.0
23july.bag,/home/aryaman/23july.bag,sqlite3,2026-07-23T21:03:07.639+05:30,71.541545,1135406,/mavros/global_position/raw/gps_vel,geometry_msgs/msg/TwistStamped,71,0.99243
23july.bag,/home/aryaman/23july.bag,sqlite3,2026-07-23T21:03:07.639+05:30,71.541545,1135406,/genz/non_planar_points,sensor_msgs/msg/PointCloud2,796,11.126402
23july.bag,/home/aryaman/23july.bag,sqlite3,2026-07-23T21:03:07.639+05:30,71.541545,1135406,/bf_lidar/imu_out,sensor_msgs/msg/Imu,37215,520.187258
23july.bag,/home/aryaman/23july.bag,sqlite3,2026-07-23T21:03:07.639+05:30,71.541545,1135406,/mavros/home_position/home,mavros_msgs/msg/HomePosition,1,0.013978
23july.bag,/home/aryaman/23july.bag,sqlite3,2026-07-23T21:03:07.639+05:30,71.541545,1135406,/bf_lidar/point_cloud_deskewed,sensor_msgs/msg/PointCloud2,797,11.14038
23july.bag,/home/aryaman/23july.bag,sqlite3,2026-07-23T21:03:07.639+05:30,71.541545,1135406,/mavros/local_position/velocity_body,geometry_msgs/msg/TwistStamped,28643,400.368766
23july.bag,/home/aryaman/23july.bag,sqlite3,2026-07-23T21:03:07.639+05:30,71.541545,1135406,/move_base_simple/goal,geometry_msgs/msg/PoseStamped,0,0.0
23july.bag,/home/aryaman/23july.bag,sqlite3,2026-07-23T21:03:07.639+05:30,71.541545,1135406,/mavros/sim_state/global_position,sensor_msgs/msg/NavSatFix,0,0.0
23july.bag,/home/aryaman/23july.bag,sqlite3,2026-07-23T21:03:07.639+05:30,71.541545,1135406,/events/write_split,rosbag2_interfaces/msg/WriteSplitEvent,0,0.0
23july.bag,/home/aryaman/23july.bag,sqlite3,2026-07-23T21:03:07.639+05:30,71.541545,1135406,/diagnostics,diagnostic_msgs/msg/DiagnosticArray,355,4.962152
23july.bag,/home/aryaman/23july.bag,sqlite3,2026-07-23T21:03:07.639+05:30,71.541545,1135406,/mavros/sys_status,mavros_msgs/msg/SysStatus,81,1.132209
23july.bag,/home/aryaman/23july.bag,sqlite3,2026-07-23T21:03:07.639+05:30,71.541545,1135406,/lookahead_point,geometry_msgs/msg/PointStamped,1257,17.57021
23july.bag,/home/aryaman/23july.bag,sqlite3,2026-07-23T21:03:07.639+05:30,71.541545,1135406,/mavros/global_position/global,sensor_msgs/msg/NavSatFix,28641,400.34081
23july.bag,/home/aryaman/23july.bag,sqlite3,2026-07-23T21:03:07.639+05:30,71.541545,1135406,/genz/planar_points,sensor_msgs/msg/PointCloud2,796,11.126402
23july.bag,/home/aryaman/23july.bag,sqlite3,2026-07-23T21:03:07.639+05:30,71.541545,1135406,/cloud,sensor_msgs/msg/PointCloud2,0,0.0
23july.bag,/home/aryaman/23july.bag,sqlite3,2026-07-23T21:03:07.639+05:30,71.541545,1135406,/mavros/trajectory/desired,mavros_msgs/msg/Trajectory,0,0.0
23july.bag,/home/aryaman/23july.bag,sqlite3,2026-07-23T21:03:07.639+05:30,71.541545,1135406,/scan,sensor_msgs/msg/LaserScan,796,11.126402
23july.bag,/home/aryaman/23july.bag,sqlite3,2026-07-23T21:03:07.639+05:30,71.541545,1135406,/slam_toolbox/scan_visualization,sensor_msgs/msg/LaserScan,0,0.0
23july.bag,/home/aryaman/23july.bag,sqlite3,2026-07-23T21:03:07.639+05:30,71.541545,1135406,/mavros/landing_target/lt_marker,geometry_msgs/msg/Vector3Stamped,0,0.0
23july.bag,/home/aryaman/23july.bag,sqlite3,2026-07-23T21:03:07.639+05:30,71.541545,1135406,/target_explorer/selected_goal,geometry_msgs/msg/PoseStamped,9,0.125801
23july.bag,/home/aryaman/23july.bag,sqlite3,2026-07-23T21:03:07.639+05:30,71.541545,1135406,/slam_toolbox/graph_visualization,visualization_msgs/msg/MarkerArray,0,0.0
23july.bag,/home/aryaman/23july.bag,sqlite3,2026-07-23T21:03:07.639+05:30,71.541545,1135406,/genz/odometry,nav_msgs/msg/Odometry,796,11.126402
23july.bag,/home/aryaman/23july.bag,sqlite3,2026-07-23T21:03:07.639+05:30,71.541545,1135406,/tf_static,tf2_msgs/msg/TFMessage,4,0.055912
23july.bag,/home/aryaman/23july.bag,sqlite3,2026-07-23T21:03:07.639+05:30,71.541545,1135406,/clicked_point,geometry_msgs/msg/PointStamped,0,0.0
23july.bag,/home/aryaman/23july.bag,sqlite3,2026-07-23T21:03:07.639+05:30,71.541545,1135406,/mavros/global_position/local,nav_msgs/msg/Odometry,28655,400.536501
23july.bag,/home/aryaman/23july.bag,sqlite3,2026-07-23T21:03:07.639+05:30,71.541545,1135406,/mavros/terrain/report,mavros_msgs/msg/TerrainReport,0,0.0
23july.bag,/home/aryaman/23july.bag,sqlite3,2026-07-23T21:03:07.639+05:30,71.541545,1135406,/nonground,sensor_msgs/msg/PointCloud2,796,11.126402
23july.bag,/home/aryaman/23july.bag,sqlite3,2026-07-23T21:03:07.639+05:30,71.541545,1135406,/mavros/sim_state/velocity_body,geometry_msgs/msg/TwistStamped,0,0.0
23july.bag,/home/aryaman/23july.bag,sqlite3,2026-07-23T21:03:07.639+05:30,71.541545,1135406,/mavros/mount_control/status,geometry_msgs/msg/Vector3Stamped,0,0.0
23july.bag,/home/aryaman/23july.bag,sqlite3,2026-07-23T21:03:07.639+05:30,71.541545,1135406,/mavros/camera/image_captured,mavros_msgs/msg/CameraImageCaptured,0,0.0
23july.bag,/home/aryaman/23july.bag,sqlite3,2026-07-23T21:03:07.639+05:30,71.541545,1135406,/mavros/log_transfer/raw/log_data,mavros_msgs/msg/LogData,0,0.0
23july.bag,/home/aryaman/23july.bag,sqlite3,2026-07-23T21:03:07.639+05:30,71.541545,1135406,/mavros/global_position/raw/fix,sensor_msgs/msg/NavSatFix,71,0.99243
23july.bag,/home/aryaman/23july.bag,sqlite3,2026-07-23T21:03:07.639+05:30,71.541545,1135406,/mavros/gps_rtk/rtk_baseline,mavros_msgs/msg/RTKBaseline,0,0.0
23july.bag,/home/aryaman/23july.bag,sqlite3,2026-07-23T21:03:07.639+05:30,71.541545,1135406,/mavros/tunnel/out,mavros_msgs/msg/Tunnel,0,0.0
23july.bag,/home/aryaman/23july.bag,sqlite3,2026-07-23T21:03:07.639+05:30,71.541545,1135406,/genz/trajectory,nav_msgs/msg/Path,796,11.126402
23july.bag,/home/aryaman/23july.bag,sqlite3,2026-07-23T21:03:07.639+05:30,71.541545,1135406,/mavros/mount_control/orientation,geometry_msgs/msg/Quaternion,0,0.0
23july.bag,/home/aryaman/23july.bag,sqlite3,2026-07-23T21:03:07.639+05:30,71.541545,1135406,/initialpose,geometry_msgs/msg/PoseWithCovarianceStamped,0,0.0
23july.bag,/home/aryaman/23july.bag,sqlite3,2026-07-23T21:03:07.639+05:30,71.541545,1135406,/map,nav_msgs/msg/OccupancyGrid,478,6.681432
23july.bag,/home/aryaman/23july.bag,sqlite3,2026-07-23T21:03:07.639+05:30,71.541545,1135406,/mavros/setpoint_trajectory/desired,nav_msgs/msg/Path,0,0.0
23july.bag,/home/aryaman/23july.bag,sqlite3,2026-07-23T21:03:07.639+05:30,71.541545,1135406,/waypoint_follower/transition_event,lifecycle_msgs/msg/TransitionEvent,0,0.0
23july.bag,/home/aryaman/23july.bag,sqlite3,2026-07-23T21:03:07.639+05:30,71.541545,1135406,/mavros/optical_flow/ground_distance,sensor_msgs/msg/Range,0,0.0
23july.bag,/home/aryaman/23july.bag,sqlite3,2026-07-23T21:03:07.639+05:30,71.541545,1135406,/mavros/adsb/vehicle,mavros_msgs/msg/ADSBVehicle,0,0.0
23july.bag,/home/aryaman/23july.bag,sqlite3,2026-07-23T21:03:07.639+05:30,71.541545,1135406,/mavros/state,mavros_msgs/msg/State,82,1.146187
23july.bag,/home/aryaman/23july.bag,sqlite3,2026-07-23T21:03:07.639+05:30,71.541545,1135406,/mavros/time_reference,sensor_msgs/msg/TimeReference,28651,400.480589
23july.bag,/home/aryaman/23july.bag,sqlite3,2026-07-23T21:03:07.639+05:30,71.541545,1135406,/mavros/local_position/velocity_body_cov,geometry_msgs/msg/TwistWithCovarianceStamped,0,0.0
23july.bag,/home/aryaman/23july.bag,sqlite3,2026-07-23T21:03:07.639+05:30,71.541545,1135406,/mavros/radio_status,mavros_msgs/msg/RadioStatus,0,0.0
23july.bag,/home/aryaman/23july.bag,sqlite3,2026-07-23T21:03:07.639+05:30,71.541545,1135406,/rosout,rcl_interfaces/msg/Log,5961,83.322215
23july.bag,/home/aryaman/23july.bag,sqlite3,2026-07-23T21:03:07.639+05:30,71.541545,1135406,/ground,sensor_msgs/msg/PointCloud2,796,11.126402
23july.bag,/home/aryaman/23july.bag,sqlite3,2026-07-23T21:03:07.639+05:30,71.541545,1135406,/mavros/rangefinder_pub,sensor_msgs/msg/Range,0,0.0
23july.bag,/home/aryaman/23july.bag,sqlite3,2026-07-23T21:03:07.639+05:30,71.541545,1135406,/mavros/param/event,mavros_msgs/msg/ParamEvent,0,0.0
23july.bag,/home/aryaman/23july.bag,sqlite3,2026-07-23T21:03:07.639+05:30,71.541545,1135406,/slam_toolbox/update,visualization_msgs/msg/InteractiveMarkerUpdate,0,0.0
23july.bag,/home/aryaman/23july.bag,sqlite3,2026-07-23T21:03:07.639+05:30,71.541545,1135406,/bt_navigator/transition_event,lifecycle_msgs/msg/TransitionEvent,0,0.0
23july.bag,/home/aryaman/23july.bag,sqlite3,2026-07-23T21:03:07.639+05:30,71.541545,1135406,/mavros/mag_calibration/status,std_msgs/msg/UInt8,0,0.0
23july.bag,/home/aryaman/23july.bag,sqlite3,2026-07-23T21:03:07.639+05:30,71.541545,1135406,/mavros/log_transfer/raw/log_entry,mavros_msgs/msg/LogEntry,0,0.0
23july.bag,/home/aryaman/23july.bag,sqlite3,2026-07-23T21:03:07.639+05:30,71.541545,1135406,/mavros/local_position/velocity_local,geometry_msgs/msg/TwistStamped,28670,400.746169
23july.bag,/home/aryaman/23july.bag,sqlite3,2026-07-23T21:03:07.639+05:30,71.541545,1135406,/mavros/setpoint_raw/target_local,mavros_msgs/msg/PositionTarget,0,0.0
23july.bag,/home/aryaman/23july.bag,sqlite3,2026-07-23T21:03:07.639+05:30,71.541545,1135406,/plan,nav_msgs/msg/Path,108,1.509612
23july.bag,/home/aryaman/23july.bag,sqlite3,2026-07-23T21:03:07.639+05:30,71.541545,1135406,/mavros/timesync_status,mavros_msgs/msg/TimesyncStatus,715,9.994193
23july.bag,/home/aryaman/23july.bag,sqlite3,2026-07-23T21:03:07.639+05:30,71.541545,1135406,/mavros/local_position/odom,nav_msgs/msg/Odometry,28669,400.732191
23july.bag,/home/aryaman/23july.bag,sqlite3,2026-07-23T21:03:07.639+05:30,71.541545,1135406,/mavros/local_position/accel,geometry_msgs/msg/AccelWithCovarianceStamped,0,0.0
23july.bag,/home/aryaman/23july.bag,sqlite3,2026-07-23T21:03:07.639+05:30,71.541545,1135406,/mavros/imu/temperature_imu,sensor_msgs/msg/Temperature,0,0.0
23july.bag,/home/aryaman/23july.bag,sqlite3,2026-07-23T21:03:07.639+05:30,71.541545,1135406,/mavros/imu/temperature_baro,sensor_msgs/msg/Temperature,28665,400.67628
23july.bag,/home/aryaman/23july.bag,sqlite3,2026-07-23T21:03:07.639+05:30,71.541545,1135406,/mavros/imu/static_pressure,sensor_msgs/msg/FluidPressure,28665,400.67628
23july.bag,/home/aryaman/23july.bag,sqlite3,2026-07-23T21:03:07.639+05:30,71.541545,1135406,/mavros/gpsstatus/gps2/rtk,mavros_msgs/msg/GPSRTK,0,0.0
23july.bag,/home/aryaman/23july.bag,sqlite3,2026-07-23T21:03:07.639+05:30,71.541545,1135406,/mavros/imu/data_raw,sensor_msgs/msg/Imu,28665,400.67628
23july.bag,/home/aryaman/23july.bag,sqlite3,2026-07-23T21:03:07.639+05:30,71.541545,1135406,/mavros/gpsstatus/gps1/rtk,mavros_msgs/msg/GPSRTK,0,0.0
23july.bag,/home/aryaman/23july.bag,sqlite3,2026-07-23T21:03:07.639+05:30,71.541545,1135406,/mavros/gpsstatus/gps2/raw,mavros_msgs/msg/GPSRAW,71,0.99243
23july.bag,/home/aryaman/23july.bag,sqlite3,2026-07-23T21:03:07.639+05:30,71.541545,1135406,/local_costmap/published_footprint,geometry_msgs/msg/PolygonStamped,1430,19.988386
23july.bag,/home/aryaman/23july.bag,sqlite3,2026-07-23T21:03:07.639+05:30,71.541545,1135406,/velocity_smoother/transition_event,lifecycle_msgs/msg/TransitionEvent,0,0.0
23july.bag,/home/aryaman/23july.bag,sqlite3,2026-07-23T21:03:07.639+05:30,71.541545,1135406,/mavros/gimbal_control/manager/info,mavros_msgs/msg/GimbalManagerInformation,0,0.0
23july.bag,/home/aryaman/23july.bag,sqlite3,2026-07-23T21:03:07.639+05:30,71.541545,1135406,/mavros/extended_state,mavros_msgs/msg/ExtendedState,0,0.0
23july.bag,/home/aryaman/23july.bag,sqlite3,2026-07-23T21:03:07.639+05:30,71.541545,1135406,/cmd_vel,geometry_msgs/msg/Twist,1323,18.492751
23july.bag,/home/aryaman/23july.bag,sqlite3,2026-07-23T21:03:07.639+05:30,71.541545,1135406,/mavros/setpoint_raw/target_attitude,mavros_msgs/msg/AttitudeTarget,0,0.0
23july.bag,/home/aryaman/23july.bag,sqlite3,2026-07-23T21:03:07.639+05:30,71.541545,1135406,/mavros/mission/waypoints,mavros_msgs/msg/WaypointList,1,0.013978
23july.bag,/home/aryaman/23july.bag,sqlite3,2026-07-23T21:03:07.639+05:30,71.541545,1135406,/goal_pose,geometry_msgs/msg/PoseStamped,0,0.0
23july.bag,/home/aryaman/23july.bag,sqlite3,2026-07-23T21:03:07.639+05:30,71.541545,1135406,/smoother_server/transition_event,lifecycle_msgs/msg/TransitionEvent,0,0.0
23july.bag,/home/aryaman/23july.bag,sqlite3,2026-07-23T21:03:07.639+05:30,71.541545,1135406,/mavros/mission/reached,mavros_msgs/msg/WaypointReached,0,0.0
23july.bag,/home/aryaman/23july.bag,sqlite3,2026-07-23T21:03:07.639+05:30,71.541545,1135406,/plan_smoothed,nav_msgs/msg/Path,0,0.0
23july.bag,/home/aryaman/23july.bag,sqlite3,2026-07-23T21:03:07.639+05:30,71.541545,1135406,/mavros/vfr_hud,mavros_msgs/msg/VfrHud,28675,400.816058
23july.bag,/home/aryaman/23july.bag,sqlite3,2026-07-23T21:03:07.639+05:30,71.541545,1135406,/bf_lidar/diagnostic_out,diagnostic_msgs/msg/DiagnosticStatus,797,11.14038
23july.bag,/home/aryaman/23july.bag,sqlite3,2026-07-23T21:03:07.639+05:30,71.541545,1135406,/local_costmap/costmap_raw,nav2_msgs/msg/Costmap,552,7.715796
23july.bag,/home/aryaman/23july.bag,sqlite3,2026-07-23T21:03:07.639+05:30,71.541545,1135406,/local_costmap/local_costmap/transition_event,lifecycle_msgs/msg/TransitionEvent,0,0.0
23july.bag,/home/aryaman/23july.bag,sqlite3,2026-07-23T21:03:07.639+05:30,71.541545,1135406,/genz/local_map,sensor_msgs/msg/PointCloud2,796,11.126402
23july.bag,/home/aryaman/23july.bag,sqlite3,2026-07-23T21:03:07.639+05:30,71.541545,1135406,/waypoints,visualization_msgs/msg/MarkerArray,0,0.0
23july.bag,/home/aryaman/23july.bag,sqlite3,2026-07-23T21:03:07.639+05:30,71.541545,1135406,/mavros/rangefinder/rangefinder,sensor_msgs/msg/Range,0,0.0
23july.bag,/home/aryaman/23july.bag,sqlite3,2026-07-23T21:03:07.639+05:30,71.541545,1135406,/mavros/mag_calibration/report,mavros_msgs/msg/MagnetometerReporter,0,0.0
23july.bag,/home/aryaman/23july.bag,sqlite3,2026-07-23T21:03:07.639+05:30,71.541545,1135406,/mavros/gimbal_control/device/attitude_status,mavros_msgs/msg/GimbalDeviceAttitudeStatus,28654,400.522523
23july.bag,/home/aryaman/23july.bag,sqlite3,2026-07-23T21:03:07.639+05:30,71.541545,1135406,/bond,bond/msg/Status,9996,139.72301
23july.bag,/home/aryaman/23july.bag,sqlite3,2026-07-23T21:03:07.639+05:30,71.541545,1135406,/mavros/manual_control/control,mavros_msgs/msg/ManualControl,0,0.0
23july.bag,/home/aryaman/23july.bag,sqlite3,2026-07-23T21:03:07.639+05:30,71.541545,1135406,/mavros/status_event,mavros_msgs/msg/StatusEvent,0,0.0
23july.bag,/home/aryaman/23july.bag,sqlite3,2026-07-23T21:03:07.639+05:30,71.541545,1135406,/mavros/setpoint_raw/target_global,mavros_msgs/msg/GlobalPositionTarget,0,0.0
23july.bag,/home/aryaman/23july.bag,sqlite3,2026-07-23T21:03:07.639+05:30,71.541545,1135406,/controller_server/transition_event,lifecycle_msgs/msg/TransitionEvent,0,0.0
23july.bag,/home/aryaman/23july.bag,sqlite3,2026-07-23T21:03:07.639+05:30,71.541545,1135406,/bf_lidar/point_cloud_out,sensor_msgs/msg/PointCloud2,796,11.126402
23july.bag,/home/aryaman/23july.bag,sqlite3,2026-07-23T21:03:07.639+05:30,71.541545,1135406,/mavros/imu/mag,sensor_msgs/msg/MagneticField,28651,400.480589
23july.bag,/home/aryaman/23july.bag,sqlite3,2026-07-23T21:03:07.639+05:30,71.541545,1135406,/mavros/battery,sensor_msgs/msg/BatteryState,71,0.99243
23july.bag,/home/aryaman/23july.bag,sqlite3,2026-07-23T21:03:07.639+05:30,71.541545,1135406,/mavros/geofence/fences,mavros_msgs/msg/WaypointList,1,0.013978
23july.bag,/home/aryaman/23july.bag,sqlite3,2026-07-23T21:03:07.639+05:30,71.541545,1135406,/mavros/esc_status/info,mavros_msgs/msg/ESCInfo,0,0.0
23july.bag,/home/aryaman/23july.bag,sqlite3,2026-07-23T21:03:07.639+05:30,71.541545,1135406,/global_costmap/published_footprint,geometry_msgs/msg/PolygonStamped,165,2.306352
23july.bag,/home/aryaman/23july.bag,sqlite3,2026-07-23T21:03:07.639+05:30,71.541545,1135406,/mavros/global_position/raw/satellites,std_msgs/msg/UInt32,71,0.99243
23july.bag,/home/aryaman/23july.bag,sqlite3,2026-07-23T21:03:07.639+05:30,71.541545,1135406,/cmd_vel_nav,geometry_msgs/msg/Twist,1267,17.709989
23july.bag,/home/aryaman/23july.bag,sqlite3,2026-07-23T21:03:07.639+05:30,71.541545,1135406,/mavros/rc/override,mavros_msgs/msg/OverrideRCIn,1829,25.565565
23july.bag,/home/aryaman/23july.bag,sqlite3,2026-07-23T21:03:07.639+05:30,71.541545,1135406,/mavros/imu/diff_pressure,sensor_msgs/msg/FluidPressure,28649,400.452633
23july.bag,/home/aryaman/23july.bag,sqlite3,2026-07-23T21:03:07.639+05:30,71.541545,1135406,/mavros/gimbal_control/device/info,mavros_msgs/msg/GimbalDeviceInformation,0,0.0
23july.bag,/home/aryaman/23july.bag,sqlite3,2026-07-23T21:03:07.639+05:30,71.541545,1135406,/mavros/odometry/in,nav_msgs/msg/Odometry,0,0.0
23july.bag,/home/aryaman/23july.bag,sqlite3,2026-07-23T21:03:07.639+05:30,71.541545,1135406,/mavros/gpsstatus/gps1/raw,mavros_msgs/msg/GPSRAW,71,0.99243
23july.bag,/home/aryaman/23july.bag,sqlite3,2026-07-23T21:03:07.639+05:30,71.541545,1135406,/mavros/global_position/gp_origin,geographic_msgs/msg/GeoPointStamped,1,0.013978
23july.bag,/home/aryaman/23july.bag,sqlite3,2026-07-23T21:03:07.639+05:30,71.541545,1135406,/mavros/global_position/compass_hdg,std_msgs/msg/Float64,28646,400.4107
23july.bag,/home/aryaman/23july.bag,sqlite3,2026-07-23T21:03:07.639+05:30,71.541545,1135406,/received_global_plan,nav_msgs/msg/Path,1257,17.57021
23july.bag,/home/aryaman/23july.bag,sqlite3,2026-07-23T21:03:07.639+05:30,71.541545,1135406,/behavior_tree_log,nav2_msgs/msg/BehaviorTreeLog,203,2.837512
23july1.bag,/home/aryaman/23july1.bag,sqlite3,2026-07-23T21:17:04.323+05:30,68.573872,1082185,/target_explorer/candidate_goals,visualization_msgs/msg/MarkerArray,6,0.087497
23july1.bag,/home/aryaman/23july1.bag,sqlite3,2026-07-23T21:17:04.323+05:30,68.573872,1082185,/global_costmap/costmap_updates,map_msgs/msg/OccupancyGridUpdate,0,0.0
23july1.bag,/home/aryaman/23july1.bag,sqlite3,2026-07-23T21:17:04.323+05:30,68.573872,1082185,/planner_server/transition_event,lifecycle_msgs/msg/TransitionEvent,0,0.0
23july1.bag,/home/aryaman/23july1.bag,sqlite3,2026-07-23T21:17:04.323+05:30,68.573872,1082185,/global_costmap/costmap,nav_msgs/msg/OccupancyGrid,80,1.166625
23july1.bag,/home/aryaman/23july1.bag,sqlite3,2026-07-23T21:17:04.323+05:30,68.573872,1082185,/mavros/home_position/home,mavros_msgs/msg/HomePosition,1,0.014583
23july1.bag,/home/aryaman/23july1.bag,sqlite3,2026-07-23T21:17:04.323+05:30,68.573872,1082185,/genz/non_planar_points,sensor_msgs/msg/PointCloud2,761,11.097521
23july1.bag,/home/aryaman/23july1.bag,sqlite3,2026-07-23T21:17:04.323+05:30,68.573872,1082185,/bf_lidar/imu_out,sensor_msgs/msg/Imu,33325,485.972268
23july1.bag,/home/aryaman/23july1.bag,sqlite3,2026-07-23T21:17:04.323+05:30,68.573872,1082185,/local_costmap/costmap,nav_msgs/msg/OccupancyGrid,527,7.685143
23july1.bag,/home/aryaman/23july1.bag,sqlite3,2026-07-23T21:17:04.323+05:30,68.573872,1082185,/mavros/sim_state/attitude,sensor_msgs/msg/Imu,0,0.0
23july1.bag,/home/aryaman/23july1.bag,sqlite3,2026-07-23T21:17:04.323+05:30,68.573872,1082185,/mavros/global_position/compass_hdg,std_msgs/msg/Float64,27375,399.204526
23july1.bag,/home/aryaman/23july1.bag,sqlite3,2026-07-23T21:17:04.323+05:30,68.573872,1082185,/mavros/global_position/gp_origin,geographic_msgs/msg/GeoPointStamped,1,0.014583
23july1.bag,/home/aryaman/23july1.bag,sqlite3,2026-07-23T21:17:04.323+05:30,68.573872,1082185,/mavros/optical_flow/ground_distance,sensor_msgs/msg/Range,0,0.0
23july1.bag,/home/aryaman/23july1.bag,sqlite3,2026-07-23T21:17:04.323+05:30,68.573872,1082185,/mavros/nav_controller_output/output,mavros_msgs/msg/NavControllerOutput,1,0.014583
23july1.bag,/home/aryaman/23july1.bag,sqlite3,2026-07-23T21:17:04.323+05:30,68.573872,1082185,/map_metadata,nav_msgs/msg/MapMetaData,458,6.678929
23july1.bag,/home/aryaman/23july1.bag,sqlite3,2026-07-23T21:17:04.323+05:30,68.573872,1082185,/mavros/global_position/gp_lp_offset,geometry_msgs/msg/PoseStamped,0,0.0
23july1.bag,/home/aryaman/23july1.bag,sqlite3,2026-07-23T21:17:04.323+05:30,68.573872,1082185,/mavros/rallypoint/rallypoints,mavros_msgs/msg/WaypointList,1,0.014583
23july1.bag,/home/aryaman/23july1.bag,sqlite3,2026-07-23T21:17:04.323+05:30,68.573872,1082185,/plan,nav_msgs/msg/Path,107,1.560361
23july1.bag,/home/aryaman/23july1.bag,sqlite3,2026-07-23T21:17:04.323+05:30,68.573872,1082185,/mavros/setpoint_raw/target_local,mavros_msgs/msg/PositionTarget,0,0.0
23july1.bag,/home/aryaman/23july1.bag,sqlite3,2026-07-23T21:17:04.323+05:30,68.573872,1082185,/mavros/sim_state/acceleration,geometry_msgs/msg/Vector3Stamped,0,0.0
23july1.bag,/home/aryaman/23july1.bag,sqlite3,2026-07-23T21:17:04.323+05:30,68.573872,1082185,/mavros/sim_state/velocity_local,geometry_msgs/msg/TwistStamped,0,0.0
23july1.bag,/home/aryaman/23july1.bag,sqlite3,2026-07-23T21:17:04.323+05:30,68.573872,1082185,/mavros/statustext/recv,mavros_msgs/msg/StatusText,0,0.0
23july1.bag,/home/aryaman/23july1.bag,sqlite3,2026-07-23T21:17:04.323+05:30,68.573872,1082185,/tf,tf2_msgs/msg/TFMessage,2631,38.367383
23july1.bag,/home/aryaman/23july1.bag,sqlite3,2026-07-23T21:17:04.323+05:30,68.573872,1082185,/mavros/rc/in,mavros_msgs/msg/RCIn,27411,399.729508
23july1.bag,/home/aryaman/23july1.bag,sqlite3,2026-07-23T21:17:04.323+05:30,68.573872,1082185,/mavros/wind_estimation,geometry_msgs/msg/TwistWithCovarianceStamped,0,0.0
23july1.bag,/home/aryaman/23july1.bag,sqlite3,2026-07-23T21:17:04.323+05:30,68.573872,1082185,/mavros/local_position/odom,nav_msgs/msg/Odometry,27406,399.656593
23july1.bag,/home/aryaman/23july1.bag,sqlite3,2026-07-23T21:17:04.323+05:30,68.573872,1082185,/mavros/timesync_status,mavros_msgs/msg/TimesyncStatus,686,10.00381
23july1.bag,/home/aryaman/23july1.bag,sqlite3,2026-07-23T21:17:04.323+05:30,68.573872,1082185,/initialpose,geometry_msgs/msg/PoseWithCovarianceStamped,0,0.0
23july1.bag,/home/aryaman/23july1.bag,sqlite3,2026-07-23T21:17:04.323+05:30,68.573872,1082185,/mavros/log_transfer/raw/log_entry,mavros_msgs/msg/LogEntry,0,0.0
23july1.bag,/home/aryaman/23july1.bag,sqlite3,2026-07-23T21:17:04.323+05:30,68.573872,1082185,/mavros/terrain/report,mavros_msgs/msg/TerrainReport,0,0.0
23july1.bag,/home/aryaman/23july1.bag,sqlite3,2026-07-23T21:17:04.323+05:30,68.573872,1082185,/mavros/esc_telemetry/telemetry,mavros_msgs/msg/ESCTelemetry,0,0.0
23july1.bag,/home/aryaman/23july1.bag,sqlite3,2026-07-23T21:17:04.323+05:30,68.573872,1082185,/cloud,sensor_msgs/msg/PointCloud2,0,0.0
23july1.bag,/home/aryaman/23july1.bag,sqlite3,2026-07-23T21:17:04.323+05:30,68.573872,1082185,/mavros/trajectory/desired,mavros_msgs/msg/Trajectory,0,0.0
23july1.bag,/home/aryaman/23july1.bag,sqlite3,2026-07-23T21:17:04.323+05:30,68.573872,1082185,/clicked_point,geometry_msgs/msg/PointStamped,0,0.0
23july1.bag,/home/aryaman/23july1.bag,sqlite3,2026-07-23T21:17:04.323+05:30,68.573872,1082185,/mavros/global_position/local,nav_msgs/msg/Odometry,27399,399.554514
23july1.bag,/home/aryaman/23july1.bag,sqlite3,2026-07-23T21:17:04.323+05:30,68.573872,1082185,/mavros/sim_state/velocity_body,geometry_msgs/msg/TwistStamped,0,0.0
23july1.bag,/home/aryaman/23july1.bag,sqlite3,2026-07-23T21:17:04.323+05:30,68.573872,1082185,/nonground,sensor_msgs/msg/PointCloud2,764,11.14127
23july1.bag,/home/aryaman/23july1.bag,sqlite3,2026-07-23T21:17:04.323+05:30,68.573872,1082185,/mavros/global_position/rel_alt,std_msgs/msg/Float64,27415,399.787839
23july1.bag,/home/aryaman/23july1.bag,sqlite3,2026-07-23T21:17:04.323+05:30,68.573872,1082185,/odometry/filtered,nav_msgs/msg/Odometry,2056,29.982265
23july1.bag,/home/aryaman/23july1.bag,sqlite3,2026-07-23T21:17:04.323+05:30,68.573872,1082185,/target_explorer/selected_goal,geometry_msgs/msg/PoseStamped,6,0.087497
23july1.bag,/home/aryaman/23july1.bag,sqlite3,2026-07-23T21:17:04.323+05:30,68.573872,1082185,/slam_toolbox/graph_visualization,visualization_msgs/msg/MarkerArray,0,0.0
23july1.bag,/home/aryaman/23july1.bag,sqlite3,2026-07-23T21:17:04.323+05:30,68.573872,1082185,/mavros/mag_calibration/status,std_msgs/msg/UInt8,0,0.0
23july1.bag,/home/aryaman/23july1.bag,sqlite3,2026-07-23T21:17:04.323+05:30,68.573872,1082185,/genz/odometry,nav_msgs/msg/Odometry,761,11.097521
23july1.bag,/home/aryaman/23july1.bag,sqlite3,2026-07-23T21:17:04.323+05:30,68.573872,1082185,/tf_static,tf2_msgs/msg/TFMessage,4,0.058331
23july1.bag,/home/aryaman/23july1.bag,sqlite3,2026-07-23T21:17:04.323+05:30,68.573872,1082185,/uas1/mavlink_source,mavros_msgs/msg/Mavlink,484568,7066.364891
23july1.bag,/home/aryaman/23july1.bag,sqlite3,2026-07-23T21:17:04.323+05:30,68.573872,1082185,/mavros/cam_imu_sync/cam_imu_stamp,mavros_msgs/msg/CamIMUStamp,0,0.0
23july1.bag,/home/aryaman/23july1.bag,sqlite3,2026-07-23T21:17:04.323+05:30,68.573872,1082185,/mavros/local_position/accel,geometry_msgs/msg/AccelWithCovarianceStamped,0,0.0
23july1.bag,/home/aryaman/23july1.bag,sqlite3,2026-07-23T21:17:04.323+05:30,68.573872,1082185,/diagnostics,diagnostic_msgs/msg/DiagnosticArray,344,5.016488
23july1.bag,/home/aryaman/23july1.bag,sqlite3,2026-07-23T21:17:04.323+05:30,68.573872,1082185,/mavros/sys_status,mavros_msgs/msg/SysStatus,78,1.137459
23july1.bag,/home/aryaman/23july1.bag,sqlite3,2026-07-23T21:17:04.323+05:30,68.573872,1082185,/lookahead_point,geometry_msgs/msg/PointStamped,1107,16.143175
23july1.bag,/home/aryaman/23july1.bag,sqlite3,2026-07-23T21:17:04.323+05:30,68.573872,1082185,/events/write_split,rosbag2_interfaces/msg/WriteSplitEvent,0,0.0
23july1.bag,/home/aryaman/23july1.bag,sqlite3,2026-07-23T21:17:04.323+05:30,68.573872,1082185,/mavros/optical_flow/raw/optical_flow,mavros_msgs/msg/OpticalFlow,0,0.0
23july1.bag,/home/aryaman/23july1.bag,sqlite3,2026-07-23T21:17:04.323+05:30,68.573872,1082185,/scan,sensor_msgs/msg/LaserScan,764,11.14127
23july1.bag,/home/aryaman/23july1.bag,sqlite3,2026-07-23T21:17:04.323+05:30,68.573872,1082185,/slam_toolbox/scan_visualization,sensor_msgs/msg/LaserScan,0,0.0
23july1.bag,/home/aryaman/23july1.bag,sqlite3,2026-07-23T21:17:04.323+05:30,68.573872,1082185,/mavros/landing_target/lt_marker,geometry_msgs/msg/Vector3Stamped,0,0.0
23july1.bag,/home/aryaman/23july1.bag,sqlite3,2026-07-23T21:17:04.323+05:30,68.573872,1082185,/mavros/local_position/velocity_local,geometry_msgs/msg/TwistStamped,27406,399.656593
23july1.bag,/home/aryaman/23july1.bag,sqlite3,2026-07-23T21:17:04.323+05:30,68.573872,1082185,/mavros/local_position/pose,geometry_msgs/msg/PoseStamped,27406,399.656593
23july1.bag,/home/aryaman/23july1.bag,sqlite3,2026-07-23T21:17:04.323+05:30,68.573872,1082185,/mavros/landing_target/pose_in,geometry_msgs/msg/PoseStamped,0,0.0
23july1.bag,/home/aryaman/23july1.bag,sqlite3,2026-07-23T21:17:04.323+05:30,68.573872,1082185,/mavros/state,mavros_msgs/msg/State,79,1.152042
23july1.bag,/home/aryaman/23july1.bag,sqlite3,2026-07-23T21:17:04.323+05:30,68.573872,1082185,/mavros/time_reference,sensor_msgs/msg/TimeReference,27401,399.583679
23july1.bag,/home/aryaman/23july1.bag,sqlite3,2026-07-23T21:17:04.323+05:30,68.573872,1082185,/mavros/tunnel/out,mavros_msgs/msg/Tunnel,0,0.0
23july1.bag,/home/aryaman/23july1.bag,sqlite3,2026-07-23T21:17:04.323+05:30,68.573872,1082185,/map,nav_msgs/msg/OccupancyGrid,458,6.678929
23july1.bag,/home/aryaman/23july1.bag,sqlite3,2026-07-23T21:17:04.323+05:30,68.573872,1082185,/mavros/setpoint_trajectory/desired,nav_msgs/msg/Path,0,0.0
23july1.bag,/home/aryaman/23july1.bag,sqlite3,2026-07-23T21:17:04.323+05:30,68.573872,1082185,/waypoint_follower/transition_event,lifecycle_msgs/msg/TransitionEvent,0,0.0
23july1.bag,/home/aryaman/23july1.bag,sqlite3,2026-07-23T21:17:04.323+05:30,68.573872,1082185,/mavros/adsb/vehicle,mavros_msgs/msg/ADSBVehicle,0,0.0
23july1.bag,/home/aryaman/23july1.bag,sqlite3,2026-07-23T21:17:04.323+05:30,68.573872,1082185,/pose,geometry_msgs/msg/PoseWithCovarianceStamped,299,4.360261
23july1.bag,/home/aryaman/23july1.bag,sqlite3,2026-07-23T21:17:04.323+05:30,68.573872,1082185,/mavros/esc_status/status,mavros_msgs/msg/ESCStatus,0,0.0
23july1.bag,/home/aryaman/23july1.bag,sqlite3,2026-07-23T21:17:04.323+05:30,68.573872,1082185,/mavros/local_position/velocity_body_cov,geometry_msgs/msg/TwistWithCovarianceStamped,0,0.0
23july1.bag,/home/aryaman/23july1.bag,sqlite3,2026-07-23T21:17:04.323+05:30,68.573872,1082185,/mavros/radio_status,mavros_msgs/msg/RadioStatus,0,0.0
23july1.bag,/home/aryaman/23july1.bag,sqlite3,2026-07-23T21:17:04.323+05:30,68.573872,1082185,/mavros/rangefinder_pub,sensor_msgs/msg/Range,0,0.0
23july1.bag,/home/aryaman/23july1.bag,sqlite3,2026-07-23T21:17:04.323+05:30,68.573872,1082185,/mavros/param/event,mavros_msgs/msg/ParamEvent,0,0.0
23july1.bag,/home/aryaman/23july1.bag,sqlite3,2026-07-23T21:17:04.323+05:30,68.573872,1082185,/slam_toolbox/update,visualization_msgs/msg/InteractiveMarkerUpdate,0,0.0
23july1.bag,/home/aryaman/23july1.bag,sqlite3,2026-07-23T21:17:04.323+05:30,68.573872,1082185,/bt_navigator/transition_event,lifecycle_msgs/msg/TransitionEvent,0,0.0
23july1.bag,/home/aryaman/23july1.bag,sqlite3,2026-07-23T21:17:04.323+05:30,68.573872,1082185,/rosout,rcl_interfaces/msg/Log,5090,74.226522
23july1.bag,/home/aryaman/23july1.bag,sqlite3,2026-07-23T21:17:04.323+05:30,68.573872,1082185,/ground,sensor_msgs/msg/PointCloud2,763,11.126687
23july1.bag,/home/aryaman/23july1.bag,sqlite3,2026-07-23T21:17:04.323+05:30,68.573872,1082185,/mavros/camera/image_captured,mavros_msgs/msg/CameraImageCaptured,0,0.0
23july1.bag,/home/aryaman/23july1.bag,sqlite3,2026-07-23T21:17:04.323+05:30,68.573872,1082185,/mavros/log_transfer/raw/log_data,mavros_msgs/msg/LogData,0,0.0
23july1.bag,/home/aryaman/23july1.bag,sqlite3,2026-07-23T21:17:04.323+05:30,68.573872,1082185,/mavros/gps_rtk/rtk_baseline,mavros_msgs/msg/RTKBaseline,0,0.0
23july1.bag,/home/aryaman/23july1.bag,sqlite3,2026-07-23T21:17:04.323+05:30,68.573872,1082185,/mavros/global_position/raw/fix,sensor_msgs/msg/NavSatFix,68,0.991631
23july1.bag,/home/aryaman/23july1.bag,sqlite3,2026-07-23T21:17:04.323+05:30,68.573872,1082185,/mavros/imu/temperature_imu,sensor_msgs/msg/Temperature,0,0.0
23july1.bag,/home/aryaman/23july1.bag,sqlite3,2026-07-23T21:17:04.323+05:30,68.573872,1082185,/mavros/imu/temperature_baro,sensor_msgs/msg/Temperature,27405,399.642011
23july1.bag,/home/aryaman/23july1.bag,sqlite3,2026-07-23T21:17:04.323+05:30,68.573872,1082185,/mavros/imu/static_pressure,sensor_msgs/msg/FluidPressure,27404,399.627428
23july1.bag,/home/aryaman/23july1.bag,sqlite3,2026-07-23T21:17:04.323+05:30,68.573872,1082185,/mavros/gpsstatus/gps2/rtk,mavros_msgs/msg/GPSRTK,0,0.0
23july1.bag,/home/aryaman/23july1.bag,sqlite3,2026-07-23T21:17:04.323+05:30,68.573872,1082185,/mavros/imu/data_raw,sensor_msgs/msg/Imu,27404,399.627428
23july1.bag,/home/aryaman/23july1.bag,sqlite3,2026-07-23T21:17:04.323+05:30,68.573872,1082185,/mavros/gpsstatus/gps1/rtk,mavros_msgs/msg/GPSRTK,0,0.0
23july1.bag,/home/aryaman/23july1.bag,sqlite3,2026-07-23T21:17:04.323+05:30,68.573872,1082185,/mavros/gpsstatus/gps2/raw,mavros_msgs/msg/GPSRAW,68,0.991631
23july1.bag,/home/aryaman/23july1.bag,sqlite3,2026-07-23T21:17:04.323+05:30,68.573872,1082185,/genz/planar_points,sensor_msgs/msg/PointCloud2,762,11.112104
23july1.bag,/home/aryaman/23july1.bag,sqlite3,2026-07-23T21:17:04.323+05:30,68.573872,1082185,/mavros/global_position/global,sensor_msgs/msg/NavSatFix,27402,399.598262
23july1.bag,/home/aryaman/23july1.bag,sqlite3,2026-07-23T21:17:04.323+05:30,68.573872,1082185,/lookahead_collision_arc,nav_msgs/msg/Path,1107,16.143175
23july1.bag,/home/aryaman/23july1.bag,sqlite3,2026-07-23T21:17:04.323+05:30,68.573872,1082185,/local_costmap/published_footprint,geometry_msgs/msg/PolygonStamped,1370,19.978455
23july1.bag,/home/aryaman/23july1.bag,sqlite3,2026-07-23T21:17:04.323+05:30,68.573872,1082185,/velocity_smoother/transition_event,lifecycle_msgs/msg/TransitionEvent,0,0.0
23july1.bag,/home/aryaman/23july1.bag,sqlite3,2026-07-23T21:17:04.323+05:30,68.573872,1082185,/mavros/gimbal_control/manager/info,mavros_msgs/msg/GimbalManagerInformation,0,0.0
23july1.bag,/home/aryaman/23july1.bag,sqlite3,2026-07-23T21:17:04.323+05:30,68.573872,1082185,/mavros/extended_state,mavros_msgs/msg/ExtendedState,0,0.0
23july1.bag,/home/aryaman/23july1.bag,sqlite3,2026-07-23T21:17:04.323+05:30,68.573872,1082185,/cmd_vel,geometry_msgs/msg/Twist,1238,18.053523
23july1.bag,/home/aryaman/23july1.bag,sqlite3,2026-07-23T21:17:04.323+05:30,68.573872,1082185,/mavros/setpoint_raw/target_attitude,mavros_msgs/msg/AttitudeTarget,0,0.0
23july1.bag,/home/aryaman/23july1.bag,sqlite3,2026-07-23T21:17:04.323+05:30,68.573872,1082185,/mavros/mission/waypoints,mavros_msgs/msg/WaypointList,1,0.014583
23july1.bag,/home/aryaman/23july1.bag,sqlite3,2026-07-23T21:17:04.323+05:30,68.573872,1082185,/smoother_server/transition_event,lifecycle_msgs/msg/TransitionEvent,0,0.0
23july1.bag,/home/aryaman/23july1.bag,sqlite3,2026-07-23T21:17:04.323+05:30,68.573872,1082185,/goal_pose,geometry_msgs/msg/PoseStamped,0,0.0
23july1.bag,/home/aryaman/23july1.bag,sqlite3,2026-07-23T21:17:04.323+05:30,68.573872,1082185,/mavros/mission/reached,mavros_msgs/msg/WaypointReached,0,0.0
23july1.bag,/home/aryaman/23july1.bag,sqlite3,2026-07-23T21:17:04.323+05:30,68.573872,1082185,/plan_smoothed,nav_msgs/msg/Path,0,0.0
23july1.bag,/home/aryaman/23july1.bag,sqlite3,2026-07-23T21:17:04.323+05:30,68.573872,1082185,/mavros/local_position/velocity_body,geometry_msgs/msg/TwistStamped,27372,399.160778
23july1.bag,/home/aryaman/23july1.bag,sqlite3,2026-07-23T21:17:04.323+05:30,68.573872,1082185,/move_base_simple/goal,geometry_msgs/msg/PoseStamped,0,0.0
23july1.bag,/home/aryaman/23july1.bag,sqlite3,2026-07-23T21:17:04.323+05:30,68.573872,1082185,/mavros/sim_state/global_position,sensor_msgs/msg/NavSatFix,0,0.0
23july1.bag,/home/aryaman/23july1.bag,sqlite3,2026-07-23T21:17:04.323+05:30,68.573872,1082185,/global_costmap/global_costmap/transition_event,lifecycle_msgs/msg/TransitionEvent,0,0.0
23july1.bag,/home/aryaman/23july1.bag,sqlite3,2026-07-23T21:17:04.323+05:30,68.573872,1082185,/uas1/mavlink_sink,mavros_msgs/msg/Mavlink,2630,38.3528
23july1.bag,/home/aryaman/23july1.bag,sqlite3,2026-07-23T21:17:04.323+05:30,68.573872,1082185,/mavros/imu/data,sensor_msgs/msg/Imu,27393,399.467017
23july1.bag,/home/aryaman/23july1.bag,sqlite3,2026-07-23T21:17:04.323+05:30,68.573872,1082185,/mavros/gimbal_control/manager/status,mavros_msgs/msg/GimbalManagerStatus,0,0.0
23july1.bag,/home/aryaman/23july1.bag,sqlite3,2026-07-23T21:17:04.323+05:30,68.573872,1082185,/local_costmap/local_costmap/transition_event,lifecycle_msgs/msg/TransitionEvent,0,0.0
23july1.bag,/home/aryaman/23july1.bag,sqlite3,2026-07-23T21:17:04.323+05:30,68.573872,1082185,/mavros/vfr_hud,mavros_msgs/msg/VfrHud,27414,399.773256
23july1.bag,/home/aryaman/23july1.bag,sqlite3,2026-07-23T21:17:04.323+05:30,68.573872,1082185,/local_costmap/costmap_raw,nav2_msgs/msg/Costmap,528,7.699726
23july1.bag,/home/aryaman/23july1.bag,sqlite3,2026-07-23T21:17:04.323+05:30,68.573872,1082185,/bf_lidar/diagnostic_out,diagnostic_msgs/msg/DiagnosticStatus,762,11.112104
23july1.bag,/home/aryaman/23july1.bag,sqlite3,2026-07-23T21:17:04.323+05:30,68.573872,1082185,/mavros/mount_control/status,geometry_msgs/msg/Vector3Stamped,0,0.0
23july1.bag,/home/aryaman/23july1.bag,sqlite3,2026-07-23T21:17:04.323+05:30,68.573872,1082185,/behavior_server/transition_event,lifecycle_msgs/msg/TransitionEvent,0,0.0
23july1.bag,/home/aryaman/23july1.bag,sqlite3,2026-07-23T21:17:04.323+05:30,68.573872,1082185,/mavros/local_position/pose_cov,geometry_msgs/msg/PoseWithCovarianceStamped,0,0.0
23july1.bag,/home/aryaman/23july1.bag,sqlite3,2026-07-23T21:17:04.323+05:30,68.573872,1082185,/mavros/global_position/raw/gps_vel,geometry_msgs/msg/TwistStamped,68,0.991631
23july1.bag,/home/aryaman/23july1.bag,sqlite3,2026-07-23T21:17:04.323+05:30,68.573872,1082185,/waypoints,visualization_msgs/msg/MarkerArray,0,0.0
23july1.bag,/home/aryaman/23july1.bag,sqlite3,2026-07-23T21:17:04.323+05:30,68.573872,1082185,/genz/local_map,sensor_msgs/msg/PointCloud2,762,11.112104
23july1.bag,/home/aryaman/23july1.bag,sqlite3,2026-07-23T21:17:04.323+05:30,68.573872,1082185,/mavros/rangefinder/rangefinder,sensor_msgs/msg/Range,0,0.0
23july1.bag,/home/aryaman/23july1.bag,sqlite3,2026-07-23T21:17:04.323+05:30,68.573872,1082185,/mavros/mag_calibration/report,mavros_msgs/msg/MagnetometerReporter,0,0.0
23july1.bag,/home/aryaman/23july1.bag,sqlite3,2026-07-23T21:17:04.323+05:30,68.573872,1082185,/mavros/gimbal_control/device/attitude_status,mavros_msgs/msg/GimbalDeviceAttitudeStatus,27390,399.423268
23july1.bag,/home/aryaman/23july1.bag,sqlite3,2026-07-23T21:17:04.323+05:30,68.573872,1082185,/bond,bond/msg/Status,9586,139.790853
23july1.bag,/home/aryaman/23july1.bag,sqlite3,2026-07-23T21:17:04.323+05:30,68.573872,1082185,/mavros/mount_control/orientation,geometry_msgs/msg/Quaternion,0,0.0
23july1.bag,/home/aryaman/23july1.bag,sqlite3,2026-07-23T21:17:04.323+05:30,68.573872,1082185,/genz/trajectory,nav_msgs/msg/Path,762,11.112104
23july1.bag,/home/aryaman/23july1.bag,sqlite3,2026-07-23T21:17:04.323+05:30,68.573872,1082185,/behavior_tree_log,nav2_msgs/msg/BehaviorTreeLog,174,2.53741
23july1.bag,/home/aryaman/23july1.bag,sqlite3,2026-07-23T21:17:04.323+05:30,68.573872,1082185,/received_global_plan,nav_msgs/msg/Path,1107,16.143175
23july1.bag,/home/aryaman/23july1.bag,sqlite3,2026-07-23T21:17:04.323+05:30,68.573872,1082185,/mavros/manual_control/control,mavros_msgs/msg/ManualControl,0,0.0
23july1.bag,/home/aryaman/23july1.bag,sqlite3,2026-07-23T21:17:04.323+05:30,68.573872,1082185,/mavros/status_event,mavros_msgs/msg/StatusEvent,0,0.0
23july1.bag,/home/aryaman/23july1.bag,sqlite3,2026-07-23T21:17:04.323+05:30,68.573872,1082185,/mavros/setpoint_raw/target_global,mavros_msgs/msg/GlobalPositionTarget,0,0.0
23july1.bag,/home/aryaman/23july1.bag,sqlite3,2026-07-23T21:17:04.323+05:30,68.573872,1082185,/controller_server/transition_event,lifecycle_msgs/msg/TransitionEvent,0,0.0
23july1.bag,/home/aryaman/23july1.bag,sqlite3,2026-07-23T21:17:04.323+05:30,68.573872,1082185,/bf_lidar/point_cloud_out,sensor_msgs/msg/PointCloud2,762,11.112104
23july1.bag,/home/aryaman/23july1.bag,sqlite3,2026-07-23T21:17:04.323+05:30,68.573872,1082185,/mavros/imu/mag,sensor_msgs/msg/MagneticField,27384,399.335772
23july1.bag,/home/aryaman/23july1.bag,sqlite3,2026-07-23T21:17:04.323+05:30,68.573872,1082185,/mavros/battery,sensor_msgs/msg/BatteryState,68,0.991631
23july1.bag,/home/aryaman/23july1.bag,sqlite3,2026-07-23T21:17:04.323+05:30,68.573872,1082185,/mavros/geofence/fences,mavros_msgs/msg/WaypointList,1,0.014583
23july1.bag,/home/aryaman/23july1.bag,sqlite3,2026-07-23T21:17:04.323+05:30,68.573872,1082185,/bf_lidar/point_cloud_deskewed,sensor_msgs/msg/PointCloud2,761,11.097521
23july1.bag,/home/aryaman/23july1.bag,sqlite3,2026-07-23T21:17:04.323+05:30,68.573872,1082185,/parameter_events,rcl_interfaces/msg/ParameterEvent,28,0.408319
23july1.bag,/home/aryaman/23july1.bag,sqlite3,2026-07-23T21:17:04.323+05:30,68.573872,1082185,/mavros/estimator_status,mavros_msgs/msg/EstimatorStatus,0,0.0
23july1.bag,/home/aryaman/23july1.bag,sqlite3,2026-07-23T21:17:04.323+05:30,68.573872,1082185,/local_costmap/costmap_updates,map_msgs/msg/OccupancyGridUpdate,0,0.0
23july1.bag,/home/aryaman/23july1.bag,sqlite3,2026-07-23T21:17:04.323+05:30,68.573872,1082185,/global_costmap/costmap_raw,nav2_msgs/msg/Costmap,80,1.166625
23july1.bag,/home/aryaman/23july1.bag,sqlite3,2026-07-23T21:17:04.323+05:30,68.573872,1082185,/mavros/rc/out,mavros_msgs/msg/RCOut,27381,399.292023
23july1.bag,/home/aryaman/23july1.bag,sqlite3,2026-07-23T21:17:04.323+05:30,68.573872,1082185,/mavros/esc_status/info,mavros_msgs/msg/ESCInfo,0,0.0
23july1.bag,/home/aryaman/23july1.bag,sqlite3,2026-07-23T21:17:04.323+05:30,68.573872,1082185,/global_costmap/published_footprint,geometry_msgs/msg/PolygonStamped,158,2.304085
23july1.bag,/home/aryaman/23july1.bag,sqlite3,2026-07-23T21:17:04.323+05:30,68.573872,1082185,/mavros/global_position/raw/satellites,std_msgs/msg/UInt32,68,0.991631
23july1.bag,/home/aryaman/23july1.bag,sqlite3,2026-07-23T21:17:04.323+05:30,68.573872,1082185,/cmd_vel_nav,geometry_msgs/msg/Twist,1113,16.230672
23july1.bag,/home/aryaman/23july1.bag,sqlite3,2026-07-23T21:17:04.323+05:30,68.573872,1082185,/mavros/rc/override,mavros_msgs/msg/OverrideRCIn,1808,26.365727
23july1.bag,/home/aryaman/23july1.bag,sqlite3,2026-07-23T21:17:04.323+05:30,68.573872,1082185,/mavros/imu/diff_pressure,sensor_msgs/msg/FluidPressure,27383,399.321189
23july1.bag,/home/aryaman/23july1.bag,sqlite3,2026-07-23T21:17:04.323+05:30,68.573872,1082185,/mavros/gimbal_control/device/info,mavros_msgs/msg/GimbalDeviceInformation,0,0.0
23july1.bag,/home/aryaman/23july1.bag,sqlite3,2026-07-23T21:17:04.323+05:30,68.573872,1082185,/mavros/odometry/in,nav_msgs/msg/Odometry,0,0.0
23july1.bag,/home/aryaman/23july1.bag,sqlite3,2026-07-23T21:17:04.323+05:30,68.573872,1082185,/mavros/gpsstatus/gps1/raw,mavros_msgs/msg/GPSRAW,68,0.991631
23july2.bag,/home/aryaman/23july2.bag,sqlite3,2026-07-23T21:20:26.730+05:30,140.253561,2223855,/target_explorer/candidate_goals,visualization_msgs/msg/MarkerArray,4,0.02852
23july2.bag,/home/aryaman/23july2.bag,sqlite3,2026-07-23T21:20:26.730+05:30,140.253561,2223855,/nonground,sensor_msgs/msg/PointCloud2,1470,10.481017
23july2.bag,/home/aryaman/23july2.bag,sqlite3,2026-07-23T21:20:26.730+05:30,140.253561,2223855,/mavros/sim_state/velocity_body,geometry_msgs/msg/TwistStamped,0,0.0
23july2.bag,/home/aryaman/23july2.bag,sqlite3,2026-07-23T21:20:26.730+05:30,140.253561,2223855,/move_base_simple/goal,geometry_msgs/msg/PoseStamped,0,0.0
23july2.bag,/home/aryaman/23july2.bag,sqlite3,2026-07-23T21:20:26.730+05:30,140.253561,2223855,/mavros/local_position/velocity_body,geometry_msgs/msg/TwistStamped,56762,404.709867
23july2.bag,/home/aryaman/23july2.bag,sqlite3,2026-07-23T21:20:26.730+05:30,140.253561,2223855,/mavros/sim_state/global_position,sensor_msgs/msg/NavSatFix,0,0.0
23july2.bag,/home/aryaman/23july2.bag,sqlite3,2026-07-23T21:20:26.730+05:30,140.253561,2223855,/mavros/wind_estimation,geometry_msgs/msg/TwistWithCovarianceStamped,0,0.0
23july2.bag,/home/aryaman/23july2.bag,sqlite3,2026-07-23T21:20:26.730+05:30,140.253561,2223855,/mavros/vfr_hud,mavros_msgs/msg/VfrHud,56764,404.724127
23july2.bag,/home/aryaman/23july2.bag,sqlite3,2026-07-23T21:20:26.730+05:30,140.253561,2223855,/local_costmap/costmap_raw,nav2_msgs/msg/Costmap,1058,7.54348
23july2.bag,/home/aryaman/23july2.bag,sqlite3,2026-07-23T21:20:26.730+05:30,140.253561,2223855,/bf_lidar/diagnostic_out,diagnostic_msgs/msg/DiagnosticStatus,1560,11.122712
23july2.bag,/home/aryaman/23july2.bag,sqlite3,2026-07-23T21:20:26.730+05:30,140.253561,2223855,/mavros/tunnel/out,mavros_msgs/msg/Tunnel,0,0.0
23july2.bag,/home/aryaman/23july2.bag,sqlite3,2026-07-23T21:20:26.730+05:30,140.253561,2223855,/mavros/terrain/report,mavros_msgs/msg/TerrainReport,0,0.0
23july2.bag,/home/aryaman/23july2.bag,sqlite3,2026-07-23T21:20:26.730+05:30,140.253561,2223855,/mavros/sys_status,mavros_msgs/msg/SysStatus,150,1.069492
23july2.bag,/home/aryaman/23july2.bag,sqlite3,2026-07-23T21:20:26.730+05:30,140.253561,2223855,/lookahead_point,geometry_msgs/msg/PointStamped,2061,14.694814
23july2.bag,/home/aryaman/23july2.bag,sqlite3,2026-07-23T21:20:26.730+05:30,140.253561,2223855,/mavros/statustext/recv,mavros_msgs/msg/StatusText,0,0.0
23july2.bag,/home/aryaman/23july2.bag,sqlite3,2026-07-23T21:20:26.730+05:30,140.253561,2223855,/mavros/sim_state/velocity_local,geometry_msgs/msg/TwistStamped,0,0.0
23july2.bag,/home/aryaman/23july2.bag,sqlite3,2026-07-23T21:20:26.730+05:30,140.253561,2223855,/mavros/sim_state/acceleration,geometry_msgs/msg/Vector3Stamped,0,0.0
23july2.bag,/home/aryaman/23july2.bag,sqlite3,2026-07-23T21:20:26.730+05:30,140.253561,2223855,/global_costmap/costmap_updates,map_msgs/msg/OccupancyGridUpdate,0,0.0
23july2.bag,/home/aryaman/23july2.bag,sqlite3,2026-07-23T21:20:26.730+05:30,140.253561,2223855,/planner_server/transition_event,lifecycle_msgs/msg/TransitionEvent,0,0.0
23july2.bag,/home/aryaman/23july2.bag,sqlite3,2026-07-23T21:20:26.730+05:30,140.253561,2223855,/local_costmap/local_costmap/transition_event,lifecycle_msgs/msg/TransitionEvent,0,0.0
23july2.bag,/home/aryaman/23july2.bag,sqlite3,2026-07-23T21:20:26.730+05:30,140.253561,2223855,/slam_toolbox/scan_visualization,sensor_msgs/msg/LaserScan,0,0.0
23july2.bag,/home/aryaman/23july2.bag,sqlite3,2026-07-23T21:20:26.730+05:30,140.253561,2223855,/mavros/landing_target/lt_marker,geometry_msgs/msg/Vector3Stamped,0,0.0
23july2.bag,/home/aryaman/23july2.bag,sqlite3,2026-07-23T21:20:26.730+05:30,140.253561,2223855,/scan,sensor_msgs/msg/LaserScan,1471,10.488147
23july2.bag,/home/aryaman/23july2.bag,sqlite3,2026-07-23T21:20:26.730+05:30,140.253561,2223855,/uas1/mavlink_sink,mavros_msgs/msg/Mavlink,5264,37.532024
23july2.bag,/home/aryaman/23july2.bag,sqlite3,2026-07-23T21:20:26.730+05:30,140.253561,2223855,/global_costmap/global_costmap/transition_event,lifecycle_msgs/msg/TransitionEvent,0,0.0
23july2.bag,/home/aryaman/23july2.bag,sqlite3,2026-07-23T21:20:26.730+05:30,140.253561,2223855,/mavros/global_position/raw/gps_vel,geometry_msgs/msg/TwistStamped,140,0.998192
23july2.bag,/home/aryaman/23july2.bag,sqlite3,2026-07-23T21:20:26.730+05:30,140.253561,2223855,/mavros/local_position/pose_cov,geometry_msgs/msg/PoseWithCovarianceStamped,0,0.0
23july2.bag,/home/aryaman/23july2.bag,sqlite3,2026-07-23T21:20:26.730+05:30,140.253561,2223855,/behavior_server/transition_event,lifecycle_msgs/msg/TransitionEvent,0,0.0
23july2.bag,/home/aryaman/23july2.bag,sqlite3,2026-07-23T21:20:26.730+05:30,140.253561,2223855,/local_costmap/costmap,nav_msgs/msg/OccupancyGrid,1058,7.54348
23july2.bag,/home/aryaman/23july2.bag,sqlite3,2026-07-23T21:20:26.730+05:30,140.253561,2223855,/mavros/mount_control/status,geometry_msgs/msg/Vector3Stamped,0,0.0
23july2.bag,/home/aryaman/23july2.bag,sqlite3,2026-07-23T21:20:26.730+05:30,140.253561,2223855,/mavros/rangefinder/rangefinder,sensor_msgs/msg/Range,0,0.0
23july2.bag,/home/aryaman/23july2.bag,sqlite3,2026-07-23T21:20:26.730+05:30,140.253561,2223855,/mavros/mag_calibration/report,mavros_msgs/msg/MagnetometerReporter,0,0.0
23july2.bag,/home/aryaman/23july2.bag,sqlite3,2026-07-23T21:20:26.730+05:30,140.253561,2223855,/mavros/gimbal_control/device/attitude_status,mavros_msgs/msg/GimbalDeviceAttitudeStatus,56792,404.923765
23july2.bag,/home/aryaman/23july2.bag,sqlite3,2026-07-23T21:20:26.730+05:30,140.253561,2223855,/mavros/esc_telemetry/telemetry,mavros_msgs/msg/ESCTelemetry,0,0.0
23july2.bag,/home/aryaman/23july2.bag,sqlite3,2026-07-23T21:20:26.730+05:30,140.253561,2223855,/odometry/filtered,nav_msgs/msg/Odometry,4058,28.933312
23july2.bag,/home/aryaman/23july2.bag,sqlite3,2026-07-23T21:20:26.730+05:30,140.253561,2223855,/mavros/global_position/rel_alt,std_msgs/msg/Float64,56792,404.923765
23july2.bag,/home/aryaman/23july2.bag,sqlite3,2026-07-23T21:20:26.730+05:30,140.253561,2223855,/mavros/geofence/fences,mavros_msgs/msg/WaypointList,1,0.00713
23july2.bag,/home/aryaman/23july2.bag,sqlite3,2026-07-23T21:20:26.730+05:30,140.253561,2223855,/cloud,sensor_msgs/msg/PointCloud2,0,0.0
23july2.bag,/home/aryaman/23july2.bag,sqlite3,2026-07-23T21:20:26.730+05:30,140.253561,2223855,/mavros/trajectory/desired,mavros_msgs/msg/Trajectory,0,0.0
23july2.bag,/home/aryaman/23july2.bag,sqlite3,2026-07-23T21:20:26.730+05:30,140.253561,2223855,/cmd_vel_nav,geometry_msgs/msg/Twist,2071,14.766113
23july2.bag,/home/aryaman/23july2.bag,sqlite3,2026-07-23T21:20:26.730+05:30,140.253561,2223855,/diagnostics,diagnostic_msgs/msg/DiagnosticArray,687,4.898271
23july2.bag,/home/aryaman/23july2.bag,sqlite3,2026-07-23T21:20:26.730+05:30,140.253561,2223855,/mavros/rc/override,mavros_msgs/msg/OverrideRCIn,3579,25.518069
23july2.bag,/home/aryaman/23july2.bag,sqlite3,2026-07-23T21:20:26.730+05:30,140.253561,2223855,/mavros/gimbal_control/device/info,mavros_msgs/msg/GimbalDeviceInformation,0,0.0
23july2.bag,/home/aryaman/23july2.bag,sqlite3,2026-07-23T21:20:26.730+05:30,140.253561,2223855,/mavros/odometry/in,nav_msgs/msg/Odometry,0,0.0
23july2.bag,/home/aryaman/23july2.bag,sqlite3,2026-07-23T21:20:26.730+05:30,140.253561,2223855,/mavros/gpsstatus/gps1/raw,mavros_msgs/msg/GPSRAW,140,0.998192
23july2.bag,/home/aryaman/23july2.bag,sqlite3,2026-07-23T21:20:26.730+05:30,140.253561,2223855,/mavros/imu/diff_pressure,sensor_msgs/msg/FluidPressure,56790,404.909505
23july2.bag,/home/aryaman/23july2.bag,sqlite3,2026-07-23T21:20:26.730+05:30,140.253561,2223855,/mavros/mount_control/orientation,geometry_msgs/msg/Quaternion,0,0.0
23july2.bag,/home/aryaman/23july2.bag,sqlite3,2026-07-23T21:20:26.730+05:30,140.253561,2223855,/genz/trajectory,nav_msgs/msg/Path,1480,10.552317
23july2.bag,/home/aryaman/23july2.bag,sqlite3,2026-07-23T21:20:26.730+05:30,140.253561,2223855,/mavros/cam_imu_sync/cam_imu_stamp,mavros_msgs/msg/CamIMUStamp,0,0.0
23july2.bag,/home/aryaman/23july2.bag,sqlite3,2026-07-23T21:20:26.730+05:30,140.253561,2223855,/uas1/mavlink_source,mavros_msgs/msg/Mavlink,988875,7050.623119
23july2.bag,/home/aryaman/23july2.bag,sqlite3,2026-07-23T21:20:26.730+05:30,140.253561,2223855,/mavros/landing_target/pose_in,geometry_msgs/msg/PoseStamped,0,0.0
23july2.bag,/home/aryaman/23july2.bag,sqlite3,2026-07-23T21:20:26.730+05:30,140.253561,2223855,/mavros/local_position/pose,geometry_msgs/msg/PoseStamped,56772,404.781166
23july2.bag,/home/aryaman/23july2.bag,sqlite3,2026-07-23T21:20:26.730+05:30,140.253561,2223855,/pose,geometry_msgs/msg/PoseWithCovarianceStamped,150,1.069492
23july2.bag,/home/aryaman/23july2.bag,sqlite3,2026-07-23T21:20:26.730+05:30,140.253561,2223855,/mavros/home_position/home,mavros_msgs/msg/HomePosition,1,0.00713
23july2.bag,/home/aryaman/23july2.bag,sqlite3,2026-07-23T21:20:26.730+05:30,140.253561,2223855,/events/write_split,rosbag2_interfaces/msg/WriteSplitEvent,0,0.0
23july2.bag,/home/aryaman/23july2.bag,sqlite3,2026-07-23T21:20:26.730+05:30,140.253561,2223855,/genz/local_map,sensor_msgs/msg/PointCloud2,1480,10.552317
23july2.bag,/home/aryaman/23july2.bag,sqlite3,2026-07-23T21:20:26.730+05:30,140.253561,2223855,/waypoints,visualization_msgs/msg/MarkerArray,0,0.0
23july2.bag,/home/aryaman/23july2.bag,sqlite3,2026-07-23T21:20:26.730+05:30,140.253561,2223855,/map_metadata,nav_msgs/msg/MapMetaData,903,6.438339
23july2.bag,/home/aryaman/23july2.bag,sqlite3,2026-07-23T21:20:26.730+05:30,140.253561,2223855,/clicked_point,geometry_msgs/msg/PointStamped,0,0.0
23july2.bag,/home/aryaman/23july2.bag,sqlite3,2026-07-23T21:20:26.730+05:30,140.253561,2223855,/mavros/global_position/local,nav_msgs/msg/Odometry,56780,404.838206
23july2.bag,/home/aryaman/23july2.bag,sqlite3,2026-07-23T21:20:26.730+05:30,140.253561,2223855,/mavros/setpoint_raw/target_global,mavros_msgs/msg/GlobalPositionTarget,0,0.0
23july2.bag,/home/aryaman/23july2.bag,sqlite3,2026-07-23T21:20:26.730+05:30,140.253561,2223855,/controller_server/transition_event,lifecycle_msgs/msg/TransitionEvent,0,0.0
23july2.bag,/home/aryaman/23july2.bag,sqlite3,2026-07-23T21:20:26.730+05:30,140.253561,2223855,/map,nav_msgs/msg/OccupancyGrid,903,6.438339
23july2.bag,/home/aryaman/23july2.bag,sqlite3,2026-07-23T21:20:26.730+05:30,140.253561,2223855,/mavros/setpoint_trajectory/desired,nav_msgs/msg/Path,0,0.0
23july2.bag,/home/aryaman/23july2.bag,sqlite3,2026-07-23T21:20:26.730+05:30,140.253561,2223855,/waypoint_follower/transition_event,lifecycle_msgs/msg/TransitionEvent,4,0.02852
23july2.bag,/home/aryaman/23july2.bag,sqlite3,2026-07-23T21:20:26.730+05:30,140.253561,2223855,/mavros/battery,sensor_msgs/msg/BatteryState,140,0.998192
23july2.bag,/home/aryaman/23july2.bag,sqlite3,2026-07-23T21:20:26.730+05:30,140.253561,2223855,/mavros/param/event,mavros_msgs/msg/ParamEvent,0,0.0
23july2.bag,/home/aryaman/23july2.bag,sqlite3,2026-07-23T21:20:26.730+05:30,140.253561,2223855,/mavros/rangefinder_pub,sensor_msgs/msg/Range,0,0.0
23july2.bag,/home/aryaman/23july2.bag,sqlite3,2026-07-23T21:20:26.730+05:30,140.253561,2223855,/genz/odometry,nav_msgs/msg/Odometry,1481,10.559447
23july2.bag,/home/aryaman/23july2.bag,sqlite3,2026-07-23T21:20:26.730+05:30,140.253561,2223855,/tf_static,tf2_msgs/msg/TFMessage,4,0.02852
23july2.bag,/home/aryaman/23july2.bag,sqlite3,2026-07-23T21:20:26.730+05:30,140.253561,2223855,/target_explorer/selected_goal,geometry_msgs/msg/PoseStamped,3,0.02139
23july2.bag,/home/aryaman/23july2.bag,sqlite3,2026-07-23T21:20:26.730+05:30,140.253561,2223855,/slam_toolbox/graph_visualization,visualization_msgs/msg/MarkerArray,0,0.0
23july2.bag,/home/aryaman/23july2.bag,sqlite3,2026-07-23T21:20:26.730+05:30,140.253561,2223855,/bt_navigator/transition_event,lifecycle_msgs/msg/TransitionEvent,3,0.02139
23july2.bag,/home/aryaman/23july2.bag,sqlite3,2026-07-23T21:20:26.730+05:30,140.253561,2223855,/slam_toolbox/update,visualization_msgs/msg/InteractiveMarkerUpdate,0,0.0
23july2.bag,/home/aryaman/23july2.bag,sqlite3,2026-07-23T21:20:26.730+05:30,140.253561,2223855,/mavros/sim_state/attitude,sensor_msgs/msg/Imu,0,0.0
23july2.bag,/home/aryaman/23july2.bag,sqlite3,2026-07-23T21:20:26.730+05:30,140.253561,2223855,/mavros/global_position/compass_hdg,std_msgs/msg/Float64,56800,404.980805
23july2.bag,/home/aryaman/23july2.bag,sqlite3,2026-07-23T21:20:26.730+05:30,140.253561,2223855,/received_global_plan,nav_msgs/msg/Path,2061,14.694814
23july2.bag,/home/aryaman/23july2.bag,sqlite3,2026-07-23T21:20:26.730+05:30,140.253561,2223855,/behavior_tree_log,nav2_msgs/msg/BehaviorTreeLog,3171,22.609052
23july2.bag,/home/aryaman/23july2.bag,sqlite3,2026-07-23T21:20:26.730+05:30,140.253561,2223855,/mavros/global_position/gp_origin,geographic_msgs/msg/GeoPointStamped,1,0.00713
23july2.bag,/home/aryaman/23july2.bag,sqlite3,2026-07-23T21:20:26.730+05:30,140.253561,2223855,/bf_lidar/point_cloud_deskewed,sensor_msgs/msg/PointCloud2,1480,10.552317
23july2.bag,/home/aryaman/23july2.bag,sqlite3,2026-07-23T21:20:26.730+05:30,140.253561,2223855,/bond,bond/msg/Status,19018,135.59727
23july2.bag,/home/aryaman/23july2.bag,sqlite3,2026-07-23T21:20:26.730+05:30,140.253561,2223855,/tf,tf2_msgs/msg/TFMessage,5188,36.990148
23july2.bag,/home/aryaman/23july2.bag,sqlite3,2026-07-23T21:20:26.730+05:30,140.253561,2223855,/initialpose,geometry_msgs/msg/PoseWithCovarianceStamped,0,0.0
23july2.bag,/home/aryaman/23july2.bag,sqlite3,2026-07-23T21:20:26.730+05:30,140.253561,2223855,/mavros/imu/mag,sensor_msgs/msg/MagneticField,56788,404.895245
23july2.bag,/home/aryaman/23july2.bag,sqlite3,2026-07-23T21:20:26.730+05:30,140.253561,2223855,/bf_lidar/point_cloud_out,sensor_msgs/msg/PointCloud2,1561,11.129842
23july2.bag,/home/aryaman/23july2.bag,sqlite3,2026-07-23T21:20:26.730+05:30,140.253561,2223855,/mavros/adsb/vehicle,mavros_msgs/msg/ADSBVehicle,0,0.0
23july2.bag,/home/aryaman/23july2.bag,sqlite3,2026-07-23T21:20:26.730+05:30,140.253561,2223855,/plan_smoothed,nav_msgs/msg/Path,0,0.0
23july2.bag,/home/aryaman/23july2.bag,sqlite3,2026-07-23T21:20:26.730+05:30,140.253561,2223855,/cmd_vel,geometry_msgs/msg/Twist,2895,20.641187
23july2.bag,/home/aryaman/23july2.bag,sqlite3,2026-07-23T21:20:26.730+05:30,140.253561,2223855,/local_costmap/costmap_updates,map_msgs/msg/OccupancyGridUpdate,0,0.0
23july2.bag,/home/aryaman/23july2.bag,sqlite3,2026-07-23T21:20:26.730+05:30,140.253561,2223855,/parameter_events,rcl_interfaces/msg/ParameterEvent,30,0.213898
23july2.bag,/home/aryaman/23july2.bag,sqlite3,2026-07-23T21:20:26.730+05:30,140.253561,2223855,/mavros/estimator_status,mavros_msgs/msg/EstimatorStatus,0,0.0
23july2.bag,/home/aryaman/23july2.bag,sqlite3,2026-07-23T21:20:26.730+05:30,140.253561,2223855,/mavros/gimbal_control/manager/status,mavros_msgs/msg/GimbalManagerStatus,0,0.0
23july2.bag,/home/aryaman/23july2.bag,sqlite3,2026-07-23T21:20:26.730+05:30,140.253561,2223855,/mavros/imu/data,sensor_msgs/msg/Imu,56784,404.866725
23july2.bag,/home/aryaman/23july2.bag,sqlite3,2026-07-23T21:20:26.730+05:30,140.253561,2223855,/mavros/camera/image_captured,mavros_msgs/msg/CameraImageCaptured,0,0.0
23july2.bag,/home/aryaman/23july2.bag,sqlite3,2026-07-23T21:20:26.730+05:30,140.253561,2223855,/mavros/global_position/raw/fix,sensor_msgs/msg/NavSatFix,140,0.998192
23july2.bag,/home/aryaman/23july2.bag,sqlite3,2026-07-23T21:20:26.730+05:30,140.253561,2223855,/mavros/gps_rtk/rtk_baseline,mavros_msgs/msg/RTKBaseline,0,0.0
23july2.bag,/home/aryaman/23july2.bag,sqlite3,2026-07-23T21:20:26.730+05:30,140.253561,2223855,/mavros/log_transfer/raw/log_data,mavros_msgs/msg/LogData,0,0.0
23july2.bag,/home/aryaman/23july2.bag,sqlite3,2026-07-23T21:20:26.730+05:30,140.253561,2223855,/mavros/extended_state,mavros_msgs/msg/ExtendedState,0,0.0
23july2.bag,/home/aryaman/23july2.bag,sqlite3,2026-07-23T21:20:26.730+05:30,140.253561,2223855,/mavros/gimbal_control/manager/info,mavros_msgs/msg/GimbalManagerInformation,0,0.0
23july2.bag,/home/aryaman/23july2.bag,sqlite3,2026-07-23T21:20:26.730+05:30,140.253561,2223855,/global_costmap/published_footprint,geometry_msgs/msg/PolygonStamped,313,2.231672
23july2.bag,/home/aryaman/23july2.bag,sqlite3,2026-07-23T21:20:26.730+05:30,140.253561,2223855,/mavros/global_position/raw/satellites,std_msgs/msg/UInt32,140,0.998192
23july2.bag,/home/aryaman/23july2.bag,sqlite3,2026-07-23T21:20:26.730+05:30,140.253561,2223855,/mavros/esc_status/info,mavros_msgs/msg/ESCInfo,0,0.0
23july2.bag,/home/aryaman/23july2.bag,sqlite3,2026-07-23T21:20:26.730+05:30,140.253561,2223855,/mavros/state,mavros_msgs/msg/State,155,1.105141
23july2.bag,/home/aryaman/23july2.bag,sqlite3,2026-07-23T21:20:26.730+05:30,140.253561,2223855,/mavros/time_reference,sensor_msgs/msg/TimeReference,56780,404.838206
23july2.bag,/home/aryaman/23july2.bag,sqlite3,2026-07-23T21:20:26.730+05:30,140.253561,2223855,/velocity_smoother/transition_event,lifecycle_msgs/msg/TransitionEvent,4,0.02852
23july2.bag,/home/aryaman/23july2.bag,sqlite3,2026-07-23T21:20:26.730+05:30,140.253561,2223855,/mavros/esc_status/status,mavros_msgs/msg/ESCStatus,0,0.0
23july2.bag,/home/aryaman/23july2.bag,sqlite3,2026-07-23T21:20:26.730+05:30,140.253561,2223855,/local_costmap/published_footprint,geometry_msgs/msg/PolygonStamped,2715,19.357797
23july2.bag,/home/aryaman/23july2.bag,sqlite3,2026-07-23T21:20:26.730+05:30,140.253561,2223855,/bf_lidar/imu_out,sensor_msgs/msg/Imu,67857,483.816593
23july2.bag,/home/aryaman/23july2.bag,sqlite3,2026-07-23T21:20:26.730+05:30,140.253561,2223855,/genz/non_planar_points,sensor_msgs/msg/PointCloud2,1480,10.552317
23july2.bag,/home/aryaman/23july2.bag,sqlite3,2026-07-23T21:20:26.730+05:30,140.253561,2223855,/global_costmap/costmap,nav_msgs/msg/OccupancyGrid,157,1.119401
23july2.bag,/home/aryaman/23july2.bag,sqlite3,2026-07-23T21:20:26.730+05:30,140.253561,2223855,/mavros/rc/out,mavros_msgs/msg/RCOut,56779,404.831076
23july2.bag,/home/aryaman/23july2.bag,sqlite3,2026-07-23T21:20:26.730+05:30,140.253561,2223855,/global_costmap/costmap_raw,nav2_msgs/msg/Costmap,157,1.119401
23july2.bag,/home/aryaman/23july2.bag,sqlite3,2026-07-23T21:20:26.730+05:30,140.253561,2223855,/lookahead_collision_arc,nav_msgs/msg/Path,2061,14.694814
23july2.bag,/home/aryaman/23july2.bag,sqlite3,2026-07-23T21:20:26.730+05:30,140.253561,2223855,/mavros/global_position/global,sensor_msgs/msg/NavSatFix,56778,404.823946
23july2.bag,/home/aryaman/23july2.bag,sqlite3,2026-07-23T21:20:26.730+05:30,140.253561,2223855,/genz/planar_points,sensor_msgs/msg/PointCloud2,1480,10.552317
23july2.bag,/home/aryaman/23july2.bag,sqlite3,2026-07-23T21:20:26.730+05:30,140.253561,2223855,/rosout,rcl_interfaces/msg/Log,9561,68.169392
23july2.bag,/home/aryaman/23july2.bag,sqlite3,2026-07-23T21:20:26.730+05:30,140.253561,2223855,/ground,sensor_msgs/msg/PointCloud2,1470,10.481017
23july2.bag,/home/aryaman/23july2.bag,sqlite3,2026-07-23T21:20:26.730+05:30,140.253561,2223855,/mavros/gpsstatus/gps2/raw,mavros_msgs/msg/GPSRAW,140,0.998192
23july2.bag,/home/aryaman/23july2.bag,sqlite3,2026-07-23T21:20:26.730+05:30,140.253561,2223855,/mavros/gpsstatus/gps2/rtk,mavros_msgs/msg/GPSRTK,0,0.0
23july2.bag,/home/aryaman/23july2.bag,sqlite3,2026-07-23T21:20:26.730+05:30,140.253561,2223855,/mavros/gpsstatus/gps1/rtk,mavros_msgs/msg/GPSRTK,0,0.0
23july2.bag,/home/aryaman/23july2.bag,sqlite3,2026-07-23T21:20:26.730+05:30,140.253561,2223855,/mavros/imu/data_raw,sensor_msgs/msg/Imu,56775,404.802556
23july2.bag,/home/aryaman/23july2.bag,sqlite3,2026-07-23T21:20:26.730+05:30,140.253561,2223855,/mavros/imu/static_pressure,sensor_msgs/msg/FluidPressure,56775,404.802556
23july2.bag,/home/aryaman/23july2.bag,sqlite3,2026-07-23T21:20:26.730+05:30,140.253561,2223855,/mavros/status_event,mavros_msgs/msg/StatusEvent,0,0.0
23july2.bag,/home/aryaman/23july2.bag,sqlite3,2026-07-23T21:20:26.730+05:30,140.253561,2223855,/mavros/manual_control/control,mavros_msgs/msg/ManualControl,0,0.0
23july2.bag,/home/aryaman/23july2.bag,sqlite3,2026-07-23T21:20:26.730+05:30,140.253561,2223855,/mavros/imu/temperature_baro,sensor_msgs/msg/Temperature,56774,404.795426
23july2.bag,/home/aryaman/23july2.bag,sqlite3,2026-07-23T21:20:26.730+05:30,140.253561,2223855,/mavros/imu/temperature_imu,sensor_msgs/msg/Temperature,0,0.0
23july2.bag,/home/aryaman/23july2.bag,sqlite3,2026-07-23T21:20:26.730+05:30,140.253561,2223855,/mavros/local_position/accel,geometry_msgs/msg/AccelWithCovarianceStamped,0,0.0
23july2.bag,/home/aryaman/23july2.bag,sqlite3,2026-07-23T21:20:26.730+05:30,140.253561,2223855,/mavros/timesync_status,mavros_msgs/msg/TimesyncStatus,1401,9.989051
23july2.bag,/home/aryaman/23july2.bag,sqlite3,2026-07-23T21:20:26.730+05:30,140.253561,2223855,/mavros/local_position/odom,nav_msgs/msg/Odometry,56771,404.774036
23july2.bag,/home/aryaman/23july2.bag,sqlite3,2026-07-23T21:20:26.730+05:30,140.253561,2223855,/mavros/setpoint_raw/target_local,mavros_msgs/msg/PositionTarget,0,0.0
23july2.bag,/home/aryaman/23july2.bag,sqlite3,2026-07-23T21:20:26.730+05:30,140.253561,2223855,/plan,nav_msgs/msg/Path,116,0.827073
23july2.bag,/home/aryaman/23july2.bag,sqlite3,2026-07-23T21:20:26.730+05:30,140.253561,2223855,/mavros/local_position/velocity_local,geometry_msgs/msg/TwistStamped,56770,404.766906
23july2.bag,/home/aryaman/23july2.bag,sqlite3,2026-07-23T21:20:26.730+05:30,140.253561,2223855,/mavros/log_transfer/raw/log_entry,mavros_msgs/msg/LogEntry,0,0.0
23july2.bag,/home/aryaman/23july2.bag,sqlite3,2026-07-23T21:20:26.730+05:30,140.253561,2223855,/mavros/mag_calibration/status,std_msgs/msg/UInt8,0,0.0
23july2.bag,/home/aryaman/23july2.bag,sqlite3,2026-07-23T21:20:26.730+05:30,140.253561,2223855,/goal_pose,geometry_msgs/msg/PoseStamped,0,0.0
23july2.bag,/home/aryaman/23july2.bag,sqlite3,2026-07-23T21:20:26.730+05:30,140.253561,2223855,/mavros/mission/reached,mavros_msgs/msg/WaypointReached,0,0.0
23july2.bag,/home/aryaman/23july2.bag,sqlite3,2026-07-23T21:20:26.730+05:30,140.253561,2223855,/smoother_server/transition_event,lifecycle_msgs/msg/TransitionEvent,0,0.0
23july2.bag,/home/aryaman/23july2.bag,sqlite3,2026-07-23T21:20:26.730+05:30,140.253561,2223855,/mavros/optical_flow/ground_distance,sensor_msgs/msg/Range,0,0.0
23july2.bag,/home/aryaman/23july2.bag,sqlite3,2026-07-23T21:20:26.730+05:30,140.253561,2223855,/mavros/nav_controller_output/output,mavros_msgs/msg/NavControllerOutput,108,0.770034
23july2.bag,/home/aryaman/23july2.bag,sqlite3,2026-07-23T21:20:26.730+05:30,140.253561,2223855,/mavros/optical_flow/raw/optical_flow,mavros_msgs/msg/OpticalFlow,0,0.0
23july2.bag,/home/aryaman/23july2.bag,sqlite3,2026-07-23T21:20:26.730+05:30,140.253561,2223855,/mavros/local_position/velocity_body_cov,geometry_msgs/msg/TwistWithCovarianceStamped,0,0.0
23july2.bag,/home/aryaman/23july2.bag,sqlite3,2026-07-23T21:20:26.730+05:30,140.253561,2223855,/mavros/radio_status,mavros_msgs/msg/RadioStatus,0,0.0
23july2.bag,/home/aryaman/23july2.bag,sqlite3,2026-07-23T21:20:26.730+05:30,140.253561,2223855,/mavros/rallypoint/rallypoints,mavros_msgs/msg/WaypointList,1,0.00713
23july2.bag,/home/aryaman/23july2.bag,sqlite3,2026-07-23T21:20:26.730+05:30,140.253561,2223855,/mavros/global_position/gp_lp_offset,geometry_msgs/msg/PoseStamped,0,0.0
23july2.bag,/home/aryaman/23july2.bag,sqlite3,2026-07-23T21:20:26.730+05:30,140.253561,2223855,/mavros/rc/in,mavros_msgs/msg/RCIn,56768,404.752646
23july2.bag,/home/aryaman/23july2.bag,sqlite3,2026-07-23T21:20:26.730+05:30,140.253561,2223855,/mavros/mission/waypoints,mavros_msgs/msg/WaypointList,1,0.00713
23july2.bag,/home/aryaman/23july2.bag,sqlite3,2026-07-23T21:20:26.730+05:30,140.253561,2223855,/mavros/setpoint_raw/target_attitude,mavros_msgs/msg/AttitudeTarget,0,0.0
23july3.bag,/home/aryaman/23july3.bag,sqlite3,2026-07-23T21:24:47.027+05:30,78.467167,1227569,/target_explorer/candidate_goals,visualization_msgs/msg/MarkerArray,4,0.050977
23july3.bag,/home/aryaman/23july3.bag,sqlite3,2026-07-23T21:24:47.027+05:30,78.467167,1227569,/mavros/sim_state/velocity_local,geometry_msgs/msg/TwistStamped,0,0.0
23july3.bag,/home/aryaman/23july3.bag,sqlite3,2026-07-23T21:24:47.027+05:30,78.467167,1227569,/mavros/sim_state/acceleration,geometry_msgs/msg/Vector3Stamped,0,0.0
23july3.bag,/home/aryaman/23july3.bag,sqlite3,2026-07-23T21:24:47.027+05:30,78.467167,1227569,/mavros/setpoint_raw/target_attitude,mavros_msgs/msg/AttitudeTarget,0,0.0
23july3.bag,/home/aryaman/23july3.bag,sqlite3,2026-07-23T21:24:47.027+05:30,78.467167,1227569,/mavros/mission/waypoints,mavros_msgs/msg/WaypointList,1,0.012744
23july3.bag,/home/aryaman/23july3.bag,sqlite3,2026-07-23T21:24:47.027+05:30,78.467167,1227569,/mavros/wind_estimation,geometry_msgs/msg/TwistWithCovarianceStamped,0,0.0
23july3.bag,/home/aryaman/23july3.bag,sqlite3,2026-07-23T21:24:47.027+05:30,78.467167,1227569,/mavros/rc/in,mavros_msgs/msg/RCIn,30991,394.955003
23july3.bag,/home/aryaman/23july3.bag,sqlite3,2026-07-23T21:24:47.027+05:30,78.467167,1227569,/mavros/nav_controller_output/output,mavros_msgs/msg/NavControllerOutput,37,0.471535
23july3.bag,/home/aryaman/23july3.bag,sqlite3,2026-07-23T21:24:47.027+05:30,78.467167,1227569,/mavros/mag_calibration/status,std_msgs/msg/UInt8,0,0.0
23july3.bag,/home/aryaman/23july3.bag,sqlite3,2026-07-23T21:24:47.027+05:30,78.467167,1227569,/mavros/terrain/report,mavros_msgs/msg/TerrainReport,0,0.0
23july3.bag,/home/aryaman/23july3.bag,sqlite3,2026-07-23T21:24:47.027+05:30,78.467167,1227569,/mavros/log_transfer/raw/log_entry,mavros_msgs/msg/LogEntry,0,0.0
23july3.bag,/home/aryaman/23july3.bag,sqlite3,2026-07-23T21:24:47.027+05:30,78.467167,1227569,/mavros/local_position/velocity_local,geometry_msgs/msg/TwistStamped,30993,394.980491
23july3.bag,/home/aryaman/23july3.bag,sqlite3,2026-07-23T21:24:47.027+05:30,78.467167,1227569,/mavros/local_position/odom,nav_msgs/msg/Odometry,30993,394.980491
23july3.bag,/home/aryaman/23july3.bag,sqlite3,2026-07-23T21:24:47.027+05:30,78.467167,1227569,/mavros/timesync_status,mavros_msgs/msg/TimesyncStatus,782,9.965952
23july3.bag,/home/aryaman/23july3.bag,sqlite3,2026-07-23T21:24:47.027+05:30,78.467167,1227569,/mavros/adsb/vehicle,mavros_msgs/msg/ADSBVehicle,0,0.0
23july3.bag,/home/aryaman/23july3.bag,sqlite3,2026-07-23T21:24:47.027+05:30,78.467167,1227569,/cmd_vel,geometry_msgs/msg/Twist,1488,18.963346
23july3.bag,/home/aryaman/23july3.bag,sqlite3,2026-07-23T21:24:47.027+05:30,78.467167,1227569,/plan_smoothed,nav_msgs/msg/Path,0,0.0
23july3.bag,/home/aryaman/23july3.bag,sqlite3,2026-07-23T21:24:47.027+05:30,78.467167,1227569,/mavros/esc_status/status,mavros_msgs/msg/ESCStatus,0,0.0
23july3.bag,/home/aryaman/23july3.bag,sqlite3,2026-07-23T21:24:47.027+05:30,78.467167,1227569,/mavros/imu/data,sensor_msgs/msg/Imu,31067,395.923561
23july3.bag,/home/aryaman/23july3.bag,sqlite3,2026-07-23T21:24:47.027+05:30,78.467167,1227569,/mavros/gimbal_control/manager/status,mavros_msgs/msg/GimbalManagerStatus,0,0.0
23july3.bag,/home/aryaman/23july3.bag,sqlite3,2026-07-23T21:24:47.027+05:30,78.467167,1227569,/pose,geometry_msgs/msg/PoseWithCovarianceStamped,179,2.281209
23july3.bag,/home/aryaman/23july3.bag,sqlite3,2026-07-23T21:24:47.027+05:30,78.467167,1227569,/uas1/mavlink_sink,mavros_msgs/msg/Mavlink,2733,34.829855
23july3.bag,/home/aryaman/23july3.bag,sqlite3,2026-07-23T21:24:47.027+05:30,78.467167,1227569,/global_costmap/global_costmap/transition_event,lifecycle_msgs/msg/TransitionEvent,0,0.0
23july3.bag,/home/aryaman/23july3.bag,sqlite3,2026-07-23T21:24:47.027+05:30,78.467167,1227569,/target_explorer/selected_goal,geometry_msgs/msg/PoseStamped,4,0.050977
23july3.bag,/home/aryaman/23july3.bag,sqlite3,2026-07-23T21:24:47.027+05:30,78.467167,1227569,/slam_toolbox/graph_visualization,visualization_msgs/msg/MarkerArray,0,0.0
23july3.bag,/home/aryaman/23july3.bag,sqlite3,2026-07-23T21:24:47.027+05:30,78.467167,1227569,/local_costmap/costmap_updates,map_msgs/msg/OccupancyGridUpdate,0,0.0
23july3.bag,/home/aryaman/23july3.bag,sqlite3,2026-07-23T21:24:47.027+05:30,78.467167,1227569,/velocity_smoother/transition_event,lifecycle_msgs/msg/TransitionEvent,0,0.0
23july3.bag,/home/aryaman/23july3.bag,sqlite3,2026-07-23T21:24:47.027+05:30,78.467167,1227569,/global_costmap/costmap_updates,map_msgs/msg/OccupancyGridUpdate,0,0.0
23july3.bag,/home/aryaman/23july3.bag,sqlite3,2026-07-23T21:24:47.027+05:30,78.467167,1227569,/planner_server/transition_event,lifecycle_msgs/msg/TransitionEvent,0,0.0
23july3.bag,/home/aryaman/23july3.bag,sqlite3,2026-07-23T21:24:47.027+05:30,78.467167,1227569,/mavros/time_reference,sensor_msgs/msg/TimeReference,31008,395.171654
23july3.bag,/home/aryaman/23july3.bag,sqlite3,2026-07-23T21:24:47.027+05:30,78.467167,1227569,/mavros/state,mavros_msgs/msg/State,94,1.197953
23july3.bag,/home/aryaman/23july3.bag,sqlite3,2026-07-23T21:24:47.027+05:30,78.467167,1227569,/genz/non_planar_points,sensor_msgs/msg/PointCloud2,873,11.125673
23july3.bag,/home/aryaman/23july3.bag,sqlite3,2026-07-23T21:24:47.027+05:30,78.467167,1227569,/bf_lidar/imu_out,sensor_msgs/msg/Imu,39287,500.680752
23july3.bag,/home/aryaman/23july3.bag,sqlite3,2026-07-23T21:24:47.027+05:30,78.467167,1227569,/mavros/home_position/home,mavros_msgs/msg/HomePosition,1,0.012744
23july3.bag,/home/aryaman/23july3.bag,sqlite3,2026-07-23T21:24:47.027+05:30,78.467167,1227569,/local_costmap/costmap,nav_msgs/msg/OccupancyGrid,606,7.722975
23july3.bag,/home/aryaman/23july3.bag,sqlite3,2026-07-23T21:24:47.027+05:30,78.467167,1227569,/mavros/global_position/raw/gps_vel,geometry_msgs/msg/TwistStamped,79,1.006791
23july3.bag,/home/aryaman/23july3.bag,sqlite3,2026-07-23T21:24:47.027+05:30,78.467167,1227569,/behavior_server/transition_event,lifecycle_msgs/msg/TransitionEvent,0,0.0
23july3.bag,/home/aryaman/23july3.bag,sqlite3,2026-07-23T21:24:47.027+05:30,78.467167,1227569,/mavros/local_position/pose_cov,geometry_msgs/msg/PoseWithCovarianceStamped,0,0.0
23july3.bag,/home/aryaman/23july3.bag,sqlite3,2026-07-23T21:24:47.027+05:30,78.467167,1227569,/bf_lidar/point_cloud_deskewed,sensor_msgs/msg/PointCloud2,873,11.125673
23july3.bag,/home/aryaman/23july3.bag,sqlite3,2026-07-23T21:24:47.027+05:30,78.467167,1227569,/diagnostics,diagnostic_msgs/msg/DiagnosticArray,389,4.957488
23july3.bag,/home/aryaman/23july3.bag,sqlite3,2026-07-23T21:24:47.027+05:30,78.467167,1227569,/map_metadata,nav_msgs/msg/MapMetaData,524,6.677952
23july3.bag,/home/aryaman/23july3.bag,sqlite3,2026-07-23T21:24:47.027+05:30,78.467167,1227569,/mavros/radio_status,mavros_msgs/msg/RadioStatus,0,0.0
23july3.bag,/home/aryaman/23july3.bag,sqlite3,2026-07-23T21:24:47.027+05:30,78.467167,1227569,/mavros/local_position/velocity_body_cov,geometry_msgs/msg/TwistWithCovarianceStamped,0,0.0
23july3.bag,/home/aryaman/23july3.bag,sqlite3,2026-07-23T21:24:47.027+05:30,78.467167,1227569,/genz/local_map,sensor_msgs/msg/PointCloud2,873,11.125673
23july3.bag,/home/aryaman/23july3.bag,sqlite3,2026-07-23T21:24:47.027+05:30,78.467167,1227569,/waypoints,visualization_msgs/msg/MarkerArray,0,0.0
23july3.bag,/home/aryaman/23july3.bag,sqlite3,2026-07-23T21:24:47.027+05:30,78.467167,1227569,/mavros/estimator_status,mavros_msgs/msg/EstimatorStatus,0,0.0
23july3.bag,/home/aryaman/23july3.bag,sqlite3,2026-07-23T21:24:47.027+05:30,78.467167,1227569,/parameter_events,rcl_interfaces/msg/ParameterEvent,28,0.356837
23july3.bag,/home/aryaman/23july3.bag,sqlite3,2026-07-23T21:24:47.027+05:30,78.467167,1227569,/mavros/landing_target/pose_in,geometry_msgs/msg/PoseStamped,0,0.0
23july3.bag,/home/aryaman/23july3.bag,sqlite3,2026-07-23T21:24:47.027+05:30,78.467167,1227569,/mavros/local_position/pose,geometry_msgs/msg/PoseStamped,30996,395.018724
23july3.bag,/home/aryaman/23july3.bag,sqlite3,2026-07-23T21:24:47.027+05:30,78.467167,1227569,/cloud,sensor_msgs/msg/PointCloud2,0,0.0
23july3.bag,/home/aryaman/23july3.bag,sqlite3,2026-07-23T21:24:47.027+05:30,78.467167,1227569,/mavros/trajectory/desired,mavros_msgs/msg/Trajectory,0,0.0
23july3.bag,/home/aryaman/23july3.bag,sqlite3,2026-07-23T21:24:47.027+05:30,78.467167,1227569,/scan,sensor_msgs/msg/LaserScan,873,11.125673
23july3.bag,/home/aryaman/23july3.bag,sqlite3,2026-07-23T21:24:47.027+05:30,78.467167,1227569,/slam_toolbox/scan_visualization,sensor_msgs/msg/LaserScan,0,0.0
23july3.bag,/home/aryaman/23july3.bag,sqlite3,2026-07-23T21:24:47.027+05:30,78.467167,1227569,/mavros/landing_target/lt_marker,geometry_msgs/msg/Vector3Stamped,0,0.0
23july3.bag,/home/aryaman/23july3.bag,sqlite3,2026-07-23T21:24:47.027+05:30,78.467167,1227569,/events/write_split,rosbag2_interfaces/msg/WriteSplitEvent,0,0.0
23july3.bag,/home/aryaman/23july3.bag,sqlite3,2026-07-23T21:24:47.027+05:30,78.467167,1227569,/global_costmap/costmap,nav_msgs/msg/OccupancyGrid,91,1.159721
23july3.bag,/home/aryaman/23july3.bag,sqlite3,2026-07-23T21:24:47.027+05:30,78.467167,1227569,/mavros/rc/out,mavros_msgs/msg/RCOut,30994,394.993235
23july3.bag,/home/aryaman/23july3.bag,sqlite3,2026-07-23T21:24:47.027+05:30,78.467167,1227569,/global_costmap/costmap_raw,nav2_msgs/msg/Costmap,91,1.159721
23july3.bag,/home/aryaman/23july3.bag,sqlite3,2026-07-23T21:24:47.027+05:30,78.467167,1227569,/mavros/global_position/raw/fix,sensor_msgs/msg/NavSatFix,79,1.006791
23july3.bag,/home/aryaman/23july3.bag,sqlite3,2026-07-23T21:24:47.027+05:30,78.467167,1227569,/mavros/camera/image_captured,mavros_msgs/msg/CameraImageCaptured,0,0.0
23july3.bag,/home/aryaman/23july3.bag,sqlite3,2026-07-23T21:24:47.027+05:30,78.467167,1227569,/mavros/gps_rtk/rtk_baseline,mavros_msgs/msg/RTKBaseline,0,0.0
23july3.bag,/home/aryaman/23july3.bag,sqlite3,2026-07-23T21:24:47.027+05:30,78.467167,1227569,/mavros/log_transfer/raw/log_data,mavros_msgs/msg/LogData,0,0.0
23july3.bag,/home/aryaman/23july3.bag,sqlite3,2026-07-23T21:24:47.027+05:30,78.467167,1227569,/rosout,rcl_interfaces/msg/Log,5572,71.010593
23july3.bag,/home/aryaman/23july3.bag,sqlite3,2026-07-23T21:24:47.027+05:30,78.467167,1227569,/ground,sensor_msgs/msg/PointCloud2,873,11.125673
23july3.bag,/home/aryaman/23july3.bag,sqlite3,2026-07-23T21:24:47.027+05:30,78.467167,1227569,/mavros/gpsstatus/gps2/rtk,mavros_msgs/msg/GPSRTK,0,0.0
23july3.bag,/home/aryaman/23july3.bag,sqlite3,2026-07-23T21:24:47.027+05:30,78.467167,1227569,/genz/odometry,nav_msgs/msg/Odometry,873,11.125673
23july3.bag,/home/aryaman/23july3.bag,sqlite3,2026-07-23T21:24:47.027+05:30,78.467167,1227569,/tf_static,tf2_msgs/msg/TFMessage,4,0.050977
23july3.bag,/home/aryaman/23july3.bag,sqlite3,2026-07-23T21:24:47.027+05:30,78.467167,1227569,/tf,tf2_msgs/msg/TFMessage,3009,38.347249
23july3.bag,/home/aryaman/23july3.bag,sqlite3,2026-07-23T21:24:47.027+05:30,78.467167,1227569,/lookahead_point,geometry_msgs/msg/PointStamped,1468,18.708462
23july3.bag,/home/aryaman/23july3.bag,sqlite3,2026-07-23T21:24:47.027+05:30,78.467167,1227569,/mavros/sys_status,mavros_msgs/msg/SysStatus,88,1.121488
23july3.bag,/home/aryaman/23july3.bag,sqlite3,2026-07-23T21:24:47.027+05:30,78.467167,1227569,/mavros/global_position/local,nav_msgs/msg/Odometry,31079,396.076491
23july3.bag,/home/aryaman/23july3.bag,sqlite3,2026-07-23T21:24:47.027+05:30,78.467167,1227569,/clicked_point,geometry_msgs/msg/PointStamped,0,0.0
23july3.bag,/home/aryaman/23july3.bag,sqlite3,2026-07-23T21:24:47.027+05:30,78.467167,1227569,/initialpose,geometry_msgs/msg/PoseWithCovarianceStamped,0,0.0
23july3.bag,/home/aryaman/23july3.bag,sqlite3,2026-07-23T21:24:47.027+05:30,78.467167,1227569,/mavros/optical_flow/ground_distance,sensor_msgs/msg/Range,0,0.0
23july3.bag,/home/aryaman/23july3.bag,sqlite3,2026-07-23T21:24:47.027+05:30,78.467167,1227569,/mavros/extended_state,mavros_msgs/msg/ExtendedState,0,0.0
23july3.bag,/home/aryaman/23july3.bag,sqlite3,2026-07-23T21:24:47.027+05:30,78.467167,1227569,/mavros/gimbal_control/manager/info,mavros_msgs/msg/GimbalManagerInformation,0,0.0
23july3.bag,/home/aryaman/23july3.bag,sqlite3,2026-07-23T21:24:47.027+05:30,78.467167,1227569,/mavros/rallypoint/rallypoints,mavros_msgs/msg/WaypointList,1,0.012744
23july3.bag,/home/aryaman/23july3.bag,sqlite3,2026-07-23T21:24:47.027+05:30,78.467167,1227569,/mavros/global_position/gp_lp_offset,geometry_msgs/msg/PoseStamped,0,0.0
23july3.bag,/home/aryaman/23july3.bag,sqlite3,2026-07-23T21:24:47.027+05:30,78.467167,1227569,/mavros/imu/data_raw,sensor_msgs/msg/Imu,31009,395.184398
23july3.bag,/home/aryaman/23july3.bag,sqlite3,2026-07-23T21:24:47.027+05:30,78.467167,1227569,/mavros/gpsstatus/gps1/rtk,mavros_msgs/msg/GPSRTK,0,0.0
23july3.bag,/home/aryaman/23july3.bag,sqlite3,2026-07-23T21:24:47.027+05:30,78.467167,1227569,/mavros/gpsstatus/gps2/raw,mavros_msgs/msg/GPSRAW,79,1.006791
23july3.bag,/home/aryaman/23july3.bag,sqlite3,2026-07-23T21:24:47.027+05:30,78.467167,1227569,/mavros/global_position/gp_origin,geographic_msgs/msg/GeoPointStamped,1,0.012744
23july3.bag,/home/aryaman/23july3.bag,sqlite3,2026-07-23T21:24:47.027+05:30,78.467167,1227569,/mavros/global_position/compass_hdg,std_msgs/msg/Float64,31076,396.038258
23july3.bag,/home/aryaman/23july3.bag,sqlite3,2026-07-23T21:24:47.027+05:30,78.467167,1227569,/mavros/mission/reached,mavros_msgs/msg/WaypointReached,0,0.0
23july3.bag,/home/aryaman/23july3.bag,sqlite3,2026-07-23T21:24:47.027+05:30,78.467167,1227569,/smoother_server/transition_event,lifecycle_msgs/msg/TransitionEvent,0,0.0
23july3.bag,/home/aryaman/23july3.bag,sqlite3,2026-07-23T21:24:47.027+05:30,78.467167,1227569,/goal_pose,geometry_msgs/msg/PoseStamped,0,0.0
23july3.bag,/home/aryaman/23july3.bag,sqlite3,2026-07-23T21:24:47.027+05:30,78.467167,1227569,/mavros/sim_state/attitude,sensor_msgs/msg/Imu,0,0.0
23july3.bag,/home/aryaman/23july3.bag,sqlite3,2026-07-23T21:24:47.027+05:30,78.467167,1227569,/mavros/global_position/global,sensor_msgs/msg/NavSatFix,31076,396.038258
23july3.bag,/home/aryaman/23july3.bag,sqlite3,2026-07-23T21:24:47.027+05:30,78.467167,1227569,/genz/planar_points,sensor_msgs/msg/PointCloud2,873,11.125673
23july3.bag,/home/aryaman/23july3.bag,sqlite3,2026-07-23T21:24:47.027+05:30,78.467167,1227569,/lookahead_collision_arc,nav_msgs/msg/Path,1468,18.708462
23july3.bag,/home/aryaman/23july3.bag,sqlite3,2026-07-23T21:24:47.027+05:30,78.467167,1227569,/mavros/setpoint_trajectory/desired,nav_msgs/msg/Path,0,0.0
23july3.bag,/home/aryaman/23july3.bag,sqlite3,2026-07-23T21:24:47.027+05:30,78.467167,1227569,/waypoint_follower/transition_event,lifecycle_msgs/msg/TransitionEvent,0,0.0
23july3.bag,/home/aryaman/23july3.bag,sqlite3,2026-07-23T21:24:47.027+05:30,78.467167,1227569,/map,nav_msgs/msg/OccupancyGrid,524,6.677952
23july3.bag,/home/aryaman/23july3.bag,sqlite3,2026-07-23T21:24:47.027+05:30,78.467167,1227569,/genz/trajectory,nav_msgs/msg/Path,873,11.125673
23july3.bag,/home/aryaman/23july3.bag,sqlite3,2026-07-23T21:24:47.027+05:30,78.467167,1227569,/behavior_tree_log,nav2_msgs/msg/BehaviorTreeLog,227,2.89293
23july3.bag,/home/aryaman/23july3.bag,sqlite3,2026-07-23T21:24:47.027+05:30,78.467167,1227569,/received_global_plan,nav_msgs/msg/Path,1468,18.708462
23july3.bag,/home/aryaman/23july3.bag,sqlite3,2026-07-23T21:24:47.027+05:30,78.467167,1227569,/mavros/mount_control/orientation,geometry_msgs/msg/Quaternion,0,0.0
23july3.bag,/home/aryaman/23july3.bag,sqlite3,2026-07-23T21:24:47.027+05:30,78.467167,1227569,/mavros/mount_control/status,geometry_msgs/msg/Vector3Stamped,0,0.0
23july3.bag,/home/aryaman/23july3.bag,sqlite3,2026-07-23T21:24:47.027+05:30,78.467167,1227569,/mavros/rangefinder_pub,sensor_msgs/msg/Range,0,0.0
23july3.bag,/home/aryaman/23july3.bag,sqlite3,2026-07-23T21:24:47.027+05:30,78.467167,1227569,/slam_toolbox/update,visualization_msgs/msg/InteractiveMarkerUpdate,0,0.0
23july3.bag,/home/aryaman/23july3.bag,sqlite3,2026-07-23T21:24:47.027+05:30,78.467167,1227569,/bt_navigator/transition_event,lifecycle_msgs/msg/TransitionEvent,0,0.0
23july3.bag,/home/aryaman/23july3.bag,sqlite3,2026-07-23T21:24:47.027+05:30,78.467167,1227569,/mavros/param/event,mavros_msgs/msg/ParamEvent,0,0.0
23july3.bag,/home/aryaman/23july3.bag,sqlite3,2026-07-23T21:24:47.027+05:30,78.467167,1227569,/controller_server/transition_event,lifecycle_msgs/msg/TransitionEvent,0,0.0
23july3.bag,/home/aryaman/23july3.bag,sqlite3,2026-07-23T21:24:47.027+05:30,78.467167,1227569,/mavros/setpoint_raw/target_global,mavros_msgs/msg/GlobalPositionTarget,0,0.0
23july3.bag,/home/aryaman/23july3.bag,sqlite3,2026-07-23T21:24:47.027+05:30,78.467167,1227569,/cmd_vel_nav,geometry_msgs/msg/Twist,1474,18.784927
23july3.bag,/home/aryaman/23july3.bag,sqlite3,2026-07-23T21:24:47.027+05:30,78.467167,1227569,/mavros/rc/override,mavros_msgs/msg/OverrideRCIn,1790,22.812089
23july3.bag,/home/aryaman/23july3.bag,sqlite3,2026-07-23T21:24:47.027+05:30,78.467167,1227569,/mavros/imu/diff_pressure,sensor_msgs/msg/FluidPressure,30999,395.056956
23july3.bag,/home/aryaman/23july3.bag,sqlite3,2026-07-23T21:24:47.027+05:30,78.467167,1227569,/mavros/gimbal_control/device/info,mavros_msgs/msg/GimbalDeviceInformation,0,0.0
23july3.bag,/home/aryaman/23july3.bag,sqlite3,2026-07-23T21:24:47.027+05:30,78.467167,1227569,/mavros/odometry/in,nav_msgs/msg/Odometry,0,0.0
23july3.bag,/home/aryaman/23july3.bag,sqlite3,2026-07-23T21:24:47.027+05:30,78.467167,1227569,/mavros/gpsstatus/gps1/raw,mavros_msgs/msg/GPSRAW,79,1.006791
23july3.bag,/home/aryaman/23july3.bag,sqlite3,2026-07-23T21:24:47.027+05:30,78.467167,1227569,/mavros/vfr_hud,mavros_msgs/msg/VfrHud,30989,394.929514
23july3.bag,/home/aryaman/23july3.bag,sqlite3,2026-07-23T21:24:47.027+05:30,78.467167,1227569,/bf_lidar/diagnostic_out,diagnostic_msgs/msg/DiagnosticStatus,873,11.125673
23july3.bag,/home/aryaman/23july3.bag,sqlite3,2026-07-23T21:24:47.027+05:30,78.467167,1227569,/local_costmap/costmap_raw,nav2_msgs/msg/Costmap,605,7.710231
23july3.bag,/home/aryaman/23july3.bag,sqlite3,2026-07-23T21:24:47.027+05:30,78.467167,1227569,/local_costmap/local_costmap/transition_event,lifecycle_msgs/msg/TransitionEvent,0,0.0
23july3.bag,/home/aryaman/23july3.bag,sqlite3,2026-07-23T21:24:47.027+05:30,78.467167,1227569,/local_costmap/published_footprint,geometry_msgs/msg/PolygonStamped,1567,19.970136
23july3.bag,/home/aryaman/23july3.bag,sqlite3,2026-07-23T21:24:47.027+05:30,78.467167,1227569,/uas1/mavlink_source,mavros_msgs/msg/Mavlink,548907,6995.371743
23july3.bag,/home/aryaman/23july3.bag,sqlite3,2026-07-23T21:24:47.027+05:30,78.467167,1227569,/mavros/cam_imu_sync/cam_imu_stamp,mavros_msgs/msg/CamIMUStamp,0,0.0
23july3.bag,/home/aryaman/23july3.bag,sqlite3,2026-07-23T21:24:47.027+05:30,78.467167,1227569,/odometry/filtered,nav_msgs/msg/Odometry,2355,30.012553
23july3.bag,/home/aryaman/23july3.bag,sqlite3,2026-07-23T21:24:47.027+05:30,78.467167,1227569,/mavros/global_position/rel_alt,std_msgs/msg/Float64,31057,395.796119
23july3.bag,/home/aryaman/23july3.bag,sqlite3,2026-07-23T21:24:47.027+05:30,78.467167,1227569,/mavros/esc_telemetry/telemetry,mavros_msgs/msg/ESCTelemetry,0,0.0
23july3.bag,/home/aryaman/23july3.bag,sqlite3,2026-07-23T21:24:47.027+05:30,78.467167,1227569,/mavros/esc_status/info,mavros_msgs/msg/ESCInfo,0,0.0
23july3.bag,/home/aryaman/23july3.bag,sqlite3,2026-07-23T21:24:47.027+05:30,78.467167,1227569,/global_costmap/published_footprint,geometry_msgs/msg/PolygonStamped,181,2.306697
23july3.bag,/home/aryaman/23july3.bag,sqlite3,2026-07-23T21:24:47.027+05:30,78.467167,1227569,/mavros/global_position/raw/satellites,std_msgs/msg/UInt32,79,1.006791
23july3.bag,/home/aryaman/23july3.bag,sqlite3,2026-07-23T21:24:47.027+05:30,78.467167,1227569,/mavros/geofence/fences,mavros_msgs/msg/WaypointList,1,0.012744
23july3.bag,/home/aryaman/23july3.bag,sqlite3,2026-07-23T21:24:47.027+05:30,78.467167,1227569,/mavros/gimbal_control/device/attitude_status,mavros_msgs/msg/GimbalDeviceAttitudeStatus,31056,395.783375
23july3.bag,/home/aryaman/23july3.bag,sqlite3,2026-07-23T21:24:47.027+05:30,78.467167,1227569,/mavros/mag_calibration/report,mavros_msgs/msg/MagnetometerReporter,0,0.0
23july3.bag,/home/aryaman/23july3.bag,sqlite3,2026-07-23T21:24:47.027+05:30,78.467167,1227569,/mavros/rangefinder/rangefinder,sensor_msgs/msg/Range,0,0.0
23july3.bag,/home/aryaman/23july3.bag,sqlite3,2026-07-23T21:24:47.027+05:30,78.467167,1227569,/nonground,sensor_msgs/msg/PointCloud2,873,11.125673
23july3.bag,/home/aryaman/23july3.bag,sqlite3,2026-07-23T21:24:47.027+05:30,78.467167,1227569,/mavros/sim_state/velocity_body,geometry_msgs/msg/TwistStamped,0,0.0
23july3.bag,/home/aryaman/23july3.bag,sqlite3,2026-07-23T21:24:47.027+05:30,78.467167,1227569,/mavros/sim_state/global_position,sensor_msgs/msg/NavSatFix,0,0.0
23july3.bag,/home/aryaman/23july3.bag,sqlite3,2026-07-23T21:24:47.027+05:30,78.467167,1227569,/mavros/local_position/velocity_body,geometry_msgs/msg/TwistStamped,31003,395.107933
23july3.bag,/home/aryaman/23july3.bag,sqlite3,2026-07-23T21:24:47.027+05:30,78.467167,1227569,/move_base_simple/goal,geometry_msgs/msg/PoseStamped,0,0.0
23july3.bag,/home/aryaman/23july3.bag,sqlite3,2026-07-23T21:24:47.027+05:30,78.467167,1227569,/mavros/imu/temperature_baro,sensor_msgs/msg/Temperature,31009,395.184398
23july3.bag,/home/aryaman/23july3.bag,sqlite3,2026-07-23T21:24:47.027+05:30,78.467167,1227569,/mavros/imu/temperature_imu,sensor_msgs/msg/Temperature,0,0.0
23july3.bag,/home/aryaman/23july3.bag,sqlite3,2026-07-23T21:24:47.027+05:30,78.467167,1227569,/mavros/statustext/recv,mavros_msgs/msg/StatusText,0,0.0
23july3.bag,/home/aryaman/23july3.bag,sqlite3,2026-07-23T21:24:47.027+05:30,78.467167,1227569,/bond,bond/msg/Status,10958,139.650767
23july3.bag,/home/aryaman/23july3.bag,sqlite3,2026-07-23T21:24:47.027+05:30,78.467167,1227569,/mavros/optical_flow/raw/optical_flow,mavros_msgs/msg/OpticalFlow,0,0.0
23july3.bag,/home/aryaman/23july3.bag,sqlite3,2026-07-23T21:24:47.027+05:30,78.467167,1227569,/plan,nav_msgs/msg/Path,90,1.146977
23july3.bag,/home/aryaman/23july3.bag,sqlite3,2026-07-23T21:24:47.027+05:30,78.467167,1227569,/mavros/setpoint_raw/target_local,mavros_msgs/msg/PositionTarget,0,0.0
23july3.bag,/home/aryaman/23july3.bag,sqlite3,2026-07-23T21:24:47.027+05:30,78.467167,1227569,/mavros/imu/static_pressure,sensor_msgs/msg/FluidPressure,31002,395.095189
23july3.bag,/home/aryaman/23july3.bag,sqlite3,2026-07-23T21:24:47.027+05:30,78.467167,1227569,/mavros/status_event,mavros_msgs/msg/StatusEvent,0,0.0
23july3.bag,/home/aryaman/23july3.bag,sqlite3,2026-07-23T21:24:47.027+05:30,78.467167,1227569,/mavros/manual_control/control,mavros_msgs/msg/ManualControl,0,0.0
23july3.bag,/home/aryaman/23july3.bag,sqlite3,2026-07-23T21:24:47.027+05:30,78.467167,1227569,/bf_lidar/point_cloud_out,sensor_msgs/msg/PointCloud2,873,11.125673
23july3.bag,/home/aryaman/23july3.bag,sqlite3,2026-07-23T21:24:47.027+05:30,78.467167,1227569,/mavros/imu/mag,sensor_msgs/msg/MagneticField,30999,395.056956
23july3.bag,/home/aryaman/23july3.bag,sqlite3,2026-07-23T21:24:47.027+05:30,78.467167,1227569,/mavros/battery,sensor_msgs/msg/BatteryState,78,0.994046
23july3.bag,/home/aryaman/23july3.bag,sqlite3,2026-07-23T21:24:47.027+05:30,78.467167,1227569,/mavros/tunnel/out,mavros_msgs/msg/Tunnel,0,0.0
23july3.bag,/home/aryaman/23july3.bag,sqlite3,2026-07-23T21:24:47.027+05:30,78.467167,1227569,/mavros/local_position/accel,geometry_msgs/msg/AccelWithCovarianceStamped,0,0.0
23july4.bag,/home/aryaman/23july4.bag,sqlite3,2026-07-23T21:47:13.074+05:30,113.520689,1782949,/target_explorer/candidate_goals,visualization_msgs/msg/MarkerArray,5,0.044045
23july4.bag,/home/aryaman/23july4.bag,sqlite3,2026-07-23T21:47:13.074+05:30,113.520689,1782949,/mavros/nav_controller_output/output,mavros_msgs/msg/NavControllerOutput,60,0.528538
23july4.bag,/home/aryaman/23july4.bag,sqlite3,2026-07-23T21:47:13.074+05:30,113.520689,1782949,/mavros/mag_calibration/status,std_msgs/msg/UInt8,0,0.0
23july4.bag,/home/aryaman/23july4.bag,sqlite3,2026-07-23T21:47:13.074+05:30,113.520689,1782949,/mavros/log_transfer/raw/log_entry,mavros_msgs/msg/LogEntry,0,0.0
23july4.bag,/home/aryaman/23july4.bag,sqlite3,2026-07-23T21:47:13.074+05:30,113.520689,1782949,/mavros/local_position/velocity_local,geometry_msgs/msg/TwistStamped,45073,397.046568
23july4.bag,/home/aryaman/23july4.bag,sqlite3,2026-07-23T21:47:13.074+05:30,113.520689,1782949,/mavros/local_position/odom,nav_msgs/msg/Odometry,45073,397.046568
23july4.bag,/home/aryaman/23july4.bag,sqlite3,2026-07-23T21:47:13.074+05:30,113.520689,1782949,/mavros/timesync_status,mavros_msgs/msg/TimesyncStatus,1132,9.971751
23july4.bag,/home/aryaman/23july4.bag,sqlite3,2026-07-23T21:47:13.074+05:30,113.520689,1782949,/mavros/local_position/pose,geometry_msgs/msg/PoseStamped,45075,397.064186
23july4.bag,/home/aryaman/23july4.bag,sqlite3,2026-07-23T21:47:13.074+05:30,113.520689,1782949,/mavros/landing_target/pose_in,geometry_msgs/msg/PoseStamped,0,0.0
23july4.bag,/home/aryaman/23july4.bag,sqlite3,2026-07-23T21:47:13.074+05:30,113.520689,1782949,/mavros/imu/temperature_imu,sensor_msgs/msg/Temperature,0,0.0
23july4.bag,/home/aryaman/23july4.bag,sqlite3,2026-07-23T21:47:13.074+05:30,113.520689,1782949,/mavros/imu/temperature_baro,sensor_msgs/msg/Temperature,45077,397.081804
23july4.bag,/home/aryaman/23july4.bag,sqlite3,2026-07-23T21:47:13.074+05:30,113.520689,1782949,/mavros/imu/static_pressure,sensor_msgs/msg/FluidPressure,45078,397.090612
23july4.bag,/home/aryaman/23july4.bag,sqlite3,2026-07-23T21:47:13.074+05:30,113.520689,1782949,/mavros/gpsstatus/gps2/raw,mavros_msgs/msg/GPSRAW,113,0.995413
23july4.bag,/home/aryaman/23july4.bag,sqlite3,2026-07-23T21:47:13.074+05:30,113.520689,1782949,/mavros/optical_flow/ground_distance,sensor_msgs/msg/Range,0,0.0
23july4.bag,/home/aryaman/23july4.bag,sqlite3,2026-07-23T21:47:13.074+05:30,113.520689,1782949,/bond,bond/msg/Status,15880,139.886395
23july4.bag,/home/aryaman/23july4.bag,sqlite3,2026-07-23T21:47:13.074+05:30,113.520689,1782949,/tf,tf2_msgs/msg/TFMessage,4348,38.301388
23july4.bag,/home/aryaman/23july4.bag,sqlite3,2026-07-23T21:47:13.074+05:30,113.520689,1782949,/genz/trajectory,nav_msgs/msg/Path,1262,11.116916
23july4.bag,/home/aryaman/23july4.bag,sqlite3,2026-07-23T21:47:13.074+05:30,113.520689,1782949,/mavros/mount_control/orientation,geometry_msgs/msg/Quaternion,0,0.0
23july4.bag,/home/aryaman/23july4.bag,sqlite3,2026-07-23T21:47:13.074+05:30,113.520689,1782949,/bf_lidar/point_cloud_deskewed,sensor_msgs/msg/PointCloud2,1262,11.116916
23july4.bag,/home/aryaman/23july4.bag,sqlite3,2026-07-23T21:47:13.074+05:30,113.520689,1782949,/mavros/sys_status,mavros_msgs/msg/SysStatus,123,1.083503
23july4.bag,/home/aryaman/23july4.bag,sqlite3,2026-07-23T21:47:13.074+05:30,113.520689,1782949,/lookahead_point,geometry_msgs/msg/PointStamped,1398,12.314936
23july4.bag,/home/aryaman/23july4.bag,sqlite3,2026-07-23T21:47:13.074+05:30,113.520689,1782949,/diagnostics,diagnostic_msgs/msg/DiagnosticArray,564,4.968257
23july4.bag,/home/aryaman/23july4.bag,sqlite3,2026-07-23T21:47:13.074+05:30,113.520689,1782949,/mavros/rangefinder_pub,sensor_msgs/msg/Range,0,0.0
23july4.bag,/home/aryaman/23july4.bag,sqlite3,2026-07-23T21:47:13.074+05:30,113.520689,1782949,/mavros/param/event,mavros_msgs/msg/ParamEvent,0,0.0
23july4.bag,/home/aryaman/23july4.bag,sqlite3,2026-07-23T21:47:13.074+05:30,113.520689,1782949,/clicked_point,geometry_msgs/msg/PointStamped,0,0.0
23july4.bag,/home/aryaman/23july4.bag,sqlite3,2026-07-23T21:47:13.074+05:30,113.520689,1782949,/mavros/global_position/local,nav_msgs/msg/Odometry,45089,397.187511
23july4.bag,/home/aryaman/23july4.bag,sqlite3,2026-07-23T21:47:13.074+05:30,113.520689,1782949,/mavros/mount_control/status,geometry_msgs/msg/Vector3Stamped,0,0.0
23july4.bag,/home/aryaman/23july4.bag,sqlite3,2026-07-23T21:47:13.074+05:30,113.520689,1782949,/mavros/sim_state/attitude,sensor_msgs/msg/Imu,0,0.0
23july4.bag,/home/aryaman/23july4.bag,sqlite3,2026-07-23T21:47:13.074+05:30,113.520689,1782949,/received_global_plan,nav_msgs/msg/Path,1398,12.314936
23july4.bag,/home/aryaman/23july4.bag,sqlite3,2026-07-23T21:47:13.074+05:30,113.520689,1782949,/behavior_tree_log,nav2_msgs/msg/BehaviorTreeLog,1724,15.186659
23july4.bag,/home/aryaman/23july4.bag,sqlite3,2026-07-23T21:47:13.074+05:30,113.520689,1782949,/mavros/global_position/compass_hdg,std_msgs/msg/Float64,45096,397.249174
23july4.bag,/home/aryaman/23july4.bag,sqlite3,2026-07-23T21:47:13.074+05:30,113.520689,1782949,/scan,sensor_msgs/msg/LaserScan,1263,11.125725
23july4.bag,/home/aryaman/23july4.bag,sqlite3,2026-07-23T21:47:13.074+05:30,113.520689,1782949,/slam_toolbox/scan_visualization,sensor_msgs/msg/LaserScan,0,0.0
23july4.bag,/home/aryaman/23july4.bag,sqlite3,2026-07-23T21:47:13.074+05:30,113.520689,1782949,/mavros/landing_target/lt_marker,geometry_msgs/msg/Vector3Stamped,0,0.0
23july4.bag,/home/aryaman/23july4.bag,sqlite3,2026-07-23T21:47:13.074+05:30,113.520689,1782949,/local_costmap/costmap,nav_msgs/msg/OccupancyGrid,868,7.646183
23july4.bag,/home/aryaman/23july4.bag,sqlite3,2026-07-23T21:47:13.074+05:30,113.520689,1782949,/initialpose,geometry_msgs/msg/PoseWithCovarianceStamped,0,0.0
23july4.bag,/home/aryaman/23july4.bag,sqlite3,2026-07-23T21:47:13.074+05:30,113.520689,1782949,/bf_lidar/imu_out,sensor_msgs/msg/Imu,56911,501.327118
23july4.bag,/home/aryaman/23july4.bag,sqlite3,2026-07-23T21:47:13.074+05:30,113.520689,1782949,/genz/non_planar_points,sensor_msgs/msg/PointCloud2,1262,11.116916
23july4.bag,/home/aryaman/23july4.bag,sqlite3,2026-07-23T21:47:13.074+05:30,113.520689,1782949,/global_costmap/costmap,nav_msgs/msg/OccupancyGrid,132,1.162784
23july4.bag,/home/aryaman/23july4.bag,sqlite3,2026-07-23T21:47:13.074+05:30,113.520689,1782949,/mavros/rc/out,mavros_msgs/msg/RCOut,45075,397.064186
23july4.bag,/home/aryaman/23july4.bag,sqlite3,2026-07-23T21:47:13.074+05:30,113.520689,1782949,/global_costmap/costmap_raw,nav2_msgs/msg/Costmap,132,1.162784
23july4.bag,/home/aryaman/23july4.bag,sqlite3,2026-07-23T21:47:13.074+05:30,113.520689,1782949,/uas1/mavlink_source,mavros_msgs/msg/Mavlink,796775,7018.764647
23july4.bag,/home/aryaman/23july4.bag,sqlite3,2026-07-23T21:47:13.074+05:30,113.520689,1782949,/mavros/cam_imu_sync/cam_imu_stamp,mavros_msgs/msg/CamIMUStamp,0,0.0
23july4.bag,/home/aryaman/23july4.bag,sqlite3,2026-07-23T21:47:13.074+05:30,113.520689,1782949,/mavros/global_position/raw/gps_vel,geometry_msgs/msg/TwistStamped,113,0.995413
23july4.bag,/home/aryaman/23july4.bag,sqlite3,2026-07-23T21:47:13.074+05:30,113.520689,1782949,/behavior_server/transition_event,lifecycle_msgs/msg/TransitionEvent,0,0.0
23july4.bag,/home/aryaman/23july4.bag,sqlite3,2026-07-23T21:47:13.074+05:30,113.520689,1782949,/mavros/local_position/pose_cov,geometry_msgs/msg/PoseWithCovarianceStamped,0,0.0
23july4.bag,/home/aryaman/23july4.bag,sqlite3,2026-07-23T21:47:13.074+05:30,113.520689,1782949,/lookahead_collision_arc,nav_msgs/msg/Path,1398,12.314936
23july4.bag,/home/aryaman/23july4.bag,sqlite3,2026-07-23T21:47:13.074+05:30,113.520689,1782949,/tf_static,tf2_msgs/msg/TFMessage,4,0.035236
23july4.bag,/home/aryaman/23july4.bag,sqlite3,2026-07-23T21:47:13.074+05:30,113.520689,1782949,/genz/odometry,nav_msgs/msg/Odometry,1262,11.116916
23july4.bag,/home/aryaman/23july4.bag,sqlite3,2026-07-23T21:47:13.074+05:30,113.520689,1782949,/mavros/home_position/home,mavros_msgs/msg/HomePosition,1,0.008809
23july4.bag,/home/aryaman/23july4.bag,sqlite3,2026-07-23T21:47:13.074+05:30,113.520689,1782949,/global_costmap/costmap_updates,map_msgs/msg/OccupancyGridUpdate,0,0.0
23july4.bag,/home/aryaman/23july4.bag,sqlite3,2026-07-23T21:47:13.074+05:30,113.520689,1782949,/planner_server/transition_event,lifecycle_msgs/msg/TransitionEvent,0,0.0
23july4.bag,/home/aryaman/23july4.bag,sqlite3,2026-07-23T21:47:13.074+05:30,113.520689,1782949,/cloud,sensor_msgs/msg/PointCloud2,0,0.0
23july4.bag,/home/aryaman/23july4.bag,sqlite3,2026-07-23T21:47:13.074+05:30,113.520689,1782949,/mavros/trajectory/desired,mavros_msgs/msg/Trajectory,0,0.0
23july4.bag,/home/aryaman/23july4.bag,sqlite3,2026-07-23T21:47:13.074+05:30,113.520689,1782949,/target_explorer/selected_goal,geometry_msgs/msg/PoseStamped,4,0.035236
23july4.bag,/home/aryaman/23july4.bag,sqlite3,2026-07-23T21:47:13.074+05:30,113.520689,1782949,/slam_toolbox/graph_visualization,visualization_msgs/msg/MarkerArray,0,0.0
23july4.bag,/home/aryaman/23july4.bag,sqlite3,2026-07-23T21:47:13.074+05:30,113.520689,1782949,/controller_server/transition_event,lifecycle_msgs/msg/TransitionEvent,0,0.0
23july4.bag,/home/aryaman/23july4.bag,sqlite3,2026-07-23T21:47:13.074+05:30,113.520689,1782949,/mavros/setpoint_raw/target_global,mavros_msgs/msg/GlobalPositionTarget,0,0.0
23july4.bag,/home/aryaman/23july4.bag,sqlite3,2026-07-23T21:47:13.074+05:30,113.520689,1782949,/mavros/manual_control/control,mavros_msgs/msg/ManualControl,0,0.0
23july4.bag,/home/aryaman/23july4.bag,sqlite3,2026-07-23T21:47:13.074+05:30,113.520689,1782949,/mavros/status_event,mavros_msgs/msg/StatusEvent,0,0.0
23july4.bag,/home/aryaman/23july4.bag,sqlite3,2026-07-23T21:47:13.074+05:30,113.520689,1782949,/mavros/esc_telemetry/telemetry,mavros_msgs/msg/ESCTelemetry,0,0.0
23july4.bag,/home/aryaman/23july4.bag,sqlite3,2026-07-23T21:47:13.074+05:30,113.520689,1782949,/odometry/filtered,nav_msgs/msg/Odometry,3404,29.985724
23july4.bag,/home/aryaman/23july4.bag,sqlite3,2026-07-23T21:47:13.074+05:30,113.520689,1782949,/mavros/global_position/rel_alt,std_msgs/msg/Float64,45102,397.302028
23july4.bag,/home/aryaman/23july4.bag,sqlite3,2026-07-23T21:47:13.074+05:30,113.520689,1782949,/events/write_split,rosbag2_interfaces/msg/WriteSplitEvent,0,0.0
23july4.bag,/home/aryaman/23july4.bag,sqlite3,2026-07-23T21:47:13.074+05:30,113.520689,1782949,/global_costmap/global_costmap/transition_event,lifecycle_msgs/msg/TransitionEvent,0,0.0
23july4.bag,/home/aryaman/23july4.bag,sqlite3,2026-07-23T21:47:13.074+05:30,113.520689,1782949,/uas1/mavlink_sink,mavros_msgs/msg/Mavlink,4684,41.261201
23july4.bag,/home/aryaman/23july4.bag,sqlite3,2026-07-23T21:47:13.074+05:30,113.520689,1782949,/local_costmap/local_costmap/transition_event,lifecycle_msgs/msg/TransitionEvent,0,0.0
23july4.bag,/home/aryaman/23july4.bag,sqlite3,2026-07-23T21:47:13.074+05:30,113.520689,1782949,/mavros/setpoint_trajectory/desired,nav_msgs/msg/Path,0,0.0
23july4.bag,/home/aryaman/23july4.bag,sqlite3,2026-07-23T21:47:13.074+05:30,113.520689,1782949,/waypoint_follower/transition_event,lifecycle_msgs/msg/TransitionEvent,0,0.0
23july4.bag,/home/aryaman/23july4.bag,sqlite3,2026-07-23T21:47:13.074+05:30,113.520689,1782949,/map,nav_msgs/msg/OccupancyGrid,757,6.668388
23july4.bag,/home/aryaman/23july4.bag,sqlite3,2026-07-23T21:47:13.074+05:30,113.520689,1782949,/genz/local_map,sensor_msgs/msg/PointCloud2,1262,11.116916
23july4.bag,/home/aryaman/23july4.bag,sqlite3,2026-07-23T21:47:13.074+05:30,113.520689,1782949,/waypoints,visualization_msgs/msg/MarkerArray,0,0.0
23july4.bag,/home/aryaman/23july4.bag,sqlite3,2026-07-23T21:47:13.074+05:30,113.520689,1782949,/map_metadata,nav_msgs/msg/MapMetaData,757,6.668388
23july4.bag,/home/aryaman/23july4.bag,sqlite3,2026-07-23T21:47:13.074+05:30,113.520689,1782949,/ground,sensor_msgs/msg/PointCloud2,1263,11.125725
23july4.bag,/home/aryaman/23july4.bag,sqlite3,2026-07-23T21:47:13.074+05:30,113.520689,1782949,/rosout,rcl_interfaces/msg/Log,8325,73.33465
23july4.bag,/home/aryaman/23july4.bag,sqlite3,2026-07-23T21:47:13.074+05:30,113.520689,1782949,/mavros/imu/data,sensor_msgs/msg/Imu,45184,398.024363
23july4.bag,/home/aryaman/23july4.bag,sqlite3,2026-07-23T21:47:13.074+05:30,113.520689,1782949,/mavros/gimbal_control/manager/status,mavros_msgs/msg/GimbalManagerStatus,0,0.0
23july4.bag,/home/aryaman/23july4.bag,sqlite3,2026-07-23T21:47:13.074+05:30,113.520689,1782949,/pose,geometry_msgs/msg/PoseWithCovarianceStamped,136,1.19802
23july4.bag,/home/aryaman/23july4.bag,sqlite3,2026-07-23T21:47:13.074+05:30,113.520689,1782949,/mavros/esc_status/status,mavros_msgs/msg/ESCStatus,0,0.0
23july4.bag,/home/aryaman/23july4.bag,sqlite3,2026-07-23T21:47:13.074+05:30,113.520689,1782949,/mavros/camera/image_captured,mavros_msgs/msg/CameraImageCaptured,0,0.0
23july4.bag,/home/aryaman/23july4.bag,sqlite3,2026-07-23T21:47:13.074+05:30,113.520689,1782949,/mavros/log_transfer/raw/log_data,mavros_msgs/msg/LogData,0,0.0
23july4.bag,/home/aryaman/23july4.bag,sqlite3,2026-07-23T21:47:13.074+05:30,113.520689,1782949,/mavros/gps_rtk/rtk_baseline,mavros_msgs/msg/RTKBaseline,0,0.0
23july4.bag,/home/aryaman/23july4.bag,sqlite3,2026-07-23T21:47:13.074+05:30,113.520689,1782949,/mavros/global_position/raw/fix,sensor_msgs/msg/NavSatFix,113,0.995413
23july4.bag,/home/aryaman/23july4.bag,sqlite3,2026-07-23T21:47:13.074+05:30,113.520689,1782949,/local_costmap/costmap_updates,map_msgs/msg/OccupancyGridUpdate,0,0.0
23july4.bag,/home/aryaman/23july4.bag,sqlite3,2026-07-23T21:47:13.074+05:30,113.520689,1782949,/bt_navigator/transition_event,lifecycle_msgs/msg/TransitionEvent,0,0.0
23july4.bag,/home/aryaman/23july4.bag,sqlite3,2026-07-23T21:47:13.074+05:30,113.520689,1782949,/slam_toolbox/update,visualization_msgs/msg/InteractiveMarkerUpdate,0,0.0
23july4.bag,/home/aryaman/23july4.bag,sqlite3,2026-07-23T21:47:13.074+05:30,113.520689,1782949,/velocity_smoother/transition_event,lifecycle_msgs/msg/TransitionEvent,0,0.0
23july4.bag,/home/aryaman/23july4.bag,sqlite3,2026-07-23T21:47:13.074+05:30,113.520689,1782949,/mavros/state,mavros_msgs/msg/State,124,1.092312
23july4.bag,/home/aryaman/23july4.bag,sqlite3,2026-07-23T21:47:13.074+05:30,113.520689,1782949,/mavros/time_reference,sensor_msgs/msg/TimeReference,45080,397.10823
23july4.bag,/home/aryaman/23july4.bag,sqlite3,2026-07-23T21:47:13.074+05:30,113.520689,1782949,/mavros/estimator_status,mavros_msgs/msg/EstimatorStatus,0,0.0
23july4.bag,/home/aryaman/23july4.bag,sqlite3,2026-07-23T21:47:13.074+05:30,113.520689,1782949,/parameter_events,rcl_interfaces/msg/ParameterEvent,54,0.475684
23july4.bag,/home/aryaman/23july4.bag,sqlite3,2026-07-23T21:47:13.074+05:30,113.520689,1782949,/local_costmap/published_footprint,geometry_msgs/msg/PolygonStamped,2269,19.987546
23july4.bag,/home/aryaman/23july4.bag,sqlite3,2026-07-23T21:47:13.074+05:30,113.520689,1782949,/cmd_vel_nav,geometry_msgs/msg/Twist,1405,12.376599
23july4.bag,/home/aryaman/23july4.bag,sqlite3,2026-07-23T21:47:13.074+05:30,113.520689,1782949,/mavros/rc/override,mavros_msgs/msg/OverrideRCIn,3321,29.254579
23july4.bag,/home/aryaman/23july4.bag,sqlite3,2026-07-23T21:47:13.074+05:30,113.520689,1782949,/mavros/imu/diff_pressure,sensor_msgs/msg/FluidPressure,45095,397.240365
23july4.bag,/home/aryaman/23july4.bag,sqlite3,2026-07-23T21:47:13.074+05:30,113.520689,1782949,/mavros/odometry/in,nav_msgs/msg/Odometry,0,0.0
23july4.bag,/home/aryaman/23july4.bag,sqlite3,2026-07-23T21:47:13.074+05:30,113.520689,1782949,/mavros/gimbal_control/device/info,mavros_msgs/msg/GimbalDeviceInformation,0,0.0
23july4.bag,/home/aryaman/23july4.bag,sqlite3,2026-07-23T21:47:13.074+05:30,113.520689,1782949,/mavros/gpsstatus/gps1/raw,mavros_msgs/msg/GPSRAW,113,0.995413
23july4.bag,/home/aryaman/23july4.bag,sqlite3,2026-07-23T21:47:13.074+05:30,113.520689,1782949,/cmd_vel,geometry_msgs/msg/Twist,2334,20.560129
23july4.bag,/home/aryaman/23july4.bag,sqlite3,2026-07-23T21:47:13.074+05:30,113.520689,1782949,/mavros/adsb/vehicle,mavros_msgs/msg/ADSBVehicle,0,0.0
23july4.bag,/home/aryaman/23july4.bag,sqlite3,2026-07-23T21:47:13.074+05:30,113.520689,1782949,/plan_smoothed,nav_msgs/msg/Path,0,0.0
23july4.bag,/home/aryaman/23july4.bag,sqlite3,2026-07-23T21:47:13.074+05:30,113.520689,1782949,/goal_pose,geometry_msgs/msg/PoseStamped,0,0.0
23july4.bag,/home/aryaman/23july4.bag,sqlite3,2026-07-23T21:47:13.074+05:30,113.520689,1782949,/smoother_server/transition_event,lifecycle_msgs/msg/TransitionEvent,0,0.0
23july4.bag,/home/aryaman/23july4.bag,sqlite3,2026-07-23T21:47:13.074+05:30,113.520689,1782949,/mavros/mission/reached,mavros_msgs/msg/WaypointReached,0,0.0
23july4.bag,/home/aryaman/23july4.bag,sqlite3,2026-07-23T21:47:13.074+05:30,113.520689,1782949,/nonground,sensor_msgs/msg/PointCloud2,1263,11.125725
23july4.bag,/home/aryaman/23july4.bag,sqlite3,2026-07-23T21:47:13.074+05:30,113.520689,1782949,/mavros/sim_state/velocity_body,geometry_msgs/msg/TwistStamped,0,0.0
23july4.bag,/home/aryaman/23july4.bag,sqlite3,2026-07-23T21:47:13.074+05:30,113.520689,1782949,/mavros/local_position/velocity_body,geometry_msgs/msg/TwistStamped,45101,397.293219
23july4.bag,/home/aryaman/23july4.bag,sqlite3,2026-07-23T21:47:13.074+05:30,113.520689,1782949,/mavros/sim_state/global_position,sensor_msgs/msg/NavSatFix,0,0.0
23july4.bag,/home/aryaman/23july4.bag,sqlite3,2026-07-23T21:47:13.074+05:30,113.520689,1782949,/move_base_simple/goal,geometry_msgs/msg/PoseStamped,0,0.0
23july4.bag,/home/aryaman/23july4.bag,sqlite3,2026-07-23T21:47:13.074+05:30,113.520689,1782949,/mavros/wind_estimation,geometry_msgs/msg/TwistWithCovarianceStamped,0,0.0
23july4.bag,/home/aryaman/23july4.bag,sqlite3,2026-07-23T21:47:13.074+05:30,113.520689,1782949,/bf_lidar/diagnostic_out,diagnostic_msgs/msg/DiagnosticStatus,1262,11.116916
23july4.bag,/home/aryaman/23july4.bag,sqlite3,2026-07-23T21:47:13.074+05:30,113.520689,1782949,/local_costmap/costmap_raw,nav2_msgs/msg/Costmap,868,7.646183
23july4.bag,/home/aryaman/23july4.bag,sqlite3,2026-07-23T21:47:13.074+05:30,113.520689,1782949,/mavros/vfr_hud,mavros_msgs/msg/VfrHud,45101,397.293219
23july4.bag,/home/aryaman/23july4.bag,sqlite3,2026-07-23T21:47:13.074+05:30,113.520689,1782949,/mavros/tunnel/out,mavros_msgs/msg/Tunnel,0,0.0
23july4.bag,/home/aryaman/23july4.bag,sqlite3,2026-07-23T21:47:13.074+05:30,113.520689,1782949,/mavros/terrain/report,mavros_msgs/msg/TerrainReport,0,0.0
23july4.bag,/home/aryaman/23july4.bag,sqlite3,2026-07-23T21:47:13.074+05:30,113.520689,1782949,/mavros/statustext/recv,mavros_msgs/msg/StatusText,0,0.0
23july4.bag,/home/aryaman/23july4.bag,sqlite3,2026-07-23T21:47:13.074+05:30,113.520689,1782949,/mavros/sim_state/velocity_local,geometry_msgs/msg/TwistStamped,0,0.0
23july4.bag,/home/aryaman/23july4.bag,sqlite3,2026-07-23T21:47:13.074+05:30,113.520689,1782949,/mavros/sim_state/acceleration,geometry_msgs/msg/Vector3Stamped,0,0.0
23july4.bag,/home/aryaman/23july4.bag,sqlite3,2026-07-23T21:47:13.074+05:30,113.520689,1782949,/plan,nav_msgs/msg/Path,83,0.731144
23july4.bag,/home/aryaman/23july4.bag,sqlite3,2026-07-23T21:47:13.074+05:30,113.520689,1782949,/mavros/setpoint_raw/target_local,mavros_msgs/msg/PositionTarget,0,0.0
23july4.bag,/home/aryaman/23july4.bag,sqlite3,2026-07-23T21:47:13.074+05:30,113.520689,1782949,/mavros/mission/waypoints,mavros_msgs/msg/WaypointList,1,0.008809
23july4.bag,/home/aryaman/23july4.bag,sqlite3,2026-07-23T21:47:13.074+05:30,113.520689,1782949,/mavros/setpoint_raw/target_attitude,mavros_msgs/msg/AttitudeTarget,0,0.0
23july4.bag,/home/aryaman/23july4.bag,sqlite3,2026-07-23T21:47:13.074+05:30,113.520689,1782949,/mavros/rc/in,mavros_msgs/msg/RCIn,45098,397.266792
23july4.bag,/home/aryaman/23july4.bag,sqlite3,2026-07-23T21:47:13.074+05:30,113.520689,1782949,/mavros/rallypoint/rallypoints,mavros_msgs/msg/WaypointList,1,0.008809
23july4.bag,/home/aryaman/23july4.bag,sqlite3,2026-07-23T21:47:13.074+05:30,113.520689,1782949,/mavros/global_position/gp_lp_offset,geometry_msgs/msg/PoseStamped,0,0.0
23july4.bag,/home/aryaman/23july4.bag,sqlite3,2026-07-23T21:47:13.074+05:30,113.520689,1782949,/mavros/local_position/velocity_body_cov,geometry_msgs/msg/TwistWithCovarianceStamped,0,0.0
23july4.bag,/home/aryaman/23july4.bag,sqlite3,2026-07-23T21:47:13.074+05:30,113.520689,1782949,/mavros/radio_status,mavros_msgs/msg/RadioStatus,0,0.0
23july4.bag,/home/aryaman/23july4.bag,sqlite3,2026-07-23T21:47:13.074+05:30,113.520689,1782949,/mavros/global_position/gp_origin,geographic_msgs/msg/GeoPointStamped,1,0.008809
23july4.bag,/home/aryaman/23july4.bag,sqlite3,2026-07-23T21:47:13.074+05:30,113.520689,1782949,/mavros/optical_flow/raw/optical_flow,mavros_msgs/msg/OpticalFlow,0,0.0
23july4.bag,/home/aryaman/23july4.bag,sqlite3,2026-07-23T21:47:13.074+05:30,113.520689,1782949,/mavros/extended_state,mavros_msgs/msg/ExtendedState,0,0.0
23july4.bag,/home/aryaman/23july4.bag,sqlite3,2026-07-23T21:47:13.074+05:30,113.520689,1782949,/mavros/gimbal_control/manager/info,mavros_msgs/msg/GimbalManagerInformation,0,0.0
23july4.bag,/home/aryaman/23july4.bag,sqlite3,2026-07-23T21:47:13.074+05:30,113.520689,1782949,/mavros/battery,sensor_msgs/msg/BatteryState,113,0.995413
23july4.bag,/home/aryaman/23july4.bag,sqlite3,2026-07-23T21:47:13.074+05:30,113.520689,1782949,/bf_lidar/point_cloud_out,sensor_msgs/msg/PointCloud2,1262,11.116916
23july4.bag,/home/aryaman/23july4.bag,sqlite3,2026-07-23T21:47:13.074+05:30,113.520689,1782949,/mavros/imu/mag,sensor_msgs/msg/MagneticField,45091,397.205129
23july4.bag,/home/aryaman/23july4.bag,sqlite3,2026-07-23T21:47:13.074+05:30,113.520689,1782949,/mavros/local_position/accel,geometry_msgs/msg/AccelWithCovarianceStamped,0,0.0
23july4.bag,/home/aryaman/23july4.bag,sqlite3,2026-07-23T21:47:13.074+05:30,113.520689,1782949,/mavros/esc_status/info,mavros_msgs/msg/ESCInfo,0,0.0
23july4.bag,/home/aryaman/23july4.bag,sqlite3,2026-07-23T21:47:13.074+05:30,113.520689,1782949,/global_costmap/published_footprint,geometry_msgs/msg/PolygonStamped,261,2.29914
23july4.bag,/home/aryaman/23july4.bag,sqlite3,2026-07-23T21:47:13.074+05:30,113.520689,1782949,/mavros/global_position/raw/satellites,std_msgs/msg/UInt32,113,0.995413
23july4.bag,/home/aryaman/23july4.bag,sqlite3,2026-07-23T21:47:13.074+05:30,113.520689,1782949,/mavros/gpsstatus/gps1/rtk,mavros_msgs/msg/GPSRTK,0,0.0
23july4.bag,/home/aryaman/23july4.bag,sqlite3,2026-07-23T21:47:13.074+05:30,113.520689,1782949,/mavros/imu/data_raw,sensor_msgs/msg/Imu,45088,397.178702
23july4.bag,/home/aryaman/23july4.bag,sqlite3,2026-07-23T21:47:13.074+05:30,113.520689,1782949,/mavros/gpsstatus/gps2/rtk,mavros_msgs/msg/GPSRTK,0,0.0
23july4.bag,/home/aryaman/23july4.bag,sqlite3,2026-07-23T21:47:13.074+05:30,113.520689,1782949,/mavros/gimbal_control/device/attitude_status,mavros_msgs/msg/GimbalDeviceAttitudeStatus,45088,397.178702
23july4.bag,/home/aryaman/23july4.bag,sqlite3,2026-07-23T21:47:13.074+05:30,113.520689,1782949,/mavros/mag_calibration/report,mavros_msgs/msg/MagnetometerReporter,0,0.0
23july4.bag,/home/aryaman/23july4.bag,sqlite3,2026-07-23T21:47:13.074+05:30,113.520689,1782949,/mavros/rangefinder/rangefinder,sensor_msgs/msg/Range,0,0.0
23july4.bag,/home/aryaman/23july4.bag,sqlite3,2026-07-23T21:47:13.074+05:30,113.520689,1782949,/mavros/geofence/fences,mavros_msgs/msg/WaypointList,1,0.008809
23july4.bag,/home/aryaman/23july4.bag,sqlite3,2026-07-23T21:47:13.074+05:30,113.520689,1782949,/genz/planar_points,sensor_msgs/msg/PointCloud2,1262,11.116916
23july4.bag,/home/aryaman/23july4.bag,sqlite3,2026-07-23T21:47:13.074+05:30,113.520689,1782949,/mavros/global_position/global,sensor_msgs/msg/NavSatFix,45079,397.099421
