bag,absolute_time,relative_sec,source_node,source_topic,event_category,severity,goal_x,goal_y,action_status,path_pose_count,path_length_m,message,active_goal_number
23july.bag,2026-07-23T21:03:11.903+05:30,4.263,target_explorer_node,/rosout,tf,WARN,,,,,,"Cannot look up robot pose map -> base_footprint: Lookup would require extrapolation at time 1784820791.590353, but only time 1784820791.680995 is in the buffer, when looking up transform from frame [base_footprint] to frame [map].",
23july.bag,2026-07-23T21:03:11.904+05:30,4.265,target_explorer_node,/rosout,obstacle_or_costmap,INFO,,,,,,Received /global_costmap/costmap: 332x412 cells at 0.050 m/cell,
23july.bag,2026-07-23T21:03:13.002+05:30,5.363,planner_server,/rosout,planning,WARN,,,,,,No planners specified in action call. Server will use only plugin GridBased  in server. This warning will appear once.,
23july.bag,2026-07-23T21:03:13.004+05:30,5.365,/plan,/plan,path_update,RECORDED,-0.13382681875032265,0.7760125279883782,,30,0.8088,Recorded path update on /plan,
23july.bag,2026-07-23T21:03:13.007+05:30,5.368,target_explorer_node,/rosout,planning,INFO,-0.13,0.83,,,,"Sending NavigateToPose goal (-0.13, 0.83): progress=0.75 m alignment=0.984 path=0.81 m score=1.649.",1
23july.bag,2026-07-23T21:03:13.009+05:30,5.369,target_explorer_node,/rosout,nav2_state,INFO,-0.13,0.83,,,,"Nav2 accepted goal (-0.13, 0.83).",1
23july.bag,2026-07-23T21:03:13.010+05:30,5.371,/plan,/plan,path_update,RECORDED,-0.13382681875032265,0.7760125279883782,,30,0.8088,Recorded path update on /plan,1
23july.bag,2026-07-23T21:03:13.028+05:30,5.389,controller_server,/rosout,goal_started,INFO,,,,,,"Received a goal, begin computing control effort.",1
23july.bag,2026-07-23T21:03:13.028+05:30,5.389,controller_server,/rosout,nav2_state,WARN,,,,,,No goal checker was specified in parameter 'current_goal_checker'. Server will use only plugin loaded general_goal_checker . This warning will appear once.,1
23july.bag,2026-07-23T21:03:14.030+05:30,6.391,/plan,/plan,path_update,RECORDED,-0.13382681875032265,0.7760125279883782,,30,0.8088,Recorded path update on /plan,1
23july.bag,2026-07-23T21:03:14.079+05:30,6.439,controller_server,/rosout,planning,INFO,,,,,,Passing new path to controller.,1
23july.bag,2026-07-23T21:03:15.059+05:30,7.419,/plan,/plan,path_update,RECORDED,-0.13382681875032265,0.7760125279883782,,29,0.759,Recorded path update on /plan,1
23july.bag,2026-07-23T21:03:15.079+05:30,7.439,controller_server,/rosout,planning,INFO,,,,,,Passing new path to controller.,1
23july.bag,2026-07-23T21:03:16.089+05:30,8.449,/plan,/plan,path_update,RECORDED,-0.13382681875032265,0.7760125279883782,,23,0.6097,Recorded path update on /plan,1
23july.bag,2026-07-23T21:03:16.129+05:30,8.489,controller_server,/rosout,planning,INFO,,,,,,Passing new path to controller.,1
23july.bag,2026-07-23T21:03:16.407+05:30,8.768,global_costmap.global_costmap,/rosout,costmap_resize,INFO,,,,,,StaticLayer: Resizing costmap to 333 X 412 at 0.050000 m/pix,1
23july.bag,2026-07-23T21:03:16.579+05:30,8.94,controller_server,/rosout,nav2_state,INFO,,,,,,Reached the goal!,1
23july.bag,2026-07-23T21:03:16.618+05:30,8.979,bt_navigator,/rosout,goal_succeeded,INFO,,,,,,Goal succeeded,1
23july.bag,2026-07-23T21:03:16.619+05:30,8.98,target_explorer_node,/rosout,goal_succeeded,INFO,-0.13,0.83,,,,"NavigateToPose succeeded for (-0.13, 0.83).",
23july.bag,2026-07-23T21:03:16.707+05:30,9.068,target_explorer_node,/rosout,nav2_state,WARN,-0.4,3.28,,,,"Rejected frontier (-0.40, 3.28): endpoint clearance 1.13 m is below required 1.70 m.",
23july.bag,2026-07-23T21:03:16.708+05:30,9.069,target_explorer_node,/rosout,nav2_state,WARN,-0.85,3.33,,,,"Rejected frontier (-0.85, 3.33): endpoint clearance 0.74 m is below required 1.70 m.",
23july.bag,2026-07-23T21:03:16.708+05:30,9.069,target_explorer_node,/rosout,nav2_state,WARN,0.15,3.48,,,,"Rejected frontier (0.15, 3.48): endpoint clearance 1.57 m is below required 1.70 m.",
23july.bag,2026-07-23T21:03:16.709+05:30,9.07,target_explorer_node,/rosout,nav2_state,WARN,-0.55,3.98,,,,"Rejected frontier (-0.55, 3.98): endpoint clearance 0.83 m is below required 1.70 m.",
23july.bag,2026-07-23T21:03:16.712+05:30,9.072,planner_server,/rosout,planning_failure,WARN,,,,,,GridBased: failed to create plan with tolerance 0.50.,
23july.bag,2026-07-23T21:03:16.712+05:30,9.072,planner_server,/rosout,planning_failure,WARN,0.45,3.73,,,,"Planning algorithm  failed to generate a valid path to (0.45, 3.73)",
23july.bag,2026-07-23T21:03:16.712+05:30,9.072,planner_server,/rosout,aborted,WARN,,,,,,[compute_path_to_pose] [ActionServer] Aborting handle.,
23july.bag,2026-07-23T21:03:16.713+05:30,9.074,planner_server,/rosout,planning_failure,WARN,,,,,,GridBased: failed to create plan with tolerance 0.50.,
23july.bag,2026-07-23T21:03:16.713+05:30,9.074,planner_server,/rosout,planning_failure,WARN,0.95,3.38,,,,"Planning algorithm  failed to generate a valid path to (0.95, 3.38)",
23july.bag,2026-07-23T21:03:16.713+05:30,9.074,planner_server,/rosout,aborted,WARN,,,,,,[compute_path_to_pose] [ActionServer] Aborting handle.,
23july.bag,2026-07-23T21:03:16.714+05:30,9.075,target_explorer_node,/rosout,nav2_state,INFO,,,,,,Nav2 found no reachable safe frontier candidate.,
23july.bag,2026-07-23T21:03:16.842+05:30,9.203,global_costmap.global_costmap,/rosout,costmap_resize,INFO,,,,,,StaticLayer: Resizing costmap to 406 X 420 at 0.050000 m/pix,
23july.bag,2026-07-23T21:03:17.809+05:30,10.17,target_explorer_node,/rosout,nav2_state,WARN,-0.48,4.28,,,,"Rejected frontier (-0.48, 4.28): endpoint clearance 1.55 m is below required 1.70 m.",
23july.bag,2026-07-23T21:03:17.810+05:30,10.17,target_explorer_node,/rosout,nav2_state,WARN,-1.83,2.93,,,,"Rejected frontier (-1.83, 2.93): endpoint clearance 0.83 m is below required 1.70 m.",
23july.bag,2026-07-23T21:03:17.810+05:30,10.171,target_explorer_node,/rosout,nav2_state,WARN,-1.53,3.88,,,,"Rejected frontier (-1.53, 3.88): endpoint clearance 0.43 m is below required 1.70 m.",
23july.bag,2026-07-23T21:03:17.811+05:30,10.172,target_explorer_node,/rosout,nav2_state,WARN,-0.23,4.63,,,,"Rejected frontier (-0.23, 4.63): endpoint clearance 1.68 m is below required 1.70 m.",
23july.bag,2026-07-23T21:03:17.812+05:30,10.172,target_explorer_node,/rosout,nav2_state,WARN,0.02,5.53,,,,"Rejected frontier (0.02, 5.53): endpoint clearance 0.83 m is below required 1.70 m.",
23july.bag,2026-07-23T21:03:17.813+05:30,10.174,/plan,/plan,path_update,RECORDED,1.3690255831216742,5.226012594298545,,159,4.7488,Recorded path update on /plan,
23july.bag,2026-07-23T21:03:17.820+05:30,10.18,target_explorer_node,/rosout,planning,INFO,1.37,5.28,,,,"Sending NavigateToPose goal (1.37, 5.28): progress=4.40 m alignment=0.962 path=4.75 m score=4.887.",2
23july.bag,2026-07-23T21:03:17.821+05:30,10.182,target_explorer_node,/rosout,nav2_state,INFO,1.37,5.28,,,,"Nav2 accepted goal (1.37, 5.28).",2
23july.bag,2026-07-23T21:03:17.821+05:30,10.182,/plan,/plan,path_update,RECORDED,1.3690255831216742,5.226012594298545,,159,4.7488,Recorded path update on /plan,2
23july.bag,2026-07-23T21:03:17.841+05:30,10.201,controller_server,/rosout,goal_started,INFO,,,,,,"Received a goal, begin computing control effort.",2
23july.bag,2026-07-23T21:03:18.852+05:30,11.212,/plan,/plan,path_update,RECORDED,1.3690255831216742,5.226012594298545,,144,4.3009,Recorded path update on /plan,2
23july.bag,2026-07-23T21:03:18.891+05:30,11.251,controller_server,/rosout,planning,INFO,,,,,,Passing new path to controller.,2
23july.bag,2026-07-23T21:03:19.016+05:30,11.377,global_costmap.global_costmap,/rosout,costmap_resize,INFO,,,,,,StaticLayer: Resizing costmap to 419 X 437 at 0.050000 m/pix,2
23july.bag,2026-07-23T21:03:19.451+05:30,11.811,global_costmap.global_costmap,/rosout,costmap_resize,INFO,,,,,,StaticLayer: Resizing costmap to 587 X 565 at 0.050000 m/pix,2
23july.bag,2026-07-23T21:03:19.883+05:30,12.243,/plan,/plan,path_update,RECORDED,1.3690255756710936,5.276012587593023,,143,3.5945,Recorded path update on /plan,2
23july.bag,2026-07-23T21:03:19.886+05:30,12.246,global_costmap.global_costmap,/rosout,costmap_resize,INFO,,,,,,StaticLayer: Resizing costmap to 590 X 572 at 0.050000 m/pix,2
23july.bag,2026-07-23T21:03:19.941+05:30,12.301,controller_server,/rosout,planning,INFO,,,,,,Passing new path to controller.,2
23july.bag,2026-07-23T21:03:20.914+05:30,13.275,/plan,/plan,path_update,RECORDED,1.3690255756710936,5.276012587593023,,118,2.9846,Recorded path update on /plan,2
23july.bag,2026-07-23T21:03:20.941+05:30,13.301,controller_server,/rosout,planning,INFO,,,,,,Passing new path to controller.,2
23july.bag,2026-07-23T21:03:21.190+05:30,13.551,global_costmap.global_costmap,/rosout,costmap_resize,INFO,,,,,,StaticLayer: Resizing costmap to 593 X 572 at 0.050000 m/pix,2
23july.bag,2026-07-23T21:03:21.625+05:30,13.985,global_costmap.global_costmap,/rosout,costmap_resize,INFO,,,,,,StaticLayer: Resizing costmap to 595 X 572 at 0.050000 m/pix,2
23july.bag,2026-07-23T21:03:21.944+05:30,14.305,/plan,/plan,path_update,RECORDED,1.3690255756710936,5.276012587593023,,91,2.2891,Recorded path update on /plan,2
23july.bag,2026-07-23T21:03:21.991+05:30,14.351,controller_server,/rosout,planning,INFO,,,,,,Passing new path to controller.,2
23july.bag,2026-07-23T21:03:22.929+05:30,15.29,global_costmap.global_costmap,/rosout,costmap_resize,INFO,,,,,,StaticLayer: Resizing costmap to 605 X 572 at 0.050000 m/pix,2
23july.bag,2026-07-23T21:03:22.975+05:30,15.335,/plan,/plan,path_update,RECORDED,1.3690255756710936,5.276012587593023,,63,1.5932,Recorded path update on /plan,2
23july.bag,2026-07-23T21:03:22.991+05:30,15.352,controller_server,/rosout,planning,INFO,,,,,,Passing new path to controller.,2
23july.bag,2026-07-23T21:03:23.799+05:30,16.159,global_costmap.global_costmap,/rosout,costmap_resize,INFO,,,,,,StaticLayer: Resizing costmap to 607 X 572 at 0.050000 m/pix,2
23july.bag,2026-07-23T21:03:24.003+05:30,16.364,/plan,/plan,path_update,RECORDED,1.3690255756710936,5.276012587593023,,36,0.924,Recorded path update on /plan,2
23july.bag,2026-07-23T21:03:24.041+05:30,16.401,controller_server,/rosout,planning,INFO,,,,,,Passing new path to controller.,2
23july.bag,2026-07-23T21:03:25.033+05:30,17.394,/plan,/plan,path_update,RECORDED,1.3690255756710936,5.276012587593023,,10,0.2719,Recorded path update on /plan,2
23july.bag,2026-07-23T21:03:25.041+05:30,17.402,controller_server,/rosout,nav2_state,INFO,,,,,,Reached the goal!,2
23july.bag,2026-07-23T21:03:25.050+05:30,17.411,controller_server,/rosout,goal_started,INFO,,,,,,"Received a goal, begin computing control effort.",2
23july.bag,2026-07-23T21:03:25.051+05:30,17.411,controller_server,/rosout,nav2_state,INFO,,,,,,Reached the goal!,2
23july.bag,2026-07-23T21:03:25.090+05:30,17.451,bt_navigator,/rosout,goal_succeeded,INFO,,,,,,Goal succeeded,2
23july.bag,2026-07-23T21:03:25.091+05:30,17.452,target_explorer_node,/rosout,goal_succeeded,INFO,1.37,5.28,,,,"NavigateToPose succeeded for (1.37, 5.28).",
23july.bag,2026-07-23T21:03:25.127+05:30,17.488,target_explorer_node,/rosout,nav2_state,WARN,-1.71,4.18,,,,"Rejected frontier (-1.71, 4.18): endpoint clearance 0.88 m is below required 1.70 m.",
23july.bag,2026-07-23T21:03:25.127+05:30,17.488,target_explorer_node,/rosout,nav2_state,WARN,-2.16,5.53,,,,"Rejected frontier (-2.16, 5.53): endpoint clearance 1.38 m is below required 1.70 m.",
23july.bag,2026-07-23T21:03:25.128+05:30,17.489,target_explorer_node,/rosout,nav2_state,WARN,-2.11,3.33,,,,"Rejected frontier (-2.11, 3.33): endpoint clearance 0.95 m is below required 1.70 m.",
23july.bag,2026-07-23T21:03:25.128+05:30,17.489,target_explorer_node,/rosout,nav2_state,WARN,-2.31,3.83,,,,"Rejected frontier (-2.31, 3.83): endpoint clearance 0.43 m is below required 1.70 m.",
23july.bag,2026-07-23T21:03:25.129+05:30,17.489,target_explorer_node,/rosout,nav2_state,WARN,-1.91,4.48,,,,"Rejected frontier (-1.91, 4.48): endpoint clearance 0.73 m is below required 1.70 m.",
23july.bag,2026-07-23T21:03:25.129+05:30,17.49,target_explorer_node,/rosout,nav2_state,WARN,-1.56,8.18,,,,"Rejected frontier (-1.56, 8.18): endpoint clearance 1.45 m is below required 1.70 m.",
23july.bag,2026-07-23T21:03:25.130+05:30,17.491,target_explorer_node,/rosout,nav2_state,WARN,-1.16,8.83,,,,"Rejected frontier (-1.16, 8.83): endpoint clearance 0.75 m is below required 1.70 m.",
23july.bag,2026-07-23T21:03:25.131+05:30,17.491,target_explorer_node,/rosout,nav2_state,WARN,5.94,6.98,,,,"Rejected frontier (5.94, 6.98): endpoint clearance 1.67 m is below required 1.70 m.",
23july.bag,2026-07-23T21:03:25.131+05:30,17.492,target_explorer_node,/rosout,nav2_state,WARN,6.84,7.63,,,,"Rejected frontier (6.84, 7.63): endpoint clearance 0.59 m is below required 1.70 m.",
23july.bag,2026-07-23T21:03:25.132+05:30,17.492,target_explorer_node,/rosout,nav2_state,WARN,7.69,8.33,,,,"Rejected frontier (7.69, 8.33): endpoint clearance 0.03 m is below required 1.70 m.",
23july.bag,2026-07-23T21:03:25.132+05:30,17.493,target_explorer_node,/rosout,nav2_state,WARN,7.74,8.38,,,,"Rejected frontier (7.74, 8.38): endpoint clearance 0.08 m is below required 1.70 m.",
23july.bag,2026-07-23T21:03:25.133+05:30,17.493,target_explorer_node,/rosout,nav2_state,WARN,7.79,8.43,,,,"Rejected frontier (7.79, 8.43): endpoint clearance 0.15 m is below required 1.70 m.",
23july.bag,2026-07-23T21:03:25.133+05:30,17.494,target_explorer_node,/rosout,nav2_state,WARN,7.89,8.48,,,,"Rejected frontier (7.89, 8.48): endpoint clearance 0.25 m is below required 1.70 m.",
23july.bag,2026-07-23T21:03:25.134+05:30,17.494,target_explorer_node,/rosout,nav2_state,WARN,7.99,8.53,,,,"Rejected frontier (7.99, 8.53): endpoint clearance 0.22 m is below required 1.70 m.",
23july.bag,2026-07-23T21:03:25.134+05:30,17.495,target_explorer_node,/rosout,nav2_state,WARN,8.04,8.58,,,,"Rejected frontier (8.04, 8.58): endpoint clearance 0.15 m is below required 1.70 m.",
23july.bag,2026-07-23T21:03:25.135+05:30,17.495,target_explorer_node,/rosout,nav2_state,WARN,8.04,8.68,,,,"Rejected frontier (8.04, 8.68): endpoint clearance 0.08 m is below required 1.70 m.",
23july.bag,2026-07-23T21:03:25.135+05:30,17.496,target_explorer_node,/rosout,nav2_state,WARN,8.09,8.73,,,,"Rejected frontier (8.09, 8.73): endpoint clearance 0.03 m is below required 1.70 m.",
23july.bag,2026-07-23T21:03:25.136+05:30,17.496,target_explorer_node,/rosout,nav2_state,WARN,8.04,9.08,,,,"Rejected frontier (8.04, 9.08): endpoint clearance 0.03 m is below required 1.70 m.",
23july.bag,2026-07-23T21:03:25.136+05:30,17.497,target_explorer_node,/rosout,nav2_state,WARN,8.44,9.38,,,,"Rejected frontier (8.44, 9.38): endpoint clearance 0.33 m is below required 1.70 m.",
23july.bag,2026-07-23T21:03:25.137+05:30,17.498,target_explorer_node,/rosout,nav2_state,WARN,8.09,9.18,,,,"Rejected frontier (8.09, 9.18): endpoint clearance 0.13 m is below required 1.70 m.",
23july.bag,2026-07-23T21:03:25.138+05:30,17.498,target_explorer_node,/rosout,nav2_state,WARN,8.19,9.23,,,,"Rejected frontier (8.19, 9.23): endpoint clearance 0.22 m is below required 1.70 m.",
23july.bag,2026-07-23T21:03:25.138+05:30,17.499,target_explorer_node,/rosout,nav2_state,WARN,8.24,9.28,,,,"Rejected frontier (8.24, 9.28): endpoint clearance 0.29 m is below required 1.70 m.",
23july.bag,2026-07-23T21:03:25.139+05:30,17.499,target_explorer_node,/rosout,nav2_state,WARN,8.29,9.28,,,,"Rejected frontier (8.29, 9.28): endpoint clearance 0.32 m is below required 1.70 m.",
23july.bag,2026-07-23T21:03:25.140+05:30,17.5,target_explorer_node,/rosout,nav2_state,WARN,8.49,9.43,,,,"Rejected frontier (8.49, 9.43): endpoint clearance 0.32 m is below required 1.70 m.",
23july.bag,2026-07-23T21:03:25.140+05:30,17.501,target_explorer_node,/rosout,nav2_state,WARN,8.54,9.48,,,,"Rejected frontier (8.54, 9.48): endpoint clearance 0.25 m is below required 1.70 m.",
23july.bag,2026-07-23T21:03:25.141+05:30,17.501,target_explorer_node,/rosout,nav2_state,WARN,8.29,9.73,,,,"Rejected frontier (8.29, 9.73): endpoint clearance 0.03 m is below required 1.70 m.",
23july.bag,2026-07-23T21:03:25.141+05:30,17.502,target_explorer_node,/rosout,nav2_state,WARN,8.54,9.83,,,,"Rejected frontier (8.54, 9.83): endpoint clearance 0.15 m is below required 1.70 m.",
23july.bag,2026-07-23T21:03:25.142+05:30,17.502,target_explorer_node,/rosout,nav2_state,WARN,8.44,9.68,,,,"Rejected frontier (8.44, 9.68): endpoint clearance 0.18 m is below required 1.70 m.",
23july.bag,2026-07-23T21:03:25.142+05:30,17.503,target_explorer_node,/rosout,nav2_state,WARN,8.49,9.73,,,,"Rejected frontier (8.49, 9.73): endpoint clearance 0.23 m is below required 1.70 m.",
23july.bag,2026-07-23T21:03:25.143+05:30,17.504,target_explorer_node,/rosout,nav2_state,WARN,8.44,9.78,,,,"Rejected frontier (8.44, 9.78): endpoint clearance 0.18 m is below required 1.70 m.",
23july.bag,2026-07-23T21:03:25.143+05:30,17.504,target_explorer_node,/rosout,nav2_state,WARN,8.64,9.83,,,,"Rejected frontier (8.64, 9.83): endpoint clearance 0.08 m is below required 1.70 m.",
23july.bag,2026-07-23T21:03:25.144+05:30,17.504,target_explorer_node,/rosout,nav2_state,WARN,8.69,9.83,,,,"Rejected frontier (8.69, 9.83): endpoint clearance 0.08 m is below required 1.70 m.",
23july.bag,2026-07-23T21:03:25.144+05:30,17.505,target_explorer_node,/rosout,nav2_state,WARN,8.79,9.83,,,,"Rejected frontier (8.79, 9.83): endpoint clearance 0.04 m is below required 1.70 m.",
23july.bag,2026-07-23T21:03:25.145+05:30,17.505,target_explorer_node,/rosout,nav2_state,WARN,8.59,9.88,,,,"Rejected frontier (8.59, 9.88): endpoint clearance 0.08 m is below required 1.70 m.",
23july.bag,2026-07-23T21:03:25.145+05:30,17.506,target_explorer_node,/rosout,nav2_state,WARN,3.49,10.43,,,,"Rejected frontier (3.49, 10.43): endpoint clearance 0.03 m is below required 1.70 m.",
23july.bag,2026-07-23T21:03:25.146+05:30,17.506,target_explorer_node,/rosout,nav2_state,WARN,3.79,11.03,,,,"Rejected frontier (3.79, 11.03): endpoint clearance 0.23 m is below required 1.70 m.",
23july.bag,2026-07-23T21:03:25.146+05:30,17.507,target_explorer_node,/rosout,nav2_state,WARN,3.59,10.58,,,,"Rejected frontier (3.59, 10.58): endpoint clearance 0.18 m is below required 1.70 m.",
23july.bag,2026-07-23T21:03:25.147+05:30,17.507,target_explorer_node,/rosout,nav2_state,WARN,3.69,10.63,,,,"Rejected frontier (3.69, 10.63): endpoint clearance 0.29 m is below required 1.70 m.",
23july.bag,2026-07-23T21:03:25.147+05:30,17.508,target_explorer_node,/rosout,nav2_state,WARN,3.69,10.78,,,,"Rejected frontier (3.69, 10.78): endpoint clearance 0.29 m is below required 1.70 m.",
23july.bag,2026-07-23T21:03:25.148+05:30,17.509,target_explorer_node,/rosout,nav2_state,WARN,3.79,10.83,,,,"Rejected frontier (3.79, 10.83): endpoint clearance 0.32 m is below required 1.70 m.",
23july.bag,2026-07-23T21:03:25.148+05:30,17.509,target_explorer_node,/rosout,nav2_state,WARN,3.74,10.93,,,,"Rejected frontier (3.74, 10.93): endpoint clearance 0.22 m is below required 1.70 m.",
23july.bag,2026-07-23T21:03:25.149+05:30,17.51,target_explorer_node,/rosout,nav2_state,WARN,3.89,11.08,,,,"Rejected frontier (3.89, 11.08): endpoint clearance 0.33 m is below required 1.70 m.",
23july.bag,2026-07-23T21:03:25.151+05:30,17.512,target_explorer_node,/rosout,nav2_state,WARN,3.94,11.18,,,,"Rejected frontier (3.94, 11.18): endpoint clearance 0.38 m is below required 1.70 m.",
23july.bag,2026-07-23T21:03:25.151+05:30,17.512,target_explorer_node,/rosout,nav2_state,WARN,3.89,11.28,,,,"Rejected frontier (3.89, 11.28): endpoint clearance 0.30 m is below required 1.70 m.",
23july.bag,2026-07-23T21:03:25.153+05:30,17.514,target_explorer_node,/rosout,nav2_state,WARN,3.99,11.33,,,,"Rejected frontier (3.99, 11.33): endpoint clearance 0.23 m is below required 1.70 m.",
23july.bag,2026-07-23T21:03:25.153+05:30,17.514,target_explorer_node,/rosout,nav2_state,WARN,3.34,10.53,,,,"Rejected frontier (3.34, 10.53): endpoint clearance 0.04 m is below required 1.70 m.",
23july.bag,2026-07-23T21:03:25.153+05:30,17.514,target_explorer_node,/rosout,nav2_state,WARN,3.39,10.58,,,,"Rejected frontier (3.39, 10.58): endpoint clearance 0.08 m is below required 1.70 m.",
23july.bag,2026-07-23T21:03:25.154+05:30,17.515,target_explorer_node,/rosout,nav2_state,WARN,3.39,10.68,,,,"Rejected frontier (3.39, 10.68): endpoint clearance 0.11 m is below required 1.70 m.",
23july.bag,2026-07-23T21:03:25.155+05:30,17.515,target_explorer_node,/rosout,nav2_state,WARN,3.44,10.78,,,,"Rejected frontier (3.44, 10.78): endpoint clearance 0.13 m is below required 1.70 m.",
23july.bag,2026-07-23T21:03:25.155+05:30,17.516,target_explorer_node,/rosout,nav2_state,WARN,3.44,10.88,,,,"Rejected frontier (3.44, 10.88): endpoint clearance 0.04 m is below required 1.70 m.",
23july.bag,2026-07-23T21:03:25.156+05:30,17.516,target_explorer_node,/rosout,nav2_state,WARN,3.49,10.93,,,,"Rejected frontier (3.49, 10.93): endpoint clearance 0.04 m is below required 1.70 m.",
23july.bag,2026-07-23T21:03:25.156+05:30,17.517,target_explorer_node,/rosout,nav2_state,WARN,3.49,10.98,,,,"Rejected frontier (3.49, 10.98): endpoint clearance 0.03 m is below required 1.70 m.",
23july.bag,2026-07-23T21:03:25.157+05:30,17.518,target_explorer_node,/rosout,nav2_state,WARN,7.94,10.88,,,,"Rejected frontier (7.94, 10.88): endpoint clearance 0.23 m is below required 1.70 m.",
23july.bag,2026-07-23T21:03:25.158+05:30,17.518,target_explorer_node,/rosout,nav2_state,WARN,8.99,12.78,,,,"Rejected frontier (8.99, 12.78): endpoint clearance 0.70 m is below required 1.70 m.",
23july.bag,2026-07-23T21:03:25.158+05:30,17.519,target_explorer_node,/rosout,nav2_state,WARN,7.99,10.83,,,,"Rejected frontier (7.99, 10.83): endpoint clearance 0.18 m is below required 1.70 m.",
23july.bag,2026-07-23T21:03:25.158+05:30,17.519,target_explorer_node,/rosout,nav2_state,WARN,8.29,11.23,,,,"Rejected frontier (8.29, 11.23): endpoint clearance 0.28 m is below required 1.70 m.",
23july.bag,2026-07-23T21:03:25.159+05:30,17.52,target_explorer_node,/rosout,nav2_state,WARN,8.44,11.58,,,,"Rejected frontier (8.44, 11.58): endpoint clearance 0.65 m is below required 1.70 m.",
23july.bag,2026-07-23T21:03:25.159+05:30,17.52,target_explorer_node,/rosout,nav2_state,WARN,8.49,12.28,,,,"Rejected frontier (8.49, 12.28): endpoint clearance 0.66 m is below required 1.70 m.",
23july.bag,2026-07-23T21:03:25.160+05:30,17.521,target_explorer_node,/rosout,nav2_state,WARN,9.24,12.58,,,,"Rejected frontier (9.24, 12.58): endpoint clearance 0.48 m is below required 1.70 m.",
23july.bag,2026-07-23T21:03:25.160+05:30,17.521,target_explorer_node,/rosout,nav2_state,WARN,9.24,12.78,,,,"Rejected frontier (9.24, 12.78): endpoint clearance 0.68 m is below required 1.70 m.",
23july.bag,2026-07-23T21:03:25.161+05:30,17.521,target_explorer_node,/rosout,nav2_state,WARN,9.44,12.93,,,,"Rejected frontier (9.44, 12.93): endpoint clearance 0.48 m is below required 1.70 m.",
23july.bag,2026-07-23T21:03:25.161+05:30,17.522,target_explorer_node,/rosout,nav2_state,WARN,9.14,13.23,,,,"Rejected frontier (9.14, 13.23): endpoint clearance 0.68 m is below required 1.70 m.",
23july.bag,2026-07-23T21:03:25.162+05:30,17.523,target_explorer_node,/rosout,nav2_state,WARN,9.14,13.78,,,,"Rejected frontier (9.14, 13.78): endpoint clearance 0.80 m is below required 1.70 m.",
23july.bag,2026-07-23T21:03:25.162+05:30,17.523,target_explorer_node,/rosout,nav2_state,WARN,9.39,13.98,,,,"Rejected frontier (9.39, 13.98): endpoint clearance 0.62 m is below required 1.70 m.",
23july.bag,2026-07-23T21:03:25.163+05:30,17.524,target_explorer_node,/rosout,nav2_state,WARN,7.54,11.13,,,,"Rejected frontier (7.54, 11.13): endpoint clearance 0.66 m is below required 1.70 m.",
23july.bag,2026-07-23T21:03:25.164+05:30,17.524,target_explorer_node,/rosout,nav2_state,WARN,7.89,11.38,,,,"Rejected frontier (7.89, 11.38): endpoint clearance 0.54 m is below required 1.70 m.",
23july.bag,2026-07-23T21:03:25.164+05:30,17.525,target_explorer_node,/rosout,nav2_state,WARN,7.59,11.08,,,,"Rejected frontier (7.59, 11.08): endpoint clearance 0.60 m is below required 1.70 m.",
23july.bag,2026-07-23T21:03:25.165+05:30,17.525,target_explorer_node,/rosout,nav2_state,WARN,7.59,11.18,,,,"Rejected frontier (7.59, 11.18): endpoint clearance 0.64 m is below required 1.70 m.",
23july.bag,2026-07-23T21:03:25.165+05:30,17.526,target_explorer_node,/rosout,nav2_state,WARN,7.74,11.23,,,,"Rejected frontier (7.74, 11.23): endpoint clearance 0.54 m is below required 1.70 m.",
23july.bag,2026-07-23T21:03:25.166+05:30,17.527,target_explorer_node,/rosout,nav2_state,WARN,7.74,11.33,,,,"Rejected frontier (7.74, 11.33): endpoint clearance 0.60 m is below required 1.70 m.",
23july.bag,2026-07-23T21:03:25.166+05:30,17.527,target_explorer_node,/rosout,nav2_state,WARN,7.79,11.38,,,,"Rejected frontier (7.79, 11.38): endpoint clearance 0.60 m is below required 1.70 m.",
23july.bag,2026-07-23T21:03:25.167+05:30,17.527,target_explorer_node,/rosout,nav2_state,WARN,7.89,11.48,,,,"Rejected frontier (7.89, 11.48): endpoint clearance 0.62 m is below required 1.70 m.",
23july.bag,2026-07-23T21:03:25.167+05:30,17.528,target_explorer_node,/rosout,nav2_state,WARN,7.89,11.58,,,,"Rejected frontier (7.89, 11.58): endpoint clearance 0.70 m is below required 1.70 m.",
23july.bag,2026-07-23T21:03:25.168+05:30,17.529,target_explorer_node,/rosout,nav2_state,WARN,4.24,11.48,,,,"Rejected frontier (4.24, 11.48): endpoint clearance 0.19 m is below required 1.70 m.",
23july.bag,2026-07-23T21:03:25.169+05:30,17.529,target_explorer_node,/rosout,nav2_state,WARN,4.44,11.88,,,,"Rejected frontier (4.44, 11.88): endpoint clearance 0.43 m is below required 1.70 m.",
23july.bag,2026-07-23T21:03:25.169+05:30,17.53,target_explorer_node,/rosout,nav2_state,WARN,4.24,11.58,,,,"Rejected frontier (4.24, 11.58): endpoint clearance 0.18 m is below required 1.70 m.",
23july.bag,2026-07-23T21:03:25.170+05:30,17.53,target_explorer_node,/rosout,nav2_state,WARN,4.39,11.63,,,,"Rejected frontier (4.39, 11.63): endpoint clearance 0.33 m is below required 1.70 m.",
23july.bag,2026-07-23T21:03:25.170+05:30,17.531,target_explorer_node,/rosout,nav2_state,WARN,4.39,11.68,,,,"Rejected frontier (4.39, 11.68): endpoint clearance 0.33 m is below required 1.70 m.",
23july.bag,2026-07-23T21:03:25.171+05:30,17.531,target_explorer_node,/rosout,nav2_state,WARN,4.29,11.78,,,,"Rejected frontier (4.29, 11.78): endpoint clearance 0.29 m is below required 1.70 m.",
23july.bag,2026-07-23T21:03:25.172+05:30,17.532,target_explorer_node,/rosout,nav2_state,WARN,4.54,11.93,,,,"Rejected frontier (4.54, 11.93): endpoint clearance 0.38 m is below required 1.70 m.",
23july.bag,2026-07-23T21:03:25.172+05:30,17.533,target_explorer_node,/rosout,nav2_state,WARN,4.54,11.98,,,,"Rejected frontier (4.54, 11.98): endpoint clearance 0.33 m is below required 1.70 m.",
23july.bag,2026-07-23T21:03:25.173+05:30,17.534,target_explorer_node,/rosout,nav2_state,WARN,4.44,12.08,,,,"Rejected frontier (4.44, 12.08): endpoint clearance 0.24 m is below required 1.70 m.",
23july.bag,2026-07-23T21:03:25.174+05:30,17.534,target_explorer_node,/rosout,nav2_state,WARN,4.59,12.18,,,,"Rejected frontier (4.59, 12.18): endpoint clearance 0.13 m is below required 1.70 m.",
23july.bag,2026-07-23T21:03:25.174+05:30,17.535,target_explorer_node,/rosout,nav2_state,WARN,4.09,11.58,,,,"Rejected frontier (4.09, 11.58): endpoint clearance 0.03 m is below required 1.70 m.",
23july.bag,2026-07-23T21:03:25.175+05:30,17.535,target_explorer_node,/rosout,nav2_state,WARN,4.29,11.98,,,,"Rejected frontier (4.29, 11.98): endpoint clearance 0.40 m is below required 1.70 m.",
23july.bag,2026-07-23T21:03:25.175+05:30,17.536,target_explorer_node,/rosout,nav2_state,WARN,4.14,11.68,,,,"Rejected frontier (4.14, 11.68): endpoint clearance 0.11 m is below required 1.70 m.",
23july.bag,2026-07-23T21:03:25.176+05:30,17.536,target_explorer_node,/rosout,nav2_state,WARN,4.19,11.73,,,,"Rejected frontier (4.19, 11.73): endpoint clearance 0.18 m is below required 1.70 m.",
23july.bag,2026-07-23T21:03:25.176+05:30,17.537,target_explorer_node,/rosout,nav2_state,WARN,4.19,11.78,,,,"Rejected frontier (4.19, 11.78): endpoint clearance 0.22 m is below required 1.70 m.",
23july.bag,2026-07-23T21:03:25.177+05:30,17.537,target_explorer_node,/rosout,nav2_state,WARN,4.24,11.88,,,,"Rejected frontier (4.24, 11.88): endpoint clearance 0.33 m is below required 1.70 m.",
23july.bag,2026-07-23T21:03:25.177+05:30,17.538,target_explorer_node,/rosout,nav2_state,WARN,4.29,11.93,,,,"Rejected frontier (4.29, 11.93): endpoint clearance 0.40 m is below required 1.70 m.",
23july.bag,2026-07-23T21:03:25.178+05:30,17.539,target_explorer_node,/rosout,nav2_state,WARN,4.34,12.08,,,,"Rejected frontier (4.34, 12.08): endpoint clearance 0.29 m is below required 1.70 m.",
23july.bag,2026-07-23T21:03:25.178+05:30,17.539,target_explorer_node,/rosout,nav2_state,WARN,4.74,12.13,,,,"Rejected frontier (4.74, 12.13): endpoint clearance 0.25 m is below required 1.70 m.",
23july.bag,2026-07-23T21:03:25.179+05:30,17.54,target_explorer_node,/rosout,nav2_state,WARN,4.79,12.38,,,,"Rejected frontier (4.79, 12.38): endpoint clearance 0.23 m is below required 1.70 m.",
23july.bag,2026-07-23T21:03:25.180+05:30,17.54,target_explorer_node,/rosout,nav2_state,WARN,4.79,12.18,,,,"Rejected frontier (4.79, 12.18): endpoint clearance 0.26 m is below required 1.70 m.",
23july.bag,2026-07-23T21:03:25.181+05:30,17.541,target_explorer_node,/rosout,nav2_state,WARN,4.84,12.28,,,,"Rejected frontier (4.84, 12.28): endpoint clearance 0.28 m is below required 1.70 m.",
23july.bag,2026-07-23T21:03:25.181+05:30,17.542,target_explorer_node,/rosout,nav2_state,WARN,4.89,12.38,,,,"Rejected frontier (4.89, 12.38): endpoint clearance 0.33 m is below required 1.70 m.",
23july.bag,2026-07-23T21:03:25.182+05:30,17.542,target_explorer_node,/rosout,nav2_state,WARN,4.94,12.48,,,,"Rejected frontier (4.94, 12.48): endpoint clearance 0.40 m is below required 1.70 m.",
23july.bag,2026-07-23T21:03:25.182+05:30,17.543,target_explorer_node,/rosout,nav2_state,WARN,4.99,12.58,,,,"Rejected frontier (4.99, 12.58): endpoint clearance 0.48 m is below required 1.70 m.",
23july.bag,2026-07-23T21:03:25.183+05:30,17.544,target_explorer_node,/rosout,nav2_state,WARN,5.14,13.18,,,,"Rejected frontier (5.14, 13.18): endpoint clearance 0.96 m is below required 1.70 m.",
23july.bag,2026-07-23T21:03:25.184+05:30,17.545,target_explorer_node,/rosout,nav2_state,WARN,5.59,13.63,,,,"Rejected frontier (5.59, 13.63): endpoint clearance 1.59 m is below required 1.70 m.",
23july.bag,2026-07-23T21:03:25.185+05:30,17.545,target_explorer_node,/rosout,nav2_state,WARN,7.64,17.38,,,,"Rejected frontier (7.64, 17.38): endpoint clearance 1.58 m is below required 1.70 m.",
23july.bag,2026-07-23T21:03:25.185+05:30,17.546,target_explorer_node,/rosout,nav2_state,WARN,7.89,17.93,,,,"Rejected frontier (7.89, 17.93): endpoint clearance 1.27 m is below required 1.70 m.",
23july.bag,2026-07-23T21:03:25.186+05:30,17.546,target_explorer_node,/rosout,nav2_state,WARN,8.24,18.53,,,,"Rejected frontier (8.24, 18.53): endpoint clearance 0.66 m is below required 1.70 m.",
23july.bag,2026-07-23T21:03:25.187+05:30,17.548,target_explorer_node,/rosout,nav2_state,WARN,8.54,14.58,,,,"Rejected frontier (8.54, 14.58): endpoint clearance 1.38 m is below required 1.70 m.",
23july.bag,2026-07-23T21:03:25.188+05:30,17.549,target_explorer_node,/rosout,nav2_state,WARN,8.74,14.88,,,,"Rejected frontier (8.74, 14.88): endpoint clearance 1.21 m is below required 1.70 m.",
23july.bag,2026-07-23T21:03:25.188+05:30,17.549,target_explorer_node,/rosout,nav2_state,WARN,8.94,15.13,,,,"Rejected frontier (8.94, 15.13): endpoint clearance 1.00 m is below required 1.70 m.",
23july.bag,2026-07-23T21:03:25.189+05:30,17.549,target_explorer_node,/rosout,nav2_state,WARN,8.69,15.38,,,,"Rejected frontier (8.69, 15.38): endpoint clearance 1.09 m is below required 1.70 m.",
23july.bag,2026-07-23T21:03:25.189+05:30,17.55,target_explorer_node,/rosout,nav2_state,WARN,8.34,13.88,,,,"Rejected frontier (8.34, 13.88): endpoint clearance 1.57 m is below required 1.70 m.",
23july.bag,2026-07-23T21:03:25.190+05:30,17.551,target_explorer_node,/rosout,nav2_state,WARN,8.14,13.63,,,,"Rejected frontier (8.14, 13.63): endpoint clearance 1.70 m is below required 1.70 m.",
23july.bag,2026-07-23T21:03:25.191+05:30,17.551,target_explorer_node,/rosout,nav2_state,WARN,8.24,13.73,,,,"Rejected frontier (8.24, 13.73): endpoint clearance 1.62 m is below required 1.70 m.",
23july.bag,2026-07-23T21:03:25.191+05:30,17.552,target_explorer_node,/rosout,nav2_state,WARN,8.29,13.83,,,,"Rejected frontier (8.29, 13.83): endpoint clearance 1.60 m is below required 1.70 m.",
23july.bag,2026-07-23T21:03:25.192+05:30,17.552,target_explorer_node,/rosout,nav2_state,WARN,8.39,13.93,,,,"Rejected frontier (8.39, 13.93): endpoint clearance 1.54 m is below required 1.70 m.",
23july.bag,2026-07-23T21:03:25.192+05:30,17.553,target_explorer_node,/rosout,nav2_state,WARN,8.44,14.03,,,,"Rejected frontier (8.44, 14.03): endpoint clearance 1.50 m is below required 1.70 m.",
23july.bag,2026-07-23T21:03:25.193+05:30,17.553,target_explorer_node,/rosout,nav2_state,WARN,8.54,14.13,,,,"Rejected frontier (8.54, 14.13): endpoint clearance 1.39 m is below required 1.70 m.",
23july.bag,2026-07-23T21:03:25.193+05:30,17.554,target_explorer_node,/rosout,nav2_state,WARN,8.59,14.23,,,,"Rejected frontier (8.59, 14.23): endpoint clearance 1.33 m is below required 1.70 m.",
23july.bag,2026-07-23T21:03:25.193+05:30,17.554,target_explorer_node,/rosout,nav2_state,WARN,8.64,14.33,,,,"Rejected frontier (8.64, 14.33): endpoint clearance 1.28 m is below required 1.70 m.",
23july.bag,2026-07-23T21:03:25.194+05:30,17.555,target_explorer_node,/rosout,nav2_state,WARN,8.49,13.93,,,,"Rejected frontier (8.49, 13.93): endpoint clearance 1.44 m is below required 1.70 m.",
23july.bag,2026-07-23T21:03:25.195+05:30,17.555,target_explorer_node,/rosout,nav2_state,WARN,8.74,14.28,,,,"Rejected frontier (8.74, 14.28): endpoint clearance 1.18 m is below required 1.70 m.",
23july.bag,2026-07-23T21:03:25.195+05:30,17.556,target_explorer_node,/rosout,nav2_state,WARN,8.54,13.98,,,,"Rejected frontier (8.54, 13.98): endpoint clearance 1.41 m is below required 1.70 m.",
23july.bag,2026-07-23T21:03:25.196+05:30,17.556,target_explorer_node,/rosout,nav2_state,WARN,8.59,14.03,,,,"Rejected frontier (8.59, 14.03): endpoint clearance 1.35 m is below required 1.70 m.",
23july.bag,2026-07-23T21:03:25.196+05:30,17.557,target_explorer_node,/rosout,nav2_state,WARN,8.64,14.08,,,,"Rejected frontier (8.64, 14.08): endpoint clearance 1.29 m is below required 1.70 m.",
23july.bag,2026-07-23T21:03:25.197+05:30,17.558,target_explorer_node,/rosout,nav2_state,WARN,8.69,14.18,,,,"Rejected frontier (8.69, 14.18): endpoint clearance 1.23 m is below required 1.70 m.",
23july.bag,2026-07-23T21:03:25.197+05:30,17.558,target_explorer_node,/rosout,nav2_state,WARN,8.79,14.33,,,,"Rejected frontier (8.79, 14.33): endpoint clearance 1.13 m is below required 1.70 m.",
23july.bag,2026-07-23T21:03:25.198+05:30,17.559,target_explorer_node,/rosout,nav2_state,WARN,8.84,14.38,,,,"Rejected frontier (8.84, 14.38): endpoint clearance 1.08 m is below required 1.70 m.",
23july.bag,2026-07-23T21:03:25.198+05:30,17.559,target_explorer_node,/rosout,nav2_state,WARN,8.89,14.43,,,,"Rejected frontier (8.89, 14.43): endpoint clearance 1.03 m is below required 1.70 m.",
23july.bag,2026-07-23T21:03:25.199+05:30,17.559,target_explorer_node,/rosout,nav2_state,WARN,8.89,14.48,,,,"Rejected frontier (8.89, 14.48): endpoint clearance 1.03 m is below required 1.70 m.",
23july.bag,2026-07-23T21:03:25.199+05:30,17.56,target_explorer_node,/rosout,nav2_state,WARN,8.79,13.93,,,,"Rejected frontier (8.79, 13.93): endpoint clearance 1.18 m is below required 1.70 m.",
23july.bag,2026-07-23T21:03:25.200+05:30,17.56,target_explorer_node,/rosout,nav2_state,WARN,9.29,14.53,,,,"Rejected frontier (9.29, 14.53): endpoint clearance 0.63 m is below required 1.70 m.",
23july.bag,2026-07-23T21:03:25.200+05:30,17.561,target_explorer_node,/rosout,nav2_state,WARN,8.94,14.03,,,,"Rejected frontier (8.94, 14.03): endpoint clearance 1.01 m is below required 1.70 m.",
23july.bag,2026-07-23T21:03:25.201+05:30,17.561,target_explorer_node,/rosout,nav2_state,WARN,8.89,14.18,,,,"Rejected frontier (8.89, 14.18): endpoint clearance 1.03 m is below required 1.70 m.",
23july.bag,2026-07-23T21:03:25.201+05:30,17.562,target_explorer_node,/rosout,nav2_state,WARN,9.09,14.28,,,,"Rejected frontier (9.09, 14.28): endpoint clearance 0.83 m is below required 1.70 m.",
23july.bag,2026-07-23T21:03:25.201+05:30,17.562,target_explorer_node,/rosout,nav2_state,WARN,9.09,14.43,,,,"Rejected frontier (9.09, 14.43): endpoint clearance 0.83 m is below required 1.70 m.",
23july.bag,2026-07-23T21:03:25.202+05:30,17.563,target_explorer_node,/rosout,nav2_state,WARN,9.29,14.68,,,,"Rejected frontier (9.29, 14.68): endpoint clearance 0.63 m is below required 1.70 m.",
23july.bag,2026-07-23T21:03:25.202+05:30,17.563,target_explorer_node,/rosout,nav2_state,WARN,9.49,14.78,,,,"Rejected frontier (9.49, 14.78): endpoint clearance 0.46 m is below required 1.70 m.",
23july.bag,2026-07-23T21:03:25.203+05:30,17.564,target_explorer_node,/rosout,nav2_state,WARN,9.49,14.93,,,,"Rejected frontier (9.49, 14.93): endpoint clearance 0.54 m is below required 1.70 m.",
23july.bag,2026-07-23T21:03:25.203+05:30,17.564,target_explorer_node,/rosout,nav2_state,WARN,9.69,15.03,,,,"Rejected frontier (9.69, 15.03): endpoint clearance 0.46 m is below required 1.70 m.",
23july.bag,2026-07-23T21:03:25.204+05:30,17.564,target_explorer_node,/rosout,nav2_state,WARN,9.69,15.18,,,,"Rejected frontier (9.69, 15.18): endpoint clearance 0.36 m is below required 1.70 m.",
23july.bag,2026-07-23T21:03:25.205+05:30,17.566,target_explorer_node,/rosout,nav2_state,WARN,8.94,14.33,,,,"Rejected frontier (8.94, 14.33): endpoint clearance 0.98 m is below required 1.70 m.",
23july.bag,2026-07-23T21:03:25.206+05:30,17.566,target_explorer_node,/rosout,nav2_state,WARN,9.44,15.18,,,,"Rejected frontier (9.44, 15.18): endpoint clearance 0.57 m is below required 1.70 m.",
23july.bag,2026-07-23T21:03:25.206+05:30,17.567,target_explorer_node,/rosout,nav2_state,WARN,9.04,14.58,,,,"Rejected frontier (9.04, 14.58): endpoint clearance 0.88 m is below required 1.70 m.",
23july.bag,2026-07-23T21:03:25.207+05:30,17.567,target_explorer_node,/rosout,nav2_state,WARN,8.99,14.73,,,,"Rejected frontier (8.99, 14.73): endpoint clearance 0.93 m is below required 1.70 m.",
23july.bag,2026-07-23T21:03:25.207+05:30,17.568,target_explorer_node,/rosout,nav2_state,WARN,9.14,14.83,,,,"Rejected frontier (9.14, 14.83): endpoint clearance 0.81 m is below required 1.70 m.",
23july.bag,2026-07-23T21:03:25.208+05:30,17.569,target_explorer_node,/rosout,nav2_state,WARN,9.44,14.98,,,,"Rejected frontier (9.44, 14.98): endpoint clearance 0.61 m is below required 1.70 m.",
23july.bag,2026-07-23T21:03:25.208+05:30,17.569,target_explorer_node,/rosout,nav2_state,WARN,9.44,15.13,,,,"Rejected frontier (9.44, 15.13): endpoint clearance 0.59 m is below required 1.70 m.",
23july.bag,2026-07-23T21:03:25.209+05:30,17.57,target_explorer_node,/rosout,nav2_state,WARN,9.29,15.23,,,,"Rejected frontier (9.29, 15.23): endpoint clearance 0.65 m is below required 1.70 m.",
23july.bag,2026-07-23T21:03:25.209+05:30,17.57,target_explorer_node,/rosout,nav2_state,WARN,9.59,15.28,,,,"Rejected frontier (9.59, 15.28): endpoint clearance 0.40 m is below required 1.70 m.",
23july.bag,2026-07-23T21:03:25.210+05:30,17.57,target_explorer_node,/rosout,nav2_state,WARN,9.44,15.38,,,,"Rejected frontier (9.44, 15.38): endpoint clearance 0.44 m is below required 1.70 m.",
23july.bag,2026-07-23T21:03:25.210+05:30,17.571,target_explorer_node,/rosout,nav2_state,WARN,9.39,15.48,,,,"Rejected frontier (9.39, 15.48): endpoint clearance 0.43 m is below required 1.70 m.",
23july.bag,2026-07-23T21:03:25.211+05:30,17.571,target_explorer_node,/rosout,nav2_state,WARN,9.49,15.63,,,,"Rejected frontier (9.49, 15.63): endpoint clearance 0.26 m is below required 1.70 m.",
23july.bag,2026-07-23T21:03:25.211+05:30,17.572,target_explorer_node,/rosout,nav2_state,WARN,9.39,14.48,,,,"Rejected frontier (9.39, 14.48): endpoint clearance 0.53 m is below required 1.70 m.",
23july.bag,2026-07-23T21:03:25.212+05:30,17.572,target_explorer_node,/rosout,nav2_state,WARN,9.79,14.93,,,,"Rejected frontier (9.79, 14.93): endpoint clearance 0.35 m is below required 1.70 m.",
23july.bag,2026-07-23T21:03:25.212+05:30,17.573,target_explorer_node,/rosout,nav2_state,WARN,9.39,14.58,,,,"Rejected frontier (9.39, 14.58): endpoint clearance 0.53 m is below required 1.70 m.",
23july.bag,2026-07-23T21:03:25.212+05:30,17.573,target_explorer_node,/rosout,nav2_state,WARN,9.54,14.63,,,,"Rejected frontier (9.54, 14.63): endpoint clearance 0.38 m is below required 1.70 m.",
23july.bag,2026-07-23T21:03:25.214+05:30,17.574,target_explorer_node,/rosout,nav2_state,WARN,9.49,14.73,,,,"Rejected frontier (9.49, 14.73): endpoint clearance 0.44 m is below required 1.70 m.",
23july.bag,2026-07-23T21:03:25.214+05:30,17.574,target_explorer_node,/rosout,nav2_state,WARN,9.69,14.83,,,,"Rejected frontier (9.69, 14.83): endpoint clearance 0.32 m is below required 1.70 m.",
23july.bag,2026-07-23T21:03:25.214+05:30,17.575,target_explorer_node,/rosout,nav2_state,WARN,9.69,14.93,,,,"Rejected frontier (9.69, 14.93): endpoint clearance 0.40 m is below required 1.70 m.",
23july.bag,2026-07-23T21:03:25.214+05:30,17.575,target_explorer_node,/rosout,nav2_state,WARN,9.84,14.98,,,,"Rejected frontier (9.84, 14.98): endpoint clearance 0.38 m is below required 1.70 m.",
23july.bag,2026-07-23T21:03:25.215+05:30,17.576,target_explorer_node,/rosout,nav2_state,WARN,9.79,15.08,,,,"Rejected frontier (9.79, 15.08): endpoint clearance 0.36 m is below required 1.70 m.",
23july.bag,2026-07-23T21:03:25.215+05:30,17.576,target_explorer_node,/rosout,nav2_state,WARN,9.94,15.13,,,,"Rejected frontier (9.94, 15.13): endpoint clearance 0.22 m is below required 1.70 m.",
23july.bag,2026-07-23T21:03:25.216+05:30,17.577,target_explorer_node,/rosout,nav2_state,WARN,9.89,15.23,,,,"Rejected frontier (9.89, 15.23): endpoint clearance 0.18 m is below required 1.70 m.",
23july.bag,2026-07-23T21:03:25.217+05:30,17.577,target_explorer_node,/rosout,nav2_state,WARN,9.84,14.58,,,,"Rejected frontier (9.84, 14.58): endpoint clearance 0.08 m is below required 1.70 m.",
23july.bag,2026-07-23T21:03:25.217+05:30,17.578,target_explorer_node,/rosout,nav2_state,WARN,9.99,14.93,,,,"Rejected frontier (9.99, 14.93): endpoint clearance 0.33 m is below required 1.70 m.",
23july.bag,2026-07-23T21:03:25.218+05:30,17.578,target_explorer_node,/rosout,nav2_state,WARN,9.89,14.63,,,,"Rejected frontier (9.89, 14.63): endpoint clearance 0.04 m is below required 1.70 m.",
23july.bag,2026-07-23T21:03:25.218+05:30,17.579,target_explorer_node,/rosout,nav2_state,WARN,9.84,14.73,,,,"Rejected frontier (9.84, 14.73): endpoint clearance 0.15 m is below required 1.70 m.",
23july.bag,2026-07-23T21:03:25.219+05:30,17.579,target_explorer_node,/rosout,nav2_state,WARN,9.94,14.83,,,,"Rejected frontier (9.94, 14.83): endpoint clearance 0.23 m is below required 1.70 m.",
23july.bag,2026-07-23T21:03:25.219+05:30,17.58,target_explorer_node,/rosout,nav2_state,WARN,10.04,14.98,,,,"Rejected frontier (10.04, 14.98): endpoint clearance 0.33 m is below required 1.70 m.",
23july.bag,2026-07-23T21:03:25.220+05:30,17.581,target_explorer_node,/rosout,nav2_state,WARN,10.09,15.08,,,,"Rejected frontier (10.09, 15.08): endpoint clearance 0.23 m is below required 1.70 m.",
23july.bag,2026-07-23T21:03:25.220+05:30,17.581,target_explorer_node,/rosout,nav2_state,WARN,10.04,15.18,,,,"Rejected frontier (10.04, 15.18): endpoint clearance 0.13 m is below required 1.70 m.",
23july.bag,2026-07-23T21:03:25.221+05:30,17.582,target_explorer_node,/rosout,nav2_state,WARN,10.09,15.28,,,,"Rejected frontier (10.09, 15.28): endpoint clearance 0.03 m is below required 1.70 m.",
23july.bag,2026-07-23T21:03:25.222+05:30,17.583,target_explorer_node,/rosout,nav2_state,WARN,8.69,15.68,,,,"Rejected frontier (8.69, 15.68): endpoint clearance 1.03 m is below required 1.70 m.",
23july.bag,2026-07-23T21:03:25.223+05:30,17.583,target_explorer_node,/rosout,nav2_state,WARN,8.99,15.23,,,,"Rejected frontier (8.99, 15.23): endpoint clearance 0.90 m is below required 1.70 m.",
23july.bag,2026-07-23T21:03:25.223+05:30,17.584,target_explorer_node,/rosout,nav2_state,WARN,9.04,15.38,,,,"Rejected frontier (9.04, 15.38): endpoint clearance 0.77 m is below required 1.70 m.",
23july.bag,2026-07-23T21:03:25.224+05:30,17.584,target_explorer_node,/rosout,nav2_state,WARN,8.84,15.48,,,,"Rejected frontier (8.84, 15.48): endpoint clearance 0.92 m is below required 1.70 m.",
23july.bag,2026-07-23T21:03:25.224+05:30,17.585,target_explorer_node,/rosout,nav2_state,WARN,8.54,15.58,,,,"Rejected frontier (8.54, 15.58): endpoint clearance 1.19 m is below required 1.70 m.",
23july.bag,2026-07-23T21:03:25.225+05:30,17.585,target_explorer_node,/rosout,nav2_state,WARN,8.84,15.63,,,,"Rejected frontier (8.84, 15.63): endpoint clearance 0.88 m is below required 1.70 m.",
23july.bag,2026-07-23T21:03:25.225+05:30,17.586,target_explorer_node,/rosout,nav2_state,WARN,8.39,15.78,,,,"Rejected frontier (8.39, 15.78): endpoint clearance 1.33 m is below required 1.70 m.",
23july.bag,2026-07-23T21:03:25.226+05:30,17.586,target_explorer_node,/rosout,nav2_state,WARN,9.34,15.93,,,,"Rejected frontier (9.34, 15.93): endpoint clearance 0.38 m is below required 1.70 m.",
23july.bag,2026-07-23T21:03:25.226+05:30,17.587,target_explorer_node,/rosout,nav2_state,WARN,8.69,16.18,,,,"Rejected frontier (8.69, 16.18): endpoint clearance 0.95 m is below required 1.70 m.",
23july.bag,2026-07-23T21:03:25.227+05:30,17.587,target_explorer_node,/rosout,nav2_state,WARN,8.94,16.73,,,,"Rejected frontier (8.94, 16.73): endpoint clearance 0.51 m is below required 1.70 m.",
23july.bag,2026-07-23T21:03:25.227+05:30,17.588,target_explorer_node,/rosout,nav2_state,WARN,8.44,16.73,,,,"Rejected frontier (8.44, 16.73): endpoint clearance 0.88 m is below required 1.70 m.",
23july.bag,2026-07-23T21:03:25.228+05:30,17.589,target_explorer_node,/rosout,nav2_state,WARN,8.19,15.98,,,,"Rejected frontier (8.19, 15.98): endpoint clearance 1.49 m is below required 1.70 m.",
23july.bag,2026-07-23T21:03:25.229+05:30,17.589,target_explorer_node,/rosout,nav2_state,WARN,8.29,16.23,,,,"Rejected frontier (8.29, 16.23): endpoint clearance 1.31 m is below required 1.70 m.",
23july.bag,2026-07-23T21:03:25.229+05:30,17.59,target_explorer_node,/rosout,nav2_state,WARN,8.39,16.43,,,,"Rejected frontier (8.39, 16.43): endpoint clearance 1.10 m is below required 1.70 m.",
23july.bag,2026-07-23T21:03:25.230+05:30,17.59,target_explorer_node,/rosout,nav2_state,WARN,8.59,16.63,,,,"Rejected frontier (8.59, 16.63): endpoint clearance 0.82 m is below required 1.70 m.",
23july.bag,2026-07-23T21:03:25.230+05:30,17.591,target_explorer_node,/rosout,nav2_state,WARN,8.74,16.93,,,,"Rejected frontier (8.74, 16.93): endpoint clearance 0.53 m is below required 1.70 m.",
23july.bag,2026-07-23T21:03:25.230+05:30,17.591,target_explorer_node,/rosout,nav2_state,WARN,8.44,17.38,,,,"Rejected frontier (8.44, 17.38): endpoint clearance 0.78 m is below required 1.70 m.",
23july.bag,2026-07-23T21:03:25.231+05:30,17.592,target_explorer_node,/rosout,nav2_state,WARN,8.54,17.83,,,,"Rejected frontier (8.54, 17.83): endpoint clearance 0.72 m is below required 1.70 m.",
23july.bag,2026-07-23T21:03:25.231+05:30,17.592,target_explorer_node,/rosout,nav2_state,WARN,8.99,18.58,,,,"Rejected frontier (8.99, 18.58): endpoint clearance 0.19 m is below required 1.70 m.",
23july.bag,2026-07-23T21:03:25.233+05:30,17.594,target_explorer_node,/rosout,nav2_state,WARN,8.49,15.18,,,,"Rejected frontier (8.49, 15.18): endpoint clearance 1.35 m is below required 1.70 m.",
23july.bag,2026-07-23T21:03:25.234+05:30,17.594,target_explorer_node,/rosout,nav2_state,WARN,8.54,15.38,,,,"Rejected frontier (8.54, 15.38): endpoint clearance 1.23 m is below required 1.70 m.",
23july.bag,2026-07-23T21:03:25.234+05:30,17.595,target_explorer_node,/rosout,nav2_state,WARN,8.54,15.28,,,,"Rejected frontier (8.54, 15.28): endpoint clearance 1.27 m is below required 1.70 m.",
23july.bag,2026-07-23T21:03:25.235+05:30,17.595,target_explorer_node,/rosout,nav2_state,WARN,8.39,15.33,,,,"Rejected frontier (8.39, 15.33): endpoint clearance 1.39 m is below required 1.70 m.",
23july.bag,2026-07-23T21:03:25.235+05:30,17.596,target_explorer_node,/rosout,nav2_state,WARN,8.44,15.38,,,,"Rejected frontier (8.44, 15.38): endpoint clearance 1.33 m is below required 1.70 m.",
23july.bag,2026-07-23T21:03:25.236+05:30,17.597,target_explorer_node,/rosout,nav2_state,WARN,8.59,15.38,,,,"Rejected frontier (8.59, 15.38): endpoint clearance 1.19 m is below required 1.70 m.",
23july.bag,2026-07-23T21:03:25.237+05:30,17.598,target_explorer_node,/rosout,nav2_state,WARN,8.59,15.48,,,,"Rejected frontier (8.59, 15.48): endpoint clearance 1.16 m is below required 1.70 m.",
23july.bag,2026-07-23T21:03:25.238+05:30,17.598,target_explorer_node,/rosout,nav2_state,WARN,8.54,15.53,,,,"Rejected frontier (8.54, 15.53): endpoint clearance 1.20 m is below required 1.70 m.",
23july.bag,2026-07-23T21:03:25.240+05:30,17.6,target_explorer_node,/rosout,nav2_state,WARN,7.84,16.18,,,,"Rejected frontier (7.84, 16.18): endpoint clearance 1.69 m is below required 1.70 m.",
23july.bag,2026-07-23T21:03:25.240+05:30,17.601,target_explorer_node,/rosout,nav2_state,WARN,7.99,16.73,,,,"Rejected frontier (7.99, 16.73): endpoint clearance 1.30 m is below required 1.70 m.",
23july.bag,2026-07-23T21:03:25.241+05:30,17.602,target_explorer_node,/rosout,nav2_state,WARN,8.24,17.13,,,,"Rejected frontier (8.24, 17.13): endpoint clearance 0.98 m is below required 1.70 m.",
23july.bag,2026-07-23T21:03:25.242+05:30,17.602,target_explorer_node,/rosout,nav2_state,WARN,8.09,16.78,,,,"Rejected frontier (8.09, 16.78): endpoint clearance 1.19 m is below required 1.70 m.",
23july.bag,2026-07-23T21:03:25.242+05:30,17.603,target_explorer_node,/rosout,nav2_state,WARN,8.04,16.88,,,,"Rejected frontier (8.04, 16.88): endpoint clearance 1.21 m is below required 1.70 m.",
23july.bag,2026-07-23T21:03:25.243+05:30,17.604,target_explorer_node,/rosout,nav2_state,WARN,8.14,16.93,,,,"Rejected frontier (8.14, 16.93): endpoint clearance 1.10 m is below required 1.70 m.",
23july.bag,2026-07-23T21:03:25.244+05:30,17.604,target_explorer_node,/rosout,nav2_state,WARN,8.09,17.03,,,,"Rejected frontier (8.09, 17.03): endpoint clearance 1.13 m is below required 1.70 m.",
23july.bag,2026-07-23T21:03:25.244+05:30,17.605,target_explorer_node,/rosout,nav2_state,WARN,8.19,17.18,,,,"Rejected frontier (8.19, 17.18): endpoint clearance 1.03 m is below required 1.70 m.",
23july.bag,2026-07-23T21:03:25.245+05:30,17.606,target_explorer_node,/rosout,nav2_state,WARN,8.29,17.23,,,,"Rejected frontier (8.29, 17.23): endpoint clearance 0.93 m is below required 1.70 m.",
23july.bag,2026-07-23T21:03:25.245+05:30,17.606,target_explorer_node,/rosout,nav2_state,WARN,8.24,17.33,,,,"Rejected frontier (8.24, 17.33): endpoint clearance 0.98 m is below required 1.70 m.",
23july.bag,2026-07-23T21:03:25.246+05:30,17.607,target_explorer_node,/rosout,nav2_state,WARN,8.34,17.48,,,,"Rejected frontier (8.34, 17.48): endpoint clearance 0.89 m is below required 1.70 m.",
23july.bag,2026-07-23T21:03:25.247+05:30,17.607,target_explorer_node,/rosout,nav2_state,WARN,8.54,18.03,,,,"Rejected frontier (8.54, 18.03): endpoint clearance 0.62 m is below required 1.70 m.",
23july.bag,2026-07-23T21:03:25.247+05:30,17.608,target_explorer_node,/rosout,nav2_state,WARN,8.69,18.78,,,,"Rejected frontier (8.69, 18.78): endpoint clearance 0.18 m is below required 1.70 m.",
23july.bag,2026-07-23T21:03:25.248+05:30,17.608,target_explorer_node,/rosout,nav2_state,WARN,8.54,18.18,,,,"Rejected frontier (8.54, 18.18): endpoint clearance 0.58 m is below required 1.70 m.",
23july.bag,2026-07-23T21:03:25.248+05:30,17.609,target_explorer_node,/rosout,nav2_state,WARN,8.64,18.28,,,,"Rejected frontier (8.64, 18.28): endpoint clearance 0.48 m is below required 1.70 m.",
23july.bag,2026-07-23T21:03:25.249+05:30,17.609,target_explorer_node,/rosout,nav2_state,WARN,8.59,18.48,,,,"Rejected frontier (8.59, 18.48): endpoint clearance 0.39 m is below required 1.70 m.",
23july.bag,2026-07-23T21:03:25.249+05:30,17.61,target_explorer_node,/rosout,nav2_state,WARN,8.64,18.63,,,,"Rejected frontier (8.64, 18.63): endpoint clearance 0.26 m is below required 1.70 m.",
23july.bag,2026-07-23T21:03:25.250+05:30,17.61,target_explorer_node,/rosout,nav2_state,WARN,8.49,18.73,,,,"Rejected frontier (8.49, 18.73): endpoint clearance 0.38 m is below required 1.70 m.",
23july.bag,2026-07-23T21:03:25.251+05:30,17.611,target_explorer_node,/rosout,nav2_state,WARN,8.54,18.93,,,,"Rejected frontier (8.54, 18.93): endpoint clearance 0.35 m is below required 1.70 m.",
23july.bag,2026-07-23T21:03:25.251+05:30,17.612,target_explorer_node,/rosout,nav2_state,WARN,8.64,18.98,,,,"Rejected frontier (8.64, 18.98): endpoint clearance 0.29 m is below required 1.70 m.",
23july.bag,2026-07-23T21:03:25.252+05:30,17.612,target_explorer_node,/rosout,nav2_state,WARN,8.84,19.08,,,,"Rejected frontier (8.84, 19.08): endpoint clearance 0.15 m is below required 1.70 m.",
23july.bag,2026-07-23T21:03:25.257+05:30,17.618,planner_server,/rosout,planning_failure,WARN,,,,,,GridBased: failed to create plan with tolerance 0.50.,
23july.bag,2026-07-23T21:03:25.257+05:30,17.618,planner_server,/rosout,planning_failure,WARN,1.0,24.0,,,,"Planning algorithm  failed to generate a valid path to (1.00, 24.00)",
23july.bag,2026-07-23T21:03:25.257+05:30,17.618,planner_server,/rosout,aborted,WARN,,,,,,[compute_path_to_pose] [ActionServer] Aborting handle.,
23july.bag,2026-07-23T21:03:25.262+05:30,17.623,/plan,/plan,path_update,RECORDED,6.989689958245279,16.326012752250854,,483,12.6087,Recorded path update on /plan,
23july.bag,2026-07-23T21:03:25.280+05:30,17.641,/plan,/plan,path_update,RECORDED,7.789689970166208,16.126012749270622,,500,12.7518,Recorded path update on /plan,
23july.bag,2026-07-23T21:03:25.311+05:30,17.672,/plan,/plan,path_update,RECORDED,7.639689975381614,15.67601275001568,,480,12.3794,Recorded path update on /plan,
23july.bag,2026-07-23T21:03:25.331+05:30,17.692,/plan,/plan,path_update,RECORDED,7.389689964205743,15.276012736604635,,460,11.9252,Recorded path update on /plan,
23july.bag,2026-07-23T21:03:25.349+05:30,17.709,/plan,/plan,path_update,RECORDED,7.289689962715627,15.026012732879344,,444,11.5816,Recorded path update on /plan,
23july.bag,2026-07-23T21:03:25.364+05:30,17.725,/plan,/plan,path_update,RECORDED,7.73968996942115,15.276012736604635,,436,12.0892,Recorded path update on /plan,
23july.bag,2026-07-23T21:03:25.380+05:30,17.74,/plan,/plan,path_update,RECORDED,7.939689979851963,15.076012741074983,,431,12.0633,Recorded path update on /plan,
23july.bag,2026-07-23T21:03:25.396+05:30,17.757,/plan,/plan,path_update,RECORDED,7.589689967185976,14.576012726173822,,424,11.3137,Recorded path update on /plan,
23july.bag,2026-07-23T21:03:25.411+05:30,17.772,/plan,/plan,path_update,RECORDED,8.089689974636556,14.37601272319359,,416,11.5174,Recorded path update on /plan,
23july.bag,2026-07-23T21:03:25.429+05:30,17.789,/plan,/plan,path_update,RECORDED,6.5896899522848145,13.07601270382208,,366,9.4071,Recorded path update on /plan,
23july.bag,2026-07-23T21:03:25.444+05:30,17.804,/plan,/plan,path_update,RECORDED,8.089689974636556,13.526012710527603,,409,10.6652,Recorded path update on /plan,
23july.bag,2026-07-23T21:03:25.457+05:30,17.818,/plan,/plan,path_update,RECORDED,-1.8603101736299976,7.626012622610752,,151,4.1178,Recorded path update on /plan,
23july.bag,2026-07-23T21:03:25.466+05:30,17.827,/plan,/plan,path_update,RECORDED,5.139689938128711,6.426012612179939,,142,4.1236,Recorded path update on /plan,
23july.bag,2026-07-23T21:03:25.472+05:30,17.833,target_explorer_node,/rosout,planning,INFO,6.99,16.33,,,,"Sending NavigateToPose goal (6.99, 16.33): progress=9.10 m alignment=0.882 path=12.61 m score=8.719.",3
23july.bag,2026-07-23T21:03:25.474+05:30,17.835,target_explorer_node,/rosout,nav2_state,INFO,6.99,16.33,,,,"Nav2 accepted goal (6.99, 16.33).",3
23july.bag,2026-07-23T21:03:25.477+05:30,17.837,/plan,/plan,path_update,RECORDED,6.989689958245279,16.326012752250854,,478,12.4991,Recorded path update on /plan,3
23july.bag,2026-07-23T21:03:25.494+05:30,17.855,controller_server,/rosout,goal_started,INFO,,,,,,"Received a goal, begin computing control effort.",3
23july.bag,2026-07-23T21:03:26.508+05:30,18.869,/plan,/plan,path_update,RECORDED,6.989689958245279,16.326012752250854,,456,12.0575,Recorded path update on /plan,3
23july.bag,2026-07-23T21:03:26.544+05:30,18.905,controller_server,/rosout,planning,INFO,,,,,,Passing new path to controller.,3
23july.bag,2026-07-23T21:03:26.842+05:30,19.203,global_costmap.global_costmap,/rosout,costmap_resize,INFO,,,,,,StaticLayer: Resizing costmap to 607 X 573 at 0.050000 m/pix,3
23july.bag,2026-07-23T21:03:27.277+05:30,19.637,global_costmap.global_costmap,/rosout,costmap_resize,INFO,,,,,,StaticLayer: Resizing costmap to 612 X 573 at 0.050000 m/pix,3
23july.bag,2026-07-23T21:03:27.539+05:30,19.9,/plan,/plan,path_update,RECORDED,6.989689958245279,16.326012752250854,,411,11.4745,Recorded path update on /plan,3
23july.bag,2026-07-23T21:03:27.594+05:30,19.955,controller_server,/rosout,planning,INFO,,,,,,Passing new path to controller.,3
23july.bag,2026-07-23T21:03:28.569+05:30,20.93,/plan,/plan,path_update,RECORDED,6.989689958245279,16.326012752250854,,391,10.781,Recorded path update on /plan,3
23july.bag,2026-07-23T21:03:28.594+05:30,20.955,controller_server,/rosout,planning,INFO,,,,,,Passing new path to controller.,3
23july.bag,2026-07-23T21:03:29.598+05:30,21.958,/plan,/plan,path_update,RECORDED,6.989689958245279,16.326012752250854,,384,9.9868,Recorded path update on /plan,3
23july.bag,2026-07-23T21:03:29.644+05:30,22.005,controller_server,/rosout,planning,INFO,,,,,,Passing new path to controller.,3
23july.bag,2026-07-23T21:03:30.628+05:30,22.989,/plan,/plan,path_update,RECORDED,6.989689958245279,16.326012752250854,,352,9.352,Recorded path update on /plan,3
23july.bag,2026-07-23T21:03:30.644+05:30,23.005,controller_server,/rosout,planning,INFO,,,,,,Passing new path to controller.,3
23july.bag,2026-07-23T21:03:31.658+05:30,24.018,/plan,/plan,path_update,RECORDED,6.989689958245279,16.326012752250854,,342,8.583,Recorded path update on /plan,3
23july.bag,2026-07-23T21:03:31.694+05:30,24.055,controller_server,/rosout,planning,INFO,,,,,,Passing new path to controller.,3
23july.bag,2026-07-23T21:03:32.688+05:30,25.048,/plan,/plan,path_update,RECORDED,6.989689958245279,16.326012752250854,,316,7.9057,Recorded path update on /plan,3
23july.bag,2026-07-23T21:03:32.744+05:30,25.105,controller_server,/rosout,planning,INFO,,,,,,Passing new path to controller.,3
23july.bag,2026-07-23T21:03:33.364+05:30,25.724,global_costmap.global_costmap,/rosout,costmap_resize,INFO,,,,,,StaticLayer: Resizing costmap to 612 X 690 at 0.050000 m/pix,3
23july.bag,2026-07-23T21:03:33.719+05:30,26.079,/plan,/plan,path_update,RECORDED,6.989689958245279,16.326012752250854,,288,7.1902,Recorded path update on /plan,3
23july.bag,2026-07-23T21:03:33.744+05:30,26.105,controller_server,/rosout,planning,INFO,,,,,,Passing new path to controller.,3
23july.bag,2026-07-23T21:03:34.748+05:30,27.109,/plan,/plan,path_update,RECORDED,6.989689958245279,16.326012752250854,,261,6.5157,Recorded path update on /plan,3
23july.bag,2026-07-23T21:03:34.794+05:30,27.155,controller_server,/rosout,planning,INFO,,,,,,Passing new path to controller.,3
23july.bag,2026-07-23T21:03:35.778+05:30,28.139,/plan,/plan,path_update,RECORDED,6.989689958245279,16.326012752250854,,234,5.8428,Recorded path update on /plan,3
23july.bag,2026-07-23T21:03:35.794+05:30,28.155,controller_server,/rosout,planning,INFO,,,,,,Passing new path to controller.,3
23july.bag,2026-07-23T21:03:36.808+05:30,29.169,/plan,/plan,path_update,RECORDED,6.989689958245279,16.326012752250854,,197,5.18,Recorded path update on /plan,3
23july.bag,2026-07-23T21:03:36.844+05:30,29.205,controller_server,/rosout,planning,INFO,,,,,,Passing new path to controller.,3
23july.bag,2026-07-23T21:03:37.838+05:30,30.199,/plan,/plan,path_update,RECORDED,6.989689958245279,16.326012752250854,,180,4.5015,Recorded path update on /plan,3
23july.bag,2026-07-23T21:03:37.894+05:30,30.255,controller_server,/rosout,planning,INFO,,,,,,Passing new path to controller.,3
23july.bag,2026-07-23T21:03:38.868+05:30,31.228,/plan,/plan,path_update,RECORDED,6.989689958245279,16.326012752250854,,153,3.8298,Recorded path update on /plan,3
23july.bag,2026-07-23T21:03:38.894+05:30,31.255,controller_server,/rosout,planning,INFO,,,,,,Passing new path to controller.,3
23july.bag,2026-07-23T21:03:39.899+05:30,32.259,/plan,/plan,path_update,RECORDED,6.989689958245279,16.326012752250854,,125,3.1147,Recorded path update on /plan,3
23july.bag,2026-07-23T21:03:39.944+05:30,32.305,controller_server,/rosout,planning,INFO,,,,,,Passing new path to controller.,3
23july.bag,2026-07-23T21:03:40.928+05:30,33.288,/plan,/plan,path_update,RECORDED,6.989689958245279,16.326012752250854,,99,2.4668,Recorded path update on /plan,3
23july.bag,2026-07-23T21:03:40.944+05:30,33.305,controller_server,/rosout,planning,INFO,,,,,,Passing new path to controller.,3
23july.bag,2026-07-23T21:03:41.958+05:30,34.319,/plan,/plan,path_update,RECORDED,6.989689958245279,16.326012752250854,,71,1.7723,Recorded path update on /plan,3
23july.bag,2026-07-23T21:03:41.994+05:30,34.355,controller_server,/rosout,planning,INFO,,,,,,Passing new path to controller.,3
23july.bag,2026-07-23T21:03:42.929+05:30,35.29,global_costmap.global_costmap,/rosout,costmap_resize,INFO,,,,,,StaticLayer: Resizing costmap to 648 X 690 at 0.050000 m/pix,3
23july.bag,2026-07-23T21:03:42.988+05:30,35.349,/plan,/plan,path_update,RECORDED,6.989689958245279,16.326012752250854,,42,1.0549,Recorded path update on /plan,3
23july.bag,2026-07-23T21:03:43.045+05:30,35.405,controller_server,/rosout,planning,INFO,,,,,,Passing new path to controller.,3
23july.bag,2026-07-23T21:03:43.364+05:30,35.724,global_costmap.global_costmap,/rosout,costmap_resize,INFO,,,,,,StaticLayer: Resizing costmap to 649 X 690 at 0.050000 m/pix,3
23july.bag,2026-07-23T21:03:44.019+05:30,36.379,/plan,/plan,path_update,RECORDED,6.989689958245279,16.326012752250854,,13,0.3306,Recorded path update on /plan,3
23july.bag,2026-07-23T21:03:44.044+05:30,36.405,controller_server,/rosout,planning,INFO,,,,,,Passing new path to controller.,3
23july.bag,2026-07-23T21:03:44.144+05:30,36.505,controller_server,/rosout,nav2_state,INFO,,,,,,Reached the goal!,3
23july.bag,2026-07-23T21:03:44.183+05:30,36.544,bt_navigator,/rosout,goal_succeeded,INFO,,,,,,Goal succeeded,3
23july.bag,2026-07-23T21:03:44.184+05:30,36.545,target_explorer_node,/rosout,goal_succeeded,INFO,6.99,16.33,,,,"NavigateToPose succeeded for (6.99, 16.33).",
23july.bag,2026-07-23T21:03:44.221+05:30,36.581,target_explorer_node,/rosout,nav2_state,WARN,-1.31,9.68,,,,"Rejected frontier (-1.31, 9.68): endpoint clearance 0.03 m is below required 1.70 m.",
23july.bag,2026-07-23T21:03:44.221+05:30,36.582,target_explorer_node,/rosout,nav2_state,WARN,-2.16,5.53,,,,"Rejected frontier (-2.16, 5.53): endpoint clearance 1.38 m is below required 1.70 m.",
23july.bag,2026-07-23T21:03:44.222+05:30,36.583,target_explorer_node,/rosout,nav2_state,WARN,-2.11,3.33,,,,"Rejected frontier (-2.11, 3.33): endpoint clearance 0.95 m is below required 1.70 m.",
23july.bag,2026-07-23T21:03:44.222+05:30,36.583,target_explorer_node,/rosout,nav2_state,WARN,-2.31,3.83,,,,"Rejected frontier (-2.31, 3.83): endpoint clearance 0.43 m is below required 1.70 m.",
23july.bag,2026-07-23T21:03:44.223+05:30,36.584,target_explorer_node,/rosout,nav2_state,WARN,-1.91,4.48,,,,"Rejected frontier (-1.91, 4.48): endpoint clearance 0.73 m is below required 1.70 m.",
23july.bag,2026-07-23T21:03:44.224+05:30,36.585,target_explorer_node,/rosout,nav2_state,WARN,-1.56,8.18,,,,"Rejected frontier (-1.56, 8.18): endpoint clearance 1.45 m is below required 1.70 m.",
23july.bag,2026-07-23T21:03:44.225+05:30,36.585,target_explorer_node,/rosout,nav2_state,WARN,-1.16,8.83,,,,"Rejected frontier (-1.16, 8.83): endpoint clearance 0.75 m is below required 1.70 m.",
23july.bag,2026-07-23T21:03:44.225+05:30,36.586,target_explorer_node,/rosout,nav2_state,WARN,6.99,7.23,,,,"Rejected frontier (6.99, 7.23): endpoint clearance 0.03 m is below required 1.70 m.",
23july.bag,2026-07-23T21:03:44.226+05:30,36.587,target_explorer_node,/rosout,nav2_state,WARN,5.19,6.23,,,,"Rejected frontier (5.19, 6.23): endpoint clearance 1.31 m is below required 1.70 m.",
23july.bag,2026-07-23T21:03:44.226+05:30,36.587,target_explorer_node,/rosout,nav2_state,WARN,6.04,6.73,,,,"Rejected frontier (6.04, 6.73): endpoint clearance 0.38 m is below required 1.70 m.",
23july.bag,2026-07-23T21:03:44.227+05:30,36.588,target_explorer_node,/rosout,nav2_state,WARN,7.04,7.28,,,,"Rejected frontier (7.04, 7.28): endpoint clearance 0.03 m is below required 1.70 m.",
23july.bag,2026-07-23T21:03:44.228+05:30,36.588,target_explorer_node,/rosout,nav2_state,WARN,6.94,7.38,,,,"Rejected frontier (6.94, 7.38): endpoint clearance 0.15 m is below required 1.70 m.",
23july.bag,2026-07-23T21:03:44.228+05:30,36.589,target_explorer_node,/rosout,nav2_state,WARN,6.99,7.43,,,,"Rejected frontier (6.99, 7.43): endpoint clearance 0.18 m is below required 1.70 m.",
23july.bag,2026-07-23T21:03:44.229+05:30,36.589,target_explorer_node,/rosout,nav2_state,WARN,7.09,7.43,,,,"Rejected frontier (7.09, 7.43): endpoint clearance 0.08 m is below required 1.70 m.",
23july.bag,2026-07-23T21:03:44.229+05:30,36.59,target_explorer_node,/rosout,nav2_state,WARN,7.14,7.48,,,,"Rejected frontier (7.14, 7.48): endpoint clearance 0.08 m is below required 1.70 m.",
23july.bag,2026-07-23T21:03:44.230+05:30,36.591,target_explorer_node,/rosout,nav2_state,WARN,7.19,7.48,,,,"Rejected frontier (7.19, 7.48): endpoint clearance 0.08 m is below required 1.70 m.",
23july.bag,2026-07-23T21:03:44.231+05:30,36.591,target_explorer_node,/rosout,nav2_state,WARN,7.29,7.53,,,,"Rejected frontier (7.29, 7.53): endpoint clearance 0.04 m is below required 1.70 m.",
23july.bag,2026-07-23T21:03:44.231+05:30,36.592,target_explorer_node,/rosout,nav2_state,WARN,8.69,9.48,,,,"Rejected frontier (8.69, 9.48): endpoint clearance 0.04 m is below required 1.70 m.",
23july.bag,2026-07-23T21:03:44.232+05:30,36.593,target_explorer_node,/rosout,nav2_state,WARN,8.39,9.28,,,,"Rejected frontier (8.39, 9.28): endpoint clearance 0.36 m is below required 1.70 m.",
23july.bag,2026-07-23T21:03:44.232+05:30,36.593,target_explorer_node,/rosout,nav2_state,WARN,8.09,9.08,,,,"Rejected frontier (8.09, 9.08): endpoint clearance 0.03 m is below required 1.70 m.",
23july.bag,2026-07-23T21:03:44.233+05:30,36.594,target_explorer_node,/rosout,nav2_state,WARN,8.14,9.18,,,,"Rejected frontier (8.14, 9.18): endpoint clearance 0.13 m is below required 1.70 m.",
23july.bag,2026-07-23T21:03:44.234+05:30,36.594,target_explorer_node,/rosout,nav2_state,WARN,8.19,9.18,,,,"Rejected frontier (8.19, 9.18): endpoint clearance 0.15 m is below required 1.70 m.",
23july.bag,2026-07-23T21:03:44.234+05:30,36.595,target_explorer_node,/rosout,nav2_state,WARN,8.29,9.23,,,,"Rejected frontier (8.29, 9.23): endpoint clearance 0.25 m is below required 1.70 m.",
23july.bag,2026-07-23T21:03:44.235+05:30,36.596,target_explorer_node,/rosout,nav2_state,WARN,8.34,9.28,,,,"Rejected frontier (8.34, 9.28): endpoint clearance 0.32 m is below required 1.70 m.",
23july.bag,2026-07-23T21:03:44.236+05:30,36.596,target_explorer_node,/rosout,nav2_state,WARN,8.49,9.38,,,,"Rejected frontier (8.49, 9.38): endpoint clearance 0.26 m is below required 1.70 m.",
23july.bag,2026-07-23T21:03:44.237+05:30,36.597,target_explorer_node,/rosout,nav2_state,WARN,8.69,11.38,,,,"Rejected frontier (8.69, 11.38): endpoint clearance 0.04 m is below required 1.70 m.",
23july.bag,2026-07-23T21:03:44.237+05:30,36.598,target_explorer_node,/rosout,nav2_state,WARN,8.79,11.48,,,,"Rejected frontier (8.79, 11.48): endpoint clearance 0.18 m is below required 1.70 m.",
23july.bag,2026-07-23T21:03:44.238+05:30,36.599,target_explorer_node,/rosout,nav2_state,WARN,8.89,11.53,,,,"Rejected frontier (8.89, 11.53): endpoint clearance 0.29 m is below required 1.70 m.",
23july.bag,2026-07-23T21:03:44.238+05:30,36.599,target_explorer_node,/rosout,nav2_state,WARN,8.94,11.58,,,,"Rejected frontier (8.94, 11.58): endpoint clearance 0.30 m is below required 1.70 m.",
23july.bag,2026-07-23T21:03:44.239+05:30,36.6,target_explorer_node,/rosout,nav2_state,WARN,8.99,11.58,,,,"Rejected frontier (8.99, 11.58): endpoint clearance 0.26 m is below required 1.70 m.",
23july.bag,2026-07-23T21:03:44.240+05:30,36.6,target_explorer_node,/rosout,nav2_state,WARN,9.09,11.63,,,,"Rejected frontier (9.09, 11.63): endpoint clearance 0.15 m is below required 1.70 m.",
23july.bag,2026-07-23T21:03:44.240+05:30,36.601,target_explorer_node,/rosout,nav2_state,WARN,9.14,11.68,,,,"Rejected frontier (9.14, 11.68): endpoint clearance 0.08 m is below required 1.70 m.",
23july.bag,2026-07-23T21:03:44.241+05:30,36.601,target_explorer_node,/rosout,nav2_state,WARN,9.19,11.73,,,,"Rejected frontier (9.19, 11.73): endpoint clearance 0.03 m is below required 1.70 m.",
23july.bag,2026-07-23T21:03:44.241+05:30,36.602,target_explorer_node,/rosout,nav2_state,WARN,9.29,12.13,,,,"Rejected frontier (9.29, 12.13): endpoint clearance 0.03 m is below required 1.70 m.",
23july.bag,2026-07-23T21:03:44.242+05:30,36.602,target_explorer_node,/rosout,nav2_state,WARN,9.29,12.18,,,,"Rejected frontier (9.29, 12.18): endpoint clearance 0.08 m is below required 1.70 m.",
23july.bag,2026-07-23T21:03:44.242+05:30,36.603,target_explorer_node,/rosout,nav2_state,WARN,9.39,12.23,,,,"Rejected frontier (9.39, 12.23): endpoint clearance 0.15 m is below required 1.70 m.",
23july.bag,2026-07-23T21:03:44.243+05:30,36.604,target_explorer_node,/rosout,nav2_state,WARN,9.44,12.28,,,,"Rejected frontier (9.44, 12.28): endpoint clearance 0.22 m is below required 1.70 m.",
23july.bag,2026-07-23T21:03:44.244+05:30,36.604,target_explorer_node,/rosout,nav2_state,WARN,9.49,12.33,,,,"Rejected frontier (9.49, 12.33): endpoint clearance 0.29 m is below required 1.70 m.",
23july.bag,2026-07-23T21:03:44.244+05:30,36.605,target_explorer_node,/rosout,nav2_state,WARN,9.59,12.38,,,,"Rejected frontier (9.59, 12.38): endpoint clearance 0.19 m is below required 1.70 m.",
23july.bag,2026-07-23T21:03:44.245+05:30,36.606,target_explorer_node,/rosout,nav2_state,WARN,9.69,12.43,,,,"Rejected frontier (9.69, 12.43): endpoint clearance 0.08 m is below required 1.70 m.",
23july.bag,2026-07-23T21:03:44.246+05:30,36.606,target_explorer_node,/rosout,nav2_state,WARN,9.74,12.48,,,,"Rejected frontier (9.74, 12.48): endpoint clearance 0.03 m is below required 1.70 m.",
23july.bag,2026-07-23T21:03:44.246+05:30,36.607,target_explorer_node,/rosout,nav2_state,WARN,4.64,13.18,,,,"Rejected frontier (4.64, 13.18): endpoint clearance 0.03 m is below required 1.70 m.",
23july.bag,2026-07-23T21:03:44.247+05:30,36.608,target_explorer_node,/rosout,nav2_state,WARN,4.49,12.93,,,,"Rejected frontier (4.49, 12.93): endpoint clearance 0.04 m is below required 1.70 m.",
23july.bag,2026-07-23T21:03:44.247+05:30,36.608,target_explorer_node,/rosout,nav2_state,WARN,4.44,12.58,,,,"Rejected frontier (4.44, 12.58): endpoint clearance 0.03 m is below required 1.70 m.",
23july.bag,2026-07-23T21:03:44.248+05:30,36.609,target_explorer_node,/rosout,nav2_state,WARN,4.49,12.63,,,,"Rejected frontier (4.49, 12.63): endpoint clearance 0.03 m is below required 1.70 m.",
23july.bag,2026-07-23T21:03:44.248+05:30,36.609,target_explorer_node,/rosout,nav2_state,WARN,4.49,12.68,,,,"Rejected frontier (4.49, 12.68): endpoint clearance 0.04 m is below required 1.70 m.",
23july.bag,2026-07-23T21:03:44.249+05:30,36.61,target_explorer_node,/rosout,nav2_state,WARN,4.49,12.78,,,,"Rejected frontier (4.49, 12.78): endpoint clearance 0.08 m is below required 1.70 m.",
23july.bag,2026-07-23T21:03:44.250+05:30,36.611,target_explorer_node,/rosout,nav2_state,WARN,4.59,12.93,,,,"Rejected frontier (4.59, 12.93): endpoint clearance 0.04 m is below required 1.70 m.",
23july.bag,2026-07-23T21:03:44.250+05:30,36.611,target_explorer_node,/rosout,nav2_state,WARN,4.49,12.98,,,,"Rejected frontier (4.49, 12.98): endpoint clearance 0.08 m is below required 1.70 m.",
23july.bag,2026-07-23T21:03:44.251+05:30,36.612,target_explorer_node,/rosout,nav2_state,WARN,4.59,12.98,,,,"Rejected frontier (4.59, 12.98): endpoint clearance 0.08 m is below required 1.70 m.",
23july.bag,2026-07-23T21:03:44.252+05:30,36.612,target_explorer_node,/rosout,nav2_state,WARN,10.09,12.93,,,,"Rejected frontier (10.09, 12.93): endpoint clearance 0.03 m is below required 1.70 m.",
23july.bag,2026-07-23T21:03:44.252+05:30,36.613,target_explorer_node,/rosout,nav2_state,WARN,10.09,12.98,,,,"Rejected frontier (10.09, 12.98): endpoint clearance 0.04 m is below required 1.70 m.",
23july.bag,2026-07-23T21:03:44.253+05:30,36.614,target_explorer_node,/rosout,nav2_state,WARN,10.04,13.03,,,,"Rejected frontier (10.04, 13.03): endpoint clearance 0.04 m is below required 1.70 m.",
23july.bag,2026-07-23T21:03:44.254+05:30,36.614,target_explorer_node,/rosout,nav2_state,WARN,10.04,13.08,,,,"Rejected frontier (10.04, 13.08): endpoint clearance 0.03 m is below required 1.70 m.",
23july.bag,2026-07-23T21:03:44.254+05:30,36.615,target_explorer_node,/rosout,nav2_state,WARN,10.09,13.08,,,,"Rejected frontier (10.09, 13.08): endpoint clearance 0.08 m is below required 1.70 m.",
23july.bag,2026-07-23T21:03:44.255+05:30,36.616,target_explorer_node,/rosout,nav2_state,WARN,10.19,13.13,,,,"Rejected frontier (10.19, 13.13): endpoint clearance 0.18 m is below required 1.70 m.",
23july.bag,2026-07-23T21:03:44.255+05:30,36.616,target_explorer_node,/rosout,nav2_state,WARN,10.14,13.18,,,,"Rejected frontier (10.14, 13.18): endpoint clearance 0.13 m is below required 1.70 m.",
23july.bag,2026-07-23T21:03:44.256+05:30,36.617,target_explorer_node,/rosout,nav2_state,WARN,4.64,13.28,,,,"Rejected frontier (4.64, 13.28): endpoint clearance 0.03 m is below required 1.70 m.",
23july.bag,2026-07-23T21:03:44.256+05:30,36.617,target_explorer_node,/rosout,nav2_state,WARN,4.49,14.93,,,,"Rejected frontier (4.49, 14.93): endpoint clearance 0.92 m is below required 1.70 m.",
23july.bag,2026-07-23T21:03:44.257+05:30,36.618,target_explorer_node,/rosout,nav2_state,WARN,4.29,20.13,,,,"Rejected frontier (4.29, 20.13): endpoint clearance 1.58 m is below required 1.70 m.",
23july.bag,2026-07-23T21:03:44.258+05:30,36.618,target_explorer_node,/rosout,nav2_state,WARN,4.29,21.28,,,,"Rejected frontier (4.29, 21.28): endpoint clearance 0.66 m is below required 1.70 m.",
23july.bag,2026-07-23T21:03:44.258+05:30,36.619,target_explorer_node,/rosout,nav2_state,WARN,4.49,21.73,,,,"Rejected frontier (4.49, 21.73): endpoint clearance 0.78 m is below required 1.70 m.",
23july.bag,2026-07-23T21:03:44.259+05:30,36.619,target_explorer_node,/rosout,nav2_state,WARN,9.99,13.38,,,,"Rejected frontier (9.99, 13.38): endpoint clearance 0.04 m is below required 1.70 m.",
23july.bag,2026-07-23T21:03:44.259+05:30,36.62,target_explorer_node,/rosout,nav2_state,WARN,11.24,14.18,,,,"Rejected frontier (11.24, 14.18): endpoint clearance 0.71 m is below required 1.70 m.",
23july.bag,2026-07-23T21:03:44.260+05:30,36.62,target_explorer_node,/rosout,nav2_state,WARN,10.54,13.63,,,,"Rejected frontier (10.54, 13.63): endpoint clearance 0.53 m is below required 1.70 m.",
23july.bag,2026-07-23T21:03:44.260+05:30,36.621,target_explorer_node,/rosout,nav2_state,WARN,10.59,13.73,,,,"Rejected frontier (10.59, 13.73): endpoint clearance 0.58 m is below required 1.70 m.",
23july.bag,2026-07-23T21:03:44.261+05:30,36.621,target_explorer_node,/rosout,nav2_state,WARN,10.74,13.83,,,,"Rejected frontier (10.74, 13.83): endpoint clearance 0.73 m is below required 1.70 m.",
23july.bag,2026-07-23T21:03:44.261+05:30,36.622,target_explorer_node,/rosout,nav2_state,WARN,10.79,13.93,,,,"Rejected frontier (10.79, 13.93): endpoint clearance 0.78 m is below required 1.70 m.",
23july.bag,2026-07-23T21:03:44.262+05:30,36.622,target_explorer_node,/rosout,nav2_state,WARN,11.09,14.03,,,,"Rejected frontier (11.09, 14.03): endpoint clearance 0.83 m is below required 1.70 m.",
23july.bag,2026-07-23T21:03:44.262+05:30,36.623,target_explorer_node,/rosout,nav2_state,WARN,11.39,14.28,,,,"Rejected frontier (11.39, 14.28): endpoint clearance 0.69 m is below required 1.70 m.",
23july.bag,2026-07-23T21:03:44.262+05:30,36.623,target_explorer_node,/rosout,nav2_state,WARN,11.59,14.58,,,,"Rejected frontier (11.59, 14.58): endpoint clearance 0.53 m is below required 1.70 m.",
23july.bag,2026-07-23T21:03:44.263+05:30,36.624,target_explorer_node,/rosout,nav2_state,WARN,11.79,14.68,,,,"Rejected frontier (11.79, 14.68): endpoint clearance 0.43 m is below required 1.70 m.",
23july.bag,2026-07-23T21:03:44.263+05:30,36.624,target_explorer_node,/rosout,nav2_state,WARN,11.89,14.78,,,,"Rejected frontier (11.89, 14.78): endpoint clearance 0.35 m is below required 1.70 m.",
23july.bag,2026-07-23T21:03:44.264+05:30,36.625,target_explorer_node,/rosout,nav2_state,WARN,12.14,14.98,,,,"Rejected frontier (12.14, 14.98): endpoint clearance 0.13 m is below required 1.70 m.",
23july.bag,2026-07-23T21:03:44.264+05:30,36.625,target_explorer_node,/rosout,nav2_state,WARN,10.29,14.23,,,,"Rejected frontier (10.29, 14.23): endpoint clearance 0.28 m is below required 1.70 m.",
23july.bag,2026-07-23T21:03:44.265+05:30,36.626,target_explorer_node,/rosout,nav2_state,WARN,10.44,14.08,,,,"Rejected frontier (10.44, 14.08): endpoint clearance 0.43 m is below required 1.70 m.",
23july.bag,2026-07-23T21:03:44.265+05:30,36.626,target_explorer_node,/rosout,nav2_state,WARN,10.29,13.83,,,,"Rejected frontier (10.29, 13.83): endpoint clearance 0.28 m is below required 1.70 m.",
23july.bag,2026-07-23T21:03:44.266+05:30,36.627,target_explorer_node,/rosout,nav2_state,WARN,10.34,13.88,,,,"Rejected frontier (10.34, 13.88): endpoint clearance 0.33 m is below required 1.70 m.",
23july.bag,2026-07-23T21:03:44.267+05:30,36.627,target_explorer_node,/rosout,nav2_state,WARN,10.39,13.93,,,,"Rejected frontier (10.39, 13.93): endpoint clearance 0.38 m is below required 1.70 m.",
23july.bag,2026-07-23T21:03:44.267+05:30,36.628,target_explorer_node,/rosout,nav2_state,WARN,10.34,13.98,,,,"Rejected frontier (10.34, 13.98): endpoint clearance 0.33 m is below required 1.70 m.",
23july.bag,2026-07-23T21:03:44.268+05:30,36.628,target_explorer_node,/rosout,nav2_state,WARN,10.39,14.03,,,,"Rejected frontier (10.39, 14.03): endpoint clearance 0.38 m is below required 1.70 m.",
23july.bag,2026-07-23T21:03:44.268+05:30,36.629,target_explorer_node,/rosout,nav2_state,WARN,10.34,14.28,,,,"Rejected frontier (10.34, 14.28): endpoint clearance 0.33 m is below required 1.70 m.",
23july.bag,2026-07-23T21:03:44.269+05:30,36.629,target_explorer_node,/rosout,nav2_state,WARN,10.39,14.33,,,,"Rejected frontier (10.39, 14.33): endpoint clearance 0.38 m is below required 1.70 m.",
23july.bag,2026-07-23T21:03:44.269+05:30,36.63,target_explorer_node,/rosout,nav2_state,WARN,10.54,15.23,,,,"Rejected frontier (10.54, 15.23): endpoint clearance 0.04 m is below required 1.70 m.",
23july.bag,2026-07-23T21:03:44.270+05:30,36.63,target_explorer_node,/rosout,nav2_state,WARN,11.39,15.28,,,,"Rejected frontier (11.39, 15.28): endpoint clearance 0.24 m is below required 1.70 m.",
23july.bag,2026-07-23T21:03:44.270+05:30,36.631,target_explorer_node,/rosout,nav2_state,WARN,10.64,14.08,,,,"Rejected frontier (10.64, 14.08): endpoint clearance 0.63 m is below required 1.70 m.",
23july.bag,2026-07-23T21:03:44.271+05:30,36.631,target_explorer_node,/rosout,nav2_state,WARN,10.74,14.43,,,,"Rejected frontier (10.74, 14.43): endpoint clearance 0.46 m is below required 1.70 m.",
23july.bag,2026-07-23T21:03:44.271+05:30,36.632,target_explorer_node,/rosout,nav2_state,WARN,10.94,14.73,,,,"Rejected frontier (10.94, 14.73): endpoint clearance 0.13 m is below required 1.70 m.",
23july.bag,2026-07-23T21:03:44.272+05:30,36.632,target_explorer_node,/rosout,nav2_state,WARN,11.74,14.93,,,,"Rejected frontier (11.74, 14.93): endpoint clearance 0.18 m is below required 1.70 m.",
23july.bag,2026-07-23T21:03:44.272+05:30,36.633,target_explorer_node,/rosout,nav2_state,WARN,11.39,15.13,,,,"Rejected frontier (11.39, 15.13): endpoint clearance 0.28 m is below required 1.70 m.",
23july.bag,2026-07-23T21:03:44.273+05:30,36.633,target_explorer_node,/rosout,nav2_state,WARN,11.54,15.28,,,,"Rejected frontier (11.54, 15.28): endpoint clearance 0.18 m is below required 1.70 m.",
23july.bag,2026-07-23T21:03:44.273+05:30,36.634,target_explorer_node,/rosout,nav2_state,WARN,10.84,15.43,,,,"Rejected frontier (10.84, 15.43): endpoint clearance 0.28 m is below required 1.70 m.",
23july.bag,2026-07-23T21:03:44.273+05:30,36.634,target_explorer_node,/rosout,nav2_state,WARN,11.04,15.58,,,,"Rejected frontier (11.04, 15.58): endpoint clearance 0.19 m is below required 1.70 m.",
23july.bag,2026-07-23T21:03:44.274+05:30,36.635,target_explorer_node,/rosout,nav2_state,WARN,11.34,15.73,,,,"Rejected frontier (11.34, 15.73): endpoint clearance 0.37 m is below required 1.70 m.",
23july.bag,2026-07-23T21:03:44.275+05:30,36.635,target_explorer_node,/rosout,nav2_state,WARN,11.94,15.88,,,,"Rejected frontier (11.94, 15.88): endpoint clearance 0.73 m is below required 1.70 m.",
23july.bag,2026-07-23T21:03:44.275+05:30,36.636,target_explorer_node,/rosout,nav2_state,WARN,10.44,15.03,,,,"Rejected frontier (10.44, 15.03): endpoint clearance 0.03 m is below required 1.70 m.",
23july.bag,2026-07-23T21:03:44.276+05:30,36.636,target_explorer_node,/rosout,nav2_state,WARN,10.64,15.03,,,,"Rejected frontier (10.64, 15.03): endpoint clearance 0.23 m is below required 1.70 m.",
23july.bag,2026-07-23T21:03:44.276+05:30,36.637,target_explorer_node,/rosout,nav2_state,WARN,10.59,14.83,,,,"Rejected frontier (10.59, 14.83): endpoint clearance 0.18 m is below required 1.70 m.",
23july.bag,2026-07-23T21:03:44.277+05:30,36.638,target_explorer_node,/rosout,nav2_state,WARN,10.64,14.88,,,,"Rejected frontier (10.64, 14.88): endpoint clearance 0.24 m is below required 1.70 m.",
23july.bag,2026-07-23T21:03:44.277+05:30,36.638,target_explorer_node,/rosout,nav2_state,WARN,10.69,14.93,,,,"Rejected frontier (10.69, 14.93): endpoint clearance 0.28 m is below required 1.70 m.",
23july.bag,2026-07-23T21:03:44.278+05:30,36.639,target_explorer_node,/rosout,nav2_state,WARN,10.54,14.98,,,,"Rejected frontier (10.54, 14.98): endpoint clearance 0.13 m is below required 1.70 m.",
23july.bag,2026-07-23T21:03:44.278+05:30,36.639,target_explorer_node,/rosout,nav2_state,WARN,10.74,14.98,,,,"Rejected frontier (10.74, 14.98): endpoint clearance 0.24 m is below required 1.70 m.",
23july.bag,2026-07-23T21:03:44.279+05:30,36.64,target_explorer_node,/rosout,nav2_state,WARN,10.79,15.03,,,,"Rejected frontier (10.79, 15.03): endpoint clearance 0.22 m is below required 1.70 m.",
23july.bag,2026-07-23T21:03:44.280+05:30,36.64,target_explorer_node,/rosout,nav2_state,WARN,10.64,15.08,,,,"Rejected frontier (10.64, 15.08): endpoint clearance 0.22 m is below required 1.70 m.",
23july.bag,2026-07-23T21:03:44.280+05:30,36.641,target_explorer_node,/rosout,nav2_state,WARN,10.74,15.08,,,,"Rejected frontier (10.74, 15.08): endpoint clearance 0.29 m is below required 1.70 m.",
23july.bag,2026-07-23T21:03:44.281+05:30,36.641,target_explorer_node,/rosout,nav2_state,WARN,10.54,15.13,,,,"Rejected frontier (10.54, 15.13): endpoint clearance 0.11 m is below required 1.70 m.",
23july.bag,2026-07-23T21:03:44.281+05:30,36.642,target_explorer_node,/rosout,nav2_state,WARN,4.84,15.58,,,,"Rejected frontier (4.84, 15.58): endpoint clearance 1.53 m is below required 1.70 m.",
23july.bag,2026-07-23T21:03:44.282+05:30,36.642,target_explorer_node,/rosout,nav2_state,WARN,4.64,15.23,,,,"Rejected frontier (4.64, 15.23): endpoint clearance 1.18 m is below required 1.70 m.",
23july.bag,2026-07-23T21:03:44.282+05:30,36.643,target_explorer_node,/rosout,nav2_state,WARN,4.59,14.88,,,,"Rejected frontier (4.59, 14.88): endpoint clearance 0.84 m is below required 1.70 m.",
23july.bag,2026-07-23T21:03:44.283+05:30,36.644,target_explorer_node,/rosout,nav2_state,WARN,4.54,14.98,,,,"Rejected frontier (4.54, 14.98): endpoint clearance 0.95 m is below required 1.70 m.",
23july.bag,2026-07-23T21:03:44.283+05:30,36.644,target_explorer_node,/rosout,nav2_state,WARN,4.64,15.03,,,,"Rejected frontier (4.64, 15.03): endpoint clearance 0.98 m is below required 1.70 m.",
23july.bag,2026-07-23T21:03:44.284+05:30,36.645,target_explorer_node,/rosout,nav2_state,WARN,4.54,15.13,,,,"Rejected frontier (4.54, 15.13): endpoint clearance 1.10 m is below required 1.70 m.",
23july.bag,2026-07-23T21:03:44.285+05:30,36.645,target_explorer_node,/rosout,nav2_state,WARN,4.54,15.28,,,,"Rejected frontier (4.54, 15.28): endpoint clearance 1.25 m is below required 1.70 m.",
23july.bag,2026-07-23T21:03:44.285+05:30,36.646,target_explorer_node,/rosout,nav2_state,WARN,4.69,15.33,,,,"Rejected frontier (4.69, 15.33): endpoint clearance 1.28 m is below required 1.70 m.",
23july.bag,2026-07-23T21:03:44.286+05:30,36.646,target_explorer_node,/rosout,nav2_state,WARN,4.59,15.43,,,,"Rejected frontier (4.59, 15.43): endpoint clearance 1.39 m is below required 1.70 m.",
23july.bag,2026-07-23T21:03:44.286+05:30,36.647,target_explorer_node,/rosout,nav2_state,WARN,4.59,15.48,,,,"Rejected frontier (4.59, 15.48): endpoint clearance 1.44 m is below required 1.70 m.",
23july.bag,2026-07-23T21:03:44.287+05:30,36.648,target_explorer_node,/rosout,nav2_state,WARN,9.19,18.43,,,,"Rejected frontier (9.19, 18.43): endpoint clearance 0.03 m is below required 1.70 m.",
23july.bag,2026-07-23T21:03:44.288+05:30,36.648,target_explorer_node,/rosout,nav2_state,WARN,9.29,18.78,,,,"Rejected frontier (9.29, 18.78): endpoint clearance 0.18 m is below required 1.70 m.",
23july.bag,2026-07-23T21:03:44.288+05:30,36.649,target_explorer_node,/rosout,nav2_state,WARN,9.19,18.48,,,,"Rejected frontier (9.19, 18.48): endpoint clearance 0.08 m is below required 1.70 m.",
23july.bag,2026-07-23T21:03:44.289+05:30,36.649,target_explorer_node,/rosout,nav2_state,WARN,9.24,18.58,,,,"Rejected frontier (9.24, 18.58): endpoint clearance 0.18 m is below required 1.70 m.",
23july.bag,2026-07-23T21:03:44.289+05:30,36.65,target_explorer_node,/rosout,nav2_state,WARN,9.24,18.68,,,,"Rejected frontier (9.24, 18.68): endpoint clearance 0.28 m is below required 1.70 m.",
23july.bag,2026-07-23T21:03:44.290+05:30,36.65,target_explorer_node,/rosout,nav2_state,WARN,9.29,18.73,,,,"Rejected frontier (9.29, 18.73): endpoint clearance 0.23 m is below required 1.70 m.",
23july.bag,2026-07-23T21:03:44.290+05:30,36.651,target_explorer_node,/rosout,nav2_state,WARN,9.34,18.88,,,,"Rejected frontier (9.34, 18.88): endpoint clearance 0.08 m is below required 1.70 m.",
23july.bag,2026-07-23T21:03:44.291+05:30,36.652,target_explorer_node,/rosout,nav2_state,WARN,9.39,18.93,,,,"Rejected frontier (9.39, 18.93): endpoint clearance 0.08 m is below required 1.70 m.",
23july.bag,2026-07-23T21:03:44.292+05:30,36.652,target_explorer_node,/rosout,nav2_state,WARN,9.39,18.98,,,,"Rejected frontier (9.39, 18.98): endpoint clearance 0.08 m is below required 1.70 m.",
23july.bag,2026-07-23T21:03:44.292+05:30,36.653,target_explorer_node,/rosout,nav2_state,WARN,8.44,19.68,,,,"Rejected frontier (8.44, 19.68): endpoint clearance 0.04 m is below required 1.70 m.",
23july.bag,2026-07-23T21:03:44.292+05:30,36.653,target_explorer_node,/rosout,nav2_state,WARN,8.94,21.03,,,,"Rejected frontier (8.94, 21.03): endpoint clearance 0.71 m is below required 1.70 m.",
23july.bag,2026-07-23T21:03:44.293+05:30,36.654,target_explorer_node,/rosout,nav2_state,WARN,8.44,19.98,,,,"Rejected frontier (8.44, 19.98): endpoint clearance 0.15 m is below required 1.70 m.",
23july.bag,2026-07-23T21:03:44.293+05:30,36.654,target_explorer_node,/rosout,nav2_state,WARN,8.59,20.23,,,,"Rejected frontier (8.59, 20.23): endpoint clearance 0.40 m is below required 1.70 m.",
23july.bag,2026-07-23T21:03:44.294+05:30,36.654,target_explorer_node,/rosout,nav2_state,WARN,8.69,20.48,,,,"Rejected frontier (8.69, 20.48): endpoint clearance 0.51 m is below required 1.70 m.",
23july.bag,2026-07-23T21:03:44.294+05:30,36.655,target_explorer_node,/rosout,nav2_state,WARN,8.79,20.78,,,,"Rejected frontier (8.79, 20.78): endpoint clearance 0.53 m is below required 1.70 m.",
23july.bag,2026-07-23T21:03:44.295+05:30,36.655,target_explorer_node,/rosout,nav2_state,WARN,9.04,21.23,,,,"Rejected frontier (9.04, 21.23): endpoint clearance 0.88 m is below required 1.70 m.",
23july.bag,2026-07-23T21:03:44.295+05:30,36.656,target_explorer_node,/rosout,nav2_state,WARN,9.14,21.48,,,,"Rejected frontier (9.14, 21.48): endpoint clearance 1.11 m is below required 1.70 m.",
23july.bag,2026-07-23T21:03:44.296+05:30,36.656,target_explorer_node,/rosout,nav2_state,WARN,9.24,21.68,,,,"Rejected frontier (9.24, 21.68): endpoint clearance 1.31 m is below required 1.70 m.",
23july.bag,2026-07-23T21:03:44.296+05:30,36.657,target_explorer_node,/rosout,nav2_state,WARN,9.34,21.88,,,,"Rejected frontier (9.34, 21.88): endpoint clearance 1.52 m is below required 1.70 m.",
23july.bag,2026-07-23T21:03:44.297+05:30,36.657,target_explorer_node,/rosout,nav2_state,WARN,7.99,20.18,,,,"Rejected frontier (7.99, 20.18): endpoint clearance 0.03 m is below required 1.70 m.",
23july.bag,2026-07-23T21:03:44.297+05:30,36.658,target_explorer_node,/rosout,nav2_state,WARN,7.94,20.58,,,,"Rejected frontier (7.94, 20.58): endpoint clearance 0.22 m is below required 1.70 m.",
23july.bag,2026-07-23T21:03:44.298+05:30,36.658,target_explorer_node,/rosout,nav2_state,WARN,8.04,20.33,,,,"Rejected frontier (8.04, 20.33): endpoint clearance 0.11 m is below required 1.70 m.",
23july.bag,2026-07-23T21:03:44.298+05:30,36.659,target_explorer_node,/rosout,nav2_state,WARN,7.84,20.43,,,,"Rejected frontier (7.84, 20.43): endpoint clearance 0.04 m is below required 1.70 m.",
23july.bag,2026-07-23T21:03:44.299+05:30,36.659,target_explorer_node,/rosout,nav2_state,WARN,7.89,20.48,,,,"Rejected frontier (7.89, 20.48): endpoint clearance 0.11 m is below required 1.70 m.",
23july.bag,2026-07-23T21:03:44.299+05:30,36.66,target_explorer_node,/rosout,nav2_state,WARN,8.09,20.53,,,,"Rejected frontier (8.09, 20.53): endpoint clearance 0.26 m is below required 1.70 m.",
23july.bag,2026-07-23T21:03:44.300+05:30,36.661,target_explorer_node,/rosout,nav2_state,WARN,7.84,20.63,,,,"Rejected frontier (7.84, 20.63): endpoint clearance 0.15 m is below required 1.70 m.",
23july.bag,2026-07-23T21:03:44.301+05:30,36.661,target_explorer_node,/rosout,nav2_state,WARN,8.09,20.63,,,,"Rejected frontier (8.09, 20.63): endpoint clearance 0.18 m is below required 1.70 m.",
23july.bag,2026-07-23T21:03:44.301+05:30,36.662,target_explorer_node,/rosout,nav2_state,WARN,8.04,20.68,,,,"Rejected frontier (8.04, 20.68): endpoint clearance 0.19 m is below required 1.70 m.",
23july.bag,2026-07-23T21:03:44.302+05:30,36.663,target_explorer_node,/rosout,nav2_state,WARN,7.74,20.78,,,,"Rejected frontier (7.74, 20.78): endpoint clearance 0.13 m is below required 1.70 m.",
23july.bag,2026-07-23T21:03:44.303+05:30,36.664,target_explorer_node,/rosout,nav2_state,WARN,4.64,22.13,,,,"Rejected frontier (4.64, 22.13): endpoint clearance 0.66 m is below required 1.70 m.",
23july.bag,2026-07-23T21:03:44.304+05:30,36.665,target_explorer_node,/rosout,nav2_state,WARN,4.74,22.33,,,,"Rejected frontier (4.74, 22.33): endpoint clearance 0.44 m is below required 1.70 m.",
23july.bag,2026-07-23T21:03:44.307+05:30,36.668,target_explorer_node,/rosout,nav2_state,WARN,4.59,22.18,,,,"Rejected frontier (4.59, 22.18): endpoint clearance 0.65 m is below required 1.70 m.",
23july.bag,2026-07-23T21:03:44.308+05:30,36.668,target_explorer_node,/rosout,nav2_state,WARN,4.69,22.18,,,,"Rejected frontier (4.69, 22.18): endpoint clearance 0.59 m is below required 1.70 m.",
23july.bag,2026-07-23T21:03:44.308+05:30,36.668,target_explorer_node,/rosout,nav2_state,WARN,4.64,22.28,,,,"Rejected frontier (4.64, 22.28): endpoint clearance 0.54 m is below required 1.70 m.",
23july.bag,2026-07-23T21:03:44.308+05:30,36.668,target_explorer_node,/rosout,nav2_state,WARN,4.64,22.38,,,,"Rejected frontier (4.64, 22.38): endpoint clearance 0.46 m is below required 1.70 m.",
23july.bag,2026-07-23T21:03:44.308+05:30,36.669,target_explorer_node,/rosout,nav2_state,WARN,4.79,22.38,,,,"Rejected frontier (4.79, 22.38): endpoint clearance 0.37 m is below required 1.70 m.",
23july.bag,2026-07-23T21:03:44.309+05:30,36.669,target_explorer_node,/rosout,nav2_state,WARN,4.54,22.28,,,,"Rejected frontier (4.54, 22.28): endpoint clearance 0.60 m is below required 1.70 m.",
23july.bag,2026-07-23T21:03:44.309+05:30,36.67,target_explorer_node,/rosout,nav2_state,WARN,4.64,22.63,,,,"Rejected frontier (4.64, 22.63): endpoint clearance 0.29 m is below required 1.70 m.",
23july.bag,2026-07-23T21:03:44.310+05:30,36.671,target_explorer_node,/rosout,nav2_state,WARN,4.64,22.48,,,,"Rejected frontier (4.64, 22.48): endpoint clearance 0.40 m is below required 1.70 m.",
23july.bag,2026-07-23T21:03:44.311+05:30,36.672,target_explorer_node,/rosout,nav2_state,WARN,4.69,22.58,,,,"Rejected frontier (4.69, 22.58): endpoint clearance 0.30 m is below required 1.70 m.",
23july.bag,2026-07-23T21:03:44.312+05:30,36.672,target_explorer_node,/rosout,nav2_state,WARN,4.69,22.68,,,,"Rejected frontier (4.69, 22.68): endpoint clearance 0.22 m is below required 1.70 m.",
23july.bag,2026-07-23T21:03:44.312+05:30,36.673,target_explorer_node,/rosout,nav2_state,WARN,4.69,22.78,,,,"Rejected frontier (4.69, 22.78): endpoint clearance 0.15 m is below required 1.70 m.",
23july.bag,2026-07-23T21:03:44.318+05:30,36.679,planner_server,/rosout,planning_failure,WARN,,,,,,GridBased: failed to create plan with tolerance 0.50.,
23july.bag,2026-07-23T21:03:44.318+05:30,36.679,planner_server,/rosout,planning_failure,WARN,1.0,24.0,,,,"Planning algorithm  failed to generate a valid path to (1.00, 24.00)",
23july.bag,2026-07-23T21:03:44.318+05:30,36.679,planner_server,/rosout,aborted,WARN,,,,,,[compute_path_to_pose] [ActionServer] Aborting handle.,
23july.bag,2026-07-23T21:03:44.321+05:30,36.682,/plan,/plan,path_update,RECORDED,4.38968992695284,18.876012797699396,,145,3.7152,Recorded path update on /plan,
23july.bag,2026-07-23T21:03:44.329+05:30,36.69,planner_server,/rosout,planning_failure,WARN,,,,,,GridBased: failed to create plan with tolerance 0.50.,
23july.bag,2026-07-23T21:03:44.329+05:30,36.69,planner_server,/rosout,planning_failure,WARN,9.44,22.13,,,,"Planning algorithm  failed to generate a valid path to (9.44, 22.13)",
23july.bag,2026-07-23T21:03:44.329+05:30,36.69,planner_server,/rosout,aborted,WARN,,,,,,[compute_path_to_pose] [ActionServer] Aborting handle.,
23july.bag,2026-07-23T21:03:44.333+05:30,36.693,/plan,/plan,path_update,RECORDED,-1.8603101736299976,7.626012622610752,,516,13.4358,Recorded path update on /plan,
23july.bag,2026-07-23T21:03:44.353+05:30,36.713,/plan,/plan,path_update,RECORDED,4.289689918012144,5.776012595043603,,431,10.823,Recorded path update on /plan,
23july.bag,2026-07-23T21:03:44.367+05:30,36.727,target_explorer_node,/rosout,planning,INFO,4.39,18.93,,,,"Sending NavigateToPose goal (4.39, 18.93): progress=3.72 m alignment=0.996 path=3.72 m score=4.345.",4
23july.bag,2026-07-23T21:03:44.370+05:30,36.73,target_explorer_node,/rosout,nav2_state,INFO,4.39,18.93,,,,"Nav2 accepted goal (4.39, 18.93).",4
23july.bag,2026-07-23T21:03:44.373+05:30,36.734,/plan,/plan,path_update,RECORDED,4.38968992695284,18.876012797699396,,143,3.6786,Recorded path update on /plan,4
23july.bag,2026-07-23T21:03:44.388+05:30,36.749,controller_server,/rosout,goal_started,INFO,,,,,,"Received a goal, begin computing control effort.",4
23july.bag,2026-07-23T21:03:45.403+05:30,37.764,/plan,/plan,path_update,RECORDED,4.38968992695284,18.876012797699396,,140,3.585,Recorded path update on /plan,4
23july.bag,2026-07-23T21:03:45.438+05:30,37.799,controller_server,/rosout,planning,INFO,,,,,,Passing new path to controller.,4
23july.bag,2026-07-23T21:03:46.433+05:30,38.794,/plan,/plan,path_update,RECORDED,4.38968992695284,18.876012797699396,,126,3.2513,Recorded path update on /plan,4
23july.bag,2026-07-23T21:03:46.488+05:30,38.849,controller_server,/rosout,planning,INFO,,,,,,Passing new path to controller.,4
23july.bag,2026-07-23T21:03:46.842+05:30,39.203,global_costmap.global_costmap,/rosout,costmap_resize,INFO,,,,,,StaticLayer: Resizing costmap to 649 X 698 at 0.050000 m/pix,4
23july.bag,2026-07-23T21:03:47.463+05:30,39.823,/plan,/plan,path_update,RECORDED,4.38968991950226,18.926012790993873,,107,2.7183,Recorded path update on /plan,4
23july.bag,2026-07-23T21:03:47.488+05:30,39.849,controller_server,/rosout,planning,INFO,,,,,,Passing new path to controller.,4
23july.bag,2026-07-23T21:03:48.199+05:30,40.559,target_explorer_node,/rosout,cancellation,WARN,4.39,18.93,,,,"Canceling active goal (4.39, 18.93): latest map places an obstacle 1.26 m from the endpoint; required clearance is 1.70 m.",4
23july.bag,2026-07-23T21:03:48.200+05:30,40.561,target_explorer_node,/rosout,cancellation,INFO,,,,,,Nav2 accepted the cancellation; waiting for the action result before selecting another goal.,4
23july.bag,2026-07-23T21:03:48.228+05:30,40.589,bt_navigator_navigate_to_pose_rclcpp_node,/rosout,planning_failure,ERROR,,,,,,Failed to get result for follow_path in node halt!,4
23july.bag,2026-07-23T21:03:48.228+05:30,40.589,bt_navigator,/rosout,cancellation,INFO,,,,,,[navigate_to_pose] [ActionServer] Client requested to cancel the goal. Cancelling.,4
23july.bag,2026-07-23T21:03:48.228+05:30,40.589,bt_navigator,/rosout,cancellation,INFO,,,,,,Goal canceled,4
23july.bag,2026-07-23T21:03:48.229+05:30,40.59,target_explorer_node,/rosout,cancellation,INFO,4.39,18.93,,,,"NavigateToPose cancellation completed for (4.39, 18.93).",
23july.bag,2026-07-23T21:03:48.238+05:30,40.599,controller_server,/rosout,cancellation,INFO,,,,,,Goal was canceled. Stopping the robot.,
23july.bag,2026-07-23T21:03:48.238+05:30,40.599,controller_server,/rosout,cancellation,INFO,,,,,,[follow_path] [ActionServer] Client requested to cancel the goal. Cancelling.,
23july.bag,2026-07-23T21:03:48.299+05:30,40.66,target_explorer_node,/rosout,nav2_state,WARN,1.0,24.0,,,,"Rejected final target (1.00, 24.00): endpoint clearance 0.96 m is below required 1.70 m.",
23july.bag,2026-07-23T21:03:48.322+05:30,40.683,target_explorer_node,/rosout,nav2_state,WARN,-1.31,9.68,,,,"Rejected frontier (-1.31, 9.68): endpoint clearance 0.03 m is below required 1.70 m.",
23july.bag,2026-07-23T21:03:48.323+05:30,40.683,target_explorer_node,/rosout,nav2_state,WARN,-2.16,5.53,,,,"Rejected frontier (-2.16, 5.53): endpoint clearance 1.38 m is below required 1.70 m.",
23july.bag,2026-07-23T21:03:48.323+05:30,40.684,target_explorer_node,/rosout,nav2_state,WARN,-2.11,3.33,,,,"Rejected frontier (-2.11, 3.33): endpoint clearance 0.95 m is below required 1.70 m.",
23july.bag,2026-07-23T21:03:48.324+05:30,40.685,target_explorer_node,/rosout,nav2_state,WARN,-2.31,3.83,,,,"Rejected frontier (-2.31, 3.83): endpoint clearance 0.43 m is below required 1.70 m.",
23july.bag,2026-07-23T21:03:48.324+05:30,40.685,target_explorer_node,/rosout,nav2_state,WARN,-1.91,4.48,,,,"Rejected frontier (-1.91, 4.48): endpoint clearance 0.73 m is below required 1.70 m.",
23july.bag,2026-07-23T21:03:48.325+05:30,40.686,target_explorer_node,/rosout,nav2_state,WARN,-1.56,8.18,,,,"Rejected frontier (-1.56, 8.18): endpoint clearance 1.45 m is below required 1.70 m.",
23july.bag,2026-07-23T21:03:48.325+05:30,40.686,target_explorer_node,/rosout,nav2_state,WARN,-1.16,8.83,,,,"Rejected frontier (-1.16, 8.83): endpoint clearance 0.75 m is below required 1.70 m.",
23july.bag,2026-07-23T21:03:48.326+05:30,40.687,target_explorer_node,/rosout,nav2_state,WARN,6.99,7.23,,,,"Rejected frontier (6.99, 7.23): endpoint clearance 0.03 m is below required 1.70 m.",
23july.bag,2026-07-23T21:03:48.327+05:30,40.687,target_explorer_node,/rosout,nav2_state,WARN,5.19,6.23,,,,"Rejected frontier (5.19, 6.23): endpoint clearance 1.31 m is below required 1.70 m.",
23july.bag,2026-07-23T21:03:48.327+05:30,40.688,target_explorer_node,/rosout,nav2_state,WARN,6.04,6.73,,,,"Rejected frontier (6.04, 6.73): endpoint clearance 0.38 m is below required 1.70 m.",
23july.bag,2026-07-23T21:03:48.328+05:30,40.688,target_explorer_node,/rosout,nav2_state,WARN,7.04,7.28,,,,"Rejected frontier (7.04, 7.28): endpoint clearance 0.03 m is below required 1.70 m.",
23july.bag,2026-07-23T21:03:48.329+05:30,40.689,target_explorer_node,/rosout,nav2_state,WARN,6.94,7.38,,,,"Rejected frontier (6.94, 7.38): endpoint clearance 0.15 m is below required 1.70 m.",
23july.bag,2026-07-23T21:03:48.329+05:30,40.69,target_explorer_node,/rosout,nav2_state,WARN,6.99,7.43,,,,"Rejected frontier (6.99, 7.43): endpoint clearance 0.18 m is below required 1.70 m.",
23july.bag,2026-07-23T21:03:48.330+05:30,40.691,target_explorer_node,/rosout,nav2_state,WARN,7.09,7.43,,,,"Rejected frontier (7.09, 7.43): endpoint clearance 0.08 m is below required 1.70 m.",
23july.bag,2026-07-23T21:03:48.331+05:30,40.691,target_explorer_node,/rosout,nav2_state,WARN,7.14,7.48,,,,"Rejected frontier (7.14, 7.48): endpoint clearance 0.08 m is below required 1.70 m.",
23july.bag,2026-07-23T21:03:48.331+05:30,40.692,target_explorer_node,/rosout,nav2_state,WARN,7.19,7.48,,,,"Rejected frontier (7.19, 7.48): endpoint clearance 0.08 m is below required 1.70 m.",
23july.bag,2026-07-23T21:03:48.332+05:30,40.692,target_explorer_node,/rosout,nav2_state,WARN,7.29,7.53,,,,"Rejected frontier (7.29, 7.53): endpoint clearance 0.04 m is below required 1.70 m.",
23july.bag,2026-07-23T21:03:48.333+05:30,40.693,target_explorer_node,/rosout,nav2_state,WARN,8.69,9.48,,,,"Rejected frontier (8.69, 9.48): endpoint clearance 0.04 m is below required 1.70 m.",
23july.bag,2026-07-23T21:03:48.333+05:30,40.694,target_explorer_node,/rosout,nav2_state,WARN,8.39,9.28,,,,"Rejected frontier (8.39, 9.28): endpoint clearance 0.36 m is below required 1.70 m.",
23july.bag,2026-07-23T21:03:48.334+05:30,40.694,target_explorer_node,/rosout,nav2_state,WARN,8.09,9.08,,,,"Rejected frontier (8.09, 9.08): endpoint clearance 0.03 m is below required 1.70 m.",
23july.bag,2026-07-23T21:03:48.334+05:30,40.695,target_explorer_node,/rosout,nav2_state,WARN,8.14,9.18,,,,"Rejected frontier (8.14, 9.18): endpoint clearance 0.13 m is below required 1.70 m.",
23july.bag,2026-07-23T21:03:48.335+05:30,40.696,target_explorer_node,/rosout,nav2_state,WARN,8.19,9.18,,,,"Rejected frontier (8.19, 9.18): endpoint clearance 0.15 m is below required 1.70 m.",
23july.bag,2026-07-23T21:03:48.336+05:30,40.696,target_explorer_node,/rosout,nav2_state,WARN,8.29,9.23,,,,"Rejected frontier (8.29, 9.23): endpoint clearance 0.25 m is below required 1.70 m.",
23july.bag,2026-07-23T21:03:48.336+05:30,40.697,target_explorer_node,/rosout,nav2_state,WARN,8.34,9.28,,,,"Rejected frontier (8.34, 9.28): endpoint clearance 0.32 m is below required 1.70 m.",
23july.bag,2026-07-23T21:03:48.337+05:30,40.698,target_explorer_node,/rosout,nav2_state,WARN,8.49,9.38,,,,"Rejected frontier (8.49, 9.38): endpoint clearance 0.26 m is below required 1.70 m.",
23july.bag,2026-07-23T21:03:48.338+05:30,40.698,target_explorer_node,/rosout,nav2_state,WARN,8.69,11.38,,,,"Rejected frontier (8.69, 11.38): endpoint clearance 0.04 m is below required 1.70 m.",
23july.bag,2026-07-23T21:03:48.339+05:30,40.699,target_explorer_node,/rosout,nav2_state,WARN,8.79,11.48,,,,"Rejected frontier (8.79, 11.48): endpoint clearance 0.18 m is below required 1.70 m.",
23july.bag,2026-07-23T21:03:48.339+05:30,40.7,target_explorer_node,/rosout,nav2_state,WARN,8.89,11.53,,,,"Rejected frontier (8.89, 11.53): endpoint clearance 0.29 m is below required 1.70 m.",
23july.bag,2026-07-23T21:03:48.340+05:30,40.701,target_explorer_node,/rosout,nav2_state,WARN,8.94,11.58,,,,"Rejected frontier (8.94, 11.58): endpoint clearance 0.30 m is below required 1.70 m.",
23july.bag,2026-07-23T21:03:48.341+05:30,40.701,target_explorer_node,/rosout,nav2_state,WARN,8.99,11.58,,,,"Rejected frontier (8.99, 11.58): endpoint clearance 0.26 m is below required 1.70 m.",
23july.bag,2026-07-23T21:03:48.341+05:30,40.702,target_explorer_node,/rosout,nav2_state,WARN,9.09,11.63,,,,"Rejected frontier (9.09, 11.63): endpoint clearance 0.15 m is below required 1.70 m.",
23july.bag,2026-07-23T21:03:48.342+05:30,40.703,target_explorer_node,/rosout,nav2_state,WARN,9.14,11.68,,,,"Rejected frontier (9.14, 11.68): endpoint clearance 0.08 m is below required 1.70 m.",
23july.bag,2026-07-23T21:03:48.343+05:30,40.703,target_explorer_node,/rosout,nav2_state,WARN,9.19,11.73,,,,"Rejected frontier (9.19, 11.73): endpoint clearance 0.03 m is below required 1.70 m.",
23july.bag,2026-07-23T21:03:48.343+05:30,40.704,target_explorer_node,/rosout,nav2_state,WARN,9.29,12.13,,,,"Rejected frontier (9.29, 12.13): endpoint clearance 0.03 m is below required 1.70 m.",
23july.bag,2026-07-23T21:03:48.344+05:30,40.704,target_explorer_node,/rosout,nav2_state,WARN,9.29,12.18,,,,"Rejected frontier (9.29, 12.18): endpoint clearance 0.08 m is below required 1.70 m.",
23july.bag,2026-07-23T21:03:48.344+05:30,40.705,target_explorer_node,/rosout,nav2_state,WARN,9.39,12.23,,,,"Rejected frontier (9.39, 12.23): endpoint clearance 0.15 m is below required 1.70 m.",
23july.bag,2026-07-23T21:03:48.345+05:30,40.706,target_explorer_node,/rosout,nav2_state,WARN,9.44,12.28,,,,"Rejected frontier (9.44, 12.28): endpoint clearance 0.22 m is below required 1.70 m.",
23july.bag,2026-07-23T21:03:48.345+05:30,40.706,target_explorer_node,/rosout,nav2_state,WARN,9.49,12.33,,,,"Rejected frontier (9.49, 12.33): endpoint clearance 0.29 m is below required 1.70 m.",
23july.bag,2026-07-23T21:03:48.346+05:30,40.707,target_explorer_node,/rosout,nav2_state,WARN,9.59,12.38,,,,"Rejected frontier (9.59, 12.38): endpoint clearance 0.19 m is below required 1.70 m.",
23july.bag,2026-07-23T21:03:48.347+05:30,40.707,target_explorer_node,/rosout,nav2_state,WARN,9.69,12.43,,,,"Rejected frontier (9.69, 12.43): endpoint clearance 0.08 m is below required 1.70 m.",
23july.bag,2026-07-23T21:03:48.347+05:30,40.708,target_explorer_node,/rosout,nav2_state,WARN,9.74,12.48,,,,"Rejected frontier (9.74, 12.48): endpoint clearance 0.03 m is below required 1.70 m.",
23july.bag,2026-07-23T21:03:48.348+05:30,40.708,target_explorer_node,/rosout,nav2_state,WARN,4.64,13.18,,,,"Rejected frontier (4.64, 13.18): endpoint clearance 0.03 m is below required 1.70 m.",
23july.bag,2026-07-23T21:03:48.348+05:30,40.709,target_explorer_node,/rosout,nav2_state,WARN,4.49,12.93,,,,"Rejected frontier (4.49, 12.93): endpoint clearance 0.04 m is below required 1.70 m.",
23july.bag,2026-07-23T21:03:48.349+05:30,40.71,target_explorer_node,/rosout,nav2_state,WARN,4.44,12.58,,,,"Rejected frontier (4.44, 12.58): endpoint clearance 0.03 m is below required 1.70 m.",
23july.bag,2026-07-23T21:03:48.350+05:30,40.71,target_explorer_node,/rosout,nav2_state,WARN,4.49,12.63,,,,"Rejected frontier (4.49, 12.63): endpoint clearance 0.03 m is below required 1.70 m.",
23july.bag,2026-07-23T21:03:48.350+05:30,40.711,target_explorer_node,/rosout,nav2_state,WARN,4.49,12.68,,,,"Rejected frontier (4.49, 12.68): endpoint clearance 0.04 m is below required 1.70 m.",
23july.bag,2026-07-23T21:03:48.351+05:30,40.712,target_explorer_node,/rosout,nav2_state,WARN,4.49,12.78,,,,"Rejected frontier (4.49, 12.78): endpoint clearance 0.08 m is below required 1.70 m.",
23july.bag,2026-07-23T21:03:48.353+05:30,40.713,target_explorer_node,/rosout,nav2_state,WARN,4.59,12.93,,,,"Rejected frontier (4.59, 12.93): endpoint clearance 0.04 m is below required 1.70 m.",
23july.bag,2026-07-23T21:03:48.356+05:30,40.716,target_explorer_node,/rosout,nav2_state,WARN,4.49,12.98,,,,"Rejected frontier (4.49, 12.98): endpoint clearance 0.08 m is below required 1.70 m.",
23july.bag,2026-07-23T21:03:48.356+05:30,40.716,target_explorer_node,/rosout,nav2_state,WARN,4.59,12.98,,,,"Rejected frontier (4.59, 12.98): endpoint clearance 0.08 m is below required 1.70 m.",
23july.bag,2026-07-23T21:03:48.356+05:30,40.716,target_explorer_node,/rosout,nav2_state,WARN,10.09,12.93,,,,"Rejected frontier (10.09, 12.93): endpoint clearance 0.03 m is below required 1.70 m.",
23july.bag,2026-07-23T21:03:48.356+05:30,40.717,target_explorer_node,/rosout,nav2_state,WARN,10.09,12.98,,,,"Rejected frontier (10.09, 12.98): endpoint clearance 0.04 m is below required 1.70 m.",
23july.bag,2026-07-23T21:03:48.356+05:30,40.717,target_explorer_node,/rosout,nav2_state,WARN,10.04,13.03,,,,"Rejected frontier (10.04, 13.03): endpoint clearance 0.04 m is below required 1.70 m.",
23july.bag,2026-07-23T21:03:48.356+05:30,40.717,target_explorer_node,/rosout,nav2_state,WARN,10.04,13.08,,,,"Rejected frontier (10.04, 13.08): endpoint clearance 0.03 m is below required 1.70 m.",
23july.bag,2026-07-23T21:03:48.357+05:30,40.717,target_explorer_node,/rosout,nav2_state,WARN,10.09,13.08,,,,"Rejected frontier (10.09, 13.08): endpoint clearance 0.08 m is below required 1.70 m.",
23july.bag,2026-07-23T21:03:48.358+05:30,40.718,target_explorer_node,/rosout,nav2_state,WARN,10.19,13.13,,,,"Rejected frontier (10.19, 13.13): endpoint clearance 0.18 m is below required 1.70 m.",
23july.bag,2026-07-23T21:03:48.358+05:30,40.719,target_explorer_node,/rosout,nav2_state,WARN,10.14,13.18,,,,"Rejected frontier (10.14, 13.18): endpoint clearance 0.13 m is below required 1.70 m.",
23july.bag,2026-07-23T21:03:48.359+05:30,40.72,target_explorer_node,/rosout,nav2_state,WARN,4.59,18.08,,,,"Rejected frontier (4.59, 18.08): endpoint clearance 1.34 m is below required 1.70 m.",
23july.bag,2026-07-23T21:03:48.360+05:30,40.72,target_explorer_node,/rosout,nav2_state,WARN,4.64,13.28,,,,"Rejected frontier (4.64, 13.28): endpoint clearance 0.03 m is below required 1.70 m.",
23july.bag,2026-07-23T21:03:48.360+05:30,40.721,target_explorer_node,/rosout,nav2_state,WARN,4.59,14.23,,,,"Rejected frontier (4.59, 14.23): endpoint clearance 0.25 m is below required 1.70 m.",
23july.bag,2026-07-23T21:03:48.361+05:30,40.722,target_explorer_node,/rosout,nav2_state,WARN,4.49,15.18,,,,"Rejected frontier (4.49, 15.18): endpoint clearance 1.16 m is below required 1.70 m.",
23july.bag,2026-07-23T21:03:48.361+05:30,40.722,target_explorer_node,/rosout,nav2_state,WARN,4.64,15.63,,,,"Rejected frontier (4.64, 15.63): endpoint clearance 1.58 m is below required 1.70 m.",
23july.bag,2026-07-23T21:03:48.362+05:30,40.723,target_explorer_node,/rosout,nav2_state,WARN,4.64,17.63,,,,"Rejected frontier (4.64, 17.63): endpoint clearance 1.51 m is below required 1.70 m.",
23july.bag,2026-07-23T21:03:48.363+05:30,40.724,target_explorer_node,/rosout,nav2_state,WARN,4.14,18.13,,,,"Rejected frontier (4.14, 18.13): endpoint clearance 0.88 m is below required 1.70 m.",
23july.bag,2026-07-23T21:03:48.364+05:30,40.724,target_explorer_node,/rosout,nav2_state,WARN,10.34,13.73,,,,"Rejected frontier (10.34, 13.73): endpoint clearance 0.33 m is below required 1.70 m.",
23july.bag,2026-07-23T21:03:48.364+05:30,40.725,target_explorer_node,/rosout,nav2_state,WARN,11.24,14.18,,,,"Rejected frontier (11.24, 14.18): endpoint clearance 0.71 m is below required 1.70 m.",
23july.bag,2026-07-23T21:03:48.365+05:30,40.725,target_explorer_node,/rosout,nav2_state,WARN,9.99,13.38,,,,"Rejected frontier (9.99, 13.38): endpoint clearance 0.04 m is below required 1.70 m.",
23july.bag,2026-07-23T21:03:48.365+05:30,40.726,target_explorer_node,/rosout,nav2_state,WARN,10.54,13.63,,,,"Rejected frontier (10.54, 13.63): endpoint clearance 0.53 m is below required 1.70 m.",
23july.bag,2026-07-23T21:03:48.366+05:30,40.727,target_explorer_node,/rosout,nav2_state,WARN,10.59,13.73,,,,"Rejected frontier (10.59, 13.73): endpoint clearance 0.58 m is below required 1.70 m.",
23july.bag,2026-07-23T21:03:48.367+05:30,40.727,target_explorer_node,/rosout,nav2_state,WARN,10.74,13.83,,,,"Rejected frontier (10.74, 13.83): endpoint clearance 0.73 m is below required 1.70 m.",
23july.bag,2026-07-23T21:03:48.367+05:30,40.728,target_explorer_node,/rosout,nav2_state,WARN,10.79,13.93,,,,"Rejected frontier (10.79, 13.93): endpoint clearance 0.78 m is below required 1.70 m.",
23july.bag,2026-07-23T21:03:48.368+05:30,40.728,target_explorer_node,/rosout,nav2_state,WARN,11.09,14.03,,,,"Rejected frontier (11.09, 14.03): endpoint clearance 0.83 m is below required 1.70 m.",
23july.bag,2026-07-23T21:03:48.368+05:30,40.729,target_explorer_node,/rosout,nav2_state,WARN,11.39,14.28,,,,"Rejected frontier (11.39, 14.28): endpoint clearance 0.69 m is below required 1.70 m.",
23july.bag,2026-07-23T21:03:48.369+05:30,40.729,target_explorer_node,/rosout,nav2_state,WARN,11.59,14.58,,,,"Rejected frontier (11.59, 14.58): endpoint clearance 0.53 m is below required 1.70 m.",
23july.bag,2026-07-23T21:03:48.369+05:30,40.73,target_explorer_node,/rosout,nav2_state,WARN,11.79,14.68,,,,"Rejected frontier (11.79, 14.68): endpoint clearance 0.43 m is below required 1.70 m.",
23july.bag,2026-07-23T21:03:48.370+05:30,40.73,target_explorer_node,/rosout,nav2_state,WARN,11.89,14.78,,,,"Rejected frontier (11.89, 14.78): endpoint clearance 0.35 m is below required 1.70 m.",
23july.bag,2026-07-23T21:03:48.370+05:30,40.731,target_explorer_node,/rosout,nav2_state,WARN,10.39,14.33,,,,"Rejected frontier (10.39, 14.33): endpoint clearance 0.38 m is below required 1.70 m.",
23july.bag,2026-07-23T21:03:48.371+05:30,40.731,target_explorer_node,/rosout,nav2_state,WARN,10.44,14.08,,,,"Rejected frontier (10.44, 14.08): endpoint clearance 0.43 m is below required 1.70 m.",
23july.bag,2026-07-23T21:03:48.371+05:30,40.732,target_explorer_node,/rosout,nav2_state,WARN,10.29,13.83,,,,"Rejected frontier (10.29, 13.83): endpoint clearance 0.28 m is below required 1.70 m.",
23july.bag,2026-07-23T21:03:48.372+05:30,40.733,target_explorer_node,/rosout,nav2_state,WARN,10.34,13.88,,,,"Rejected frontier (10.34, 13.88): endpoint clearance 0.33 m is below required 1.70 m.",
23july.bag,2026-07-23T21:03:48.373+05:30,40.733,target_explorer_node,/rosout,nav2_state,WARN,10.39,13.93,,,,"Rejected frontier (10.39, 13.93): endpoint clearance 0.38 m is below required 1.70 m.",
23july.bag,2026-07-23T21:03:48.373+05:30,40.734,target_explorer_node,/rosout,nav2_state,WARN,10.34,13.98,,,,"Rejected frontier (10.34, 13.98): endpoint clearance 0.33 m is below required 1.70 m.",
23july.bag,2026-07-23T21:03:48.373+05:30,40.734,target_explorer_node,/rosout,nav2_state,WARN,10.39,14.03,,,,"Rejected frontier (10.39, 14.03): endpoint clearance 0.38 m is below required 1.70 m.",
23july.bag,2026-07-23T21:03:48.374+05:30,40.735,target_explorer_node,/rosout,nav2_state,WARN,10.34,14.18,,,,"Rejected frontier (10.34, 14.18): endpoint clearance 0.33 m is below required 1.70 m.",
23july.bag,2026-07-23T21:03:48.375+05:30,40.735,target_explorer_node,/rosout,nav2_state,WARN,10.34,14.28,,,,"Rejected frontier (10.34, 14.28): endpoint clearance 0.33 m is below required 1.70 m.",
23july.bag,2026-07-23T21:03:48.375+05:30,40.736,target_explorer_node,/rosout,nav2_state,WARN,10.54,15.23,,,,"Rejected frontier (10.54, 15.23): endpoint clearance 0.04 m is below required 1.70 m.",
23july.bag,2026-07-23T21:03:48.375+05:30,40.736,target_explorer_node,/rosout,nav2_state,WARN,11.39,15.28,,,,"Rejected frontier (11.39, 15.28): endpoint clearance 0.24 m is below required 1.70 m.",
23july.bag,2026-07-23T21:03:48.376+05:30,40.737,target_explorer_node,/rosout,nav2_state,WARN,10.64,14.08,,,,"Rejected frontier (10.64, 14.08): endpoint clearance 0.63 m is below required 1.70 m.",
23july.bag,2026-07-23T21:03:48.377+05:30,40.737,target_explorer_node,/rosout,nav2_state,WARN,10.74,14.43,,,,"Rejected frontier (10.74, 14.43): endpoint clearance 0.46 m is below required 1.70 m.",
23july.bag,2026-07-23T21:03:48.377+05:30,40.738,target_explorer_node,/rosout,nav2_state,WARN,10.94,14.73,,,,"Rejected frontier (10.94, 14.73): endpoint clearance 0.13 m is below required 1.70 m.",
23july.bag,2026-07-23T21:03:48.378+05:30,40.738,target_explorer_node,/rosout,nav2_state,WARN,11.74,14.93,,,,"Rejected frontier (11.74, 14.93): endpoint clearance 0.18 m is below required 1.70 m.",
23july.bag,2026-07-23T21:03:48.378+05:30,40.739,target_explorer_node,/rosout,nav2_state,WARN,11.39,15.13,,,,"Rejected frontier (11.39, 15.13): endpoint clearance 0.28 m is below required 1.70 m.",
23july.bag,2026-07-23T21:03:48.379+05:30,40.739,target_explorer_node,/rosout,nav2_state,WARN,11.54,15.28,,,,"Rejected frontier (11.54, 15.28): endpoint clearance 0.18 m is below required 1.70 m.",
23july.bag,2026-07-23T21:03:48.379+05:30,40.74,target_explorer_node,/rosout,nav2_state,WARN,10.84,15.43,,,,"Rejected frontier (10.84, 15.43): endpoint clearance 0.28 m is below required 1.70 m.",
23july.bag,2026-07-23T21:03:48.380+05:30,40.74,target_explorer_node,/rosout,nav2_state,WARN,11.04,15.58,,,,"Rejected frontier (11.04, 15.58): endpoint clearance 0.19 m is below required 1.70 m.",
23july.bag,2026-07-23T21:03:48.380+05:30,40.741,target_explorer_node,/rosout,nav2_state,WARN,11.34,15.73,,,,"Rejected frontier (11.34, 15.73): endpoint clearance 0.37 m is below required 1.70 m.",
23july.bag,2026-07-23T21:03:48.381+05:30,40.741,target_explorer_node,/rosout,nav2_state,WARN,11.94,15.88,,,,"Rejected frontier (11.94, 15.88): endpoint clearance 0.73 m is below required 1.70 m.",
23july.bag,2026-07-23T21:03:48.381+05:30,40.742,target_explorer_node,/rosout,nav2_state,WARN,10.44,15.03,,,,"Rejected frontier (10.44, 15.03): endpoint clearance 0.03 m is below required 1.70 m.",
23july.bag,2026-07-23T21:03:48.382+05:30,40.743,target_explorer_node,/rosout,nav2_state,WARN,10.64,15.03,,,,"Rejected frontier (10.64, 15.03): endpoint clearance 0.23 m is below required 1.70 m.",
23july.bag,2026-07-23T21:03:48.382+05:30,40.743,target_explorer_node,/rosout,nav2_state,WARN,10.59,14.83,,,,"Rejected frontier (10.59, 14.83): endpoint clearance 0.18 m is below required 1.70 m.",
23july.bag,2026-07-23T21:03:48.383+05:30,40.743,target_explorer_node,/rosout,nav2_state,WARN,10.64,14.88,,,,"Rejected frontier (10.64, 14.88): endpoint clearance 0.24 m is below required 1.70 m.",
23july.bag,2026-07-23T21:03:48.383+05:30,40.744,target_explorer_node,/rosout,nav2_state,WARN,10.69,14.93,,,,"Rejected frontier (10.69, 14.93): endpoint clearance 0.28 m is below required 1.70 m.",
23july.bag,2026-07-23T21:03:48.384+05:30,40.744,target_explorer_node,/rosout,nav2_state,WARN,10.54,14.98,,,,"Rejected frontier (10.54, 14.98): endpoint clearance 0.13 m is below required 1.70 m.",
23july.bag,2026-07-23T21:03:48.384+05:30,40.745,target_explorer_node,/rosout,nav2_state,WARN,10.74,14.98,,,,"Rejected frontier (10.74, 14.98): endpoint clearance 0.24 m is below required 1.70 m.",
23july.bag,2026-07-23T21:03:48.385+05:30,40.746,target_explorer_node,/rosout,nav2_state,WARN,10.79,15.03,,,,"Rejected frontier (10.79, 15.03): endpoint clearance 0.22 m is below required 1.70 m.",
23july.bag,2026-07-23T21:03:48.386+05:30,40.746,target_explorer_node,/rosout,nav2_state,WARN,10.64,15.08,,,,"Rejected frontier (10.64, 15.08): endpoint clearance 0.22 m is below required 1.70 m.",
23july.bag,2026-07-23T21:03:48.386+05:30,40.747,target_explorer_node,/rosout,nav2_state,WARN,10.74,15.08,,,,"Rejected frontier (10.74, 15.08): endpoint clearance 0.29 m is below required 1.70 m.",
23july.bag,2026-07-23T21:03:48.387+05:30,40.747,target_explorer_node,/rosout,nav2_state,WARN,10.54,15.13,,,,"Rejected frontier (10.54, 15.13): endpoint clearance 0.11 m is below required 1.70 m.",
23july.bag,2026-07-23T21:03:48.387+05:30,40.748,target_explorer_node,/rosout,nav2_state,WARN,4.79,15.63,,,,"Rejected frontier (4.79, 15.63): endpoint clearance 1.58 m is below required 1.70 m.",
23july.bag,2026-07-23T21:03:48.387+05:30,40.748,target_explorer_node,/rosout,nav2_state,WARN,4.64,15.23,,,,"Rejected frontier (4.64, 15.23): endpoint clearance 1.18 m is below required 1.70 m.",
23july.bag,2026-07-23T21:03:48.388+05:30,40.749,target_explorer_node,/rosout,nav2_state,WARN,4.59,14.88,,,,"Rejected frontier (4.59, 14.88): endpoint clearance 0.84 m is below required 1.70 m.",
23july.bag,2026-07-23T21:03:48.388+05:30,40.749,target_explorer_node,/rosout,nav2_state,WARN,4.54,14.98,,,,"Rejected frontier (4.54, 14.98): endpoint clearance 0.95 m is below required 1.70 m.",
23july.bag,2026-07-23T21:03:48.389+05:30,40.75,target_explorer_node,/rosout,nav2_state,WARN,4.64,15.03,,,,"Rejected frontier (4.64, 15.03): endpoint clearance 0.98 m is below required 1.70 m.",
23july.bag,2026-07-23T21:03:48.389+05:30,40.75,target_explorer_node,/rosout,nav2_state,WARN,4.54,15.13,,,,"Rejected frontier (4.54, 15.13): endpoint clearance 1.10 m is below required 1.70 m.",
23july.bag,2026-07-23T21:03:48.390+05:30,40.751,target_explorer_node,/rosout,nav2_state,WARN,4.54,15.28,,,,"Rejected frontier (4.54, 15.28): endpoint clearance 1.25 m is below required 1.70 m.",
23july.bag,2026-07-23T21:03:48.390+05:30,40.751,target_explorer_node,/rosout,nav2_state,WARN,4.69,15.33,,,,"Rejected frontier (4.69, 15.33): endpoint clearance 1.28 m is below required 1.70 m.",
23july.bag,2026-07-23T21:03:48.391+05:30,40.752,target_explorer_node,/rosout,nav2_state,WARN,4.59,15.43,,,,"Rejected frontier (4.59, 15.43): endpoint clearance 1.39 m is below required 1.70 m.",
23july.bag,2026-07-23T21:03:48.391+05:30,40.752,target_explorer_node,/rosout,nav2_state,WARN,4.59,15.48,,,,"Rejected frontier (4.59, 15.48): endpoint clearance 1.44 m is below required 1.70 m.",
23july.bag,2026-07-23T21:03:48.392+05:30,40.753,target_explorer_node,/rosout,nav2_state,WARN,3.74,18.43,,,,"Rejected frontier (3.74, 18.43): endpoint clearance 0.48 m is below required 1.70 m.",
23july.bag,2026-07-23T21:03:48.392+05:30,40.753,target_explorer_node,/rosout,nav2_state,WARN,3.04,18.58,,,,"Rejected frontier (3.04, 18.58): endpoint clearance 0.29 m is below required 1.70 m.",
23july.bag,2026-07-23T21:03:48.393+05:30,40.754,target_explorer_node,/rosout,nav2_state,WARN,3.19,18.38,,,,"Rejected frontier (3.19, 18.38): endpoint clearance 0.04 m is below required 1.70 m.",
23july.bag,2026-07-23T21:03:48.393+05:30,40.754,target_explorer_node,/rosout,nav2_state,WARN,3.39,18.38,,,,"Rejected frontier (3.39, 18.38): endpoint clearance 0.13 m is below required 1.70 m.",
23july.bag,2026-07-23T21:03:48.394+05:30,40.754,target_explorer_node,/rosout,nav2_state,WARN,3.64,18.38,,,,"Rejected frontier (3.64, 18.38): endpoint clearance 0.38 m is below required 1.70 m.",
23july.bag,2026-07-23T21:03:48.394+05:30,40.755,target_explorer_node,/rosout,nav2_state,WARN,3.34,18.48,,,,"Rejected frontier (3.34, 18.48): endpoint clearance 0.15 m is below required 1.70 m.",
23july.bag,2026-07-23T21:03:48.395+05:30,40.755,target_explorer_node,/rosout,nav2_state,WARN,3.69,18.48,,,,"Rejected frontier (3.69, 18.48): endpoint clearance 0.44 m is below required 1.70 m.",
23july.bag,2026-07-23T21:03:48.395+05:30,40.756,target_explorer_node,/rosout,nav2_state,WARN,2.84,18.63,,,,"Rejected frontier (2.84, 18.63): endpoint clearance 0.33 m is below required 1.70 m.",
23july.bag,2026-07-23T21:03:48.396+05:30,40.756,target_explorer_node,/rosout,nav2_state,WARN,3.09,18.63,,,,"Rejected frontier (3.09, 18.63): endpoint clearance 0.30 m is below required 1.70 m.",
23july.bag,2026-07-23T21:03:48.396+05:30,40.757,target_explorer_node,/rosout,nav2_state,WARN,2.54,18.68,,,,"Rejected frontier (2.54, 18.68): endpoint clearance 0.08 m is below required 1.70 m.",
23july.bag,2026-07-23T21:03:48.397+05:30,40.757,target_explorer_node,/rosout,nav2_state,WARN,2.74,18.68,,,,"Rejected frontier (2.74, 18.68): endpoint clearance 0.24 m is below required 1.70 m.",
23july.bag,2026-07-23T21:03:48.397+05:30,40.758,target_explorer_node,/rosout,nav2_state,WARN,9.19,18.43,,,,"Rejected frontier (9.19, 18.43): endpoint clearance 0.04 m is below required 1.70 m.",
23july.bag,2026-07-23T21:03:48.398+05:30,40.758,target_explorer_node,/rosout,nav2_state,WARN,9.34,18.68,,,,"Rejected frontier (9.34, 18.68): endpoint clearance 0.23 m is below required 1.70 m.",
23july.bag,2026-07-23T21:03:48.398+05:30,40.759,target_explorer_node,/rosout,nav2_state,WARN,9.19,18.48,,,,"Rejected frontier (9.19, 18.48): endpoint clearance 0.08 m is below required 1.70 m.",
23july.bag,2026-07-23T21:03:48.399+05:30,40.76,target_explorer_node,/rosout,nav2_state,WARN,9.29,18.53,,,,"Rejected frontier (9.29, 18.53): endpoint clearance 0.18 m is below required 1.70 m.",
23july.bag,2026-07-23T21:03:48.400+05:30,40.76,target_explorer_node,/rosout,nav2_state,WARN,9.24,18.58,,,,"Rejected frontier (9.24, 18.58): endpoint clearance 0.19 m is below required 1.70 m.",
23july.bag,2026-07-23T21:03:48.400+05:30,40.761,target_explorer_node,/rosout,nav2_state,WARN,9.29,18.63,,,,"Rejected frontier (9.29, 18.63): endpoint clearance 0.25 m is below required 1.70 m.",
23july.bag,2026-07-23T21:03:48.401+05:30,40.761,target_explorer_node,/rosout,nav2_state,WARN,9.34,18.78,,,,"Rejected frontier (9.34, 18.78): endpoint clearance 0.13 m is below required 1.70 m.",
23july.bag,2026-07-23T21:03:48.401+05:30,40.762,target_explorer_node,/rosout,nav2_state,WARN,9.39,18.78,,,,"Rejected frontier (9.39, 18.78): endpoint clearance 0.13 m is below required 1.70 m.",
23july.bag,2026-07-23T21:03:48.402+05:30,40.763,target_explorer_node,/rosout,nav2_state,WARN,2.89,18.78,,,,"Rejected frontier (2.89, 18.78): endpoint clearance 0.41 m is below required 1.70 m.",
23july.bag,2026-07-23T21:03:48.403+05:30,40.763,target_explorer_node,/rosout,nav2_state,WARN,2.59,18.83,,,,"Rejected frontier (2.59, 18.83): endpoint clearance 0.18 m is below required 1.70 m.",
23july.bag,2026-07-23T21:03:48.403+05:30,40.764,target_explorer_node,/rosout,nav2_state,WARN,2.64,18.68,,,,"Rejected frontier (2.64, 18.68): endpoint clearance 0.15 m is below required 1.70 m.",
23july.bag,2026-07-23T21:03:48.404+05:30,40.764,target_explorer_node,/rosout,nav2_state,WARN,2.44,18.73,,,,"Rejected frontier (2.44, 18.73): endpoint clearance 0.13 m is below required 1.70 m.",
23july.bag,2026-07-23T21:03:48.404+05:30,40.765,target_explorer_node,/rosout,nav2_state,WARN,2.84,18.73,,,,"Rejected frontier (2.84, 18.73): endpoint clearance 0.35 m is below required 1.70 m.",
23july.bag,2026-07-23T21:03:48.405+05:30,40.765,target_explorer_node,/rosout,nav2_state,WARN,2.34,18.83,,,,"Rejected frontier (2.34, 18.83): endpoint clearance 0.03 m is below required 1.70 m.",
23july.bag,2026-07-23T21:03:48.405+05:30,40.766,target_explorer_node,/rosout,nav2_state,WARN,2.69,18.83,,,,"Rejected frontier (2.69, 18.83): endpoint clearance 0.26 m is below required 1.70 m.",
23july.bag,2026-07-23T21:03:48.406+05:30,40.766,target_explorer_node,/rosout,nav2_state,WARN,2.54,18.88,,,,"Rejected frontier (2.54, 18.88): endpoint clearance 0.11 m is below required 1.70 m.",
23july.bag,2026-07-23T21:03:48.406+05:30,40.767,target_explorer_node,/rosout,nav2_state,WARN,2.79,18.88,,,,"Rejected frontier (2.79, 18.88): endpoint clearance 0.33 m is below required 1.70 m.",
23july.bag,2026-07-23T21:03:48.407+05:30,40.767,target_explorer_node,/rosout,nav2_state,WARN,2.49,19.03,,,,"Rejected frontier (2.49, 19.03): endpoint clearance 0.04 m is below required 1.70 m.",
23july.bag,2026-07-23T21:03:48.407+05:30,40.768,target_explorer_node,/rosout,nav2_state,WARN,2.39,18.93,,,,"Rejected frontier (2.39, 18.93): endpoint clearance 0.03 m is below required 1.70 m.",
23july.bag,2026-07-23T21:03:48.407+05:30,40.768,target_explorer_node,/rosout,nav2_state,WARN,2.24,19.48,,,,"Rejected frontier (2.24, 19.48): endpoint clearance 0.51 m is below required 1.70 m.",
23july.bag,2026-07-23T21:03:48.408+05:30,40.769,target_explorer_node,/rosout,nav2_state,WARN,1.74,19.83,,,,"Rejected frontier (1.74, 19.83): endpoint clearance 1.05 m is below required 1.70 m.",
23july.bag,2026-07-23T21:03:48.409+05:30,40.769,target_explorer_node,/rosout,nav2_state,WARN,1.54,20.18,,,,"Rejected frontier (1.54, 20.18): endpoint clearance 1.45 m is below required 1.70 m.",
23july.bag,2026-07-23T21:03:48.409+05:30,40.77,target_explorer_node,/rosout,nav2_state,WARN,1.84,21.08,,,,"Rejected frontier (1.84, 21.08): endpoint clearance 1.54 m is below required 1.70 m.",
23july.bag,2026-07-23T21:03:48.410+05:30,40.77,target_explorer_node,/rosout,nav2_state,WARN,1.54,21.33,,,,"Rejected frontier (1.54, 21.33): endpoint clearance 1.38 m is below required 1.70 m.",
23july.bag,2026-07-23T21:03:48.410+05:30,40.771,target_explorer_node,/rosout,nav2_state,WARN,2.29,21.58,,,,"Rejected frontier (2.29, 21.58): endpoint clearance 1.03 m is below required 1.70 m.",
23july.bag,2026-07-23T21:03:48.411+05:30,40.771,target_explorer_node,/rosout,nav2_state,WARN,2.54,21.88,,,,"Rejected frontier (2.54, 21.88): endpoint clearance 0.78 m is below required 1.70 m.",
23july.bag,2026-07-23T21:03:48.411+05:30,40.772,target_explorer_node,/rosout,nav2_state,WARN,8.34,19.88,,,,"Rejected frontier (8.34, 19.88): endpoint clearance 0.03 m is below required 1.70 m.",
23july.bag,2026-07-23T21:03:48.412+05:30,40.772,target_explorer_node,/rosout,nav2_state,WARN,8.99,21.13,,,,"Rejected frontier (8.99, 21.13): endpoint clearance 0.76 m is below required 1.70 m.",
23july.bag,2026-07-23T21:03:48.412+05:30,40.773,target_explorer_node,/rosout,nav2_state,WARN,8.54,19.78,,,,"Rejected frontier (8.54, 19.78): endpoint clearance 0.03 m is below required 1.70 m.",
23july.bag,2026-07-23T21:03:48.413+05:30,40.773,target_explorer_node,/rosout,nav2_state,WARN,8.44,20.08,,,,"Rejected frontier (8.44, 20.08): endpoint clearance 0.22 m is below required 1.70 m.",
23july.bag,2026-07-23T21:03:48.413+05:30,40.774,target_explorer_node,/rosout,nav2_state,WARN,8.59,20.33,,,,"Rejected frontier (8.59, 20.33): endpoint clearance 0.38 m is below required 1.70 m.",
23july.bag,2026-07-23T21:03:48.414+05:30,40.775,target_explorer_node,/rosout,nav2_state,WARN,8.69,20.58,,,,"Rejected frontier (8.69, 20.58): endpoint clearance 0.51 m is below required 1.70 m.",
23july.bag,2026-07-23T21:03:48.415+05:30,40.775,target_explorer_node,/rosout,nav2_state,WARN,8.79,20.83,,,,"Rejected frontier (8.79, 20.83): endpoint clearance 0.53 m is below required 1.70 m.",
23july.bag,2026-07-23T21:03:48.415+05:30,40.776,target_explorer_node,/rosout,nav2_state,WARN,8.94,21.08,,,,"Rejected frontier (8.94, 21.08): endpoint clearance 0.70 m is below required 1.70 m.",
23july.bag,2026-07-23T21:03:48.416+05:30,40.776,target_explorer_node,/rosout,nav2_state,WARN,9.04,21.23,,,,"Rejected frontier (9.04, 21.23): endpoint clearance 0.84 m is below required 1.70 m.",
23july.bag,2026-07-23T21:03:48.416+05:30,40.777,target_explorer_node,/rosout,nav2_state,WARN,9.14,21.43,,,,"Rejected frontier (9.14, 21.43): endpoint clearance 1.02 m is below required 1.70 m.",
23july.bag,2026-07-23T21:03:48.417+05:30,40.777,target_explorer_node,/rosout,nav2_state,WARN,9.24,21.68,,,,"Rejected frontier (9.24, 21.68): endpoint clearance 1.25 m is below required 1.70 m.",
23july.bag,2026-07-23T21:03:48.417+05:30,40.778,target_explorer_node,/rosout,nav2_state,WARN,9.39,21.93,,,,"Rejected frontier (9.39, 21.93): endpoint clearance 1.52 m is below required 1.70 m.",
23july.bag,2026-07-23T21:03:48.418+05:30,40.778,target_explorer_node,/rosout,nav2_state,WARN,7.89,20.53,,,,"Rejected frontier (7.89, 20.53): endpoint clearance 0.08 m is below required 1.70 m.",
23july.bag,2026-07-23T21:03:48.418+05:30,40.779,target_explorer_node,/rosout,nav2_state,WARN,7.99,20.78,,,,"Rejected frontier (7.99, 20.78): endpoint clearance 0.13 m is below required 1.70 m.",
23july.bag,2026-07-23T21:03:48.419+05:30,40.779,target_explorer_node,/rosout,nav2_state,WARN,7.84,20.58,,,,"Rejected frontier (7.84, 20.58): endpoint clearance 0.08 m is below required 1.70 m.",
23july.bag,2026-07-23T21:03:48.419+05:30,40.78,target_explorer_node,/rosout,nav2_state,WARN,7.94,20.58,,,,"Rejected frontier (7.94, 20.58): endpoint clearance 0.15 m is below required 1.70 m.",
23july.bag,2026-07-23T21:03:48.420+05:30,40.781,target_explorer_node,/rosout,nav2_state,WARN,7.84,20.68,,,,"Rejected frontier (7.84, 20.68): endpoint clearance 0.11 m is below required 1.70 m.",
23july.bag,2026-07-23T21:03:48.421+05:30,40.781,target_explorer_node,/rosout,nav2_state,WARN,7.99,20.68,,,,"Rejected frontier (7.99, 20.68): endpoint clearance 0.23 m is below required 1.70 m.",
23july.bag,2026-07-23T21:03:48.421+05:30,40.782,target_explorer_node,/rosout,nav2_state,WARN,7.89,20.73,,,,"Rejected frontier (7.89, 20.73): endpoint clearance 0.18 m is below required 1.70 m.",
23july.bag,2026-07-23T21:03:48.422+05:30,40.783,target_explorer_node,/rosout,nav2_state,WARN,7.89,20.78,,,,"Rejected frontier (7.89, 20.78): endpoint clearance 0.13 m is below required 1.70 m.",
23july.bag,2026-07-23T21:03:48.423+05:30,40.783,target_explorer_node,/rosout,nav2_state,WARN,3.39,21.58,,,,"Rejected frontier (3.39, 21.58): endpoint clearance 1.39 m is below required 1.70 m.",
23july.bag,2026-07-23T21:03:48.423+05:30,40.784,target_explorer_node,/rosout,nav2_state,WARN,3.09,21.88,,,,"Rejected frontier (3.09, 21.88): endpoint clearance 0.97 m is below required 1.70 m.",
23july.bag,2026-07-23T21:03:48.424+05:30,40.785,target_explorer_node,/rosout,nav2_state,WARN,3.39,21.68,,,,"Rejected frontier (3.39, 21.68): endpoint clearance 1.31 m is below required 1.70 m.",
23july.bag,2026-07-23T21:03:48.424+05:30,40.785,target_explorer_node,/rosout,nav2_state,WARN,3.34,21.73,,,,"Rejected frontier (3.34, 21.73): endpoint clearance 1.24 m is below required 1.70 m.",
23july.bag,2026-07-23T21:03:48.425+05:30,40.786,target_explorer_node,/rosout,nav2_state,WARN,3.29,21.78,,,,"Rejected frontier (3.29, 21.78): endpoint clearance 1.17 m is below required 1.70 m.",
23july.bag,2026-07-23T21:03:48.426+05:30,40.786,target_explorer_node,/rosout,nav2_state,WARN,3.24,21.83,,,,"Rejected frontier (3.24, 21.83): endpoint clearance 1.10 m is below required 1.70 m.",
23july.bag,2026-07-23T21:03:48.426+05:30,40.787,target_explorer_node,/rosout,nav2_state,WARN,3.19,21.88,,,,"Rejected frontier (3.19, 21.88): endpoint clearance 1.03 m is below required 1.70 m.",
23july.bag,2026-07-23T21:03:48.427+05:30,40.788,target_explorer_node,/rosout,nav2_state,WARN,3.09,21.98,,,,"Rejected frontier (3.09, 21.98): endpoint clearance 0.89 m is below required 1.70 m.",
23july.bag,2026-07-23T21:03:48.428+05:30,40.788,target_explorer_node,/rosout,nav2_state,WARN,3.04,22.03,,,,"Rejected frontier (3.04, 22.03): endpoint clearance 0.82 m is below required 1.70 m.",
23july.bag,2026-07-23T21:03:48.428+05:30,40.789,target_explorer_node,/rosout,nav2_state,WARN,2.99,22.08,,,,"Rejected frontier (2.99, 22.08): endpoint clearance 0.75 m is below required 1.70 m.",
23july.bag,2026-07-23T21:03:48.429+05:30,40.789,target_explorer_node,/rosout,nav2_state,WARN,3.09,21.83,,,,"Rejected frontier (3.09, 21.83): endpoint clearance 1.01 m is below required 1.70 m.",
23july.bag,2026-07-23T21:03:48.429+05:30,40.79,target_explorer_node,/rosout,nav2_state,WARN,2.79,22.88,,,,"Rejected frontier (2.79, 22.88): endpoint clearance 0.29 m is below required 1.70 m.",
23july.bag,2026-07-23T21:03:48.430+05:30,40.79,target_explorer_node,/rosout,nav2_state,WARN,2.99,21.78,,,,"Rejected frontier (2.99, 21.78): endpoint clearance 1.00 m is below required 1.70 m.",
23july.bag,2026-07-23T21:03:48.430+05:30,40.791,target_explorer_node,/rosout,nav2_state,WARN,2.74,22.08,,,,"Rejected frontier (2.74, 22.08): endpoint clearance 0.62 m is below required 1.70 m.",
23july.bag,2026-07-23T21:03:48.431+05:30,40.791,target_explorer_node,/rosout,nav2_state,WARN,2.79,22.33,,,,"Rejected frontier (2.79, 22.33): endpoint clearance 0.43 m is below required 1.70 m.",
23july.bag,2026-07-23T21:03:48.431+05:30,40.792,target_explorer_node,/rosout,nav2_state,WARN,2.79,22.53,,,,"Rejected frontier (2.79, 22.53): endpoint clearance 0.30 m is below required 1.70 m.",
23july.bag,2026-07-23T21:03:48.431+05:30,40.792,target_explorer_node,/rosout,nav2_state,WARN,2.74,22.78,,,,"Rejected frontier (2.74, 22.78): endpoint clearance 0.23 m is below required 1.70 m.",
23july.bag,2026-07-23T21:03:48.432+05:30,40.793,target_explorer_node,/rosout,nav2_state,WARN,3.09,22.88,,,,"Rejected frontier (3.09, 22.88): endpoint clearance 0.48 m is below required 1.70 m.",
23july.bag,2026-07-23T21:03:48.432+05:30,40.793,target_explorer_node,/rosout,nav2_state,WARN,2.84,22.98,,,,"Rejected frontier (2.84, 22.98): endpoint clearance 0.37 m is below required 1.70 m.",
23july.bag,2026-07-23T21:03:48.433+05:30,40.793,target_explorer_node,/rosout,nav2_state,WARN,2.69,23.08,,,,"Rejected frontier (2.69, 23.08): endpoint clearance 0.33 m is below required 1.70 m.",
23july.bag,2026-07-23T21:03:48.433+05:30,40.794,target_explorer_node,/rosout,nav2_state,WARN,3.14,23.13,,,,"Rejected frontier (3.14, 23.13): endpoint clearance 0.23 m is below required 1.70 m.",
23july.bag,2026-07-23T21:03:48.434+05:30,40.795,target_explorer_node,/rosout,nav2_state,WARN,2.84,23.38,,,,"Rejected frontier (2.84, 23.38): endpoint clearance 0.23 m is below required 1.70 m.",
23july.bag,2026-07-23T21:03:48.442+05:30,40.803,/plan,/plan,path_update,RECORDED,1.9396898904449955,20.726012825266544,,178,5.19,Recorded path update on /plan,
23july.bag,2026-07-23T21:03:48.455+05:30,40.816,/plan,/plan,path_update,RECORDED,4.739689924717666,17.026012762681667,,86,2.2001,Recorded path update on /plan,
23july.bag,2026-07-23T21:03:48.467+05:30,40.828,/plan,/plan,path_update,RECORDED,-1.8603101736299976,7.626012622610752,,594,15.3839,Recorded path update on /plan,
23july.bag,2026-07-23T21:03:48.493+05:30,40.854,/plan,/plan,path_update,RECORDED,4.289689918012144,5.776012595043603,,513,12.877,Recorded path update on /plan,
23july.bag,2026-07-23T21:03:48.508+05:30,40.869,target_explorer_node,/rosout,nav2_state,WARN,1.89,20.73,,,,"Rejected frontier (1.89, 20.73): endpoint clearance 1.68 m is below required 1.70 m.",
23july.bag,2026-07-23T21:03:48.509+05:30,40.869,target_explorer_node,/rosout,target_explorer_recovery_frontier,INFO,4.74,17.03,,,,"No forward-progress frontier is reachable; using recovery frontier (4.74, 17.03).",
23july.bag,2026-07-23T21:03:48.510+05:30,40.87,target_explorer_node,/rosout,planning,INFO,4.74,17.03,,,,"Sending NavigateToPose goal (4.74, 17.03): progress=-0.04 m alignment=0.124 path=2.20 m score=-0.137.",5
23july.bag,2026-07-23T21:03:48.513+05:30,40.874,/plan,/plan,path_update,RECORDED,4.739689924717666,17.026012762681667,,84,2.1619,Recorded path update on /plan,5
23july.bag,2026-07-23T21:03:48.513+05:30,40.874,target_explorer_node,/rosout,nav2_state,INFO,4.74,17.03,,,,"Nav2 accepted goal (4.74, 17.03).",5
23july.bag,2026-07-23T21:03:48.531+05:30,40.892,controller_server,/rosout,goal_started,INFO,,,,,,"Received a goal, begin computing control effort.",5
23july.bag,2026-07-23T21:03:49.545+05:30,41.906,/plan,/plan,path_update,RECORDED,4.739689924717666,17.026012762681667,,80,2.0511,Recorded path update on /plan,5
23july.bag,2026-07-23T21:03:49.581+05:30,41.942,controller_server,/rosout,planning,INFO,,,,,,Passing new path to controller.,5
23july.bag,2026-07-23T21:03:49.599+05:30,41.959,target_explorer_node,/rosout,cancellation,WARN,4.74,17.03,,,,"Canceling active goal (4.74, 17.03): latest map places an obstacle 1.64 m from the endpoint; required clearance is 1.70 m.",5
23july.bag,2026-07-23T21:03:49.600+05:30,41.961,target_explorer_node,/rosout,cancellation,INFO,,,,,,Nav2 accepted the cancellation; waiting for the action result before selecting another goal.,5
23july.bag,2026-07-23T21:03:49.621+05:30,41.981,bt_navigator_navigate_to_pose_rclcpp_node,/rosout,planning_failure,ERROR,,,,,,Failed to get result for follow_path in node halt!,5
23july.bag,2026-07-23T21:03:49.621+05:30,41.982,bt_navigator,/rosout,cancellation,INFO,,,,,,[navigate_to_pose] [ActionServer] Client requested to cancel the goal. Cancelling.,5
23july.bag,2026-07-23T21:03:49.621+05:30,41.982,bt_navigator,/rosout,cancellation,INFO,,,,,,Goal canceled,5
23july.bag,2026-07-23T21:03:49.622+05:30,41.983,target_explorer_node,/rosout,cancellation,INFO,4.74,17.03,,,,"NavigateToPose cancellation completed for (4.74, 17.03).",
23july.bag,2026-07-23T21:03:49.631+05:30,41.992,controller_server,/rosout,cancellation,INFO,,,,,,Goal was canceled. Stopping the robot.,
23july.bag,2026-07-23T21:03:49.631+05:30,41.992,controller_server,/rosout,cancellation,INFO,,,,,,[follow_path] [ActionServer] Client requested to cancel the goal. Cancelling.,
23july.bag,2026-07-23T21:03:49.736+05:30,42.097,target_explorer_node,/rosout,nav2_state,WARN,4.74,17.03,,,,"Rejected frontier (4.74, 17.03): endpoint clearance 1.64 m is below required 1.70 m.",
23july.bag,2026-07-23T21:03:49.737+05:30,42.098,target_explorer_node,/rosout,nav2_state,WARN,4.04,18.03,,,,"Rejected frontier (4.04, 18.03): endpoint clearance 0.58 m is below required 1.70 m.",
23july.bag,2026-07-23T21:03:49.743+05:30,42.104,target_explorer_node,/rosout,nav2_state,WARN,2.69,18.38,,,,"Rejected frontier (2.69, 18.38): endpoint clearance 0.03 m is below required 1.70 m.",
23july.bag,2026-07-23T21:03:49.743+05:30,42.104,target_explorer_node,/rosout,nav2_state,WARN,2.79,18.38,,,,"Rejected frontier (2.79, 18.38): endpoint clearance 0.08 m is below required 1.70 m.",
23july.bag,2026-07-23T21:03:49.744+05:30,42.105,target_explorer_node,/rosout,nav2_state,WARN,2.89,18.38,,,,"Rejected frontier (2.89, 18.38): endpoint clearance 0.18 m is below required 1.70 m.",
23july.bag,2026-07-23T21:03:49.744+05:30,42.105,target_explorer_node,/rosout,nav2_state,WARN,2.99,18.38,,,,"Rejected frontier (2.99, 18.38): endpoint clearance 0.23 m is below required 1.70 m.",
23july.bag,2026-07-23T21:03:49.745+05:30,42.106,target_explorer_node,/rosout,nav2_state,WARN,3.09,18.38,,,,"Rejected frontier (3.09, 18.38): endpoint clearance 0.13 m is below required 1.70 m.",
23july.bag,2026-07-23T21:03:49.747+05:30,42.107,target_explorer_node,/rosout,nav2_state,WARN,2.29,19.13,,,,"Rejected frontier (2.29, 19.13): endpoint clearance 0.04 m is below required 1.70 m.",
23july.bag,2026-07-23T21:03:49.747+05:30,42.108,target_explorer_node,/rosout,nav2_state,WARN,2.19,19.13,,,,"Rejected frontier (2.19, 19.13): endpoint clearance 0.13 m is below required 1.70 m.",
23july.bag,2026-07-23T21:03:49.748+05:30,42.109,target_explorer_node,/rosout,nav2_state,WARN,0.49,23.38,,,,"Rejected frontier (0.49, 23.38): endpoint clearance 1.56 m is below required 1.70 m.",
23july.bag,2026-07-23T21:03:49.751+05:30,42.112,target_explorer_node,/rosout,nav2_state,WARN,2.59,22.43,,,,"Rejected frontier (2.59, 22.43): endpoint clearance 0.26 m is below required 1.70 m.",
23july.bag,2026-07-23T21:03:49.751+05:30,42.112,target_explorer_node,/rosout,nav2_state,WARN,2.44,22.88,,,,"Rejected frontier (2.44, 22.88): endpoint clearance 0.08 m is below required 1.70 m.",
23july.bag,2026-07-23T21:03:49.752+05:30,42.112,target_explorer_node,/rosout,nav2_state,WARN,2.64,22.48,,,,"Rejected frontier (2.64, 22.48): endpoint clearance 0.25 m is below required 1.70 m.",
23july.bag,2026-07-23T21:03:49.752+05:30,42.113,target_explorer_node,/rosout,nav2_state,WARN,2.54,22.58,,,,"Rejected frontier (2.54, 22.58): endpoint clearance 0.11 m is below required 1.70 m.",
23july.bag,2026-07-23T21:03:49.753+05:30,42.114,target_explorer_node,/rosout,nav2_state,WARN,2.39,22.73,,,,"Rejected frontier (2.39, 22.73): endpoint clearance 0.04 m is below required 1.70 m.",
23july.bag,2026-07-23T21:03:49.754+05:30,42.114,target_explorer_node,/rosout,nav2_state,WARN,2.39,22.98,,,,"Rejected frontier (2.39, 22.98): endpoint clearance 0.18 m is below required 1.70 m.",
23july.bag,2026-07-23T21:03:49.754+05:30,42.115,target_explorer_node,/rosout,nav2_state,WARN,2.29,23.08,,,,"Rejected frontier (2.29, 23.08): endpoint clearance 0.25 m is below required 1.70 m.",
23july.bag,2026-07-23T21:03:49.754+05:30,42.115,target_explorer_node,/rosout,nav2_state,WARN,2.24,23.13,,,,"Rejected frontier (2.24, 23.13): endpoint clearance 0.18 m is below required 1.70 m.",
23july.bag,2026-07-23T21:03:49.755+05:30,42.115,target_explorer_node,/rosout,nav2_state,WARN,2.19,23.18,,,,"Rejected frontier (2.19, 23.18): endpoint clearance 0.11 m is below required 1.70 m.",
23july.bag,2026-07-23T21:03:49.755+05:30,42.116,target_explorer_node,/rosout,nav2_state,WARN,1.39,23.03,,,,"Rejected frontier (1.39, 23.03): endpoint clearance 0.62 m is below required 1.70 m.",
23july.bag,2026-07-23T21:03:49.756+05:30,42.116,target_explorer_node,/rosout,nav2_state,WARN,1.09,23.03,,,,"Rejected frontier (1.09, 23.03): endpoint clearance 0.89 m is below required 1.70 m.",
23july.bag,2026-07-23T21:03:49.756+05:30,42.117,target_explorer_node,/rosout,nav2_state,WARN,1.29,22.93,,,,"Rejected frontier (1.29, 22.93): endpoint clearance 0.66 m is below required 1.70 m.",
23july.bag,2026-07-23T21:03:49.756+05:30,42.117,target_explorer_node,/rosout,nav2_state,WARN,1.04,22.98,,,,"Rejected frontier (1.04, 22.98): endpoint clearance 0.92 m is below required 1.70 m.",
23july.bag,2026-07-23T21:03:49.757+05:30,42.117,target_explorer_node,/rosout,nav2_state,WARN,1.24,22.98,,,,"Rejected frontier (1.24, 22.98): endpoint clearance 0.73 m is below required 1.70 m.",
23july.bag,2026-07-23T21:03:49.757+05:30,42.118,target_explorer_node,/rosout,nav2_state,WARN,0.89,23.03,,,,"Rejected frontier (0.89, 23.03): endpoint clearance 1.08 m is below required 1.70 m.",
23july.bag,2026-07-23T21:03:49.758+05:30,42.118,target_explorer_node,/rosout,nav2_state,WARN,1.29,23.03,,,,"Rejected frontier (1.29, 23.03): endpoint clearance 0.70 m is below required 1.70 m.",
23july.bag,2026-07-23T21:03:49.758+05:30,42.119,target_explorer_node,/rosout,nav2_state,WARN,0.94,23.08,,,,"Rejected frontier (0.94, 23.08): endpoint clearance 1.04 m is below required 1.70 m.",
23july.bag,2026-07-23T21:03:49.758+05:30,42.119,target_explorer_node,/rosout,nav2_state,WARN,1.34,23.08,,,,"Rejected frontier (1.34, 23.08): endpoint clearance 0.69 m is below required 1.70 m.",
23july.bag,2026-07-23T21:03:49.759+05:30,42.12,target_explorer_node,/rosout,nav2_state,WARN,0.99,23.13,,,,"Rejected frontier (0.99, 23.13): endpoint clearance 1.02 m is below required 1.70 m.",
23july.bag,2026-07-23T21:03:49.759+05:30,42.12,target_explorer_node,/rosout,nav2_state,WARN,1.19,23.13,,,,"Rejected frontier (1.19, 23.13): endpoint clearance 0.84 m is below required 1.70 m.",
23july.bag,2026-07-23T21:03:49.760+05:30,42.12,target_explorer_node,/rosout,nav2_state,WARN,0.94,23.18,,,,"Rejected frontier (0.94, 23.18): endpoint clearance 1.08 m is below required 1.70 m.",
23july.bag,2026-07-23T21:03:49.760+05:30,42.121,target_explorer_node,/rosout,nav2_state,WARN,2.99,23.38,,,,"Rejected frontier (2.99, 23.38): endpoint clearance 0.13 m is below required 1.70 m.",
23july.bag,2026-07-23T21:03:49.761+05:30,42.121,target_explorer_node,/rosout,nav2_state,WARN,2.89,23.63,,,,"Rejected frontier (2.89, 23.63): endpoint clearance 0.26 m is below required 1.70 m.",
23july.bag,2026-07-23T21:03:49.761+05:30,42.122,target_explorer_node,/rosout,nav2_state,WARN,3.09,23.48,,,,"Rejected frontier (3.09, 23.48): endpoint clearance 0.03 m is below required 1.70 m.",
23july.bag,2026-07-23T21:03:49.762+05:30,42.122,target_explorer_node,/rosout,nav2_state,WARN,2.84,23.58,,,,"Rejected frontier (2.84, 23.58): endpoint clearance 0.29 m is below required 1.70 m.",
23july.bag,2026-07-23T21:03:49.762+05:30,42.123,target_explorer_node,/rosout,nav2_state,WARN,3.19,23.58,,,,"Rejected frontier (3.19, 23.58): endpoint clearance 0.03 m is below required 1.70 m.",
23july.bag,2026-07-23T21:03:49.762+05:30,42.123,target_explorer_node,/rosout,nav2_state,WARN,2.84,23.68,,,,"Rejected frontier (2.84, 23.68): endpoint clearance 0.29 m is below required 1.70 m.",
23july.bag,2026-07-23T21:03:49.763+05:30,42.124,target_explorer_node,/rosout,nav2_state,WARN,2.69,23.78,,,,"Rejected frontier (2.69, 23.78): endpoint clearance 0.13 m is below required 1.70 m.",
23july.bag,2026-07-23T21:03:49.763+05:30,42.124,target_explorer_node,/rosout,nav2_state,WARN,2.64,23.83,,,,"Rejected frontier (2.64, 23.83): endpoint clearance 0.08 m is below required 1.70 m.",
23july.bag,2026-07-23T21:03:49.767+05:30,42.127,/plan,/plan,path_update,RECORDED,0.08968985542726671,22.976012851343576,,270,7.1905,Recorded path update on /plan,
23july.bag,2026-07-23T21:03:49.779+05:30,42.14,/plan,/plan,path_update,RECORDED,4.539689929188015,16.526012762681667,,99,2.6527,Recorded path update on /plan,
23july.bag,2026-07-23T21:03:49.787+05:30,42.148,/plan,/plan,path_update,RECORDED,-1.8603101736299976,7.626012622610752,,592,15.5993,Recorded path update on /plan,
23july.bag,2026-07-23T21:03:49.812+05:30,42.173,/plan,/plan,path_update,RECORDED,4.289689918012144,5.776012595043603,,523,13.1129,Recorded path update on /plan,
23july.bag,2026-07-23T21:03:49.829+05:30,42.189,target_explorer_node,/rosout,planning,INFO,0.09,22.98,,,,"Sending NavigateToPose goal (0.09, 22.98): progress=5.76 m alignment=0.982 path=7.19 m score=6.026.",6
23july.bag,2026-07-23T21:03:49.832+05:30,42.193,target_explorer_node,/rosout,nav2_state,INFO,0.09,22.98,,,,"Nav2 accepted goal (0.09, 22.98).",6
23july.bag,2026-07-23T21:03:49.834+05:30,42.194,/plan,/plan,path_update,RECORDED,0.08968985542726671,22.976012851343576,,268,7.1498,Recorded path update on /plan,6
23july.bag,2026-07-23T21:03:49.850+05:30,42.21,controller_server,/rosout,goal_started,INFO,,,,,,"Received a goal, begin computing control effort.",6
23july.bag,2026-07-23T21:03:50.755+05:30,43.116,global_costmap.global_costmap,/rosout,costmap_resize,INFO,,,,,,StaticLayer: Resizing costmap to 810 X 698 at 0.050000 m/pix,6
23july.bag,2026-07-23T21:03:50.867+05:30,43.228,/plan,/plan,path_update,RECORDED,0.08968985542726671,22.976012851343576,,249,6.6724,Recorded path update on /plan,6
23july.bag,2026-07-23T21:03:50.900+05:30,43.261,controller_server,/rosout,planning,INFO,,,,,,Passing new path to controller.,6
23july.bag,2026-07-23T21:03:51.190+05:30,43.551,global_costmap.global_costmap,/rosout,costmap_resize,INFO,,,,,,StaticLayer: Resizing costmap to 810 X 698 at 0.050000 m/pix,6
23july.bag,2026-07-23T21:03:51.599+05:30,43.959,target_explorer_node,/rosout,cancellation,WARN,0.09,22.98,,,,"Canceling active goal (0.09, 22.98): latest map places an obstacle 1.55 m from the endpoint; required clearance is 1.70 m.",6
23july.bag,2026-07-23T21:03:51.600+05:30,43.961,controller_server,/rosout,cancellation,INFO,,,,,,Goal was canceled. Stopping the robot.,6
23july.bag,2026-07-23T21:03:51.600+05:30,43.961,controller_server,/rosout,cancellation,INFO,,,,,,[follow_path] [ActionServer] Client requested to cancel the goal. Cancelling.,6
23july.bag,2026-07-23T21:03:51.600+05:30,43.961,bt_navigator,/rosout,cancellation,INFO,,,,,,[navigate_to_pose] [ActionServer] Client requested to cancel the goal. Cancelling.,6
23july.bag,2026-07-23T21:03:51.600+05:30,43.961,target_explorer_node,/rosout,cancellation,INFO,,,,,,Nav2 accepted the cancellation; waiting for the action result before selecting another goal.,6
23july.bag,2026-07-23T21:03:51.600+05:30,43.961,bt_navigator,/rosout,cancellation,INFO,,,,,,Goal canceled,6
23july.bag,2026-07-23T21:03:51.601+05:30,43.962,target_explorer_node,/rosout,cancellation,INFO,0.09,22.98,,,,"NavigateToPose cancellation completed for (0.09, 22.98).",
23july.bag,2026-07-23T21:03:51.700+05:30,44.06,target_explorer_node,/rosout,nav2_state,WARN,1.0,24.0,,,,"Rejected final target (1.00, 24.00): endpoint clearance 0.89 m is below required 1.70 m.",
23july.bag,2026-07-23T21:03:51.726+05:30,44.087,target_explorer_node,/rosout,nav2_state,WARN,-1.29,9.58,,,,"Rejected frontier (-1.29, 9.58): endpoint clearance 0.04 m is below required 1.70 m.",
23july.bag,2026-07-23T21:03:51.727+05:30,44.087,target_explorer_node,/rosout,nav2_state,WARN,-1.74,7.93,,,,"Rejected frontier (-1.74, 7.93): endpoint clearance 1.45 m is below required 1.70 m.",
23july.bag,2026-07-23T21:03:51.727+05:30,44.088,target_explorer_node,/rosout,nav2_state,WARN,-1.29,8.23,,,,"Rejected frontier (-1.29, 8.23): endpoint clearance 1.32 m is below required 1.70 m.",
23july.bag,2026-07-23T21:03:51.728+05:30,44.088,target_explorer_node,/rosout,nav2_state,WARN,6.96,7.23,,,,"Rejected frontier (6.96, 7.23): endpoint clearance 0.03 m is below required 1.70 m.",
23july.bag,2026-07-23T21:03:51.728+05:30,44.089,target_explorer_node,/rosout,nav2_state,WARN,5.21,6.28,,,,"Rejected frontier (5.21, 6.28): endpoint clearance 0.98 m is below required 1.70 m.",
23july.bag,2026-07-23T21:03:51.729+05:30,44.09,target_explorer_node,/rosout,nav2_state,WARN,6.21,6.78,,,,"Rejected frontier (6.21, 6.78): endpoint clearance 0.22 m is below required 1.70 m.",
23july.bag,2026-07-23T21:03:51.729+05:30,44.09,target_explorer_node,/rosout,nav2_state,WARN,8.06,9.08,,,,"Rejected frontier (8.06, 9.08): endpoint clearance 0.03 m is below required 1.70 m.",
23july.bag,2026-07-23T21:03:51.730+05:30,44.09,target_explorer_node,/rosout,nav2_state,WARN,8.16,9.18,,,,"Rejected frontier (8.16, 9.18): endpoint clearance 0.15 m is below required 1.70 m.",
23july.bag,2026-07-23T21:03:51.730+05:30,44.091,target_explorer_node,/rosout,nav2_state,WARN,8.26,9.23,,,,"Rejected frontier (8.26, 9.23): endpoint clearance 0.25 m is below required 1.70 m.",
23july.bag,2026-07-23T21:03:51.731+05:30,44.092,target_explorer_node,/rosout,nav2_state,WARN,8.36,9.28,,,,"Rejected frontier (8.36, 9.28): endpoint clearance 0.29 m is below required 1.70 m.",
23july.bag,2026-07-23T21:03:51.732+05:30,44.092,target_explorer_node,/rosout,nav2_state,WARN,8.46,9.33,,,,"Rejected frontier (8.46, 9.33): endpoint clearance 0.18 m is below required 1.70 m.",
23july.bag,2026-07-23T21:03:51.732+05:30,44.093,target_explorer_node,/rosout,nav2_state,WARN,8.51,9.38,,,,"Rejected frontier (8.51, 9.38): endpoint clearance 0.13 m is below required 1.70 m.",
23july.bag,2026-07-23T21:03:51.733+05:30,44.093,target_explorer_node,/rosout,nav2_state,WARN,8.56,9.38,,,,"Rejected frontier (8.56, 9.38): endpoint clearance 0.08 m is below required 1.70 m.",
23july.bag,2026-07-23T21:03:51.733+05:30,44.094,target_explorer_node,/rosout,nav2_state,WARN,9.01,11.63,,,,"Rejected frontier (9.01, 11.63): endpoint clearance 0.26 m is below required 1.70 m.",
23july.bag,2026-07-23T21:03:51.734+05:30,44.095,target_explorer_node,/rosout,nav2_state,WARN,8.76,11.43,,,,"Rejected frontier (8.76, 11.43): endpoint clearance 0.15 m is below required 1.70 m.",
23july.bag,2026-07-23T21:03:51.735+05:30,44.095,target_explorer_node,/rosout,nav2_state,WARN,8.26,11.03,,,,"Rejected frontier (8.26, 11.03): endpoint clearance 0.03 m is below required 1.70 m.",
23july.bag,2026-07-23T21:03:51.735+05:30,44.096,target_explorer_node,/rosout,nav2_state,WARN,8.36,11.13,,,,"Rejected frontier (8.36, 11.13): endpoint clearance 0.15 m is below required 1.70 m.",
23july.bag,2026-07-23T21:03:51.736+05:30,44.096,target_explorer_node,/rosout,nav2_state,WARN,8.46,11.18,,,,"Rejected frontier (8.46, 11.18): endpoint clearance 0.18 m is below required 1.70 m.",
23july.bag,2026-07-23T21:03:51.736+05:30,44.097,target_explorer_node,/rosout,nav2_state,WARN,8.56,11.28,,,,"Rejected frontier (8.56, 11.28): endpoint clearance 0.04 m is below required 1.70 m.",
23july.bag,2026-07-23T21:03:51.736+05:30,44.097,target_explorer_node,/rosout,nav2_state,WARN,8.66,11.33,,,,"Rejected frontier (8.66, 11.33): endpoint clearance 0.03 m is below required 1.70 m.",
23july.bag,2026-07-23T21:03:51.737+05:30,44.098,target_explorer_node,/rosout,nav2_state,WARN,8.86,11.53,,,,"Rejected frontier (8.86, 11.53): endpoint clearance 0.29 m is below required 1.70 m.",
23july.bag,2026-07-23T21:03:51.738+05:30,44.098,target_explorer_node,/rosout,nav2_state,WARN,9.06,11.63,,,,"Rejected frontier (9.06, 11.63): endpoint clearance 0.22 m is below required 1.70 m.",
23july.bag,2026-07-23T21:03:51.738+05:30,44.099,target_explorer_node,/rosout,nav2_state,WARN,9.16,11.68,,,,"Rejected frontier (9.16, 11.68): endpoint clearance 0.11 m is below required 1.70 m.",
23july.bag,2026-07-23T21:03:51.739+05:30,44.099,target_explorer_node,/rosout,nav2_state,WARN,9.56,12.38,,,,"Rejected frontier (9.56, 12.38): endpoint clearance 0.37 m is below required 1.70 m.",
23july.bag,2026-07-23T21:03:51.739+05:30,44.1,target_explorer_node,/rosout,nav2_state,WARN,9.26,12.13,,,,"Rejected frontier (9.26, 12.13): endpoint clearance 0.03 m is below required 1.70 m.",
23july.bag,2026-07-23T21:03:51.740+05:30,44.1,target_explorer_node,/rosout,nav2_state,WARN,9.31,12.18,,,,"Rejected frontier (9.31, 12.18): endpoint clearance 0.08 m is below required 1.70 m.",
23july.bag,2026-07-23T21:03:51.740+05:30,44.101,target_explorer_node,/rosout,nav2_state,WARN,9.36,12.18,,,,"Rejected frontier (9.36, 12.18): endpoint clearance 0.11 m is below required 1.70 m.",
23july.bag,2026-07-23T21:03:51.741+05:30,44.101,target_explorer_node,/rosout,nav2_state,WARN,9.46,12.28,,,,"Rejected frontier (9.46, 12.28): endpoint clearance 0.25 m is below required 1.70 m.",
23july.bag,2026-07-23T21:03:51.742+05:30,44.102,target_explorer_node,/rosout,nav2_state,WARN,9.66,12.43,,,,"Rejected frontier (9.66, 12.43): endpoint clearance 0.26 m is below required 1.70 m.",
23july.bag,2026-07-23T21:03:51.742+05:30,44.103,target_explorer_node,/rosout,nav2_state,WARN,9.71,12.48,,,,"Rejected frontier (9.71, 12.48): endpoint clearance 0.19 m is below required 1.70 m.",
23july.bag,2026-07-23T21:03:51.742+05:30,44.103,target_explorer_node,/rosout,nav2_state,WARN,9.76,12.48,,,,"Rejected frontier (9.76, 12.48): endpoint clearance 0.15 m is below required 1.70 m.",
23july.bag,2026-07-23T21:03:51.743+05:30,44.103,target_explorer_node,/rosout,nav2_state,WARN,10.11,12.98,,,,"Rejected frontier (10.11, 12.98): endpoint clearance 0.04 m is below required 1.70 m.",
23july.bag,2026-07-23T21:03:51.743+05:30,44.104,target_explorer_node,/rosout,nav2_state,WARN,10.01,13.03,,,,"Rejected frontier (10.01, 13.03): endpoint clearance 0.03 m is below required 1.70 m.",
23july.bag,2026-07-23T21:03:51.744+05:30,44.104,target_explorer_node,/rosout,nav2_state,WARN,10.06,13.08,,,,"Rejected frontier (10.06, 13.08): endpoint clearance 0.08 m is below required 1.70 m.",
23july.bag,2026-07-23T21:03:51.744+05:30,44.105,target_explorer_node,/rosout,nav2_state,WARN,10.16,13.13,,,,"Rejected frontier (10.16, 13.13): endpoint clearance 0.18 m is below required 1.70 m.",
23july.bag,2026-07-23T21:03:51.745+05:30,44.105,target_explorer_node,/rosout,nav2_state,WARN,10.16,13.18,,,,"Rejected frontier (10.16, 13.18): endpoint clearance 0.18 m is below required 1.70 m.",
23july.bag,2026-07-23T21:03:51.745+05:30,44.106,target_explorer_node,/rosout,nav2_state,WARN,4.61,17.83,,,,"Rejected frontier (4.61, 17.83): endpoint clearance 0.90 m is below required 1.70 m.",
23july.bag,2026-07-23T21:03:51.745+05:30,44.106,target_explorer_node,/rosout,nav2_state,WARN,4.61,15.98,,,,"Rejected frontier (4.61, 15.98): endpoint clearance 1.61 m is below required 1.70 m.",
23july.bag,2026-07-23T21:03:51.746+05:30,44.107,target_explorer_node,/rosout,nav2_state,WARN,4.66,13.13,,,,"Rejected frontier (4.66, 13.13): endpoint clearance 0.04 m is below required 1.70 m.",
23july.bag,2026-07-23T21:03:51.746+05:30,44.107,target_explorer_node,/rosout,nav2_state,WARN,4.61,13.98,,,,"Rejected frontier (4.61, 13.98): endpoint clearance 0.18 m is below required 1.70 m.",
23july.bag,2026-07-23T21:03:51.747+05:30,44.107,target_explorer_node,/rosout,nav2_state,WARN,4.51,14.78,,,,"Rejected frontier (4.51, 14.78): endpoint clearance 0.78 m is below required 1.70 m.",
23july.bag,2026-07-23T21:03:51.747+05:30,44.108,target_explorer_node,/rosout,nav2_state,WARN,4.51,15.38,,,,"Rejected frontier (4.51, 15.38): endpoint clearance 1.35 m is below required 1.70 m.",
23july.bag,2026-07-23T21:03:51.748+05:30,44.108,target_explorer_node,/rosout,nav2_state,WARN,4.71,15.78,,,,"Rejected frontier (4.71, 15.78): endpoint clearance 1.67 m is below required 1.70 m.",
23july.bag,2026-07-23T21:03:51.748+05:30,44.109,target_explorer_node,/rosout,nav2_state,WARN,4.76,16.23,,,,"Rejected frontier (4.76, 16.23): endpoint clearance 1.52 m is below required 1.70 m.",
23july.bag,2026-07-23T21:03:51.748+05:30,44.109,target_explorer_node,/rosout,nav2_state,WARN,4.66,16.58,,,,"Rejected frontier (4.66, 16.58): endpoint clearance 1.22 m is below required 1.70 m.",
23july.bag,2026-07-23T21:03:51.749+05:30,44.11,target_explorer_node,/rosout,nav2_state,WARN,4.56,16.93,,,,"Rejected frontier (4.56, 16.93): endpoint clearance 0.95 m is below required 1.70 m.",
23july.bag,2026-07-23T21:03:51.749+05:30,44.11,target_explorer_node,/rosout,nav2_state,WARN,3.66,17.43,,,,"Rejected frontier (3.66, 17.43): endpoint clearance 0.04 m is below required 1.70 m.",
23july.bag,2026-07-23T21:03:51.750+05:30,44.11,target_explorer_node,/rosout,nav2_state,WARN,4.26,17.58,,,,"Rejected frontier (4.26, 17.58): endpoint clearance 0.53 m is below required 1.70 m.",
23july.bag,2026-07-23T21:03:51.750+05:30,44.111,target_explorer_node,/rosout,nav2_state,WARN,10.46,15.33,,,,"Rejected frontier (10.46, 15.33): endpoint clearance 0.04 m is below required 1.70 m.",
23july.bag,2026-07-23T21:03:51.751+05:30,44.112,target_explorer_node,/rosout,nav2_state,WARN,11.21,14.78,,,,"Rejected frontier (11.21, 14.78): endpoint clearance 0.19 m is below required 1.70 m.",
23july.bag,2026-07-23T21:03:51.751+05:30,44.112,target_explorer_node,/rosout,nav2_state,WARN,10.01,13.28,,,,"Rejected frontier (10.01, 13.28): endpoint clearance 0.04 m is below required 1.70 m.",
23july.bag,2026-07-23T21:03:51.752+05:30,44.113,target_explorer_node,/rosout,nav2_state,WARN,10.71,13.83,,,,"Rejected frontier (10.71, 13.83): endpoint clearance 0.68 m is below required 1.70 m.",
23july.bag,2026-07-23T21:03:51.752+05:30,44.113,target_explorer_node,/rosout,nav2_state,WARN,11.01,14.08,,,,"Rejected frontier (11.01, 14.08): endpoint clearance 0.78 m is below required 1.70 m.",
23july.bag,2026-07-23T21:03:51.753+05:30,44.113,target_explorer_node,/rosout,nav2_state,WARN,10.56,14.28,,,,"Rejected frontier (10.56, 14.28): endpoint clearance 0.51 m is below required 1.70 m.",
23july.bag,2026-07-23T21:03:51.753+05:30,44.114,target_explorer_node,/rosout,nav2_state,WARN,11.16,14.48,,,,"Rejected frontier (11.16, 14.48): endpoint clearance 0.40 m is below required 1.70 m.",
23july.bag,2026-07-23T21:03:51.754+05:30,44.115,target_explorer_node,/rosout,nav2_state,WARN,11.81,14.63,,,,"Rejected frontier (11.81, 14.63): endpoint clearance 0.44 m is below required 1.70 m.",
23july.bag,2026-07-23T21:03:51.755+05:30,44.115,target_explorer_node,/rosout,nav2_state,WARN,11.56,14.78,,,,"Rejected frontier (11.56, 14.78): endpoint clearance 0.29 m is below required 1.70 m.",
23july.bag,2026-07-23T21:03:51.755+05:30,44.116,target_explorer_node,/rosout,nav2_state,WARN,11.01,14.98,,,,"Rejected frontier (11.01, 14.98): endpoint clearance 0.08 m is below required 1.70 m.",
23july.bag,2026-07-23T21:03:51.756+05:30,44.116,target_explorer_node,/rosout,nav2_state,WARN,11.61,15.33,,,,"Rejected frontier (11.61, 15.33): endpoint clearance 0.13 m is below required 1.70 m.",
23july.bag,2026-07-23T21:03:51.756+05:30,44.117,target_explorer_node,/rosout,nav2_state,WARN,11.21,15.53,,,,"Rejected frontier (11.21, 15.53): endpoint clearance 0.08 m is below required 1.70 m.",
23july.bag,2026-07-23T21:03:51.757+05:30,44.117,target_explorer_node,/rosout,nav2_state,WARN,10.01,14.03,,,,"Rejected frontier (10.01, 14.03): endpoint clearance 0.03 m is below required 1.70 m.",
23july.bag,2026-07-23T21:03:51.757+05:30,44.118,target_explorer_node,/rosout,nav2_state,WARN,10.26,14.18,,,,"Rejected frontier (10.26, 14.18): endpoint clearance 0.29 m is below required 1.70 m.",
23july.bag,2026-07-23T21:03:51.758+05:30,44.119,target_explorer_node,/rosout,nav2_state,WARN,10.11,13.88,,,,"Rejected frontier (10.11, 13.88): endpoint clearance 0.08 m is below required 1.70 m.",
23july.bag,2026-07-23T21:03:51.759+05:30,44.119,target_explorer_node,/rosout,nav2_state,WARN,10.16,13.93,,,,"Rejected frontier (10.16, 13.93): endpoint clearance 0.13 m is below required 1.70 m.",
23july.bag,2026-07-23T21:03:51.759+05:30,44.12,target_explorer_node,/rosout,nav2_state,WARN,10.11,13.98,,,,"Rejected frontier (10.11, 13.98): endpoint clearance 0.08 m is below required 1.70 m.",
23july.bag,2026-07-23T21:03:51.760+05:30,44.12,target_explorer_node,/rosout,nav2_state,WARN,10.16,14.03,,,,"Rejected frontier (10.16, 14.03): endpoint clearance 0.13 m is below required 1.70 m.",
23july.bag,2026-07-23T21:03:51.760+05:30,44.121,target_explorer_node,/rosout,nav2_state,WARN,10.06,14.08,,,,"Rejected frontier (10.06, 14.08): endpoint clearance 0.08 m is below required 1.70 m.",
23july.bag,2026-07-23T21:03:51.761+05:30,44.122,target_explorer_node,/rosout,nav2_state,WARN,10.31,14.08,,,,"Rejected frontier (10.31, 14.08): endpoint clearance 0.29 m is below required 1.70 m.",
23july.bag,2026-07-23T21:03:51.761+05:30,44.122,target_explorer_node,/rosout,nav2_state,WARN,10.21,14.13,,,,"Rejected frontier (10.21, 14.13): endpoint clearance 0.22 m is below required 1.70 m.",
23july.bag,2026-07-23T21:03:51.762+05:30,44.122,target_explorer_node,/rosout,nav2_state,WARN,10.16,14.18,,,,"Rejected frontier (10.16, 14.18): endpoint clearance 0.22 m is below required 1.70 m.",
23july.bag,2026-07-23T21:03:51.762+05:30,44.123,target_explorer_node,/rosout,nav2_state,WARN,10.41,14.18,,,,"Rejected frontier (10.41, 14.18): endpoint clearance 0.41 m is below required 1.70 m.",
23july.bag,2026-07-23T21:03:51.763+05:30,44.123,target_explorer_node,/rosout,nav2_state,WARN,10.51,14.88,,,,"Rejected frontier (10.51, 14.88): endpoint clearance 0.15 m is below required 1.70 m.",
23july.bag,2026-07-23T21:03:51.763+05:30,44.124,target_explorer_node,/rosout,nav2_state,WARN,10.76,14.98,,,,"Rejected frontier (10.76, 14.98): endpoint clearance 0.24 m is below required 1.70 m.",
23july.bag,2026-07-23T21:03:51.764+05:30,44.125,target_explorer_node,/rosout,nav2_state,WARN,10.56,14.83,,,,"Rejected frontier (10.56, 14.83): endpoint clearance 0.18 m is below required 1.70 m.",
23july.bag,2026-07-23T21:03:51.766+05:30,44.126,target_explorer_node,/rosout,nav2_state,WARN,10.61,14.88,,,,"Rejected frontier (10.61, 14.88): endpoint clearance 0.24 m is below required 1.70 m.",
23july.bag,2026-07-23T21:03:51.766+05:30,44.127,target_explorer_node,/rosout,nav2_state,WARN,10.66,14.88,,,,"Rejected frontier (10.66, 14.88): endpoint clearance 0.29 m is below required 1.70 m.",
23july.bag,2026-07-23T21:03:51.767+05:30,44.128,target_explorer_node,/rosout,nav2_state,WARN,10.61,14.98,,,,"Rejected frontier (10.61, 14.98): endpoint clearance 0.23 m is below required 1.70 m.",
23july.bag,2026-07-23T21:03:51.767+05:30,44.128,target_explorer_node,/rosout,nav2_state,WARN,10.66,15.08,,,,"Rejected frontier (10.66, 15.08): endpoint clearance 0.22 m is below required 1.70 m.",
23july.bag,2026-07-23T21:03:51.768+05:30,44.129,target_explorer_node,/rosout,nav2_state,WARN,10.86,15.03,,,,"Rejected frontier (10.86, 15.03): endpoint clearance 0.18 m is below required 1.70 m.",
23july.bag,2026-07-23T21:03:51.769+05:30,44.13,target_explorer_node,/rosout,nav2_state,WARN,11.16,15.23,,,,"Rejected frontier (11.16, 15.23): endpoint clearance 0.18 m is below required 1.70 m.",
23july.bag,2026-07-23T21:03:51.770+05:30,44.131,target_explorer_node,/rosout,nav2_state,WARN,11.01,15.08,,,,"Rejected frontier (11.01, 15.08): endpoint clearance 0.18 m is below required 1.70 m.",
23july.bag,2026-07-23T21:03:51.771+05:30,44.131,target_explorer_node,/rosout,nav2_state,WARN,11.06,15.13,,,,"Rejected frontier (11.06, 15.13): endpoint clearance 0.23 m is below required 1.70 m.",
23july.bag,2026-07-23T21:03:51.771+05:30,44.132,target_explorer_node,/rosout,nav2_state,WARN,11.01,15.18,,,,"Rejected frontier (11.01, 15.18): endpoint clearance 0.28 m is below required 1.70 m.",
23july.bag,2026-07-23T21:03:51.771+05:30,44.132,target_explorer_node,/rosout,nav2_state,WARN,11.06,15.23,,,,"Rejected frontier (11.06, 15.23): endpoint clearance 0.22 m is below required 1.70 m.",
23july.bag,2026-07-23T21:03:51.772+05:30,44.133,target_explorer_node,/rosout,nav2_state,WARN,11.36,15.23,,,,"Rejected frontier (11.36, 15.23): endpoint clearance 0.22 m is below required 1.70 m.",
23july.bag,2026-07-23T21:03:51.773+05:30,44.133,target_explorer_node,/rosout,nav2_state,WARN,11.21,15.28,,,,"Rejected frontier (11.21, 15.28): endpoint clearance 0.13 m is below required 1.70 m.",
23july.bag,2026-07-23T21:03:51.773+05:30,44.134,target_explorer_node,/rosout,nav2_state,WARN,11.41,15.28,,,,"Rejected frontier (11.41, 15.28): endpoint clearance 0.19 m is below required 1.70 m.",
23july.bag,2026-07-23T21:03:51.774+05:30,44.135,target_explorer_node,/rosout,nav2_state,WARN,4.81,15.58,,,,"Rejected frontier (4.81, 15.58): endpoint clearance 1.45 m is below required 1.70 m.",
23july.bag,2026-07-23T21:03:51.775+05:30,44.135,target_explorer_node,/rosout,nav2_state,WARN,4.86,15.63,,,,"Rejected frontier (4.86, 15.63): endpoint clearance 1.49 m is below required 1.70 m.",
23july.bag,2026-07-23T21:03:51.776+05:30,44.137,target_explorer_node,/rosout,nav2_state,WARN,4.86,15.68,,,,"Rejected frontier (4.86, 15.68): endpoint clearance 1.54 m is below required 1.70 m.",
23july.bag,2026-07-23T21:03:51.776+05:30,44.137,target_explorer_node,/rosout,nav2_state,WARN,4.81,15.78,,,,"Rejected frontier (4.81, 15.78): endpoint clearance 1.65 m is below required 1.70 m.",
23july.bag,2026-07-23T21:03:51.777+05:30,44.138,target_explorer_node,/rosout,nav2_state,WARN,4.81,16.03,,,,"Rejected frontier (4.81, 16.03): endpoint clearance 1.70 m is below required 1.70 m.",
23july.bag,2026-07-23T21:03:51.777+05:30,44.138,target_explorer_node,/rosout,nav2_state,WARN,4.81,16.08,,,,"Rejected frontier (4.81, 16.08): endpoint clearance 1.66 m is below required 1.70 m.",
23july.bag,2026-07-23T21:03:51.778+05:30,44.139,target_explorer_node,/rosout,nav2_state,WARN,3.31,18.18,,,,"Rejected frontier (3.31, 18.18): endpoint clearance 0.03 m is below required 1.70 m.",
23july.bag,2026-07-23T21:03:51.778+05:30,44.139,target_explorer_node,/rosout,nav2_state,WARN,3.11,18.23,,,,"Rejected frontier (3.11, 18.23): endpoint clearance 0.08 m is below required 1.70 m.",
23july.bag,2026-07-23T21:03:51.779+05:30,44.14,target_explorer_node,/rosout,nav2_state,WARN,2.86,18.23,,,,"Rejected frontier (2.86, 18.23): endpoint clearance 0.08 m is below required 1.70 m.",
23july.bag,2026-07-23T21:03:51.779+05:30,44.14,target_explorer_node,/rosout,nav2_state,WARN,3.16,18.23,,,,"Rejected frontier (3.16, 18.23): endpoint clearance 0.04 m is below required 1.70 m.",
23july.bag,2026-07-23T21:03:51.780+05:30,44.141,target_explorer_node,/rosout,nav2_state,WARN,2.76,18.28,,,,"Rejected frontier (2.76, 18.28): endpoint clearance 0.03 m is below required 1.70 m.",
23july.bag,2026-07-23T21:03:51.781+05:30,44.141,target_explorer_node,/rosout,nav2_state,WARN,2.91,18.28,,,,"Rejected frontier (2.91, 18.28): endpoint clearance 0.08 m is below required 1.70 m.",
23july.bag,2026-07-23T21:03:51.781+05:30,44.142,target_explorer_node,/rosout,nav2_state,WARN,2.96,18.33,,,,"Rejected frontier (2.96, 18.33): endpoint clearance 0.13 m is below required 1.70 m.",
23july.bag,2026-07-23T21:03:51.782+05:30,44.142,target_explorer_node,/rosout,nav2_state,WARN,3.06,18.33,,,,"Rejected frontier (3.06, 18.33): endpoint clearance 0.13 m is below required 1.70 m.",
23july.bag,2026-07-23T21:03:51.782+05:30,44.143,target_explorer_node,/rosout,nav2_state,WARN,9.31,18.43,,,,"Rejected frontier (9.31, 18.43): endpoint clearance 0.04 m is below required 1.70 m.",
23july.bag,2026-07-23T21:03:51.783+05:30,44.143,target_explorer_node,/rosout,nav2_state,WARN,9.26,18.48,,,,"Rejected frontier (9.26, 18.48): endpoint clearance 0.08 m is below required 1.70 m.",
23july.bag,2026-07-23T21:03:51.783+05:30,44.144,target_explorer_node,/rosout,nav2_state,WARN,9.31,18.58,,,,"Rejected frontier (9.31, 18.58): endpoint clearance 0.04 m is below required 1.70 m.",
23july.bag,2026-07-23T21:03:51.784+05:30,44.144,target_explorer_node,/rosout,nav2_state,WARN,9.26,18.68,,,,"Rejected frontier (9.26, 18.68): endpoint clearance 0.03 m is below required 1.70 m.",
23july.bag,2026-07-23T21:03:51.784+05:30,44.145,target_explorer_node,/rosout,nav2_state,WARN,9.31,18.78,,,,"Rejected frontier (9.31, 18.78): endpoint clearance 0.13 m is below required 1.70 m.",
23july.bag,2026-07-23T21:03:51.785+05:30,44.146,target_explorer_node,/rosout,nav2_state,WARN,9.36,18.83,,,,"Rejected frontier (9.36, 18.83): endpoint clearance 0.08 m is below required 1.70 m.",
23july.bag,2026-07-23T21:03:51.785+05:30,44.146,target_explorer_node,/rosout,nav2_state,WARN,9.36,18.88,,,,"Rejected frontier (9.36, 18.88): endpoint clearance 0.04 m is below required 1.70 m.",
23july.bag,2026-07-23T21:03:51.786+05:30,44.147,target_explorer_node,/rosout,nav2_state,WARN,9.41,18.98,,,,"Rejected frontier (9.41, 18.98): endpoint clearance 0.08 m is below required 1.70 m.",
23july.bag,2026-07-23T21:03:51.787+05:30,44.147,target_explorer_node,/rosout,nav2_state,WARN,2.26,19.13,,,,"Rejected frontier (2.26, 19.13): endpoint clearance 0.04 m is below required 1.70 m.",
23july.bag,2026-07-23T21:03:51.787+05:30,44.148,target_explorer_node,/rosout,nav2_state,WARN,2.16,19.13,,,,"Rejected frontier (2.16, 19.13): endpoint clearance 0.13 m is below required 1.70 m.",
23july.bag,2026-07-23T21:03:51.788+05:30,44.149,target_explorer_node,/rosout,nav2_state,WARN,-5.99,20.73,,,,"Rejected frontier (-5.99, 20.73): endpoint clearance 1.32 m is below required 1.70 m.",
23july.bag,2026-07-23T21:03:51.789+05:30,44.149,target_explorer_node,/rosout,nav2_state,WARN,-6.34,20.88,,,,"Rejected frontier (-6.34, 20.88): endpoint clearance 0.95 m is below required 1.70 m.",
23july.bag,2026-07-23T21:03:51.789+05:30,44.15,target_explorer_node,/rosout,nav2_state,WARN,-6.59,21.13,,,,"Rejected frontier (-6.59, 21.13): endpoint clearance 0.60 m is below required 1.70 m.",
23july.bag,2026-07-23T21:03:51.790+05:30,44.15,target_explorer_node,/rosout,nav2_state,WARN,8.16,20.08,,,,"Rejected frontier (8.16, 20.08): endpoint clearance 0.03 m is below required 1.70 m.",
23july.bag,2026-07-23T21:03:51.790+05:30,44.151,target_explorer_node,/rosout,nav2_state,WARN,8.81,20.78,,,,"Rejected frontier (8.81, 20.78): endpoint clearance 0.58 m is below required 1.70 m.",
23july.bag,2026-07-23T21:03:51.790+05:30,44.151,target_explorer_node,/rosout,nav2_state,WARN,8.51,19.63,,,,"Rejected frontier (8.51, 19.63): endpoint clearance 0.03 m is below required 1.70 m.",
23july.bag,2026-07-23T21:03:51.791+05:30,44.152,target_explorer_node,/rosout,nav2_state,WARN,8.56,19.93,,,,"Rejected frontier (8.56, 19.93): endpoint clearance 0.28 m is below required 1.70 m.",
23july.bag,2026-07-23T21:03:51.792+05:30,44.152,target_explorer_node,/rosout,nav2_state,WARN,8.31,20.08,,,,"Rejected frontier (8.31, 20.08): endpoint clearance 0.08 m is below required 1.70 m.",
23july.bag,2026-07-23T21:03:51.792+05:30,44.153,target_explorer_node,/rosout,nav2_state,WARN,8.66,20.18,,,,"Rejected frontier (8.66, 20.18): endpoint clearance 0.43 m is below required 1.70 m.",
23july.bag,2026-07-23T21:03:51.793+05:30,44.153,target_explorer_node,/rosout,nav2_state,WARN,8.71,20.33,,,,"Rejected frontier (8.71, 20.33): endpoint clearance 0.48 m is below required 1.70 m.",
23july.bag,2026-07-23T21:03:51.793+05:30,44.154,target_explorer_node,/rosout,nav2_state,WARN,8.71,20.58,,,,"Rejected frontier (8.71, 20.58): endpoint clearance 0.55 m is below required 1.70 m.",
23july.bag,2026-07-23T21:03:51.794+05:30,44.154,target_explorer_node,/rosout,nav2_state,WARN,8.91,20.78,,,,"Rejected frontier (8.91, 20.78): endpoint clearance 0.68 m is below required 1.70 m.",
23july.bag,2026-07-23T21:03:51.794+05:30,44.155,target_explorer_node,/rosout,nav2_state,WARN,8.91,21.03,,,,"Rejected frontier (8.91, 21.03): endpoint clearance 0.69 m is below required 1.70 m.",
23july.bag,2026-07-23T21:03:51.795+05:30,44.155,target_explorer_node,/rosout,nav2_state,WARN,9.01,21.18,,,,"Rejected frontier (9.01, 21.18): endpoint clearance 0.82 m is below required 1.70 m.",
23july.bag,2026-07-23T21:03:51.795+05:30,44.156,target_explorer_node,/rosout,nav2_state,WARN,9.16,21.48,,,,"Rejected frontier (9.16, 21.48): endpoint clearance 1.09 m is below required 1.70 m.",
23july.bag,2026-07-23T21:03:51.796+05:30,44.157,target_explorer_node,/rosout,nav2_state,WARN,7.81,20.68,,,,"Rejected frontier (7.81, 20.68): endpoint clearance 0.11 m is below required 1.70 m.",
23july.bag,2026-07-23T21:03:51.797+05:30,44.157,target_explorer_node,/rosout,nav2_state,WARN,8.06,20.83,,,,"Rejected frontier (8.06, 20.83): endpoint clearance 0.13 m is below required 1.70 m.",
23july.bag,2026-07-23T21:03:51.797+05:30,44.158,target_explorer_node,/rosout,nav2_state,WARN,7.86,20.63,,,,"Rejected frontier (7.86, 20.63): endpoint clearance 0.13 m is below required 1.70 m.",
23july.bag,2026-07-23T21:03:51.797+05:30,44.158,target_explorer_node,/rosout,nav2_state,WARN,7.96,20.63,,,,"Rejected frontier (7.96, 20.63): endpoint clearance 0.22 m is below required 1.70 m.",
23july.bag,2026-07-23T21:03:51.798+05:30,44.159,target_explorer_node,/rosout,nav2_state,WARN,7.91,20.68,,,,"Rejected frontier (7.91, 20.68): endpoint clearance 0.19 m is below required 1.70 m.",
23july.bag,2026-07-23T21:03:51.799+05:30,44.159,target_explorer_node,/rosout,nav2_state,WARN,8.01,20.68,,,,"Rejected frontier (8.01, 20.68): endpoint clearance 0.25 m is below required 1.70 m.",
23july.bag,2026-07-23T21:03:51.800+05:30,44.16,target_explorer_node,/rosout,nav2_state,WARN,7.81,20.78,,,,"Rejected frontier (7.81, 20.78): endpoint clearance 0.08 m is below required 1.70 m.",
23july.bag,2026-07-23T21:03:51.800+05:30,44.161,target_explorer_node,/rosout,nav2_state,WARN,7.91,20.78,,,,"Rejected frontier (7.91, 20.78): endpoint clearance 0.15 m is below required 1.70 m.",
23july.bag,2026-07-23T21:03:51.801+05:30,44.162,target_explorer_node,/rosout,nav2_state,WARN,8.01,20.78,,,,"Rejected frontier (8.01, 20.78): endpoint clearance 0.19 m is below required 1.70 m.",
23july.bag,2026-07-23T21:03:51.801+05:30,44.162,target_explorer_node,/rosout,nav2_state,WARN,-4.44,21.58,,,,"Rejected frontier (-4.44, 21.58): endpoint clearance 1.44 m is below required 1.70 m.",
23july.bag,2026-07-23T21:03:51.802+05:30,44.163,target_explorer_node,/rosout,nav2_state,WARN,-5.44,21.88,,,,"Rejected frontier (-5.44, 21.88): endpoint clearance 0.64 m is below required 1.70 m.",
23july.bag,2026-07-23T21:03:51.802+05:30,44.163,target_explorer_node,/rosout,nav2_state,WARN,-4.69,21.48,,,,"Rejected frontier (-4.69, 21.48): endpoint clearance 1.45 m is below required 1.70 m.",
23july.bag,2026-07-23T21:03:51.803+05:30,44.163,target_explorer_node,/rosout,nav2_state,WARN,-4.94,21.58,,,,"Rejected frontier (-4.94, 21.58): endpoint clearance 1.20 m is below required 1.70 m.",
23july.bag,2026-07-23T21:03:51.803+05:30,44.164,target_explorer_node,/rosout,nav2_state,WARN,-4.74,21.68,,,,"Rejected frontier (-4.74, 21.68): endpoint clearance 1.28 m is below required 1.70 m.",
23july.bag,2026-07-23T21:03:51.804+05:30,44.165,target_explorer_node,/rosout,nav2_state,WARN,-4.94,21.73,,,,"Rejected frontier (-4.94, 21.73): endpoint clearance 1.10 m is below required 1.70 m.",
23july.bag,2026-07-23T21:03:51.805+05:30,44.166,target_explorer_node,/rosout,nav2_state,WARN,-5.29,21.78,,,,"Rejected frontier (-5.29, 21.78): endpoint clearance 0.81 m is below required 1.70 m.",
23july.bag,2026-07-23T21:03:51.806+05:30,44.166,target_explorer_node,/rosout,nav2_state,WARN,-5.34,21.88,,,,"Rejected frontier (-5.34, 21.88): endpoint clearance 0.71 m is below required 1.70 m.",
23july.bag,2026-07-23T21:03:51.806+05:30,44.167,target_explorer_node,/rosout,nav2_state,WARN,-5.24,21.93,,,,"Rejected frontier (-5.24, 21.93): endpoint clearance 0.74 m is below required 1.70 m.",
23july.bag,2026-07-23T21:03:51.806+05:30,44.167,target_explorer_node,/rosout,nav2_state,WARN,-5.89,22.03,,,,"Rejected frontier (-5.89, 22.03): endpoint clearance 0.33 m is below required 1.70 m.",
23july.bag,2026-07-23T21:03:51.807+05:30,44.167,target_explorer_node,/rosout,nav2_state,WARN,-2.69,22.68,,,,"Rejected frontier (-2.69, 22.68): endpoint clearance 0.03 m is below required 1.70 m.",
23july.bag,2026-07-23T21:03:51.807+05:30,44.168,target_explorer_node,/rosout,nav2_state,WARN,-4.24,22.63,,,,"Rejected frontier (-4.24, 22.63): endpoint clearance 0.57 m is below required 1.70 m.",
23july.bag,2026-07-23T21:03:51.808+05:30,44.168,target_explorer_node,/rosout,nav2_state,WARN,-3.39,22.18,,,,"Rejected frontier (-3.39, 22.18): endpoint clearance 0.62 m is below required 1.70 m.",
23july.bag,2026-07-23T21:03:51.808+05:30,44.169,target_explorer_node,/rosout,nav2_state,WARN,-3.54,22.33,,,,"Rejected frontier (-3.54, 22.33): endpoint clearance 0.73 m is below required 1.70 m.",
23july.bag,2026-07-23T21:03:51.808+05:30,44.169,target_explorer_node,/rosout,nav2_state,WARN,-3.44,22.38,,,,"Rejected frontier (-3.44, 22.38): endpoint clearance 0.63 m is below required 1.70 m.",
23july.bag,2026-07-23T21:03:51.809+05:30,44.169,target_explorer_node,/rosout,nav2_state,WARN,-3.19,22.48,,,,"Rejected frontier (-3.19, 22.48): endpoint clearance 0.38 m is below required 1.70 m.",
23july.bag,2026-07-23T21:03:51.809+05:30,44.17,target_explorer_node,/rosout,nav2_state,WARN,-5.79,22.58,,,,"Rejected frontier (-5.79, 22.58): endpoint clearance 0.04 m is below required 1.70 m.",
23july.bag,2026-07-23T21:03:51.810+05:30,44.17,target_explorer_node,/rosout,nav2_state,WARN,-4.54,22.63,,,,"Rejected frontier (-4.54, 22.63): endpoint clearance 0.40 m is below required 1.70 m.",
23july.bag,2026-07-23T21:03:51.810+05:30,44.171,target_explorer_node,/rosout,nav2_state,WARN,-5.54,22.68,,,,"Rejected frontier (-5.54, 22.68): endpoint clearance 0.19 m is below required 1.70 m.",
23july.bag,2026-07-23T21:03:51.811+05:30,44.171,target_explorer_node,/rosout,nav2_state,WARN,-4.79,22.73,,,,"Rejected frontier (-4.79, 22.73): endpoint clearance 0.28 m is below required 1.70 m.",
23july.bag,2026-07-23T21:03:51.811+05:30,44.172,target_explorer_node,/rosout,nav2_state,WARN,-4.74,22.78,,,,"Rejected frontier (-4.74, 22.78): endpoint clearance 0.23 m is below required 1.70 m.",
23july.bag,2026-07-23T21:03:51.811+05:30,44.172,target_explorer_node,/rosout,nav2_state,WARN,-5.19,22.88,,,,"Rejected frontier (-5.19, 22.88): endpoint clearance 0.08 m is below required 1.70 m.",
23july.bag,2026-07-23T21:03:51.812+05:30,44.173,target_explorer_node,/rosout,nav2_state,WARN,2.51,22.83,,,,"Rejected frontier (2.51, 22.83): endpoint clearance 0.03 m is below required 1.70 m.",
23july.bag,2026-07-23T21:03:51.812+05:30,44.173,target_explorer_node,/rosout,nav2_state,WARN,2.51,22.88,,,,"Rejected frontier (2.51, 22.88): endpoint clearance 0.08 m is below required 1.70 m.",
23july.bag,2026-07-23T21:03:51.813+05:30,44.173,target_explorer_node,/rosout,nav2_state,WARN,2.41,22.98,,,,"Rejected frontier (2.41, 22.98): endpoint clearance 0.18 m is below required 1.70 m.",
23july.bag,2026-07-23T21:03:51.813+05:30,44.174,target_explorer_node,/rosout,nav2_state,WARN,2.31,23.08,,,,"Rejected frontier (2.31, 23.08): endpoint clearance 0.25 m is below required 1.70 m.",
23july.bag,2026-07-23T21:03:51.814+05:30,44.174,target_explorer_node,/rosout,nav2_state,WARN,2.41,23.08,,,,"Rejected frontier (2.41, 23.08): endpoint clearance 0.28 m is below required 1.70 m.",
23july.bag,2026-07-23T21:03:51.814+05:30,44.175,target_explorer_node,/rosout,nav2_state,WARN,2.26,23.18,,,,"Rejected frontier (2.26, 23.18): endpoint clearance 0.15 m is below required 1.70 m.",
23july.bag,2026-07-23T21:03:51.815+05:30,44.175,target_explorer_node,/rosout,nav2_state,WARN,2.21,23.23,,,,"Rejected frontier (2.21, 23.23): endpoint clearance 0.08 m is below required 1.70 m.",
23july.bag,2026-07-23T21:03:51.815+05:30,44.176,target_explorer_node,/rosout,nav2_state,WARN,2.16,23.28,,,,"Rejected frontier (2.16, 23.28): endpoint clearance 0.03 m is below required 1.70 m.",
23july.bag,2026-07-23T21:03:51.816+05:30,44.176,target_explorer_node,/rosout,nav2_state,WARN,1.61,22.88,,,,"Rejected frontier (1.61, 22.88): endpoint clearance 0.03 m is below required 1.70 m.",
23july.bag,2026-07-23T21:03:51.816+05:30,44.177,target_explorer_node,/rosout,nav2_state,WARN,-1.29,25.13,,,,"Rejected frontier (-1.29, 25.13): endpoint clearance 1.66 m is below required 1.70 m.",
23july.bag,2026-07-23T21:03:51.817+05:30,44.177,target_explorer_node,/rosout,nav2_state,WARN,0.51,23.88,,,,"Rejected frontier (0.51, 23.88): endpoint clearance 1.38 m is below required 1.70 m.",
23july.bag,2026-07-23T21:03:51.817+05:30,44.178,target_explorer_node,/rosout,nav2_state,WARN,-1.94,24.98,,,,"Rejected frontier (-1.94, 24.98): endpoint clearance 0.99 m is below required 1.70 m.",
23july.bag,2026-07-23T21:03:51.818+05:30,44.178,target_explorer_node,/rosout,nav2_state,WARN,-1.64,25.23,,,,"Rejected frontier (-1.64, 25.23): endpoint clearance 1.33 m is below required 1.70 m.",
23july.bag,2026-07-23T21:03:51.818+05:30,44.179,target_explorer_node,/rosout,nav2_state,WARN,-2.09,25.33,,,,"Rejected frontier (-2.09, 25.33): endpoint clearance 0.88 m is below required 1.70 m.",
23july.bag,2026-07-23T21:03:51.819+05:30,44.179,target_explorer_node,/rosout,nav2_state,WARN,-2.24,25.43,,,,"Rejected frontier (-2.24, 25.43): endpoint clearance 0.73 m is below required 1.70 m.",
23july.bag,2026-07-23T21:03:51.819+05:30,44.18,target_explorer_node,/rosout,nav2_state,WARN,-2.84,25.53,,,,"Rejected frontier (-2.84, 25.53): endpoint clearance 0.13 m is below required 1.70 m.",
23july.bag,2026-07-23T21:03:51.819+05:30,44.18,target_explorer_node,/rosout,nav2_state,WARN,-2.99,25.68,,,,"Rejected frontier (-2.99, 25.68): endpoint clearance 0.08 m is below required 1.70 m.",
23july.bag,2026-07-23T21:03:51.820+05:30,44.181,target_explorer_node,/rosout,nav2_state,WARN,-2.59,25.98,,,,"Rejected frontier (-2.59, 25.98): endpoint clearance 0.43 m is below required 1.70 m.",
23july.bag,2026-07-23T21:03:51.820+05:30,44.181,target_explorer_node,/rosout,nav2_state,WARN,-1.89,23.48,,,,"Rejected frontier (-1.89, 23.48): endpoint clearance 0.08 m is below required 1.70 m.",
23july.bag,2026-07-23T21:03:51.821+05:30,44.181,target_explorer_node,/rosout,nav2_state,WARN,-2.44,23.73,,,,"Rejected frontier (-2.44, 23.73): endpoint clearance 0.46 m is below required 1.70 m.",
23july.bag,2026-07-23T21:03:51.821+05:30,44.182,target_explorer_node,/rosout,nav2_state,WARN,-1.94,23.43,,,,"Rejected frontier (-1.94, 23.43): endpoint clearance 0.03 m is below required 1.70 m.",
23july.bag,2026-07-23T21:03:51.821+05:30,44.182,target_explorer_node,/rosout,nav2_state,WARN,-2.09,23.53,,,,"Rejected frontier (-2.09, 23.53): endpoint clearance 0.18 m is below required 1.70 m.",
23july.bag,2026-07-23T21:03:51.822+05:30,44.182,target_explorer_node,/rosout,nav2_state,WARN,-2.19,23.58,,,,"Rejected frontier (-2.19, 23.58): endpoint clearance 0.29 m is below required 1.70 m.",
23july.bag,2026-07-23T21:03:51.822+05:30,44.183,target_explorer_node,/rosout,nav2_state,WARN,-2.29,23.63,,,,"Rejected frontier (-2.29, 23.63): endpoint clearance 0.40 m is below required 1.70 m.",
23july.bag,2026-07-23T21:03:51.823+05:30,44.183,target_explorer_node,/rosout,nav2_state,WARN,-2.09,23.63,,,,"Rejected frontier (-2.09, 23.63): endpoint clearance 0.26 m is below required 1.70 m.",
23july.bag,2026-07-23T21:03:51.823+05:30,44.184,target_explorer_node,/rosout,nav2_state,WARN,-2.49,23.78,,,,"Rejected frontier (-2.49, 23.78): endpoint clearance 0.47 m is below required 1.70 m.",
23july.bag,2026-07-23T21:03:51.823+05:30,44.184,target_explorer_node,/rosout,nav2_state,WARN,-2.44,23.83,,,,"Rejected frontier (-2.44, 23.83): endpoint clearance 0.51 m is below required 1.70 m.",
23july.bag,2026-07-23T21:03:51.824+05:30,44.184,target_explorer_node,/rosout,nav2_state,WARN,-2.74,23.93,,,,"Rejected frontier (-2.74, 23.93): endpoint clearance 0.19 m is below required 1.70 m.",
23july.bag,2026-07-23T21:03:51.824+05:30,44.185,target_explorer_node,/rosout,nav2_state,WARN,-2.69,23.98,,,,"Rejected frontier (-2.69, 23.98): endpoint clearance 0.23 m is below required 1.70 m.",
23july.bag,2026-07-23T21:03:51.825+05:30,44.185,target_explorer_node,/rosout,nav2_state,WARN,-2.64,24.03,,,,"Rejected frontier (-2.64, 24.03): endpoint clearance 0.28 m is below required 1.70 m.",
23july.bag,2026-07-23T21:03:51.825+05:30,44.186,target_explorer_node,/rosout,nav2_state,WARN,-1.99,24.23,,,,"Rejected frontier (-1.99, 24.23): endpoint clearance 0.83 m is below required 1.70 m.",
23july.bag,2026-07-23T21:03:51.826+05:30,44.186,target_explorer_node,/rosout,nav2_state,WARN,-2.19,24.38,,,,"Rejected frontier (-2.19, 24.38): endpoint clearance 0.73 m is below required 1.70 m.",
23july.bag,2026-07-23T21:03:51.826+05:30,44.187,target_explorer_node,/rosout,nav2_state,WARN,-2.29,24.28,,,,"Rejected frontier (-2.29, 24.28): endpoint clearance 0.63 m is below required 1.70 m.",
23july.bag,2026-07-23T21:03:51.827+05:30,44.187,target_explorer_node,/rosout,nav2_state,WARN,-1.99,24.33,,,,"Rejected frontier (-1.99, 24.33): endpoint clearance 0.93 m is below required 1.70 m.",
23july.bag,2026-07-23T21:03:51.827+05:30,44.188,target_explorer_node,/rosout,nav2_state,WARN,-2.14,24.38,,,,"Rejected frontier (-2.14, 24.38): endpoint clearance 0.78 m is below required 1.70 m.",
23july.bag,2026-07-23T21:03:51.828+05:30,44.188,target_explorer_node,/rosout,nav2_state,WARN,-2.34,24.43,,,,"Rejected frontier (-2.34, 24.43): endpoint clearance 0.58 m is below required 1.70 m.",
23july.bag,2026-07-23T21:03:51.828+05:30,44.189,target_explorer_node,/rosout,nav2_state,WARN,-2.39,24.48,,,,"Rejected frontier (-2.39, 24.48): endpoint clearance 0.54 m is below required 1.70 m.",
23july.bag,2026-07-23T21:03:51.829+05:30,44.189,target_explorer_node,/rosout,nav2_state,WARN,-2.04,24.48,,,,"Rejected frontier (-2.04, 24.48): endpoint clearance 0.88 m is below required 1.70 m.",
23july.bag,2026-07-23T21:03:51.829+05:30,44.19,target_explorer_node,/rosout,nav2_state,WARN,-2.19,24.53,,,,"Rejected frontier (-2.19, 24.53): endpoint clearance 0.75 m is below required 1.70 m.",
23july.bag,2026-07-23T21:03:51.830+05:30,44.19,target_explorer_node,/rosout,nav2_state,WARN,-2.14,24.58,,,,"Rejected frontier (-2.14, 24.58): endpoint clearance 0.79 m is below required 1.70 m.",
23july.bag,2026-07-23T21:03:51.830+05:30,44.191,target_explorer_node,/rosout,nav2_state,WARN,-0.79,24.43,,,,"Rejected frontier (-0.79, 24.43): endpoint clearance 1.52 m is below required 1.70 m.",
23july.bag,2026-07-23T21:03:51.831+05:30,44.191,target_explorer_node,/rosout,nav2_state,WARN,-1.24,24.83,,,,"Rejected frontier (-1.24, 24.83): endpoint clearance 1.58 m is below required 1.70 m.",
23july.bag,2026-07-23T21:03:51.831+05:30,44.192,target_explorer_node,/rosout,nav2_state,WARN,-1.14,24.58,,,,"Rejected frontier (-1.14, 24.58): endpoint clearance 1.41 m is below required 1.70 m.",
23july.bag,2026-07-23T21:03:51.832+05:30,44.192,target_explorer_node,/rosout,nav2_state,WARN,-0.84,24.68,,,,"Rejected frontier (-0.84, 24.68): endpoint clearance 1.67 m is below required 1.70 m.",
23july.bag,2026-07-23T21:03:51.832+05:30,44.193,target_explorer_node,/rosout,nav2_state,WARN,-1.44,24.83,,,,"Rejected frontier (-1.44, 24.83): endpoint clearance 1.48 m is below required 1.70 m.",
23july.bag,2026-07-23T21:03:51.833+05:30,44.193,target_explorer_node,/rosout,nav2_state,WARN,-1.49,24.88,,,,"Rejected frontier (-1.49, 24.88): endpoint clearance 1.43 m is below required 1.70 m.",
23july.bag,2026-07-23T21:03:51.834+05:30,44.194,target_explorer_node,/rosout,nav2_state,WARN,-1.59,25.03,,,,"Rejected frontier (-1.59, 25.03): endpoint clearance 1.34 m is below required 1.70 m.",
23july.bag,2026-07-23T21:03:51.834+05:30,44.195,target_explorer_node,/rosout,nav2_state,WARN,-1.44,25.08,,,,"Rejected frontier (-1.44, 25.08): endpoint clearance 1.50 m is below required 1.70 m.",
23july.bag,2026-07-23T21:03:51.835+05:30,44.195,target_explorer_node,/rosout,nav2_state,WARN,-2.74,24.93,,,,"Rejected frontier (-2.74, 24.93): endpoint clearance 0.22 m is below required 1.70 m.",
23july.bag,2026-07-23T21:03:51.835+05:30,44.196,target_explorer_node,/rosout,nav2_state,WARN,-2.84,25.13,,,,"Rejected frontier (-2.84, 25.13): endpoint clearance 0.13 m is below required 1.70 m.",
23july.bag,2026-07-23T21:03:51.836+05:30,44.196,target_explorer_node,/rosout,nav2_state,WARN,-2.89,24.88,,,,"Rejected frontier (-2.89, 24.88): endpoint clearance 0.08 m is below required 1.70 m.",
23july.bag,2026-07-23T21:03:51.836+05:30,44.197,target_explorer_node,/rosout,nav2_state,WARN,-2.79,24.98,,,,"Rejected frontier (-2.79, 24.98): endpoint clearance 0.19 m is below required 1.70 m.",
23july.bag,2026-07-23T21:03:51.837+05:30,44.198,target_explorer_node,/rosout,nav2_state,WARN,-2.84,25.18,,,,"Rejected frontier (-2.84, 25.18): endpoint clearance 0.15 m is below required 1.70 m.",
23july.bag,2026-07-23T21:03:51.837+05:30,44.198,target_explorer_node,/rosout,nav2_state,WARN,-2.89,25.23,,,,"Rejected frontier (-2.89, 25.23): endpoint clearance 0.13 m is below required 1.70 m.",
23july.bag,2026-07-23T21:03:51.838+05:30,44.199,target_explorer_node,/rosout,nav2_state,WARN,-2.69,25.23,,,,"Rejected frontier (-2.69, 25.23): endpoint clearance 0.30 m is below required 1.70 m.",
23july.bag,2026-07-23T21:03:51.839+05:30,44.199,target_explorer_node,/rosout,nav2_state,WARN,-2.84,25.28,,,,"Rejected frontier (-2.84, 25.28): endpoint clearance 0.15 m is below required 1.70 m.",
23july.bag,2026-07-23T21:03:51.839+05:30,44.2,target_explorer_node,/rosout,nav2_state,WARN,-2.89,25.33,,,,"Rejected frontier (-2.89, 25.33): endpoint clearance 0.08 m is below required 1.70 m.",
23july.bag,2026-07-23T21:03:51.844+05:30,44.205,/plan,/plan,path_update,RECORDED,-0.2868641889512844,24.4760128811459,,273,7.5144,Recorded path update on /plan,
23july.bag,2026-07-23T21:03:51.859+05:30,44.22,/plan,/plan,path_update,RECORDED,-1.1368642016172714,24.876012887106363,,312,8.4109,Recorded path update on /plan,
23july.bag,2026-07-23T21:03:51.872+05:30,44.233,/plan,/plan,path_update,RECORDED,-0.48686419938209724,19.626012801424686,,188,5.2432,Recorded path update on /plan,
23july.bag,2026-07-23T21:03:51.880+05:30,44.241,/plan,/plan,path_update,RECORDED,4.813135879594057,15.976012747035448,,77,2.9803,Recorded path update on /plan,
23july.bag,2026-07-23T21:03:51.887+05:30,44.248,/plan,/plan,path_update,RECORDED,-1.936864220988781,7.326012618140403,,603,15.785,Recorded path update on /plan,
23july.bag,2026-07-23T21:03:51.908+05:30,44.269,/plan,/plan,path_update,RECORDED,4.413135873633593,5.776012595043603,,515,13.3943,Recorded path update on /plan,
23july.bag,2026-07-23T21:03:51.925+05:30,44.286,target_explorer_node,/rosout,planning,INFO,-0.24,24.53,,,,"Sending NavigateToPose goal (-0.24, 24.53): progress=5.01 m alignment=0.995 path=7.51 m score=5.256.",7
23july.bag,2026-07-23T21:03:51.929+05:30,44.29,target_explorer_node,/rosout,nav2_state,INFO,-0.24,24.53,,,,"Nav2 accepted goal (-0.24, 24.53).",7
23july.bag,2026-07-23T21:03:51.933+05:30,44.294,/plan,/plan,path_update,RECORDED,-0.2868641889512844,24.4760128811459,,272,7.4763,Recorded path update on /plan,7
23july.bag,2026-07-23T21:03:51.947+05:30,44.308,controller_server,/rosout,goal_started,INFO,,,,,,"Received a goal, begin computing control effort.",7
23july.bag,2026-07-23T21:03:52.963+05:30,45.324,/plan,/plan,path_update,RECORDED,-0.23686419565680694,24.526012874440376,,271,7.007,Recorded path update on /plan,7
23july.bag,2026-07-23T21:03:52.997+05:30,45.358,controller_server,/rosout,planning,INFO,,,,,,Passing new path to controller.,7
23july.bag,2026-07-23T21:03:53.698+05:30,46.059,target_explorer_node,/rosout,cancellation,WARN,-0.24,24.53,,,,"Canceling active goal (-0.24, 24.53): latest map places an obstacle 0.71 m from the endpoint; required clearance is 1.70 m.",7
23july.bag,2026-07-23T21:03:53.699+05:30,46.06,target_explorer_node,/rosout,cancellation,INFO,,,,,,Nav2 accepted the cancellation; waiting for the action result before selecting another goal.,7
23july.bag,2026-07-23T21:03:53.726+05:30,46.087,bt_navigator_navigate_to_pose_rclcpp_node,/rosout,planning_failure,ERROR,,,,,,Failed to get result for follow_path in node halt!,7
23july.bag,2026-07-23T21:03:53.726+05:30,46.087,bt_navigator,/rosout,cancellation,INFO,,,,,,[navigate_to_pose] [ActionServer] Client requested to cancel the goal. Cancelling.,7
23july.bag,2026-07-23T21:03:53.726+05:30,46.087,bt_navigator,/rosout,cancellation,INFO,,,,,,Goal canceled,7
23july.bag,2026-07-23T21:03:53.727+05:30,46.088,target_explorer_node,/rosout,cancellation,INFO,-0.24,24.53,,,,"NavigateToPose cancellation completed for (-0.24, 24.53).",
23july.bag,2026-07-23T21:03:53.747+05:30,46.108,controller_server,/rosout,cancellation,INFO,,,,,,Goal was canceled. Stopping the robot.,
23july.bag,2026-07-23T21:03:53.747+05:30,46.108,controller_server,/rosout,cancellation,INFO,,,,,,[follow_path] [ActionServer] Client requested to cancel the goal. Cancelling.,
23july.bag,2026-07-23T21:03:53.799+05:30,46.159,target_explorer_node,/rosout,nav2_state,WARN,1.0,24.0,,,,"Rejected final target (1.00, 24.00): endpoint clearance 0.57 m is below required 1.70 m.",
23july.bag,2026-07-23T21:03:53.823+05:30,46.183,target_explorer_node,/rosout,nav2_state,WARN,-1.29,9.58,,,,"Rejected frontier (-1.29, 9.58): endpoint clearance 0.04 m is below required 1.70 m.",
23july.bag,2026-07-23T21:03:53.823+05:30,46.184,target_explorer_node,/rosout,nav2_state,WARN,-1.74,7.93,,,,"Rejected frontier (-1.74, 7.93): endpoint clearance 1.45 m is below required 1.70 m.",
23july.bag,2026-07-23T21:03:53.824+05:30,46.185,target_explorer_node,/rosout,nav2_state,WARN,-1.29,8.23,,,,"Rejected frontier (-1.29, 8.23): endpoint clearance 1.32 m is below required 1.70 m.",
23july.bag,2026-07-23T21:03:53.824+05:30,46.185,target_explorer_node,/rosout,nav2_state,WARN,6.71,7.18,,,,"Rejected frontier (6.71, 7.18): endpoint clearance 0.19 m is below required 1.70 m.",
23july.bag,2026-07-23T21:03:53.825+05:30,46.186,target_explorer_node,/rosout,nav2_state,WARN,5.21,6.28,,,,"Rejected frontier (5.21, 6.28): endpoint clearance 0.98 m is below required 1.70 m.",
23july.bag,2026-07-23T21:03:53.826+05:30,46.186,target_explorer_node,/rosout,nav2_state,WARN,6.21,6.78,,,,"Rejected frontier (6.21, 6.78): endpoint clearance 0.22 m is below required 1.70 m.",
23july.bag,2026-07-23T21:03:53.827+05:30,46.187,target_explorer_node,/rosout,nav2_state,WARN,8.06,9.08,,,,"Rejected frontier (8.06, 9.08): endpoint clearance 0.03 m is below required 1.70 m.",
23july.bag,2026-07-23T21:03:53.827+05:30,46.188,target_explorer_node,/rosout,nav2_state,WARN,8.16,9.18,,,,"Rejected frontier (8.16, 9.18): endpoint clearance 0.15 m is below required 1.70 m.",
23july.bag,2026-07-23T21:03:53.828+05:30,46.189,target_explorer_node,/rosout,nav2_state,WARN,8.26,9.23,,,,"Rejected frontier (8.26, 9.23): endpoint clearance 0.25 m is below required 1.70 m.",
23july.bag,2026-07-23T21:03:53.828+05:30,46.189,target_explorer_node,/rosout,nav2_state,WARN,8.36,9.28,,,,"Rejected frontier (8.36, 9.28): endpoint clearance 0.29 m is below required 1.70 m.",
23july.bag,2026-07-23T21:03:53.829+05:30,46.19,target_explorer_node,/rosout,nav2_state,WARN,8.46,9.33,,,,"Rejected frontier (8.46, 9.33): endpoint clearance 0.18 m is below required 1.70 m.",
23july.bag,2026-07-23T21:03:53.830+05:30,46.19,target_explorer_node,/rosout,nav2_state,WARN,8.51,9.38,,,,"Rejected frontier (8.51, 9.38): endpoint clearance 0.13 m is below required 1.70 m.",
23july.bag,2026-07-23T21:03:53.832+05:30,46.193,target_explorer_node,/rosout,nav2_state,WARN,8.56,9.38,,,,"Rejected frontier (8.56, 9.38): endpoint clearance 0.08 m is below required 1.70 m.",
23july.bag,2026-07-23T21:03:53.833+05:30,46.193,target_explorer_node,/rosout,nav2_state,WARN,9.01,11.63,,,,"Rejected frontier (9.01, 11.63): endpoint clearance 0.26 m is below required 1.70 m.",
23july.bag,2026-07-23T21:03:53.833+05:30,46.193,target_explorer_node,/rosout,nav2_state,WARN,8.76,11.43,,,,"Rejected frontier (8.76, 11.43): endpoint clearance 0.15 m is below required 1.70 m.",
23july.bag,2026-07-23T21:03:53.833+05:30,46.193,target_explorer_node,/rosout,nav2_state,WARN,8.26,11.03,,,,"Rejected frontier (8.26, 11.03): endpoint clearance 0.03 m is below required 1.70 m.",
23july.bag,2026-07-23T21:03:53.833+05:30,46.194,target_explorer_node,/rosout,nav2_state,WARN,8.36,11.13,,,,"Rejected frontier (8.36, 11.13): endpoint clearance 0.15 m is below required 1.70 m.",
23july.bag,2026-07-23T21:03:53.835+05:30,46.196,target_explorer_node,/rosout,nav2_state,WARN,8.46,11.18,,,,"Rejected frontier (8.46, 11.18): endpoint clearance 0.18 m is below required 1.70 m.",
23july.bag,2026-07-23T21:03:53.835+05:30,46.196,target_explorer_node,/rosout,nav2_state,WARN,8.56,11.28,,,,"Rejected frontier (8.56, 11.28): endpoint clearance 0.04 m is below required 1.70 m.",
23july.bag,2026-07-23T21:03:53.836+05:30,46.196,target_explorer_node,/rosout,nav2_state,WARN,8.66,11.33,,,,"Rejected frontier (8.66, 11.33): endpoint clearance 0.03 m is below required 1.70 m.",
23july.bag,2026-07-23T21:03:53.836+05:30,46.197,target_explorer_node,/rosout,nav2_state,WARN,8.86,11.53,,,,"Rejected frontier (8.86, 11.53): endpoint clearance 0.29 m is below required 1.70 m.",
23july.bag,2026-07-23T21:03:53.837+05:30,46.198,target_explorer_node,/rosout,nav2_state,WARN,9.06,11.63,,,,"Rejected frontier (9.06, 11.63): endpoint clearance 0.22 m is below required 1.70 m.",
23july.bag,2026-07-23T21:03:53.838+05:30,46.198,target_explorer_node,/rosout,nav2_state,WARN,9.16,11.68,,,,"Rejected frontier (9.16, 11.68): endpoint clearance 0.11 m is below required 1.70 m.",
23july.bag,2026-07-23T21:03:53.838+05:30,46.199,target_explorer_node,/rosout,nav2_state,WARN,9.56,12.38,,,,"Rejected frontier (9.56, 12.38): endpoint clearance 0.37 m is below required 1.70 m.",
23july.bag,2026-07-23T21:03:53.839+05:30,46.199,target_explorer_node,/rosout,nav2_state,WARN,9.26,12.13,,,,"Rejected frontier (9.26, 12.13): endpoint clearance 0.03 m is below required 1.70 m.",
23july.bag,2026-07-23T21:03:53.839+05:30,46.2,target_explorer_node,/rosout,nav2_state,WARN,9.31,12.18,,,,"Rejected frontier (9.31, 12.18): endpoint clearance 0.08 m is below required 1.70 m.",
23july.bag,2026-07-23T21:03:53.840+05:30,46.201,target_explorer_node,/rosout,nav2_state,WARN,9.36,12.18,,,,"Rejected frontier (9.36, 12.18): endpoint clearance 0.11 m is below required 1.70 m.",
23july.bag,2026-07-23T21:03:53.841+05:30,46.202,target_explorer_node,/rosout,nav2_state,WARN,9.46,12.28,,,,"Rejected frontier (9.46, 12.28): endpoint clearance 0.25 m is below required 1.70 m.",
23july.bag,2026-07-23T21:03:53.842+05:30,46.203,target_explorer_node,/rosout,nav2_state,WARN,9.66,12.43,,,,"Rejected frontier (9.66, 12.43): endpoint clearance 0.26 m is below required 1.70 m.",
23july.bag,2026-07-23T21:03:53.843+05:30,46.203,target_explorer_node,/rosout,nav2_state,WARN,9.71,12.48,,,,"Rejected frontier (9.71, 12.48): endpoint clearance 0.19 m is below required 1.70 m.",
23july.bag,2026-07-23T21:03:53.843+05:30,46.204,target_explorer_node,/rosout,nav2_state,WARN,9.76,12.48,,,,"Rejected frontier (9.76, 12.48): endpoint clearance 0.15 m is below required 1.70 m.",
23july.bag,2026-07-23T21:03:53.844+05:30,46.204,target_explorer_node,/rosout,nav2_state,WARN,10.11,12.98,,,,"Rejected frontier (10.11, 12.98): endpoint clearance 0.04 m is below required 1.70 m.",
23july.bag,2026-07-23T21:03:53.844+05:30,46.205,target_explorer_node,/rosout,nav2_state,WARN,10.01,13.03,,,,"Rejected frontier (10.01, 13.03): endpoint clearance 0.03 m is below required 1.70 m.",
23july.bag,2026-07-23T21:03:53.845+05:30,46.206,target_explorer_node,/rosout,nav2_state,WARN,10.06,13.08,,,,"Rejected frontier (10.06, 13.08): endpoint clearance 0.08 m is below required 1.70 m.",
23july.bag,2026-07-23T21:03:53.846+05:30,46.206,target_explorer_node,/rosout,nav2_state,WARN,10.16,13.13,,,,"Rejected frontier (10.16, 13.13): endpoint clearance 0.18 m is below required 1.70 m.",
23july.bag,2026-07-23T21:03:53.846+05:30,46.207,target_explorer_node,/rosout,nav2_state,WARN,10.16,13.18,,,,"Rejected frontier (10.16, 13.18): endpoint clearance 0.18 m is below required 1.70 m.",
23july.bag,2026-07-23T21:03:53.847+05:30,46.208,target_explorer_node,/rosout,nav2_state,WARN,4.01,17.68,,,,"Rejected frontier (4.01, 17.68): endpoint clearance 0.29 m is below required 1.70 m.",
23july.bag,2026-07-23T21:03:53.848+05:30,46.208,target_explorer_node,/rosout,nav2_state,WARN,4.61,15.98,,,,"Rejected frontier (4.61, 15.98): endpoint clearance 1.61 m is below required 1.70 m.",
23july.bag,2026-07-23T21:03:53.848+05:30,46.209,target_explorer_node,/rosout,nav2_state,WARN,4.66,13.13,,,,"Rejected frontier (4.66, 13.13): endpoint clearance 0.04 m is below required 1.70 m.",
23july.bag,2026-07-23T21:03:53.848+05:30,46.209,target_explorer_node,/rosout,nav2_state,WARN,4.61,13.98,,,,"Rejected frontier (4.61, 13.98): endpoint clearance 0.18 m is below required 1.70 m.",
23july.bag,2026-07-23T21:03:53.849+05:30,46.21,target_explorer_node,/rosout,nav2_state,WARN,4.51,14.78,,,,"Rejected frontier (4.51, 14.78): endpoint clearance 0.78 m is below required 1.70 m.",
23july.bag,2026-07-23T21:03:53.849+05:30,46.21,target_explorer_node,/rosout,nav2_state,WARN,4.51,15.38,,,,"Rejected frontier (4.51, 15.38): endpoint clearance 1.35 m is below required 1.70 m.",
23july.bag,2026-07-23T21:03:53.850+05:30,46.21,target_explorer_node,/rosout,nav2_state,WARN,4.71,15.78,,,,"Rejected frontier (4.71, 15.78): endpoint clearance 1.67 m is below required 1.70 m.",
23july.bag,2026-07-23T21:03:53.850+05:30,46.211,target_explorer_node,/rosout,nav2_state,WARN,4.76,16.23,,,,"Rejected frontier (4.76, 16.23): endpoint clearance 1.52 m is below required 1.70 m.",
23july.bag,2026-07-23T21:03:53.851+05:30,46.211,target_explorer_node,/rosout,nav2_state,WARN,4.66,16.58,,,,"Rejected frontier (4.66, 16.58): endpoint clearance 1.22 m is below required 1.70 m.",
23july.bag,2026-07-23T21:03:53.851+05:30,46.212,target_explorer_node,/rosout,nav2_state,WARN,4.56,16.93,,,,"Rejected frontier (4.56, 16.93): endpoint clearance 0.95 m is below required 1.70 m.",
23july.bag,2026-07-23T21:03:53.851+05:30,46.212,target_explorer_node,/rosout,nav2_state,WARN,3.66,17.43,,,,"Rejected frontier (3.66, 17.43): endpoint clearance 0.04 m is below required 1.70 m.",
23july.bag,2026-07-23T21:03:53.852+05:30,46.213,target_explorer_node,/rosout,nav2_state,WARN,4.26,17.58,,,,"Rejected frontier (4.26, 17.58): endpoint clearance 0.53 m is below required 1.70 m.",
23july.bag,2026-07-23T21:03:53.852+05:30,46.213,target_explorer_node,/rosout,nav2_state,WARN,10.46,15.33,,,,"Rejected frontier (10.46, 15.33): endpoint clearance 0.04 m is below required 1.70 m.",
23july.bag,2026-07-23T21:03:53.853+05:30,46.214,target_explorer_node,/rosout,nav2_state,WARN,11.21,14.78,,,,"Rejected frontier (11.21, 14.78): endpoint clearance 0.19 m is below required 1.70 m.",
23july.bag,2026-07-23T21:03:53.853+05:30,46.214,target_explorer_node,/rosout,nav2_state,WARN,10.01,13.28,,,,"Rejected frontier (10.01, 13.28): endpoint clearance 0.04 m is below required 1.70 m.",
23july.bag,2026-07-23T21:03:53.854+05:30,46.214,target_explorer_node,/rosout,nav2_state,WARN,10.71,13.83,,,,"Rejected frontier (10.71, 13.83): endpoint clearance 0.68 m is below required 1.70 m.",
23july.bag,2026-07-23T21:03:53.854+05:30,46.215,target_explorer_node,/rosout,nav2_state,WARN,11.01,14.08,,,,"Rejected frontier (11.01, 14.08): endpoint clearance 0.78 m is below required 1.70 m.",
23july.bag,2026-07-23T21:03:53.855+05:30,46.215,target_explorer_node,/rosout,nav2_state,WARN,10.56,14.28,,,,"Rejected frontier (10.56, 14.28): endpoint clearance 0.51 m is below required 1.70 m.",
23july.bag,2026-07-23T21:03:53.855+05:30,46.216,target_explorer_node,/rosout,nav2_state,WARN,11.16,14.48,,,,"Rejected frontier (11.16, 14.48): endpoint clearance 0.40 m is below required 1.70 m.",
23july.bag,2026-07-23T21:03:53.856+05:30,46.217,target_explorer_node,/rosout,nav2_state,WARN,11.81,14.63,,,,"Rejected frontier (11.81, 14.63): endpoint clearance 0.44 m is below required 1.70 m.",
23july.bag,2026-07-23T21:03:53.857+05:30,46.217,target_explorer_node,/rosout,nav2_state,WARN,11.56,14.78,,,,"Rejected frontier (11.56, 14.78): endpoint clearance 0.29 m is below required 1.70 m.",
23july.bag,2026-07-23T21:03:53.857+05:30,46.218,target_explorer_node,/rosout,nav2_state,WARN,11.01,14.98,,,,"Rejected frontier (11.01, 14.98): endpoint clearance 0.08 m is below required 1.70 m.",
23july.bag,2026-07-23T21:03:53.858+05:30,46.218,target_explorer_node,/rosout,nav2_state,WARN,11.61,15.33,,,,"Rejected frontier (11.61, 15.33): endpoint clearance 0.13 m is below required 1.70 m.",
23july.bag,2026-07-23T21:03:53.858+05:30,46.219,target_explorer_node,/rosout,nav2_state,WARN,11.21,15.53,,,,"Rejected frontier (11.21, 15.53): endpoint clearance 0.08 m is below required 1.70 m.",
23july.bag,2026-07-23T21:03:53.859+05:30,46.22,target_explorer_node,/rosout,nav2_state,WARN,10.01,14.03,,,,"Rejected frontier (10.01, 14.03): endpoint clearance 0.03 m is below required 1.70 m.",
23july.bag,2026-07-23T21:03:53.860+05:30,46.221,target_explorer_node,/rosout,nav2_state,WARN,10.26,14.18,,,,"Rejected frontier (10.26, 14.18): endpoint clearance 0.29 m is below required 1.70 m.",
23july.bag,2026-07-23T21:03:53.860+05:30,46.221,target_explorer_node,/rosout,nav2_state,WARN,10.11,13.88,,,,"Rejected frontier (10.11, 13.88): endpoint clearance 0.08 m is below required 1.70 m.",
23july.bag,2026-07-23T21:03:53.861+05:30,46.222,target_explorer_node,/rosout,nav2_state,WARN,10.16,13.93,,,,"Rejected frontier (10.16, 13.93): endpoint clearance 0.13 m is below required 1.70 m.",
23july.bag,2026-07-23T21:03:53.862+05:30,46.222,target_explorer_node,/rosout,nav2_state,WARN,10.11,13.98,,,,"Rejected frontier (10.11, 13.98): endpoint clearance 0.08 m is below required 1.70 m.",
23july.bag,2026-07-23T21:03:53.862+05:30,46.223,target_explorer_node,/rosout,nav2_state,WARN,10.16,14.03,,,,"Rejected frontier (10.16, 14.03): endpoint clearance 0.13 m is below required 1.70 m.",
23july.bag,2026-07-23T21:03:53.863+05:30,46.223,target_explorer_node,/rosout,nav2_state,WARN,10.06,14.08,,,,"Rejected frontier (10.06, 14.08): endpoint clearance 0.08 m is below required 1.70 m.",
23july.bag,2026-07-23T21:03:53.863+05:30,46.224,target_explorer_node,/rosout,nav2_state,WARN,10.31,14.08,,,,"Rejected frontier (10.31, 14.08): endpoint clearance 0.29 m is below required 1.70 m.",
23july.bag,2026-07-23T21:03:53.864+05:30,46.224,target_explorer_node,/rosout,nav2_state,WARN,10.21,14.13,,,,"Rejected frontier (10.21, 14.13): endpoint clearance 0.22 m is below required 1.70 m.",
23july.bag,2026-07-23T21:03:53.864+05:30,46.225,target_explorer_node,/rosout,nav2_state,WARN,10.16,14.18,,,,"Rejected frontier (10.16, 14.18): endpoint clearance 0.22 m is below required 1.70 m.",
23july.bag,2026-07-23T21:03:53.864+05:30,46.225,target_explorer_node,/rosout,nav2_state,WARN,10.41,14.18,,,,"Rejected frontier (10.41, 14.18): endpoint clearance 0.41 m is below required 1.70 m.",
23july.bag,2026-07-23T21:03:53.865+05:30,46.226,target_explorer_node,/rosout,nav2_state,WARN,10.61,15.03,,,,"Rejected frontier (10.61, 15.03): endpoint clearance 0.23 m is below required 1.70 m.",
23july.bag,2026-07-23T21:03:53.865+05:30,46.226,target_explorer_node,/rosout,nav2_state,WARN,10.76,14.98,,,,"Rejected frontier (10.76, 14.98): endpoint clearance 0.24 m is below required 1.70 m.",
23july.bag,2026-07-23T21:03:53.866+05:30,46.226,target_explorer_node,/rosout,nav2_state,WARN,10.56,14.83,,,,"Rejected frontier (10.56, 14.83): endpoint clearance 0.18 m is below required 1.70 m.",
23july.bag,2026-07-23T21:03:53.867+05:30,46.227,target_explorer_node,/rosout,nav2_state,WARN,10.51,14.88,,,,"Rejected frontier (10.51, 14.88): endpoint clearance 0.15 m is below required 1.70 m.",
23july.bag,2026-07-23T21:03:53.867+05:30,46.228,target_explorer_node,/rosout,nav2_state,WARN,10.61,14.88,,,,"Rejected frontier (10.61, 14.88): endpoint clearance 0.24 m is below required 1.70 m.",
23july.bag,2026-07-23T21:03:53.867+05:30,46.228,target_explorer_node,/rosout,nav2_state,WARN,10.66,14.88,,,,"Rejected frontier (10.66, 14.88): endpoint clearance 0.29 m is below required 1.70 m.",
23july.bag,2026-07-23T21:03:53.868+05:30,46.229,target_explorer_node,/rosout,nav2_state,WARN,10.66,15.08,,,,"Rejected frontier (10.66, 15.08): endpoint clearance 0.22 m is below required 1.70 m.",
23july.bag,2026-07-23T21:03:53.868+05:30,46.229,target_explorer_node,/rosout,nav2_state,WARN,10.86,15.03,,,,"Rejected frontier (10.86, 15.03): endpoint clearance 0.18 m is below required 1.70 m.",
23july.bag,2026-07-23T21:03:53.869+05:30,46.23,target_explorer_node,/rosout,nav2_state,WARN,11.16,15.23,,,,"Rejected frontier (11.16, 15.23): endpoint clearance 0.18 m is below required 1.70 m.",
23july.bag,2026-07-23T21:03:53.870+05:30,46.23,target_explorer_node,/rosout,nav2_state,WARN,11.01,15.08,,,,"Rejected frontier (11.01, 15.08): endpoint clearance 0.18 m is below required 1.70 m.",
23july.bag,2026-07-23T21:03:53.870+05:30,46.231,target_explorer_node,/rosout,nav2_state,WARN,11.06,15.13,,,,"Rejected frontier (11.06, 15.13): endpoint clearance 0.23 m is below required 1.70 m.",
23july.bag,2026-07-23T21:03:53.871+05:30,46.231,target_explorer_node,/rosout,nav2_state,WARN,11.01,15.18,,,,"Rejected frontier (11.01, 15.18): endpoint clearance 0.28 m is below required 1.70 m.",
23july.bag,2026-07-23T21:03:53.871+05:30,46.232,target_explorer_node,/rosout,nav2_state,WARN,11.06,15.23,,,,"Rejected frontier (11.06, 15.23): endpoint clearance 0.22 m is below required 1.70 m.",
23july.bag,2026-07-23T21:03:53.872+05:30,46.232,target_explorer_node,/rosout,nav2_state,WARN,11.36,15.23,,,,"Rejected frontier (11.36, 15.23): endpoint clearance 0.22 m is below required 1.70 m.",
23july.bag,2026-07-23T21:03:53.872+05:30,46.233,target_explorer_node,/rosout,nav2_state,WARN,11.21,15.28,,,,"Rejected frontier (11.21, 15.28): endpoint clearance 0.13 m is below required 1.70 m.",
23july.bag,2026-07-23T21:03:53.872+05:30,46.233,target_explorer_node,/rosout,nav2_state,WARN,11.41,15.28,,,,"Rejected frontier (11.41, 15.28): endpoint clearance 0.19 m is below required 1.70 m.",
23july.bag,2026-07-23T21:03:53.873+05:30,46.234,target_explorer_node,/rosout,nav2_state,WARN,4.81,15.58,,,,"Rejected frontier (4.81, 15.58): endpoint clearance 1.45 m is below required 1.70 m.",
23july.bag,2026-07-23T21:03:53.874+05:30,46.234,target_explorer_node,/rosout,nav2_state,WARN,4.86,15.63,,,,"Rejected frontier (4.86, 15.63): endpoint clearance 1.49 m is below required 1.70 m.",
23july.bag,2026-07-23T21:03:53.874+05:30,46.235,target_explorer_node,/rosout,nav2_state,WARN,4.86,15.68,,,,"Rejected frontier (4.86, 15.68): endpoint clearance 1.54 m is below required 1.70 m.",
23july.bag,2026-07-23T21:03:53.875+05:30,46.236,target_explorer_node,/rosout,nav2_state,WARN,4.81,15.78,,,,"Rejected frontier (4.81, 15.78): endpoint clearance 1.65 m is below required 1.70 m.",
23july.bag,2026-07-23T21:03:53.876+05:30,46.236,target_explorer_node,/rosout,nav2_state,WARN,4.81,16.03,,,,"Rejected frontier (4.81, 16.03): endpoint clearance 1.70 m is below required 1.70 m.",
23july.bag,2026-07-23T21:03:53.876+05:30,46.237,target_explorer_node,/rosout,nav2_state,WARN,4.81,16.08,,,,"Rejected frontier (4.81, 16.08): endpoint clearance 1.66 m is below required 1.70 m.",
23july.bag,2026-07-23T21:03:53.877+05:30,46.238,target_explorer_node,/rosout,nav2_state,WARN,3.16,18.33,,,,"Rejected frontier (3.16, 18.33): endpoint clearance 0.04 m is below required 1.70 m.",
23july.bag,2026-07-23T21:03:53.877+05:30,46.238,target_explorer_node,/rosout,nav2_state,WARN,3.11,18.23,,,,"Rejected frontier (3.11, 18.23): endpoint clearance 0.08 m is below required 1.70 m.",
23july.bag,2026-07-23T21:03:53.878+05:30,46.238,target_explorer_node,/rosout,nav2_state,WARN,3.31,18.18,,,,"Rejected frontier (3.31, 18.18): endpoint clearance 0.03 m is below required 1.70 m.",
23july.bag,2026-07-23T21:03:53.879+05:30,46.239,target_explorer_node,/rosout,nav2_state,WARN,2.86,18.23,,,,"Rejected frontier (2.86, 18.23): endpoint clearance 0.08 m is below required 1.70 m.",
23july.bag,2026-07-23T21:03:53.879+05:30,46.24,target_explorer_node,/rosout,nav2_state,WARN,3.16,18.23,,,,"Rejected frontier (3.16, 18.23): endpoint clearance 0.04 m is below required 1.70 m.",
23july.bag,2026-07-23T21:03:53.880+05:30,46.24,target_explorer_node,/rosout,nav2_state,WARN,2.76,18.28,,,,"Rejected frontier (2.76, 18.28): endpoint clearance 0.03 m is below required 1.70 m.",
23july.bag,2026-07-23T21:03:53.880+05:30,46.241,target_explorer_node,/rosout,nav2_state,WARN,2.91,18.28,,,,"Rejected frontier (2.91, 18.28): endpoint clearance 0.08 m is below required 1.70 m.",
23july.bag,2026-07-23T21:03:53.881+05:30,46.241,target_explorer_node,/rosout,nav2_state,WARN,2.96,18.33,,,,"Rejected frontier (2.96, 18.33): endpoint clearance 0.13 m is below required 1.70 m.",
23july.bag,2026-07-23T21:03:53.881+05:30,46.242,target_explorer_node,/rosout,nav2_state,WARN,9.31,18.43,,,,"Rejected frontier (9.31, 18.43): endpoint clearance 0.04 m is below required 1.70 m.",
23july.bag,2026-07-23T21:03:53.882+05:30,46.242,target_explorer_node,/rosout,nav2_state,WARN,9.26,18.48,,,,"Rejected frontier (9.26, 18.48): endpoint clearance 0.08 m is below required 1.70 m.",
23july.bag,2026-07-23T21:03:53.883+05:30,46.243,target_explorer_node,/rosout,nav2_state,WARN,9.31,18.58,,,,"Rejected frontier (9.31, 18.58): endpoint clearance 0.04 m is below required 1.70 m.",
23july.bag,2026-07-23T21:03:53.883+05:30,46.244,target_explorer_node,/rosout,nav2_state,WARN,9.26,18.68,,,,"Rejected frontier (9.26, 18.68): endpoint clearance 0.03 m is below required 1.70 m.",
23july.bag,2026-07-23T21:03:53.883+05:30,46.244,target_explorer_node,/rosout,nav2_state,WARN,9.31,18.78,,,,"Rejected frontier (9.31, 18.78): endpoint clearance 0.13 m is below required 1.70 m.",
23july.bag,2026-07-23T21:03:53.884+05:30,46.244,target_explorer_node,/rosout,nav2_state,WARN,9.36,18.83,,,,"Rejected frontier (9.36, 18.83): endpoint clearance 0.08 m is below required 1.70 m.",
23july.bag,2026-07-23T21:03:53.884+05:30,46.245,target_explorer_node,/rosout,nav2_state,WARN,9.36,18.88,,,,"Rejected frontier (9.36, 18.88): endpoint clearance 0.04 m is below required 1.70 m.",
23july.bag,2026-07-23T21:03:53.885+05:30,46.245,target_explorer_node,/rosout,nav2_state,WARN,9.41,18.98,,,,"Rejected frontier (9.41, 18.98): endpoint clearance 0.08 m is below required 1.70 m.",
23july.bag,2026-07-23T21:03:53.885+05:30,46.246,target_explorer_node,/rosout,nav2_state,WARN,2.31,19.03,,,,"Rejected frontier (2.31, 19.03): endpoint clearance 0.03 m is below required 1.70 m.",
23july.bag,2026-07-23T21:03:53.886+05:30,46.246,target_explorer_node,/rosout,nav2_state,WARN,1.06,19.28,,,,"Rejected frontier (1.06, 19.28): endpoint clearance 1.23 m is below required 1.70 m.",
23july.bag,2026-07-23T21:03:53.887+05:30,46.247,target_explorer_node,/rosout,nav2_state,WARN,-5.94,20.73,,,,"Rejected frontier (-5.94, 20.73): endpoint clearance 1.34 m is below required 1.70 m.",
23july.bag,2026-07-23T21:03:53.887+05:30,46.248,target_explorer_node,/rosout,nav2_state,WARN,-6.69,20.88,,,,"Rejected frontier (-6.69, 20.88): endpoint clearance 0.65 m is below required 1.70 m.",
23july.bag,2026-07-23T21:03:53.887+05:30,46.248,target_explorer_node,/rosout,nav2_state,WARN,-6.89,20.98,,,,"Rejected frontier (-6.89, 20.98): endpoint clearance 0.43 m is below required 1.70 m.",
23july.bag,2026-07-23T21:03:53.888+05:30,46.249,target_explorer_node,/rosout,nav2_state,WARN,8.11,20.23,,,,"Rejected frontier (8.11, 20.23): endpoint clearance 0.08 m is below required 1.70 m.",
23july.bag,2026-07-23T21:03:53.888+05:30,46.249,target_explorer_node,/rosout,nav2_state,WARN,8.81,20.78,,,,"Rejected frontier (8.81, 20.78): endpoint clearance 0.58 m is below required 1.70 m.",
23july.bag,2026-07-23T21:03:53.889+05:30,46.249,target_explorer_node,/rosout,nav2_state,WARN,8.51,19.63,,,,"Rejected frontier (8.51, 19.63): endpoint clearance 0.03 m is below required 1.70 m.",
23july.bag,2026-07-23T21:03:53.889+05:30,46.25,target_explorer_node,/rosout,nav2_state,WARN,8.56,19.93,,,,"Rejected frontier (8.56, 19.93): endpoint clearance 0.28 m is below required 1.70 m.",
23july.bag,2026-07-23T21:03:53.890+05:30,46.25,target_explorer_node,/rosout,nav2_state,WARN,8.31,20.08,,,,"Rejected frontier (8.31, 20.08): endpoint clearance 0.08 m is below required 1.70 m.",
23july.bag,2026-07-23T21:03:53.890+05:30,46.251,target_explorer_node,/rosout,nav2_state,WARN,8.66,20.18,,,,"Rejected frontier (8.66, 20.18): endpoint clearance 0.43 m is below required 1.70 m.",
23july.bag,2026-07-23T21:03:53.890+05:30,46.251,target_explorer_node,/rosout,nav2_state,WARN,8.71,20.33,,,,"Rejected frontier (8.71, 20.33): endpoint clearance 0.48 m is below required 1.70 m.",
23july.bag,2026-07-23T21:03:53.891+05:30,46.252,target_explorer_node,/rosout,nav2_state,WARN,8.71,20.58,,,,"Rejected frontier (8.71, 20.58): endpoint clearance 0.55 m is below required 1.70 m.",
23july.bag,2026-07-23T21:03:53.891+05:30,46.252,target_explorer_node,/rosout,nav2_state,WARN,8.91,20.78,,,,"Rejected frontier (8.91, 20.78): endpoint clearance 0.68 m is below required 1.70 m.",
23july.bag,2026-07-23T21:03:53.892+05:30,46.253,target_explorer_node,/rosout,nav2_state,WARN,8.91,21.03,,,,"Rejected frontier (8.91, 21.03): endpoint clearance 0.69 m is below required 1.70 m.",
23july.bag,2026-07-23T21:03:53.892+05:30,46.253,target_explorer_node,/rosout,nav2_state,WARN,9.01,21.18,,,,"Rejected frontier (9.01, 21.18): endpoint clearance 0.82 m is below required 1.70 m.",
23july.bag,2026-07-23T21:03:53.893+05:30,46.254,target_explorer_node,/rosout,nav2_state,WARN,9.16,21.48,,,,"Rejected frontier (9.16, 21.48): endpoint clearance 1.09 m is below required 1.70 m.",
23july.bag,2026-07-23T21:03:53.893+05:30,46.254,target_explorer_node,/rosout,nav2_state,WARN,7.81,20.68,,,,"Rejected frontier (7.81, 20.68): endpoint clearance 0.11 m is below required 1.70 m.",
23july.bag,2026-07-23T21:03:53.894+05:30,46.254,target_explorer_node,/rosout,nav2_state,WARN,8.06,20.83,,,,"Rejected frontier (8.06, 20.83): endpoint clearance 0.13 m is below required 1.70 m.",
23july.bag,2026-07-23T21:03:53.894+05:30,46.255,target_explorer_node,/rosout,nav2_state,WARN,7.86,20.63,,,,"Rejected frontier (7.86, 20.63): endpoint clearance 0.13 m is below required 1.70 m.",
23july.bag,2026-07-23T21:03:53.895+05:30,46.255,target_explorer_node,/rosout,nav2_state,WARN,7.96,20.63,,,,"Rejected frontier (7.96, 20.63): endpoint clearance 0.22 m is below required 1.70 m.",
23july.bag,2026-07-23T21:03:53.895+05:30,46.256,target_explorer_node,/rosout,nav2_state,WARN,7.91,20.68,,,,"Rejected frontier (7.91, 20.68): endpoint clearance 0.19 m is below required 1.70 m.",
23july.bag,2026-07-23T21:03:53.896+05:30,46.256,target_explorer_node,/rosout,nav2_state,WARN,8.01,20.68,,,,"Rejected frontier (8.01, 20.68): endpoint clearance 0.25 m is below required 1.70 m.",
23july.bag,2026-07-23T21:03:53.896+05:30,46.257,target_explorer_node,/rosout,nav2_state,WARN,7.81,20.78,,,,"Rejected frontier (7.81, 20.78): endpoint clearance 0.08 m is below required 1.70 m.",
23july.bag,2026-07-23T21:03:53.897+05:30,46.257,target_explorer_node,/rosout,nav2_state,WARN,7.91,20.78,,,,"Rejected frontier (7.91, 20.78): endpoint clearance 0.15 m is below required 1.70 m.",
23july.bag,2026-07-23T21:03:53.897+05:30,46.258,target_explorer_node,/rosout,nav2_state,WARN,8.01,20.78,,,,"Rejected frontier (8.01, 20.78): endpoint clearance 0.19 m is below required 1.70 m.",
23july.bag,2026-07-23T21:03:53.897+05:30,46.258,target_explorer_node,/rosout,nav2_state,WARN,-2.99,22.58,,,,"Rejected frontier (-2.99, 22.58): endpoint clearance 0.22 m is below required 1.70 m.",
23july.bag,2026-07-23T21:03:53.898+05:30,46.259,target_explorer_node,/rosout,nav2_state,WARN,-3.79,22.83,,,,"Rejected frontier (-3.79, 22.83): endpoint clearance 0.70 m is below required 1.70 m.",
23july.bag,2026-07-23T21:03:53.898+05:30,46.259,target_explorer_node,/rosout,nav2_state,WARN,-3.89,22.48,,,,"Rejected frontier (-3.89, 22.48): endpoint clearance 0.85 m is below required 1.70 m.",
23july.bag,2026-07-23T21:03:53.899+05:30,46.259,target_explorer_node,/rosout,nav2_state,WARN,-3.44,22.53,,,,"Rejected frontier (-3.44, 22.53): endpoint clearance 0.63 m is below required 1.70 m.",
23july.bag,2026-07-23T21:03:53.899+05:30,46.26,target_explorer_node,/rosout,nav2_state,WARN,-3.49,22.58,,,,"Rejected frontier (-3.49, 22.58): endpoint clearance 0.69 m is below required 1.70 m.",
23july.bag,2026-07-23T21:03:53.900+05:30,46.261,target_explorer_node,/rosout,nav2_state,WARN,-3.59,22.63,,,,"Rejected frontier (-3.59, 22.63): endpoint clearance 0.75 m is below required 1.70 m.",
23july.bag,2026-07-23T21:03:53.901+05:30,46.261,target_explorer_node,/rosout,nav2_state,WARN,-3.69,22.68,,,,"Rejected frontier (-3.69, 22.68): endpoint clearance 0.80 m is below required 1.70 m.",
23july.bag,2026-07-23T21:03:53.901+05:30,46.262,target_explorer_node,/rosout,nav2_state,WARN,-3.54,22.73,,,,"Rejected frontier (-3.54, 22.73): endpoint clearance 0.65 m is below required 1.70 m.",
23july.bag,2026-07-23T21:03:53.902+05:30,46.262,target_explorer_node,/rosout,nav2_state,WARN,-3.39,22.78,,,,"Rejected frontier (-3.39, 22.78): endpoint clearance 0.50 m is below required 1.70 m.",
23july.bag,2026-07-23T21:03:53.902+05:30,46.263,target_explorer_node,/rosout,nav2_state,WARN,-3.54,22.83,,,,"Rejected frontier (-3.54, 22.83): endpoint clearance 0.59 m is below required 1.70 m.",
23july.bag,2026-07-23T21:03:53.903+05:30,46.263,target_explorer_node,/rosout,nav2_state,WARN,-3.64,22.93,,,,"Rejected frontier (-3.64, 22.93): endpoint clearance 0.65 m is below required 1.70 m.",
23july.bag,2026-07-23T21:03:53.903+05:30,46.264,target_explorer_node,/rosout,nav2_state,WARN,-3.99,23.03,,,,"Rejected frontier (-3.99, 23.03): endpoint clearance 0.44 m is below required 1.70 m.",
23july.bag,2026-07-23T21:03:53.904+05:30,46.264,target_explorer_node,/rosout,nav2_state,WARN,-4.84,22.88,,,,"Rejected frontier (-4.84, 22.88): endpoint clearance 0.04 m is below required 1.70 m.",
23july.bag,2026-07-23T21:03:53.904+05:30,46.265,target_explorer_node,/rosout,nav2_state,WARN,-5.29,22.93,,,,"Rejected frontier (-5.29, 22.93): endpoint clearance 0.03 m is below required 1.70 m.",
23july.bag,2026-07-23T21:03:53.904+05:30,46.265,target_explorer_node,/rosout,nav2_state,WARN,-5.59,22.68,,,,"Rejected frontier (-5.59, 22.68): endpoint clearance 0.13 m is below required 1.70 m.",
23july.bag,2026-07-23T21:03:53.905+05:30,46.266,target_explorer_node,/rosout,nav2_state,WARN,-5.69,22.73,,,,"Rejected frontier (-5.69, 22.73): endpoint clearance 0.04 m is below required 1.70 m.",
23july.bag,2026-07-23T21:03:53.905+05:30,46.266,target_explorer_node,/rosout,nav2_state,WARN,-5.49,22.73,,,,"Rejected frontier (-5.49, 22.73): endpoint clearance 0.03 m is below required 1.70 m.",
23july.bag,2026-07-23T21:03:53.906+05:30,46.267,target_explorer_node,/rosout,nav2_state,WARN,-5.49,22.83,,,,"Rejected frontier (-5.49, 22.83): endpoint clearance 0.08 m is below required 1.70 m.",
23july.bag,2026-07-23T21:03:53.906+05:30,46.267,target_explorer_node,/rosout,nav2_state,WARN,-5.39,22.88,,,,"Rejected frontier (-5.39, 22.88): endpoint clearance 0.03 m is below required 1.70 m.",
23july.bag,2026-07-23T21:03:53.907+05:30,46.268,target_explorer_node,/rosout,nav2_state,WARN,-4.94,22.88,,,,"Rejected frontier (-4.94, 22.88): endpoint clearance 0.13 m is below required 1.70 m.",
23july.bag,2026-07-23T21:03:53.907+05:30,46.268,target_explorer_node,/rosout,nav2_state,WARN,-5.04,22.93,,,,"Rejected frontier (-5.04, 22.93): endpoint clearance 0.23 m is below required 1.70 m.",
23july.bag,2026-07-23T21:03:53.908+05:30,46.268,target_explorer_node,/rosout,nav2_state,WARN,-5.19,22.98,,,,"Rejected frontier (-5.19, 22.98): endpoint clearance 0.11 m is below required 1.70 m.",
23july.bag,2026-07-23T21:03:53.908+05:30,46.269,target_explorer_node,/rosout,nav2_state,WARN,-2.69,22.73,,,,"Rejected frontier (-2.69, 22.73): endpoint clearance 0.04 m is below required 1.70 m.",
23july.bag,2026-07-23T21:03:53.909+05:30,46.269,target_explorer_node,/rosout,nav2_state,WARN,-3.59,23.08,,,,"Rejected frontier (-3.59, 23.08): endpoint clearance 0.58 m is below required 1.70 m.",
23july.bag,2026-07-23T21:03:53.909+05:30,46.27,target_explorer_node,/rosout,nav2_state,WARN,-2.79,22.68,,,,"Rejected frontier (-2.79, 22.68): endpoint clearance 0.13 m is below required 1.70 m.",
23july.bag,2026-07-23T21:03:53.909+05:30,46.27,target_explorer_node,/rosout,nav2_state,WARN,-3.19,22.83,,,,"Rejected frontier (-3.19, 22.83): endpoint clearance 0.33 m is below required 1.70 m.",
23july.bag,2026-07-23T21:03:53.910+05:30,46.271,target_explorer_node,/rosout,nav2_state,WARN,-3.14,22.88,,,,"Rejected frontier (-3.14, 22.88): endpoint clearance 0.26 m is below required 1.70 m.",
23july.bag,2026-07-23T21:03:53.910+05:30,46.271,target_explorer_node,/rosout,nav2_state,WARN,-3.34,22.98,,,,"Rejected frontier (-3.34, 22.98): endpoint clearance 0.35 m is below required 1.70 m.",
23july.bag,2026-07-23T21:03:53.911+05:30,46.271,target_explorer_node,/rosout,nav2_state,WARN,-4.04,23.13,,,,"Rejected frontier (-4.04, 23.13): endpoint clearance 0.33 m is below required 1.70 m.",
23july.bag,2026-07-23T21:03:53.911+05:30,46.272,target_explorer_node,/rosout,nav2_state,WARN,-3.69,23.13,,,,"Rejected frontier (-3.69, 23.13): endpoint clearance 0.54 m is below required 1.70 m.",
23july.bag,2026-07-23T21:03:53.912+05:30,46.272,target_explorer_node,/rosout,nav2_state,WARN,-4.14,23.18,,,,"Rejected frontier (-4.14, 23.18): endpoint clearance 0.26 m is below required 1.70 m.",
23july.bag,2026-07-23T21:03:53.912+05:30,46.273,target_explorer_node,/rosout,nav2_state,WARN,-3.84,23.18,,,,"Rejected frontier (-3.84, 23.18): endpoint clearance 0.39 m is below required 1.70 m.",
23july.bag,2026-07-23T21:03:53.912+05:30,46.273,target_explorer_node,/rosout,nav2_state,WARN,-4.19,23.23,,,,"Rejected frontier (-4.19, 23.23): endpoint clearance 0.19 m is below required 1.70 m.",
23july.bag,2026-07-23T21:03:53.913+05:30,46.274,target_explorer_node,/rosout,nav2_state,WARN,-4.29,23.28,,,,"Rejected frontier (-4.29, 23.28): endpoint clearance 0.08 m is below required 1.70 m.",
23july.bag,2026-07-23T21:03:53.913+05:30,46.274,target_explorer_node,/rosout,nav2_state,WARN,1.86,22.68,,,,"Rejected frontier (1.86, 22.68): endpoint clearance 0.04 m is below required 1.70 m.",
23july.bag,2026-07-23T21:03:53.914+05:30,46.275,target_explorer_node,/rosout,nav2_state,WARN,-0.24,24.83,,,,"Rejected frontier (-0.24, 24.83): endpoint clearance 0.86 m is below required 1.70 m.",
23july.bag,2026-07-23T21:03:53.914+05:30,46.275,target_explorer_node,/rosout,nav2_state,WARN,1.26,23.28,,,,"Rejected frontier (1.26, 23.28): endpoint clearance 0.53 m is below required 1.70 m.",
23july.bag,2026-07-23T21:03:53.915+05:30,46.275,target_explorer_node,/rosout,nav2_state,WARN,0.91,23.73,,,,"Rejected frontier (0.91, 23.73): endpoint clearance 0.68 m is below required 1.70 m.",
23july.bag,2026-07-23T21:03:53.915+05:30,46.276,target_explorer_node,/rosout,nav2_state,WARN,0.41,24.38,,,,"Rejected frontier (0.41, 24.38): endpoint clearance 0.08 m is below required 1.70 m.",
23july.bag,2026-07-23T21:03:53.916+05:30,46.277,target_explorer_node,/rosout,nav2_state,WARN,-0.54,24.78,,,,"Rejected frontier (-0.54, 24.78): endpoint clearance 1.08 m is below required 1.70 m.",
23july.bag,2026-07-23T21:03:53.916+05:30,46.277,target_explorer_node,/rosout,nav2_state,WARN,-0.24,24.88,,,,"Rejected frontier (-0.24, 24.88): endpoint clearance 0.89 m is below required 1.70 m.",
23july.bag,2026-07-23T21:03:53.917+05:30,46.278,target_explorer_node,/rosout,nav2_state,WARN,-0.59,25.18,,,,"Rejected frontier (-0.59, 25.18): endpoint clearance 1.35 m is below required 1.70 m.",
23july.bag,2026-07-23T21:03:53.918+05:30,46.278,target_explorer_node,/rosout,nav2_state,WARN,-1.39,25.63,,,,"Rejected frontier (-1.39, 25.63): endpoint clearance 1.45 m is below required 1.70 m.",
23july.bag,2026-07-23T21:03:53.918+05:30,46.279,target_explorer_node,/rosout,nav2_state,WARN,-2.04,26.18,,,,"Rejected frontier (-2.04, 26.18): endpoint clearance 0.61 m is below required 1.70 m.",
23july.bag,2026-07-23T21:03:53.919+05:30,46.28,target_explorer_node,/rosout,nav2_state,WARN,-2.44,26.58,,,,"Rejected frontier (-2.44, 26.58): endpoint clearance 0.08 m is below required 1.70 m.",
23july.bag,2026-07-23T21:03:53.919+05:30,46.28,target_explorer_node,/rosout,nav2_state,WARN,-2.54,22.78,,,,"Rejected frontier (-2.54, 22.78): endpoint clearance 0.03 m is below required 1.70 m.",
23july.bag,2026-07-23T21:03:53.921+05:30,46.281,target_explorer_node,/rosout,nav2_state,WARN,-2.54,22.88,,,,"Rejected frontier (-2.54, 22.88): endpoint clearance 0.08 m is below required 1.70 m.",
23july.bag,2026-07-23T21:03:53.921+05:30,46.281,target_explorer_node,/rosout,nav2_state,WARN,-2.44,22.88,,,,"Rejected frontier (-2.44, 22.88): endpoint clearance 0.08 m is below required 1.70 m.",
23july.bag,2026-07-23T21:03:53.922+05:30,46.282,target_explorer_node,/rosout,nav2_state,WARN,-2.29,22.88,,,,"Rejected frontier (-2.29, 22.88): endpoint clearance 0.03 m is below required 1.70 m.",
23july.bag,2026-07-23T21:03:53.923+05:30,46.283,target_explorer_node,/rosout,nav2_state,WARN,-2.44,22.98,,,,"Rejected frontier (-2.44, 22.98): endpoint clearance 0.18 m is below required 1.70 m.",
23july.bag,2026-07-23T21:03:53.924+05:30,46.284,target_explorer_node,/rosout,nav2_state,WARN,2.51,22.83,,,,"Rejected frontier (2.51, 22.83): endpoint clearance 0.03 m is below required 1.70 m.",
23july.bag,2026-07-23T21:03:53.924+05:30,46.285,target_explorer_node,/rosout,nav2_state,WARN,2.51,22.88,,,,"Rejected frontier (2.51, 22.88): endpoint clearance 0.08 m is below required 1.70 m.",
23july.bag,2026-07-23T21:03:53.925+05:30,46.285,target_explorer_node,/rosout,nav2_state,WARN,2.41,22.98,,,,"Rejected frontier (2.41, 22.98): endpoint clearance 0.18 m is below required 1.70 m.",
23july.bag,2026-07-23T21:03:53.925+05:30,46.286,target_explorer_node,/rosout,nav2_state,WARN,2.31,23.08,,,,"Rejected frontier (2.31, 23.08): endpoint clearance 0.25 m is below required 1.70 m.",
23july.bag,2026-07-23T21:03:53.926+05:30,46.286,target_explorer_node,/rosout,nav2_state,WARN,2.41,23.08,,,,"Rejected frontier (2.41, 23.08): endpoint clearance 0.28 m is below required 1.70 m.",
23july.bag,2026-07-23T21:03:53.927+05:30,46.287,target_explorer_node,/rosout,nav2_state,WARN,2.26,23.18,,,,"Rejected frontier (2.26, 23.18): endpoint clearance 0.15 m is below required 1.70 m.",
23july.bag,2026-07-23T21:03:53.927+05:30,46.288,target_explorer_node,/rosout,nav2_state,WARN,2.21,23.23,,,,"Rejected frontier (2.21, 23.23): endpoint clearance 0.08 m is below required 1.70 m.",
23july.bag,2026-07-23T21:03:53.928+05:30,46.289,target_explorer_node,/rosout,nav2_state,WARN,2.16,23.28,,,,"Rejected frontier (2.16, 23.28): endpoint clearance 0.03 m is below required 1.70 m.",
23july.bag,2026-07-23T21:03:53.928+05:30,46.289,target_explorer_node,/rosout,nav2_state,WARN,-1.99,23.28,,,,"Rejected frontier (-1.99, 23.28): endpoint clearance 0.03 m is below required 1.70 m.",
23july.bag,2026-07-23T21:03:53.929+05:30,46.29,target_explorer_node,/rosout,nav2_state,WARN,-2.49,23.63,,,,"Rejected frontier (-2.49, 23.63): endpoint clearance 0.26 m is below required 1.70 m.",
23july.bag,2026-07-23T21:03:53.929+05:30,46.29,target_explorer_node,/rosout,nav2_state,WARN,-2.09,23.38,,,,"Rejected frontier (-2.09, 23.38): endpoint clearance 0.15 m is below required 1.70 m.",
23july.bag,2026-07-23T21:03:53.930+05:30,46.29,target_explorer_node,/rosout,nav2_state,WARN,-2.24,23.48,,,,"Rejected frontier (-2.24, 23.48): endpoint clearance 0.32 m is below required 1.70 m.",
23july.bag,2026-07-23T21:03:53.930+05:30,46.291,target_explorer_node,/rosout,nav2_state,WARN,-2.29,23.53,,,,"Rejected frontier (-2.29, 23.53): endpoint clearance 0.39 m is below required 1.70 m.",
23july.bag,2026-07-23T21:03:53.931+05:30,46.291,target_explorer_node,/rosout,nav2_state,WARN,-2.44,23.58,,,,"Rejected frontier (-2.44, 23.58): endpoint clearance 0.29 m is below required 1.70 m.",
23july.bag,2026-07-23T21:03:53.931+05:30,46.292,target_explorer_node,/rosout,nav2_state,WARN,-2.29,23.63,,,,"Rejected frontier (-2.29, 23.63): endpoint clearance 0.44 m is below required 1.70 m.",
23july.bag,2026-07-23T21:03:53.932+05:30,46.292,target_explorer_node,/rosout,nav2_state,WARN,-2.64,23.73,,,,"Rejected frontier (-2.64, 23.73): endpoint clearance 0.24 m is below required 1.70 m.",
23july.bag,2026-07-23T21:03:53.932+05:30,46.293,target_explorer_node,/rosout,nav2_state,WARN,-2.44,23.73,,,,"Rejected frontier (-2.44, 23.73): endpoint clearance 0.36 m is below required 1.70 m.",
23july.bag,2026-07-23T21:03:53.933+05:30,46.293,target_explorer_node,/rosout,nav2_state,WARN,-2.74,23.83,,,,"Rejected frontier (-2.74, 23.83): endpoint clearance 0.22 m is below required 1.70 m.",
23july.bag,2026-07-23T21:03:53.933+05:30,46.294,target_explorer_node,/rosout,nav2_state,WARN,-2.69,23.88,,,,"Rejected frontier (-2.69, 23.88): endpoint clearance 0.24 m is below required 1.70 m.",
23july.bag,2026-07-23T21:03:53.933+05:30,46.294,target_explorer_node,/rosout,nav2_state,WARN,-2.79,23.93,,,,"Rejected frontier (-2.79, 23.93): endpoint clearance 0.13 m is below required 1.70 m.",
23july.bag,2026-07-23T21:03:53.934+05:30,46.294,target_explorer_node,/rosout,nav2_state,WARN,3.06,23.63,,,,"Rejected frontier (3.06, 23.63): endpoint clearance 0.08 m is below required 1.70 m.",
23july.bag,2026-07-23T21:03:53.934+05:30,46.295,target_explorer_node,/rosout,nav2_state,WARN,3.01,23.68,,,,"Rejected frontier (3.01, 23.68): endpoint clearance 0.08 m is below required 1.70 m.",
23july.bag,2026-07-23T21:03:53.935+05:30,46.295,target_explorer_node,/rosout,nav2_state,WARN,3.11,23.68,,,,"Rejected frontier (3.11, 23.68): endpoint clearance 0.04 m is below required 1.70 m.",
23july.bag,2026-07-23T21:03:53.935+05:30,46.296,target_explorer_node,/rosout,nav2_state,WARN,3.01,23.78,,,,"Rejected frontier (3.01, 23.78): endpoint clearance 0.03 m is below required 1.70 m.",
23july.bag,2026-07-23T21:03:53.936+05:30,46.296,target_explorer_node,/rosout,nav2_state,WARN,3.06,23.78,,,,"Rejected frontier (3.06, 23.78): endpoint clearance 0.08 m is below required 1.70 m.",
23july.bag,2026-07-23T21:03:53.936+05:30,46.297,target_explorer_node,/rosout,nav2_state,WARN,2.91,23.83,,,,"Rejected frontier (2.91, 23.83): endpoint clearance 0.03 m is below required 1.70 m.",
23july.bag,2026-07-23T21:03:53.937+05:30,46.297,target_explorer_node,/rosout,nav2_state,WARN,-2.24,25.78,,,,"Rejected frontier (-2.24, 25.78): endpoint clearance 0.78 m is below required 1.70 m.",
23july.bag,2026-07-23T21:03:53.937+05:30,46.298,target_explorer_node,/rosout,nav2_state,WARN,-2.44,25.98,,,,"Rejected frontier (-2.44, 25.98): endpoint clearance 0.58 m is below required 1.70 m.",
23july.bag,2026-07-23T21:03:53.938+05:30,46.298,target_explorer_node,/rosout,nav2_state,WARN,-2.29,25.83,,,,"Rejected frontier (-2.29, 25.83): endpoint clearance 0.74 m is below required 1.70 m.",
23july.bag,2026-07-23T21:03:53.938+05:30,46.299,target_explorer_node,/rosout,nav2_state,WARN,-2.44,25.88,,,,"Rejected frontier (-2.44, 25.88): endpoint clearance 0.58 m is below required 1.70 m.",
23july.bag,2026-07-23T21:03:53.938+05:30,46.299,target_explorer_node,/rosout,nav2_state,WARN,-2.24,25.88,,,,"Rejected frontier (-2.24, 25.88): endpoint clearance 0.78 m is below required 1.70 m.",
23july.bag,2026-07-23T21:03:53.939+05:30,46.299,target_explorer_node,/rosout,nav2_state,WARN,-2.29,25.93,,,,"Rejected frontier (-2.29, 25.93): endpoint clearance 0.73 m is below required 1.70 m.",
23july.bag,2026-07-23T21:03:53.939+05:30,46.3,target_explorer_node,/rosout,nav2_state,WARN,-2.59,26.03,,,,"Rejected frontier (-2.59, 26.03): endpoint clearance 0.43 m is below required 1.70 m.",
23july.bag,2026-07-23T21:03:53.940+05:30,46.3,target_explorer_node,/rosout,nav2_state,WARN,-2.54,26.08,,,,"Rejected frontier (-2.54, 26.08): endpoint clearance 0.48 m is below required 1.70 m.",
23july.bag,2026-07-23T21:03:53.941+05:30,46.301,target_explorer_node,/rosout,nav2_state,WARN,-2.59,26.13,,,,"Rejected frontier (-2.59, 26.13): endpoint clearance 0.43 m is below required 1.70 m.",
23july.bag,2026-07-23T21:03:53.949+05:30,46.31,/plan,/plan,path_update,RECORDED,-1.0868642008722134,25.326012893811885,,285,7.459,Recorded path update on /plan,
23july.bag,2026-07-23T21:03:53.962+05:30,46.323,/plan,/plan,path_update,RECORDED,0.3631358132838898,19.426012798444454,,125,3.2793,Recorded path update on /plan,
23july.bag,2026-07-23T21:03:53.972+05:30,46.333,/plan,/plan,path_update,RECORDED,4.813135879594057,15.976012747035448,,120,4.0522,Recorded path update on /plan,
23july.bag,2026-07-23T21:03:53.984+05:30,46.345,/plan,/plan,path_update,RECORDED,-1.936864220988781,7.326012618140403,,636,16.9303,Recorded path update on /plan,
23july.bag,2026-07-23T21:03:54.011+05:30,46.371,/plan,/plan,path_update,RECORDED,4.413135873633593,5.776012595043603,,547,14.5329,Recorded path update on /plan,
23july.bag,2026-07-23T21:03:54.031+05:30,46.392,target_explorer_node,/rosout,planning,INFO,-1.04,25.38,,,,"Sending NavigateToPose goal (-1.04, 25.38): progress=2.72 m alignment=0.990 path=7.46 m score=2.967.",8
23july.bag,2026-07-23T21:03:54.035+05:30,46.395,target_explorer_node,/rosout,nav2_state,INFO,-1.04,25.38,,,,"Nav2 accepted goal (-1.04, 25.38).",8
23july.bag,2026-07-23T21:03:54.036+05:30,46.396,/plan,/plan,path_update,RECORDED,-1.0868642008722134,25.326012893811885,,280,7.3505,Recorded path update on /plan,8
23july.bag,2026-07-23T21:03:54.053+05:30,46.413,controller_server,/rosout,goal_started,INFO,,,,,,"Received a goal, begin computing control effort.",8
23july.bag,2026-07-23T21:03:55.068+05:30,47.429,/plan,/plan,path_update,RECORDED,-1.0868642008722134,25.326012893811885,,259,6.8218,Recorded path update on /plan,8
23july.bag,2026-07-23T21:03:55.103+05:30,47.464,controller_server,/rosout,planning,INFO,,,,,,Passing new path to controller.,8
23july.bag,2026-07-23T21:03:56.098+05:30,48.459,/plan,/plan,path_update,RECORDED,-1.036864207577736,25.376012887106363,,241,6.073,Recorded path update on /plan,8
23july.bag,2026-07-23T21:03:56.153+05:30,48.514,controller_server,/rosout,planning,INFO,,,,,,Passing new path to controller.,8
23july.bag,2026-07-23T21:03:57.129+05:30,49.489,/plan,/plan,path_update,RECORDED,-1.036864207577736,25.376012887106363,,216,5.4404,Recorded path update on /plan,8
23july.bag,2026-07-23T21:03:57.153+05:30,49.514,controller_server,/rosout,planning,INFO,,,,,,Passing new path to controller.,8
23july.bag,2026-07-23T21:03:58.161+05:30,50.521,/plan,/plan,path_update,RECORDED,-1.036864207577736,25.376012887106363,,188,4.7416,Recorded path update on /plan,8
23july.bag,2026-07-23T21:03:58.203+05:30,50.563,controller_server,/rosout,planning,INFO,,,,,,Passing new path to controller.,8
23july.bag,2026-07-23T21:03:59.189+05:30,51.55,/plan,/plan,path_update,RECORDED,-1.036864207577736,25.376012887106363,,160,4.0345,Recorded path update on /plan,8
23july.bag,2026-07-23T21:03:59.203+05:30,51.564,controller_server,/rosout,planning,INFO,,,,,,Passing new path to controller.,8
23july.bag,2026-07-23T21:04:00.218+05:30,52.579,/plan,/plan,path_update,RECORDED,-1.036864207577736,25.376012887106363,,132,3.3551,Recorded path update on /plan,8
23july.bag,2026-07-23T21:04:00.253+05:30,52.613,controller_server,/rosout,planning,INFO,,,,,,Passing new path to controller.,8
23july.bag,2026-07-23T21:04:01.248+05:30,53.609,/plan,/plan,path_update,RECORDED,-1.036864207577736,25.376012887106363,,104,2.6338,Recorded path update on /plan,8
23july.bag,2026-07-23T21:04:01.303+05:30,53.664,controller_server,/rosout,planning,INFO,,,,,,Passing new path to controller.,8
23july.bag,2026-07-23T21:04:02.278+05:30,54.639,/plan,/plan,path_update,RECORDED,-1.036864207577736,25.376012887106363,,76,1.9398,Recorded path update on /plan,8
23july.bag,2026-07-23T21:04:02.303+05:30,54.664,controller_server,/rosout,planning,INFO,,,,,,Passing new path to controller.,8
23july.bag,2026-07-23T21:04:03.309+05:30,55.67,/plan,/plan,path_update,RECORDED,-1.036864207577736,25.376012887106363,,50,1.2879,Recorded path update on /plan,8
23july.bag,2026-07-23T21:04:03.353+05:30,55.714,controller_server,/rosout,planning,INFO,,,,,,Passing new path to controller.,8
23july.bag,2026-07-23T21:04:04.339+05:30,56.7,/plan,/plan,path_update,RECORDED,-1.036864207577736,25.376012887106363,,21,0.5673,Recorded path update on /plan,8
23july.bag,2026-07-23T21:04:04.353+05:30,56.714,controller_server,/rosout,planning,INFO,,,,,,Passing new path to controller.,8
23july.bag,2026-07-23T21:04:04.803+05:30,57.164,controller_server,/rosout,nav2_state,INFO,,,,,,Reached the goal!,8
23july.bag,2026-07-23T21:04:04.842+05:30,57.203,bt_navigator,/rosout,goal_succeeded,INFO,,,,,,Goal succeeded,8
23july.bag,2026-07-23T21:04:04.843+05:30,57.204,target_explorer_node,/rosout,goal_succeeded,INFO,-1.04,25.38,,,,"NavigateToPose succeeded for (-1.04, 25.38).",
23july.bag,2026-07-23T21:04:04.899+05:30,57.26,target_explorer_node,/rosout,nav2_state,WARN,1.0,24.0,,,,"Rejected final target (1.00, 24.00): endpoint clearance 0.45 m is below required 1.70 m.",
23july.bag,2026-07-23T21:04:04.930+05:30,57.29,target_explorer_node,/rosout,nav2_state,WARN,-1.29,9.58,,,,"Rejected frontier (-1.29, 9.58): endpoint clearance 0.04 m is below required 1.70 m.",
23july.bag,2026-07-23T21:04:04.931+05:30,57.292,target_explorer_node,/rosout,nav2_state,WARN,-1.74,7.93,,,,"Rejected frontier (-1.74, 7.93): endpoint clearance 1.45 m is below required 1.70 m.",
23july.bag,2026-07-23T21:04:04.931+05:30,57.292,target_explorer_node,/rosout,nav2_state,WARN,-1.29,8.23,,,,"Rejected frontier (-1.29, 8.23): endpoint clearance 1.32 m is below required 1.70 m.",
23july.bag,2026-07-23T21:04:04.932+05:30,57.293,target_explorer_node,/rosout,nav2_state,WARN,6.31,7.03,,,,"Rejected frontier (6.31, 7.03): endpoint clearance 0.30 m is below required 1.70 m.",
23july.bag,2026-07-23T21:04:04.933+05:30,57.293,target_explorer_node,/rosout,nav2_state,WARN,5.21,6.28,,,,"Rejected frontier (5.21, 6.28): endpoint clearance 0.98 m is below required 1.70 m.",
23july.bag,2026-07-23T21:04:04.933+05:30,57.294,target_explorer_node,/rosout,nav2_state,WARN,6.21,6.78,,,,"Rejected frontier (6.21, 6.78): endpoint clearance 0.22 m is below required 1.70 m.",
23july.bag,2026-07-23T21:04:04.934+05:30,57.294,target_explorer_node,/rosout,nav2_state,WARN,8.06,9.08,,,,"Rejected frontier (8.06, 9.08): endpoint clearance 0.03 m is below required 1.70 m.",
23july.bag,2026-07-23T21:04:04.934+05:30,57.295,target_explorer_node,/rosout,nav2_state,WARN,8.16,9.18,,,,"Rejected frontier (8.16, 9.18): endpoint clearance 0.15 m is below required 1.70 m.",
23july.bag,2026-07-23T21:04:04.935+05:30,57.296,target_explorer_node,/rosout,nav2_state,WARN,8.26,9.23,,,,"Rejected frontier (8.26, 9.23): endpoint clearance 0.25 m is below required 1.70 m.",
23july.bag,2026-07-23T21:04:04.936+05:30,57.296,target_explorer_node,/rosout,nav2_state,WARN,8.36,9.28,,,,"Rejected frontier (8.36, 9.28): endpoint clearance 0.29 m is below required 1.70 m.",
23july.bag,2026-07-23T21:04:04.936+05:30,57.297,target_explorer_node,/rosout,nav2_state,WARN,8.46,9.33,,,,"Rejected frontier (8.46, 9.33): endpoint clearance 0.18 m is below required 1.70 m.",
23july.bag,2026-07-23T21:04:04.937+05:30,57.297,target_explorer_node,/rosout,nav2_state,WARN,8.51,9.38,,,,"Rejected frontier (8.51, 9.38): endpoint clearance 0.13 m is below required 1.70 m.",
23july.bag,2026-07-23T21:04:04.937+05:30,57.298,target_explorer_node,/rosout,nav2_state,WARN,8.56,9.38,,,,"Rejected frontier (8.56, 9.38): endpoint clearance 0.08 m is below required 1.70 m.",
23july.bag,2026-07-23T21:04:04.938+05:30,57.298,target_explorer_node,/rosout,nav2_state,WARN,8.86,11.53,,,,"Rejected frontier (8.86, 11.53): endpoint clearance 0.29 m is below required 1.70 m.",
23july.bag,2026-07-23T21:04:04.938+05:30,57.299,target_explorer_node,/rosout,nav2_state,WARN,8.76,11.43,,,,"Rejected frontier (8.76, 11.43): endpoint clearance 0.15 m is below required 1.70 m.",
23july.bag,2026-07-23T21:04:04.939+05:30,57.299,target_explorer_node,/rosout,nav2_state,WARN,8.26,11.03,,,,"Rejected frontier (8.26, 11.03): endpoint clearance 0.03 m is below required 1.70 m.",
23july.bag,2026-07-23T21:04:04.939+05:30,57.3,target_explorer_node,/rosout,nav2_state,WARN,8.36,11.13,,,,"Rejected frontier (8.36, 11.13): endpoint clearance 0.15 m is below required 1.70 m.",
23july.bag,2026-07-23T21:04:04.940+05:30,57.3,target_explorer_node,/rosout,nav2_state,WARN,8.46,11.18,,,,"Rejected frontier (8.46, 11.18): endpoint clearance 0.18 m is below required 1.70 m.",
23july.bag,2026-07-23T21:04:04.940+05:30,57.301,target_explorer_node,/rosout,nav2_state,WARN,8.56,11.28,,,,"Rejected frontier (8.56, 11.28): endpoint clearance 0.04 m is below required 1.70 m.",
23july.bag,2026-07-23T21:04:04.941+05:30,57.301,target_explorer_node,/rosout,nav2_state,WARN,8.66,11.33,,,,"Rejected frontier (8.66, 11.33): endpoint clearance 0.03 m is below required 1.70 m.",
23july.bag,2026-07-23T21:04:04.941+05:30,57.302,target_explorer_node,/rosout,nav2_state,WARN,8.96,11.58,,,,"Rejected frontier (8.96, 11.58): endpoint clearance 0.33 m is below required 1.70 m.",
23july.bag,2026-07-23T21:04:04.942+05:30,57.302,target_explorer_node,/rosout,nav2_state,WARN,9.06,11.63,,,,"Rejected frontier (9.06, 11.63): endpoint clearance 0.22 m is below required 1.70 m.",
23july.bag,2026-07-23T21:04:04.942+05:30,57.303,target_explorer_node,/rosout,nav2_state,WARN,9.16,11.68,,,,"Rejected frontier (9.16, 11.68): endpoint clearance 0.11 m is below required 1.70 m.",
23july.bag,2026-07-23T21:04:04.943+05:30,57.303,target_explorer_node,/rosout,nav2_state,WARN,9.56,12.38,,,,"Rejected frontier (9.56, 12.38): endpoint clearance 0.37 m is below required 1.70 m.",
23july.bag,2026-07-23T21:04:04.943+05:30,57.304,target_explorer_node,/rosout,nav2_state,WARN,9.26,12.13,,,,"Rejected frontier (9.26, 12.13): endpoint clearance 0.03 m is below required 1.70 m.",
23july.bag,2026-07-23T21:04:04.944+05:30,57.304,target_explorer_node,/rosout,nav2_state,WARN,9.31,12.18,,,,"Rejected frontier (9.31, 12.18): endpoint clearance 0.08 m is below required 1.70 m.",
23july.bag,2026-07-23T21:04:04.944+05:30,57.305,target_explorer_node,/rosout,nav2_state,WARN,9.36,12.18,,,,"Rejected frontier (9.36, 12.18): endpoint clearance 0.11 m is below required 1.70 m.",
23july.bag,2026-07-23T21:04:04.945+05:30,57.305,target_explorer_node,/rosout,nav2_state,WARN,9.46,12.28,,,,"Rejected frontier (9.46, 12.28): endpoint clearance 0.25 m is below required 1.70 m.",
23july.bag,2026-07-23T21:04:04.946+05:30,57.306,target_explorer_node,/rosout,nav2_state,WARN,9.66,12.43,,,,"Rejected frontier (9.66, 12.43): endpoint clearance 0.26 m is below required 1.70 m.",
23july.bag,2026-07-23T21:04:04.946+05:30,57.307,target_explorer_node,/rosout,nav2_state,WARN,9.71,12.48,,,,"Rejected frontier (9.71, 12.48): endpoint clearance 0.19 m is below required 1.70 m.",
23july.bag,2026-07-23T21:04:04.947+05:30,57.308,target_explorer_node,/rosout,nav2_state,WARN,9.76,12.48,,,,"Rejected frontier (9.76, 12.48): endpoint clearance 0.15 m is below required 1.70 m.",
23july.bag,2026-07-23T21:04:04.947+05:30,57.308,target_explorer_node,/rosout,nav2_state,WARN,10.11,12.98,,,,"Rejected frontier (10.11, 12.98): endpoint clearance 0.04 m is below required 1.70 m.",
23july.bag,2026-07-23T21:04:04.948+05:30,57.309,target_explorer_node,/rosout,nav2_state,WARN,10.01,13.03,,,,"Rejected frontier (10.01, 13.03): endpoint clearance 0.03 m is below required 1.70 m.",
23july.bag,2026-07-23T21:04:04.951+05:30,57.311,target_explorer_node,/rosout,nav2_state,WARN,10.06,13.08,,,,"Rejected frontier (10.06, 13.08): endpoint clearance 0.08 m is below required 1.70 m.",
23july.bag,2026-07-23T21:04:04.951+05:30,57.311,target_explorer_node,/rosout,nav2_state,WARN,10.16,13.13,,,,"Rejected frontier (10.16, 13.13): endpoint clearance 0.18 m is below required 1.70 m.",
23july.bag,2026-07-23T21:04:04.951+05:30,57.311,target_explorer_node,/rosout,nav2_state,WARN,10.16,13.18,,,,"Rejected frontier (10.16, 13.18): endpoint clearance 0.18 m is below required 1.70 m.",
23july.bag,2026-07-23T21:04:04.951+05:30,57.311,target_explorer_node,/rosout,nav2_state,WARN,3.86,17.63,,,,"Rejected frontier (3.86, 17.63): endpoint clearance 0.13 m is below required 1.70 m.",
23july.bag,2026-07-23T21:04:04.951+05:30,57.312,target_explorer_node,/rosout,nav2_state,WARN,4.61,15.98,,,,"Rejected frontier (4.61, 15.98): endpoint clearance 1.61 m is below required 1.70 m.",
23july.bag,2026-07-23T21:04:04.951+05:30,57.312,target_explorer_node,/rosout,nav2_state,WARN,4.66,13.13,,,,"Rejected frontier (4.66, 13.13): endpoint clearance 0.04 m is below required 1.70 m.",
23july.bag,2026-07-23T21:04:04.952+05:30,57.313,target_explorer_node,/rosout,nav2_state,WARN,4.61,13.98,,,,"Rejected frontier (4.61, 13.98): endpoint clearance 0.18 m is below required 1.70 m.",
23july.bag,2026-07-23T21:04:04.952+05:30,57.313,target_explorer_node,/rosout,nav2_state,WARN,4.51,14.78,,,,"Rejected frontier (4.51, 14.78): endpoint clearance 0.78 m is below required 1.70 m.",
23july.bag,2026-07-23T21:04:04.953+05:30,57.314,target_explorer_node,/rosout,nav2_state,WARN,4.51,15.38,,,,"Rejected frontier (4.51, 15.38): endpoint clearance 1.35 m is below required 1.70 m.",
23july.bag,2026-07-23T21:04:04.954+05:30,57.314,target_explorer_node,/rosout,nav2_state,WARN,4.71,15.78,,,,"Rejected frontier (4.71, 15.78): endpoint clearance 1.67 m is below required 1.70 m.",
23july.bag,2026-07-23T21:04:04.954+05:30,57.315,target_explorer_node,/rosout,nav2_state,WARN,4.76,16.23,,,,"Rejected frontier (4.76, 16.23): endpoint clearance 1.52 m is below required 1.70 m.",
23july.bag,2026-07-23T21:04:04.955+05:30,57.315,target_explorer_node,/rosout,nav2_state,WARN,4.66,16.58,,,,"Rejected frontier (4.66, 16.58): endpoint clearance 1.22 m is below required 1.70 m.",
23july.bag,2026-07-23T21:04:04.955+05:30,57.316,target_explorer_node,/rosout,nav2_state,WARN,4.56,16.93,,,,"Rejected frontier (4.56, 16.93): endpoint clearance 0.95 m is below required 1.70 m.",
23july.bag,2026-07-23T21:04:04.956+05:30,57.316,target_explorer_node,/rosout,nav2_state,WARN,3.66,17.43,,,,"Rejected frontier (3.66, 17.43): endpoint clearance 0.04 m is below required 1.70 m.",
23july.bag,2026-07-23T21:04:04.956+05:30,57.317,target_explorer_node,/rosout,nav2_state,WARN,4.26,17.58,,,,"Rejected frontier (4.26, 17.58): endpoint clearance 0.53 m is below required 1.70 m.",
23july.bag,2026-07-23T21:04:04.957+05:30,57.318,target_explorer_node,/rosout,nav2_state,WARN,10.46,15.33,,,,"Rejected frontier (10.46, 15.33): endpoint clearance 0.04 m is below required 1.70 m.",
23july.bag,2026-07-23T21:04:04.958+05:30,57.318,target_explorer_node,/rosout,nav2_state,WARN,11.21,14.78,,,,"Rejected frontier (11.21, 14.78): endpoint clearance 0.19 m is below required 1.70 m.",
23july.bag,2026-07-23T21:04:04.958+05:30,57.319,target_explorer_node,/rosout,nav2_state,WARN,10.01,13.28,,,,"Rejected frontier (10.01, 13.28): endpoint clearance 0.04 m is below required 1.70 m.",
23july.bag,2026-07-23T21:04:04.959+05:30,57.319,target_explorer_node,/rosout,nav2_state,WARN,10.71,13.83,,,,"Rejected frontier (10.71, 13.83): endpoint clearance 0.68 m is below required 1.70 m.",
23july.bag,2026-07-23T21:04:04.959+05:30,57.32,target_explorer_node,/rosout,nav2_state,WARN,11.01,14.08,,,,"Rejected frontier (11.01, 14.08): endpoint clearance 0.78 m is below required 1.70 m.",
23july.bag,2026-07-23T21:04:04.960+05:30,57.32,target_explorer_node,/rosout,nav2_state,WARN,10.56,14.28,,,,"Rejected frontier (10.56, 14.28): endpoint clearance 0.51 m is below required 1.70 m.",
23july.bag,2026-07-23T21:04:04.960+05:30,57.321,target_explorer_node,/rosout,nav2_state,WARN,11.16,14.48,,,,"Rejected frontier (11.16, 14.48): endpoint clearance 0.40 m is below required 1.70 m.",
23july.bag,2026-07-23T21:04:04.961+05:30,57.322,target_explorer_node,/rosout,nav2_state,WARN,11.81,14.63,,,,"Rejected frontier (11.81, 14.63): endpoint clearance 0.44 m is below required 1.70 m.",
23july.bag,2026-07-23T21:04:04.961+05:30,57.322,target_explorer_node,/rosout,nav2_state,WARN,11.56,14.78,,,,"Rejected frontier (11.56, 14.78): endpoint clearance 0.29 m is below required 1.70 m.",
23july.bag,2026-07-23T21:04:04.962+05:30,57.323,target_explorer_node,/rosout,nav2_state,WARN,11.01,14.98,,,,"Rejected frontier (11.01, 14.98): endpoint clearance 0.08 m is below required 1.70 m.",
23july.bag,2026-07-23T21:04:04.963+05:30,57.323,target_explorer_node,/rosout,nav2_state,WARN,11.61,15.33,,,,"Rejected frontier (11.61, 15.33): endpoint clearance 0.13 m is below required 1.70 m.",
23july.bag,2026-07-23T21:04:04.963+05:30,57.324,target_explorer_node,/rosout,nav2_state,WARN,11.21,15.53,,,,"Rejected frontier (11.21, 15.53): endpoint clearance 0.08 m is below required 1.70 m.",
23july.bag,2026-07-23T21:04:04.964+05:30,57.324,target_explorer_node,/rosout,nav2_state,WARN,10.16,14.18,,,,"Rejected frontier (10.16, 14.18): endpoint clearance 0.22 m is below required 1.70 m.",
23july.bag,2026-07-23T21:04:04.964+05:30,57.325,target_explorer_node,/rosout,nav2_state,WARN,10.26,14.18,,,,"Rejected frontier (10.26, 14.18): endpoint clearance 0.29 m is below required 1.70 m.",
23july.bag,2026-07-23T21:04:04.965+05:30,57.325,target_explorer_node,/rosout,nav2_state,WARN,10.11,13.88,,,,"Rejected frontier (10.11, 13.88): endpoint clearance 0.08 m is below required 1.70 m.",
23july.bag,2026-07-23T21:04:04.965+05:30,57.326,target_explorer_node,/rosout,nav2_state,WARN,10.16,13.93,,,,"Rejected frontier (10.16, 13.93): endpoint clearance 0.13 m is below required 1.70 m.",
23july.bag,2026-07-23T21:04:04.966+05:30,57.327,target_explorer_node,/rosout,nav2_state,WARN,10.11,13.98,,,,"Rejected frontier (10.11, 13.98): endpoint clearance 0.08 m is below required 1.70 m.",
23july.bag,2026-07-23T21:04:04.966+05:30,57.327,target_explorer_node,/rosout,nav2_state,WARN,10.01,14.03,,,,"Rejected frontier (10.01, 14.03): endpoint clearance 0.03 m is below required 1.70 m.",
23july.bag,2026-07-23T21:04:04.967+05:30,57.328,target_explorer_node,/rosout,nav2_state,WARN,10.16,14.03,,,,"Rejected frontier (10.16, 14.03): endpoint clearance 0.13 m is below required 1.70 m.",
23july.bag,2026-07-23T21:04:04.967+05:30,57.328,target_explorer_node,/rosout,nav2_state,WARN,10.06,14.08,,,,"Rejected frontier (10.06, 14.08): endpoint clearance 0.08 m is below required 1.70 m.",
23july.bag,2026-07-23T21:04:04.968+05:30,57.329,target_explorer_node,/rosout,nav2_state,WARN,10.31,14.08,,,,"Rejected frontier (10.31, 14.08): endpoint clearance 0.29 m is below required 1.70 m.",
23july.bag,2026-07-23T21:04:04.968+05:30,57.329,target_explorer_node,/rosout,nav2_state,WARN,10.21,14.13,,,,"Rejected frontier (10.21, 14.13): endpoint clearance 0.22 m is below required 1.70 m.",
23july.bag,2026-07-23T21:04:04.969+05:30,57.329,target_explorer_node,/rosout,nav2_state,WARN,10.41,14.18,,,,"Rejected frontier (10.41, 14.18): endpoint clearance 0.41 m is below required 1.70 m.",
23july.bag,2026-07-23T21:04:04.969+05:30,57.33,target_explorer_node,/rosout,nav2_state,WARN,10.61,15.03,,,,"Rejected frontier (10.61, 15.03): endpoint clearance 0.23 m is below required 1.70 m.",
23july.bag,2026-07-23T21:04:04.970+05:30,57.33,target_explorer_node,/rosout,nav2_state,WARN,10.76,14.98,,,,"Rejected frontier (10.76, 14.98): endpoint clearance 0.24 m is below required 1.70 m.",
23july.bag,2026-07-23T21:04:04.970+05:30,57.331,target_explorer_node,/rosout,nav2_state,WARN,10.56,14.83,,,,"Rejected frontier (10.56, 14.83): endpoint clearance 0.18 m is below required 1.70 m.",
23july.bag,2026-07-23T21:04:04.971+05:30,57.332,target_explorer_node,/rosout,nav2_state,WARN,10.51,14.88,,,,"Rejected frontier (10.51, 14.88): endpoint clearance 0.15 m is below required 1.70 m.",
23july.bag,2026-07-23T21:04:04.971+05:30,57.332,target_explorer_node,/rosout,nav2_state,WARN,10.61,14.88,,,,"Rejected frontier (10.61, 14.88): endpoint clearance 0.24 m is below required 1.70 m.",
23july.bag,2026-07-23T21:04:04.972+05:30,57.333,target_explorer_node,/rosout,nav2_state,WARN,10.66,14.88,,,,"Rejected frontier (10.66, 14.88): endpoint clearance 0.29 m is below required 1.70 m.",
23july.bag,2026-07-23T21:04:04.973+05:30,57.334,target_explorer_node,/rosout,nav2_state,WARN,10.66,15.08,,,,"Rejected frontier (10.66, 15.08): endpoint clearance 0.22 m is below required 1.70 m.",
23july.bag,2026-07-23T21:04:04.973+05:30,57.334,target_explorer_node,/rosout,nav2_state,WARN,10.86,15.03,,,,"Rejected frontier (10.86, 15.03): endpoint clearance 0.18 m is below required 1.70 m.",
23july.bag,2026-07-23T21:04:04.974+05:30,57.335,target_explorer_node,/rosout,nav2_state,WARN,11.16,15.23,,,,"Rejected frontier (11.16, 15.23): endpoint clearance 0.18 m is below required 1.70 m.",
23july.bag,2026-07-23T21:04:04.975+05:30,57.335,target_explorer_node,/rosout,nav2_state,WARN,11.01,15.08,,,,"Rejected frontier (11.01, 15.08): endpoint clearance 0.18 m is below required 1.70 m.",
23july.bag,2026-07-23T21:04:04.975+05:30,57.336,target_explorer_node,/rosout,nav2_state,WARN,11.06,15.13,,,,"Rejected frontier (11.06, 15.13): endpoint clearance 0.23 m is below required 1.70 m.",
23july.bag,2026-07-23T21:04:04.975+05:30,57.336,target_explorer_node,/rosout,nav2_state,WARN,11.01,15.18,,,,"Rejected frontier (11.01, 15.18): endpoint clearance 0.28 m is below required 1.70 m.",
23july.bag,2026-07-23T21:04:04.976+05:30,57.337,target_explorer_node,/rosout,nav2_state,WARN,11.06,15.23,,,,"Rejected frontier (11.06, 15.23): endpoint clearance 0.22 m is below required 1.70 m.",
23july.bag,2026-07-23T21:04:04.977+05:30,57.337,target_explorer_node,/rosout,nav2_state,WARN,11.36,15.23,,,,"Rejected frontier (11.36, 15.23): endpoint clearance 0.22 m is below required 1.70 m.",
23july.bag,2026-07-23T21:04:04.977+05:30,57.338,target_explorer_node,/rosout,nav2_state,WARN,11.21,15.28,,,,"Rejected frontier (11.21, 15.28): endpoint clearance 0.13 m is below required 1.70 m.",
23july.bag,2026-07-23T21:04:04.977+05:30,57.338,target_explorer_node,/rosout,nav2_state,WARN,11.41,15.28,,,,"Rejected frontier (11.41, 15.28): endpoint clearance 0.19 m is below required 1.70 m.",
23july.bag,2026-07-23T21:04:04.978+05:30,57.339,target_explorer_node,/rosout,nav2_state,WARN,4.81,15.58,,,,"Rejected frontier (4.81, 15.58): endpoint clearance 1.45 m is below required 1.70 m.",
23july.bag,2026-07-23T21:04:04.979+05:30,57.34,target_explorer_node,/rosout,nav2_state,WARN,4.86,15.63,,,,"Rejected frontier (4.86, 15.63): endpoint clearance 1.49 m is below required 1.70 m.",
23july.bag,2026-07-23T21:04:04.980+05:30,57.34,target_explorer_node,/rosout,nav2_state,WARN,4.86,15.68,,,,"Rejected frontier (4.86, 15.68): endpoint clearance 1.54 m is below required 1.70 m.",
23july.bag,2026-07-23T21:04:04.981+05:30,57.341,target_explorer_node,/rosout,nav2_state,WARN,4.81,15.78,,,,"Rejected frontier (4.81, 15.78): endpoint clearance 1.65 m is below required 1.70 m.",
23july.bag,2026-07-23T21:04:04.982+05:30,57.342,target_explorer_node,/rosout,nav2_state,WARN,4.81,16.03,,,,"Rejected frontier (4.81, 16.03): endpoint clearance 1.70 m is below required 1.70 m.",
23july.bag,2026-07-23T21:04:04.982+05:30,57.343,target_explorer_node,/rosout,nav2_state,WARN,4.81,16.08,,,,"Rejected frontier (4.81, 16.08): endpoint clearance 1.66 m is below required 1.70 m.",
23july.bag,2026-07-23T21:04:04.983+05:30,57.344,target_explorer_node,/rosout,nav2_state,WARN,2.76,18.28,,,,"Rejected frontier (2.76, 18.28): endpoint clearance 0.03 m is below required 1.70 m.",
23july.bag,2026-07-23T21:04:04.984+05:30,57.344,target_explorer_node,/rosout,nav2_state,WARN,3.11,18.23,,,,"Rejected frontier (3.11, 18.23): endpoint clearance 0.08 m is below required 1.70 m.",
23july.bag,2026-07-23T21:04:04.984+05:30,57.345,target_explorer_node,/rosout,nav2_state,WARN,3.31,18.18,,,,"Rejected frontier (3.31, 18.18): endpoint clearance 0.03 m is below required 1.70 m.",
23july.bag,2026-07-23T21:04:04.985+05:30,57.346,target_explorer_node,/rosout,nav2_state,WARN,2.86,18.23,,,,"Rejected frontier (2.86, 18.23): endpoint clearance 0.08 m is below required 1.70 m.",
23july.bag,2026-07-23T21:04:04.986+05:30,57.347,target_explorer_node,/rosout,nav2_state,WARN,3.16,18.23,,,,"Rejected frontier (3.16, 18.23): endpoint clearance 0.04 m is below required 1.70 m.",
23july.bag,2026-07-23T21:04:04.987+05:30,57.348,target_explorer_node,/rosout,nav2_state,WARN,2.91,18.28,,,,"Rejected frontier (2.91, 18.28): endpoint clearance 0.08 m is below required 1.70 m.",
23july.bag,2026-07-23T21:04:04.988+05:30,57.349,target_explorer_node,/rosout,nav2_state,WARN,2.96,18.33,,,,"Rejected frontier (2.96, 18.33): endpoint clearance 0.13 m is below required 1.70 m.",
23july.bag,2026-07-23T21:04:04.989+05:30,57.349,target_explorer_node,/rosout,nav2_state,WARN,3.06,18.33,,,,"Rejected frontier (3.06, 18.33): endpoint clearance 0.13 m is below required 1.70 m.",
23july.bag,2026-07-23T21:04:04.989+05:30,57.35,target_explorer_node,/rosout,nav2_state,WARN,9.31,18.43,,,,"Rejected frontier (9.31, 18.43): endpoint clearance 0.04 m is below required 1.70 m.",
23july.bag,2026-07-23T21:04:04.990+05:30,57.35,target_explorer_node,/rosout,nav2_state,WARN,9.26,18.48,,,,"Rejected frontier (9.26, 18.48): endpoint clearance 0.08 m is below required 1.70 m.",
23july.bag,2026-07-23T21:04:04.990+05:30,57.351,target_explorer_node,/rosout,nav2_state,WARN,9.31,18.58,,,,"Rejected frontier (9.31, 18.58): endpoint clearance 0.04 m is below required 1.70 m.",
23july.bag,2026-07-23T21:04:04.991+05:30,57.352,target_explorer_node,/rosout,nav2_state,WARN,9.26,18.68,,,,"Rejected frontier (9.26, 18.68): endpoint clearance 0.03 m is below required 1.70 m.",
23july.bag,2026-07-23T21:04:04.992+05:30,57.353,target_explorer_node,/rosout,nav2_state,WARN,9.31,18.78,,,,"Rejected frontier (9.31, 18.78): endpoint clearance 0.13 m is below required 1.70 m.",
23july.bag,2026-07-23T21:04:04.992+05:30,57.353,target_explorer_node,/rosout,nav2_state,WARN,9.36,18.83,,,,"Rejected frontier (9.36, 18.83): endpoint clearance 0.08 m is below required 1.70 m.",
23july.bag,2026-07-23T21:04:04.993+05:30,57.354,target_explorer_node,/rosout,nav2_state,WARN,9.36,18.88,,,,"Rejected frontier (9.36, 18.88): endpoint clearance 0.04 m is below required 1.70 m.",
23july.bag,2026-07-23T21:04:04.994+05:30,57.354,target_explorer_node,/rosout,nav2_state,WARN,9.41,18.98,,,,"Rejected frontier (9.41, 18.98): endpoint clearance 0.08 m is below required 1.70 m.",
23july.bag,2026-07-23T21:04:04.995+05:30,57.355,target_explorer_node,/rosout,nav2_state,WARN,2.31,19.03,,,,"Rejected frontier (2.31, 19.03): endpoint clearance 0.03 m is below required 1.70 m.",
23july.bag,2026-07-23T21:04:04.995+05:30,57.356,target_explorer_node,/rosout,nav2_state,WARN,1.06,19.28,,,,"Rejected frontier (1.06, 19.28): endpoint clearance 1.23 m is below required 1.70 m.",
23july.bag,2026-07-23T21:04:04.996+05:30,57.357,target_explorer_node,/rosout,nav2_state,WARN,-5.94,20.73,,,,"Rejected frontier (-5.94, 20.73): endpoint clearance 1.34 m is below required 1.70 m.",
23july.bag,2026-07-23T21:04:04.997+05:30,57.358,target_explorer_node,/rosout,nav2_state,WARN,-6.69,20.88,,,,"Rejected frontier (-6.69, 20.88): endpoint clearance 0.65 m is below required 1.70 m.",
23july.bag,2026-07-23T21:04:04.997+05:30,57.358,target_explorer_node,/rosout,nav2_state,WARN,8.11,20.33,,,,"Rejected frontier (8.11, 20.33): endpoint clearance 0.04 m is below required 1.70 m.",
23july.bag,2026-07-23T21:04:04.998+05:30,57.358,target_explorer_node,/rosout,nav2_state,WARN,8.81,20.78,,,,"Rejected frontier (8.81, 20.78): endpoint clearance 0.58 m is below required 1.70 m.",
23july.bag,2026-07-23T21:04:04.998+05:30,57.359,target_explorer_node,/rosout,nav2_state,WARN,8.51,19.63,,,,"Rejected frontier (8.51, 19.63): endpoint clearance 0.03 m is below required 1.70 m.",
23july.bag,2026-07-23T21:04:04.999+05:30,57.359,target_explorer_node,/rosout,nav2_state,WARN,8.56,19.93,,,,"Rejected frontier (8.56, 19.93): endpoint clearance 0.28 m is below required 1.70 m.",
23july.bag,2026-07-23T21:04:04.999+05:30,57.36,target_explorer_node,/rosout,nav2_state,WARN,8.31,20.08,,,,"Rejected frontier (8.31, 20.08): endpoint clearance 0.08 m is below required 1.70 m.",
23july.bag,2026-07-23T21:04:05.000+05:30,57.36,target_explorer_node,/rosout,nav2_state,WARN,8.66,20.18,,,,"Rejected frontier (8.66, 20.18): endpoint clearance 0.43 m is below required 1.70 m.",
23july.bag,2026-07-23T21:04:05.000+05:30,57.361,target_explorer_node,/rosout,nav2_state,WARN,8.71,20.33,,,,"Rejected frontier (8.71, 20.33): endpoint clearance 0.48 m is below required 1.70 m.",
23july.bag,2026-07-23T21:04:05.001+05:30,57.361,target_explorer_node,/rosout,nav2_state,WARN,8.71,20.58,,,,"Rejected frontier (8.71, 20.58): endpoint clearance 0.55 m is below required 1.70 m.",
23july.bag,2026-07-23T21:04:05.001+05:30,57.362,target_explorer_node,/rosout,nav2_state,WARN,8.91,20.78,,,,"Rejected frontier (8.91, 20.78): endpoint clearance 0.68 m is below required 1.70 m.",
23july.bag,2026-07-23T21:04:05.002+05:30,57.362,target_explorer_node,/rosout,nav2_state,WARN,8.91,21.03,,,,"Rejected frontier (8.91, 21.03): endpoint clearance 0.69 m is below required 1.70 m.",
23july.bag,2026-07-23T21:04:05.002+05:30,57.363,target_explorer_node,/rosout,nav2_state,WARN,9.01,21.18,,,,"Rejected frontier (9.01, 21.18): endpoint clearance 0.82 m is below required 1.70 m.",
23july.bag,2026-07-23T21:04:05.002+05:30,57.363,target_explorer_node,/rosout,nav2_state,WARN,9.16,21.48,,,,"Rejected frontier (9.16, 21.48): endpoint clearance 1.09 m is below required 1.70 m.",
23july.bag,2026-07-23T21:04:05.003+05:30,57.364,target_explorer_node,/rosout,nav2_state,WARN,7.81,20.88,,,,"Rejected frontier (7.81, 20.88): endpoint clearance 0.03 m is below required 1.70 m.",
23july.bag,2026-07-23T21:04:05.003+05:30,57.364,target_explorer_node,/rosout,nav2_state,WARN,8.06,20.83,,,,"Rejected frontier (8.06, 20.83): endpoint clearance 0.13 m is below required 1.70 m.",
23july.bag,2026-07-23T21:04:05.004+05:30,57.365,target_explorer_node,/rosout,nav2_state,WARN,7.86,20.63,,,,"Rejected frontier (7.86, 20.63): endpoint clearance 0.13 m is below required 1.70 m.",
23july.bag,2026-07-23T21:04:05.004+05:30,57.365,target_explorer_node,/rosout,nav2_state,WARN,7.96,20.63,,,,"Rejected frontier (7.96, 20.63): endpoint clearance 0.22 m is below required 1.70 m.",
23july.bag,2026-07-23T21:04:05.005+05:30,57.365,target_explorer_node,/rosout,nav2_state,WARN,7.81,20.68,,,,"Rejected frontier (7.81, 20.68): endpoint clearance 0.11 m is below required 1.70 m.",
23july.bag,2026-07-23T21:04:05.005+05:30,57.366,target_explorer_node,/rosout,nav2_state,WARN,7.91,20.68,,,,"Rejected frontier (7.91, 20.68): endpoint clearance 0.19 m is below required 1.70 m.",
23july.bag,2026-07-23T21:04:05.006+05:30,57.367,target_explorer_node,/rosout,nav2_state,WARN,8.01,20.68,,,,"Rejected frontier (8.01, 20.68): endpoint clearance 0.25 m is below required 1.70 m.",
23july.bag,2026-07-23T21:04:05.007+05:30,57.368,target_explorer_node,/rosout,nav2_state,WARN,7.81,20.78,,,,"Rejected frontier (7.81, 20.78): endpoint clearance 0.08 m is below required 1.70 m.",
23july.bag,2026-07-23T21:04:05.008+05:30,57.369,target_explorer_node,/rosout,nav2_state,WARN,7.91,20.78,,,,"Rejected frontier (7.91, 20.78): endpoint clearance 0.15 m is below required 1.70 m.",
23july.bag,2026-07-23T21:04:05.009+05:30,57.369,target_explorer_node,/rosout,nav2_state,WARN,-6.89,21.88,,,,"Rejected frontier (-6.89, 21.88): endpoint clearance 0.03 m is below required 1.70 m.",
23july.bag,2026-07-23T21:04:05.009+05:30,57.37,target_explorer_node,/rosout,nav2_state,WARN,-6.84,21.88,,,,"Rejected frontier (-6.84, 21.88): endpoint clearance 0.04 m is below required 1.70 m.",
23july.bag,2026-07-23T21:04:05.010+05:30,57.37,target_explorer_node,/rosout,nav2_state,WARN,-6.69,21.93,,,,"Rejected frontier (-6.69, 21.93): endpoint clearance 0.08 m is below required 1.70 m.",
23july.bag,2026-07-23T21:04:05.010+05:30,57.371,target_explorer_node,/rosout,nav2_state,WARN,-6.54,21.93,,,,"Rejected frontier (-6.54, 21.93): endpoint clearance 0.15 m is below required 1.70 m.",
23july.bag,2026-07-23T21:04:05.011+05:30,57.371,target_explorer_node,/rosout,nav2_state,WARN,-6.74,21.98,,,,"Rejected frontier (-6.74, 21.98): endpoint clearance 0.04 m is below required 1.70 m.",
23july.bag,2026-07-23T21:04:05.011+05:30,57.372,target_explorer_node,/rosout,nav2_state,WARN,-6.64,21.98,,,,"Rejected frontier (-6.64, 21.98): endpoint clearance 0.13 m is below required 1.70 m.",
23july.bag,2026-07-23T21:04:05.012+05:30,57.373,target_explorer_node,/rosout,nav2_state,WARN,-6.49,21.98,,,,"Rejected frontier (-6.49, 21.98): endpoint clearance 0.08 m is below required 1.70 m.",
23july.bag,2026-07-23T21:04:05.013+05:30,57.374,target_explorer_node,/rosout,nav2_state,WARN,-6.44,21.98,,,,"Rejected frontier (-6.44, 21.98): endpoint clearance 0.04 m is below required 1.70 m.",
23july.bag,2026-07-23T21:04:05.014+05:30,57.375,target_explorer_node,/rosout,nav2_state,WARN,-4.84,22.88,,,,"Rejected frontier (-4.84, 22.88): endpoint clearance 0.04 m is below required 1.70 m.",
23july.bag,2026-07-23T21:04:05.015+05:30,57.375,target_explorer_node,/rosout,nav2_state,WARN,-5.34,22.93,,,,"Rejected frontier (-5.34, 22.93): endpoint clearance 0.03 m is below required 1.70 m.",
23july.bag,2026-07-23T21:04:05.015+05:30,57.376,target_explorer_node,/rosout,nav2_state,WARN,-5.59,22.68,,,,"Rejected frontier (-5.59, 22.68): endpoint clearance 0.08 m is below required 1.70 m.",
23july.bag,2026-07-23T21:04:05.016+05:30,57.376,target_explorer_node,/rosout,nav2_state,WARN,-5.69,22.73,,,,"Rejected frontier (-5.69, 22.73): endpoint clearance 0.04 m is below required 1.70 m.",
23july.bag,2026-07-23T21:04:05.016+05:30,57.377,target_explorer_node,/rosout,nav2_state,WARN,-5.59,22.78,,,,"Rejected frontier (-5.59, 22.78): endpoint clearance 0.08 m is below required 1.70 m.",
23july.bag,2026-07-23T21:04:05.017+05:30,57.378,target_explorer_node,/rosout,nav2_state,WARN,-5.44,22.83,,,,"Rejected frontier (-5.44, 22.83): endpoint clearance 0.03 m is below required 1.70 m.",
23july.bag,2026-07-23T21:04:05.017+05:30,57.378,target_explorer_node,/rosout,nav2_state,WARN,-4.99,22.88,,,,"Rejected frontier (-4.99, 22.88): endpoint clearance 0.18 m is below required 1.70 m.",
23july.bag,2026-07-23T21:04:05.018+05:30,57.379,target_explorer_node,/rosout,nav2_state,WARN,-4.89,22.88,,,,"Rejected frontier (-4.89, 22.88): endpoint clearance 0.08 m is below required 1.70 m.",
23july.bag,2026-07-23T21:04:05.019+05:30,57.379,target_explorer_node,/rosout,nav2_state,WARN,-5.39,22.93,,,,"Rejected frontier (-5.39, 22.93): endpoint clearance 0.04 m is below required 1.70 m.",
23july.bag,2026-07-23T21:04:05.019+05:30,57.38,target_explorer_node,/rosout,nav2_state,WARN,1.61,23.38,,,,"Rejected frontier (1.61, 23.38): endpoint clearance 0.18 m is below required 1.70 m.",
23july.bag,2026-07-23T21:04:05.020+05:30,57.38,target_explorer_node,/rosout,nav2_state,WARN,1.76,23.08,,,,"Rejected frontier (1.76, 23.08): endpoint clearance 0.18 m is below required 1.70 m.",
23july.bag,2026-07-23T21:04:05.020+05:30,57.381,target_explorer_node,/rosout,nav2_state,WARN,2.06,22.73,,,,"Rejected frontier (2.06, 22.73): endpoint clearance 0.03 m is below required 1.70 m.",
23july.bag,2026-07-23T21:04:05.021+05:30,57.381,target_explorer_node,/rosout,nav2_state,WARN,2.01,22.78,,,,"Rejected frontier (2.01, 22.78): endpoint clearance 0.04 m is below required 1.70 m.",
23july.bag,2026-07-23T21:04:05.021+05:30,57.382,target_explorer_node,/rosout,nav2_state,WARN,1.86,22.88,,,,"Rejected frontier (1.86, 22.88): endpoint clearance 0.08 m is below required 1.70 m.",
23july.bag,2026-07-23T21:04:05.022+05:30,57.382,target_explorer_node,/rosout,nav2_state,WARN,1.76,22.93,,,,"Rejected frontier (1.76, 22.93): endpoint clearance 0.08 m is below required 1.70 m.",
23july.bag,2026-07-23T21:04:05.022+05:30,57.383,target_explorer_node,/rosout,nav2_state,WARN,1.76,22.98,,,,"Rejected frontier (1.76, 22.98): endpoint clearance 0.13 m is below required 1.70 m.",
23july.bag,2026-07-23T21:04:05.023+05:30,57.383,target_explorer_node,/rosout,nav2_state,WARN,1.71,23.18,,,,"Rejected frontier (1.71, 23.18): endpoint clearance 0.18 m is below required 1.70 m.",
23july.bag,2026-07-23T21:04:05.023+05:30,57.384,target_explorer_node,/rosout,nav2_state,WARN,1.66,23.28,,,,"Rejected frontier (1.66, 23.28): endpoint clearance 0.15 m is below required 1.70 m.",
23july.bag,2026-07-23T21:04:05.024+05:30,57.385,target_explorer_node,/rosout,nav2_state,WARN,1.76,23.38,,,,"Rejected frontier (1.76, 23.38): endpoint clearance 0.03 m is below required 1.70 m.",
23july.bag,2026-07-23T21:04:05.024+05:30,57.385,target_explorer_node,/rosout,nav2_state,WARN,-2.69,22.98,,,,"Rejected frontier (-2.69, 22.98): endpoint clearance 0.18 m is below required 1.70 m.",
23july.bag,2026-07-23T21:04:05.025+05:30,57.386,target_explorer_node,/rosout,nav2_state,WARN,-3.34,22.98,,,,"Rejected frontier (-3.34, 22.98): endpoint clearance 0.35 m is below required 1.70 m.",
23july.bag,2026-07-23T21:04:05.026+05:30,57.386,target_explorer_node,/rosout,nav2_state,WARN,-2.79,22.78,,,,"Rejected frontier (-2.79, 22.78): endpoint clearance 0.15 m is below required 1.70 m.",
23july.bag,2026-07-23T21:04:05.026+05:30,57.387,target_explorer_node,/rosout,nav2_state,WARN,-3.04,22.83,,,,"Rejected frontier (-3.04, 22.83): endpoint clearance 0.19 m is below required 1.70 m.",
23july.bag,2026-07-23T21:04:05.027+05:30,57.387,target_explorer_node,/rosout,nav2_state,WARN,-3.14,22.88,,,,"Rejected frontier (-3.14, 22.88): endpoint clearance 0.22 m is below required 1.70 m.",
23july.bag,2026-07-23T21:04:05.027+05:30,57.388,target_explorer_node,/rosout,nav2_state,WARN,-2.84,22.88,,,,"Rejected frontier (-2.84, 22.88): endpoint clearance 0.15 m is below required 1.70 m.",
23july.bag,2026-07-23T21:04:05.028+05:30,57.389,target_explorer_node,/rosout,nav2_state,WARN,-2.74,22.93,,,,"Rejected frontier (-2.74, 22.93): endpoint clearance 0.19 m is below required 1.70 m.",
23july.bag,2026-07-23T21:04:05.029+05:30,57.39,target_explorer_node,/rosout,nav2_state,WARN,-2.84,23.03,,,,"Rejected frontier (-2.84, 23.03): endpoint clearance 0.08 m is below required 1.70 m.",
23july.bag,2026-07-23T21:04:05.029+05:30,57.39,target_explorer_node,/rosout,nav2_state,WARN,-3.64,23.13,,,,"Rejected frontier (-3.64, 23.13): endpoint clearance 0.58 m is below required 1.70 m.",
23july.bag,2026-07-23T21:04:05.030+05:30,57.391,target_explorer_node,/rosout,nav2_state,WARN,-3.69,23.18,,,,"Rejected frontier (-3.69, 23.18): endpoint clearance 0.51 m is below required 1.70 m.",
23july.bag,2026-07-23T21:04:05.031+05:30,57.391,target_explorer_node,/rosout,nav2_state,WARN,2.16,23.28,,,,"Rejected frontier (2.16, 23.28): endpoint clearance 0.03 m is below required 1.70 m.",
23july.bag,2026-07-23T21:04:05.031+05:30,57.392,target_explorer_node,/rosout,nav2_state,WARN,2.26,23.03,,,,"Rejected frontier (2.26, 23.03): endpoint clearance 0.18 m is below required 1.70 m.",
23july.bag,2026-07-23T21:04:05.032+05:30,57.393,target_explorer_node,/rosout,nav2_state,WARN,2.36,22.83,,,,"Rejected frontier (2.36, 22.83): endpoint clearance 0.03 m is below required 1.70 m.",
23july.bag,2026-07-23T21:04:05.033+05:30,57.393,target_explorer_node,/rosout,nav2_state,WARN,2.46,22.88,,,,"Rejected frontier (2.46, 22.88): endpoint clearance 0.08 m is below required 1.70 m.",
23july.bag,2026-07-23T21:04:05.033+05:30,57.394,target_explorer_node,/rosout,nav2_state,WARN,2.36,22.93,,,,"Rejected frontier (2.36, 22.93): endpoint clearance 0.08 m is below required 1.70 m.",
23july.bag,2026-07-23T21:04:05.034+05:30,57.394,target_explorer_node,/rosout,nav2_state,WARN,2.36,22.98,,,,"Rejected frontier (2.36, 22.98): endpoint clearance 0.13 m is below required 1.70 m.",
23july.bag,2026-07-23T21:04:05.034+05:30,57.395,target_explorer_node,/rosout,nav2_state,WARN,2.26,23.08,,,,"Rejected frontier (2.26, 23.08): endpoint clearance 0.22 m is below required 1.70 m.",
23july.bag,2026-07-23T21:04:05.035+05:30,57.396,target_explorer_node,/rosout,nav2_state,WARN,-2.49,23.53,,,,"Rejected frontier (-2.49, 23.53): endpoint clearance 0.33 m is below required 1.70 m.",
23july.bag,2026-07-23T21:04:05.035+05:30,57.396,target_explorer_node,/rosout,nav2_state,WARN,-2.49,23.43,,,,"Rejected frontier (-2.49, 23.43): endpoint clearance 0.30 m is below required 1.70 m.",
23july.bag,2026-07-23T21:04:05.036+05:30,57.396,target_explorer_node,/rosout,nav2_state,WARN,-2.29,23.03,,,,"Rejected frontier (-2.29, 23.03): endpoint clearance 0.08 m is below required 1.70 m.",
23july.bag,2026-07-23T21:04:05.036+05:30,57.397,target_explorer_node,/rosout,nav2_state,WARN,-2.44,23.13,,,,"Rejected frontier (-2.44, 23.13): endpoint clearance 0.26 m is below required 1.70 m.",
23july.bag,2026-07-23T21:04:05.037+05:30,57.397,target_explorer_node,/rosout,nav2_state,WARN,-2.14,23.13,,,,"Rejected frontier (-2.14, 23.13): endpoint clearance 0.03 m is below required 1.70 m.",
23july.bag,2026-07-23T21:04:05.037+05:30,57.398,target_explorer_node,/rosout,nav2_state,WARN,-2.09,23.18,,,,"Rejected frontier (-2.09, 23.18): endpoint clearance 0.03 m is below required 1.70 m.",
23july.bag,2026-07-23T21:04:05.038+05:30,57.398,target_explorer_node,/rosout,nav2_state,WARN,-2.29,23.23,,,,"Rejected frontier (-2.29, 23.23): endpoint clearance 0.18 m is below required 1.70 m.",
23july.bag,2026-07-23T21:04:05.038+05:30,57.399,target_explorer_node,/rosout,nav2_state,WARN,-2.24,23.28,,,,"Rejected frontier (-2.24, 23.28): endpoint clearance 0.18 m is below required 1.70 m.",
23july.bag,2026-07-23T21:04:05.039+05:30,57.399,target_explorer_node,/rosout,nav2_state,WARN,-2.29,23.33,,,,"Rejected frontier (-2.29, 23.33): endpoint clearance 0.25 m is below required 1.70 m.",
23july.bag,2026-07-23T21:04:05.039+05:30,57.4,target_explorer_node,/rosout,nav2_state,WARN,-2.44,23.48,,,,"Rejected frontier (-2.44, 23.48): endpoint clearance 0.37 m is below required 1.70 m.",
23july.bag,2026-07-23T21:04:05.039+05:30,57.4,target_explorer_node,/rosout,nav2_state,WARN,-2.64,23.58,,,,"Rejected frontier (-2.64, 23.58): endpoint clearance 0.22 m is below required 1.70 m.",
23july.bag,2026-07-23T21:04:05.040+05:30,57.401,target_explorer_node,/rosout,nav2_state,WARN,-2.89,23.68,,,,"Rejected frontier (-2.89, 23.68): endpoint clearance 0.15 m is below required 1.70 m.",
23july.bag,2026-07-23T21:04:05.040+05:30,57.401,target_explorer_node,/rosout,nav2_state,WARN,1.46,24.28,,,,"Rejected frontier (1.46, 24.28): endpoint clearance 0.03 m is below required 1.70 m.",
23july.bag,2026-07-23T21:04:05.041+05:30,57.401,target_explorer_node,/rosout,nav2_state,WARN,1.56,23.88,,,,"Rejected frontier (1.56, 23.88): endpoint clearance 0.30 m is below required 1.70 m.",
23july.bag,2026-07-23T21:04:05.041+05:30,57.402,target_explorer_node,/rosout,nav2_state,WARN,1.71,23.43,,,,"Rejected frontier (1.71, 23.43): endpoint clearance 0.08 m is below required 1.70 m.",
23july.bag,2026-07-23T21:04:05.042+05:30,57.403,target_explorer_node,/rosout,nav2_state,WARN,1.71,23.48,,,,"Rejected frontier (1.71, 23.48): endpoint clearance 0.11 m is below required 1.70 m.",
23july.bag,2026-07-23T21:04:05.042+05:30,57.403,target_explorer_node,/rosout,nav2_state,WARN,1.61,23.58,,,,"Rejected frontier (1.61, 23.58): endpoint clearance 0.25 m is below required 1.70 m.",
23july.bag,2026-07-23T21:04:05.043+05:30,57.404,target_explorer_node,/rosout,nav2_state,WARN,1.61,23.68,,,,"Rejected frontier (1.61, 23.68): endpoint clearance 0.33 m is below required 1.70 m.",
23july.bag,2026-07-23T21:04:05.043+05:30,57.404,target_explorer_node,/rosout,nav2_state,WARN,1.56,23.78,,,,"Rejected frontier (1.56, 23.78): endpoint clearance 0.36 m is below required 1.70 m.",
23july.bag,2026-07-23T21:04:05.044+05:30,57.405,target_explorer_node,/rosout,nav2_state,WARN,1.51,23.83,,,,"Rejected frontier (1.51, 23.83): endpoint clearance 0.37 m is below required 1.70 m.",
23july.bag,2026-07-23T21:04:05.044+05:30,57.405,target_explorer_node,/rosout,nav2_state,WARN,3.06,23.63,,,,"Rejected frontier (3.06, 23.63): endpoint clearance 0.08 m is below required 1.70 m.",
23july.bag,2026-07-23T21:04:05.045+05:30,57.406,target_explorer_node,/rosout,nav2_state,WARN,3.01,23.68,,,,"Rejected frontier (3.01, 23.68): endpoint clearance 0.08 m is below required 1.70 m.",
23july.bag,2026-07-23T21:04:05.045+05:30,57.406,target_explorer_node,/rosout,nav2_state,WARN,3.11,23.68,,,,"Rejected frontier (3.11, 23.68): endpoint clearance 0.04 m is below required 1.70 m.",
23july.bag,2026-07-23T21:04:05.046+05:30,57.407,target_explorer_node,/rosout,nav2_state,WARN,3.01,23.78,,,,"Rejected frontier (3.01, 23.78): endpoint clearance 0.03 m is below required 1.70 m.",
23july.bag,2026-07-23T21:04:05.046+05:30,57.407,target_explorer_node,/rosout,nav2_state,WARN,3.06,23.78,,,,"Rejected frontier (3.06, 23.78): endpoint clearance 0.08 m is below required 1.70 m.",
23july.bag,2026-07-23T21:04:05.047+05:30,57.407,target_explorer_node,/rosout,nav2_state,WARN,2.91,23.83,,,,"Rejected frontier (2.91, 23.83): endpoint clearance 0.03 m is below required 1.70 m.",
23july.bag,2026-07-23T21:04:05.047+05:30,57.408,target_explorer_node,/rosout,nav2_state,WARN,1.31,24.43,,,,"Rejected frontier (1.31, 24.43): endpoint clearance 0.04 m is below required 1.70 m.",
23july.bag,2026-07-23T21:04:05.048+05:30,57.408,target_explorer_node,/rosout,nav2_state,WARN,1.26,24.48,,,,"Rejected frontier (1.26, 24.48): endpoint clearance 0.11 m is below required 1.70 m.",
23july.bag,2026-07-23T21:04:05.048+05:30,57.409,target_explorer_node,/rosout,nav2_state,WARN,1.26,24.58,,,,"Rejected frontier (1.26, 24.58): endpoint clearance 0.19 m is below required 1.70 m.",
23july.bag,2026-07-23T21:04:05.049+05:30,57.409,target_explorer_node,/rosout,nav2_state,WARN,1.26,24.68,,,,"Rejected frontier (1.26, 24.68): endpoint clearance 0.23 m is below required 1.70 m.",
23july.bag,2026-07-23T21:04:05.049+05:30,57.41,target_explorer_node,/rosout,nav2_state,WARN,1.21,24.78,,,,"Rejected frontier (1.21, 24.78): endpoint clearance 0.13 m is below required 1.70 m.",
23july.bag,2026-07-23T21:04:05.050+05:30,57.411,target_explorer_node,/rosout,nav2_state,WARN,1.21,24.88,,,,"Rejected frontier (1.21, 24.88): endpoint clearance 0.03 m is below required 1.70 m.",
23july.bag,2026-07-23T21:04:05.051+05:30,57.411,target_explorer_node,/rosout,nav2_state,WARN,1.01,25.28,,,,"Rejected frontier (1.01, 25.28): endpoint clearance 0.23 m is below required 1.70 m.",
23july.bag,2026-07-23T21:04:05.051+05:30,57.412,target_explorer_node,/rosout,nav2_state,WARN,1.06,25.98,,,,"Rejected frontier (1.06, 25.98): endpoint clearance 0.75 m is below required 1.70 m.",
23july.bag,2026-07-23T21:04:05.052+05:30,57.412,target_explorer_node,/rosout,nav2_state,WARN,1.16,24.98,,,,"Rejected frontier (1.16, 24.98): endpoint clearance 0.04 m is below required 1.70 m.",
23july.bag,2026-07-23T21:04:05.052+05:30,57.413,target_explorer_node,/rosout,nav2_state,WARN,1.01,25.13,,,,"Rejected frontier (1.01, 25.13): endpoint clearance 0.08 m is below required 1.70 m.",
23july.bag,2026-07-23T21:04:05.053+05:30,57.414,target_explorer_node,/rosout,nav2_state,WARN,1.01,25.23,,,,"Rejected frontier (1.01, 25.23): endpoint clearance 0.18 m is below required 1.70 m.",
23july.bag,2026-07-23T21:04:05.054+05:30,57.414,target_explorer_node,/rosout,nav2_state,WARN,1.06,25.43,,,,"Rejected frontier (1.06, 25.43): endpoint clearance 0.38 m is below required 1.70 m.",
23july.bag,2026-07-23T21:04:05.054+05:30,57.415,target_explorer_node,/rosout,nav2_state,WARN,1.06,25.63,,,,"Rejected frontier (1.06, 25.63): endpoint clearance 0.58 m is below required 1.70 m.",
23july.bag,2026-07-23T21:04:05.055+05:30,57.416,target_explorer_node,/rosout,nav2_state,WARN,1.06,25.83,,,,"Rejected frontier (1.06, 25.83): endpoint clearance 0.78 m is below required 1.70 m.",
23july.bag,2026-07-23T21:04:05.056+05:30,57.416,target_explorer_node,/rosout,nav2_state,WARN,1.01,26.23,,,,"Rejected frontier (1.01, 26.23): endpoint clearance 0.51 m is below required 1.70 m.",
23july.bag,2026-07-23T21:04:05.056+05:30,57.417,target_explorer_node,/rosout,nav2_state,WARN,1.01,26.43,,,,"Rejected frontier (1.01, 26.43): endpoint clearance 0.33 m is below required 1.70 m.",
23july.bag,2026-07-23T21:04:05.057+05:30,57.417,target_explorer_node,/rosout,nav2_state,WARN,1.01,26.63,,,,"Rejected frontier (1.01, 26.63): endpoint clearance 0.19 m is below required 1.70 m.",
23july.bag,2026-07-23T21:04:05.057+05:30,57.418,target_explorer_node,/rosout,nav2_state,WARN,0.86,26.68,,,,"Rejected frontier (0.86, 26.68): endpoint clearance 0.04 m is below required 1.70 m.",
23july.bag,2026-07-23T21:04:05.058+05:30,57.418,target_explorer_node,/rosout,nav2_state,WARN,0.86,27.43,,,,"Rejected frontier (0.86, 27.43): endpoint clearance 0.18 m is below required 1.70 m.",
23july.bag,2026-07-23T21:04:05.058+05:30,57.419,target_explorer_node,/rosout,nav2_state,WARN,0.86,26.78,,,,"Rejected frontier (0.86, 26.78): endpoint clearance 0.04 m is below required 1.70 m.",
23july.bag,2026-07-23T21:04:05.059+05:30,57.419,target_explorer_node,/rosout,nav2_state,WARN,0.86,26.88,,,,"Rejected frontier (0.86, 26.88): endpoint clearance 0.11 m is below required 1.70 m.",
23july.bag,2026-07-23T21:04:05.059+05:30,57.42,target_explorer_node,/rosout,nav2_state,WARN,0.86,26.98,,,,"Rejected frontier (0.86, 26.98): endpoint clearance 0.19 m is below required 1.70 m.",
23july.bag,2026-07-23T21:04:05.060+05:30,57.42,target_explorer_node,/rosout,nav2_state,WARN,0.86,27.08,,,,"Rejected frontier (0.86, 27.08): endpoint clearance 0.13 m is below required 1.70 m.",
23july.bag,2026-07-23T21:04:05.061+05:30,57.421,target_explorer_node,/rosout,nav2_state,WARN,0.86,27.18,,,,"Rejected frontier (0.86, 27.18): endpoint clearance 0.04 m is below required 1.70 m.",
23july.bag,2026-07-23T21:04:05.061+05:30,57.422,target_explorer_node,/rosout,nav2_state,WARN,0.86,27.28,,,,"Rejected frontier (0.86, 27.28): endpoint clearance 0.04 m is below required 1.70 m.",
23july.bag,2026-07-23T21:04:05.062+05:30,57.423,target_explorer_node,/rosout,nav2_state,WARN,0.86,27.48,,,,"Rejected frontier (0.86, 27.48): endpoint clearance 0.23 m is below required 1.70 m.",
23july.bag,2026-07-23T21:04:05.063+05:30,57.423,target_explorer_node,/rosout,nav2_state,WARN,0.86,27.58,,,,"Rejected frontier (0.86, 27.58): endpoint clearance 0.33 m is below required 1.70 m.",
23july.bag,2026-07-23T21:04:05.063+05:30,57.424,target_explorer_node,/rosout,nav2_state,WARN,0.86,27.68,,,,"Rejected frontier (0.86, 27.68): endpoint clearance 0.43 m is below required 1.70 m.",
23july.bag,2026-07-23T21:04:05.064+05:30,57.424,target_explorer_node,/rosout,nav2_state,WARN,-3.29,26.78,,,,"Rejected frontier (-3.29, 26.78): endpoint clearance 0.03 m is below required 1.70 m.",
23july.bag,2026-07-23T21:04:05.064+05:30,57.425,target_explorer_node,/rosout,nav2_state,WARN,-3.44,27.08,,,,"Rejected frontier (-3.44, 27.08): endpoint clearance 0.25 m is below required 1.70 m.",
23july.bag,2026-07-23T21:04:05.065+05:30,57.425,target_explorer_node,/rosout,nav2_state,WARN,-3.34,26.88,,,,"Rejected frontier (-3.34, 26.88): endpoint clearance 0.08 m is below required 1.70 m.",
23july.bag,2026-07-23T21:04:05.065+05:30,57.426,target_explorer_node,/rosout,nav2_state,WARN,-3.39,26.93,,,,"Rejected frontier (-3.39, 26.93): endpoint clearance 0.13 m is below required 1.70 m.",
23july.bag,2026-07-23T21:04:05.066+05:30,57.427,target_explorer_node,/rosout,nav2_state,WARN,-3.44,26.98,,,,"Rejected frontier (-3.44, 26.98): endpoint clearance 0.19 m is below required 1.70 m.",
23july.bag,2026-07-23T21:04:05.067+05:30,57.427,target_explorer_node,/rosout,nav2_state,WARN,-3.34,26.98,,,,"Rejected frontier (-3.34, 26.98): endpoint clearance 0.11 m is below required 1.70 m.",
23july.bag,2026-07-23T21:04:05.067+05:30,57.428,target_explorer_node,/rosout,nav2_state,WARN,-3.49,27.08,,,,"Rejected frontier (-3.49, 27.08): endpoint clearance 0.29 m is below required 1.70 m.",
23july.bag,2026-07-23T21:04:05.068+05:30,57.429,target_explorer_node,/rosout,nav2_state,WARN,0.41,26.83,,,,"Rejected frontier (0.41, 26.83): endpoint clearance 0.04 m is below required 1.70 m.",
23july.bag,2026-07-23T21:04:05.068+05:30,57.429,target_explorer_node,/rosout,nav2_state,WARN,0.36,27.23,,,,"Rejected frontier (0.36, 27.23): endpoint clearance 0.43 m is below required 1.70 m.",
23july.bag,2026-07-23T21:04:05.069+05:30,57.43,target_explorer_node,/rosout,nav2_state,WARN,0.41,26.88,,,,"Rejected frontier (0.41, 26.88): endpoint clearance 0.08 m is below required 1.70 m.",
23july.bag,2026-07-23T21:04:05.070+05:30,57.43,target_explorer_node,/rosout,nav2_state,WARN,0.41,26.98,,,,"Rejected frontier (0.41, 26.98): endpoint clearance 0.18 m is below required 1.70 m.",
23july.bag,2026-07-23T21:04:05.070+05:30,57.431,target_explorer_node,/rosout,nav2_state,WARN,0.36,27.08,,,,"Rejected frontier (0.36, 27.08): endpoint clearance 0.29 m is below required 1.70 m.",
23july.bag,2026-07-23T21:04:05.071+05:30,57.432,target_explorer_node,/rosout,nav2_state,WARN,0.36,27.28,,,,"Rejected frontier (0.36, 27.28): endpoint clearance 0.38 m is below required 1.70 m.",
23july.bag,2026-07-23T21:04:05.072+05:30,57.433,target_explorer_node,/rosout,nav2_state,WARN,0.36,27.38,,,,"Rejected frontier (0.36, 27.38): endpoint clearance 0.28 m is below required 1.70 m.",
23july.bag,2026-07-23T21:04:05.076+05:30,57.437,target_explorer_node,/rosout,nav2_state,WARN,0.86,27.78,,,,"Rejected frontier (0.86, 27.78): endpoint clearance 0.33 m is below required 1.70 m.",
23july.bag,2026-07-23T21:04:05.076+05:30,57.437,target_explorer_node,/rosout,nav2_state,WARN,0.26,27.73,,,,"Rejected frontier (0.26, 27.73): endpoint clearance 0.04 m is below required 1.70 m.",
23july.bag,2026-07-23T21:04:05.076+05:30,57.437,target_explorer_node,/rosout,nav2_state,WARN,0.26,28.18,,,,"Rejected frontier (0.26, 28.18): endpoint clearance 0.48 m is below required 1.70 m.",
23july.bag,2026-07-23T21:04:05.076+05:30,57.437,target_explorer_node,/rosout,nav2_state,WARN,0.26,28.63,,,,"Rejected frontier (0.26, 28.63): endpoint clearance 0.71 m is below required 1.70 m.",
23july.bag,2026-07-23T21:04:05.077+05:30,57.437,target_explorer_node,/rosout,nav2_state,WARN,0.26,29.08,,,,"Rejected frontier (0.26, 29.08): endpoint clearance 1.06 m is below required 1.70 m.",
23july.bag,2026-07-23T21:04:05.077+05:30,57.438,target_explorer_node,/rosout,nav2_state,WARN,0.21,29.53,,,,"Rejected frontier (0.21, 29.53): endpoint clearance 1.49 m is below required 1.70 m.",
23july.bag,2026-07-23T21:04:05.078+05:30,57.439,target_explorer_node,/rosout,nav2_state,WARN,0.26,30.88,,,,"Rejected frontier (0.26, 30.88): endpoint clearance 1.68 m is below required 1.70 m.",
23july.bag,2026-07-23T21:04:05.079+05:30,57.44,target_explorer_node,/rosout,nav2_state,WARN,0.16,31.33,,,,"Rejected frontier (0.16, 31.33): endpoint clearance 1.24 m is below required 1.70 m.",
23july.bag,2026-07-23T21:04:05.080+05:30,57.44,target_explorer_node,/rosout,nav2_state,WARN,0.16,31.78,,,,"Rejected frontier (0.16, 31.78): endpoint clearance 0.79 m is below required 1.70 m.",
23july.bag,2026-07-23T21:04:05.080+05:30,57.441,target_explorer_node,/rosout,nav2_state,WARN,0.21,32.18,,,,"Rejected frontier (0.21, 32.18): endpoint clearance 0.40 m is below required 1.70 m.",
23july.bag,2026-07-23T21:04:05.081+05:30,57.442,target_explorer_node,/rosout,nav2_state,WARN,-2.64,28.08,,,,"Rejected frontier (-2.64, 28.08): endpoint clearance 0.03 m is below required 1.70 m.",
23july.bag,2026-07-23T21:04:05.081+05:30,57.442,target_explorer_node,/rosout,nav2_state,WARN,-2.89,28.48,,,,"Rejected frontier (-2.89, 28.48): endpoint clearance 0.48 m is below required 1.70 m.",
23july.bag,2026-07-23T21:04:05.082+05:30,57.443,target_explorer_node,/rosout,nav2_state,WARN,-2.69,28.18,,,,"Rejected frontier (-2.69, 28.18): endpoint clearance 0.13 m is below required 1.70 m.",
23july.bag,2026-07-23T21:04:05.083+05:30,57.443,target_explorer_node,/rosout,nav2_state,WARN,-2.74,28.28,,,,"Rejected frontier (-2.74, 28.28): endpoint clearance 0.24 m is below required 1.70 m.",
23july.bag,2026-07-23T21:04:05.083+05:30,57.444,target_explorer_node,/rosout,nav2_state,WARN,-2.79,28.33,,,,"Rejected frontier (-2.79, 28.33): endpoint clearance 0.30 m is below required 1.70 m.",
23july.bag,2026-07-23T21:04:05.084+05:30,57.445,target_explorer_node,/rosout,nav2_state,WARN,-2.84,28.38,,,,"Rejected frontier (-2.84, 28.38): endpoint clearance 0.37 m is below required 1.70 m.",
23july.bag,2026-07-23T21:04:05.085+05:30,57.446,target_explorer_node,/rosout,nav2_state,WARN,-2.94,28.58,,,,"Rejected frontier (-2.94, 28.58): endpoint clearance 0.43 m is below required 1.70 m.",
23july.bag,2026-07-23T21:04:05.085+05:30,57.446,target_explorer_node,/rosout,nav2_state,WARN,-2.99,28.63,,,,"Rejected frontier (-2.99, 28.63): endpoint clearance 0.36 m is below required 1.70 m.",
23july.bag,2026-07-23T21:04:05.086+05:30,57.447,target_explorer_node,/rosout,nav2_state,WARN,-1.84,32.53,,,,"Rejected frontier (-1.84, 32.53): endpoint clearance 0.03 m is below required 1.70 m.",
23july.bag,2026-07-23T21:04:05.087+05:30,57.447,target_explorer_node,/rosout,nav2_state,WARN,-1.99,32.63,,,,"Rejected frontier (-1.99, 32.63): endpoint clearance 0.08 m is below required 1.70 m.",
23july.bag,2026-07-23T21:04:05.087+05:30,57.448,target_explorer_node,/rosout,nav2_state,WARN,-2.04,32.53,,,,"Rejected frontier (-2.04, 32.53): endpoint clearance 0.04 m is below required 1.70 m.",
23july.bag,2026-07-23T21:04:05.088+05:30,57.448,target_explorer_node,/rosout,nav2_state,WARN,-1.94,32.53,,,,"Rejected frontier (-1.94, 32.53): endpoint clearance 0.04 m is below required 1.70 m.",
23july.bag,2026-07-23T21:04:05.088+05:30,57.449,target_explorer_node,/rosout,nav2_state,WARN,-2.19,32.58,,,,"Rejected frontier (-2.19, 32.58): endpoint clearance 0.11 m is below required 1.70 m.",
23july.bag,2026-07-23T21:04:05.089+05:30,57.449,target_explorer_node,/rosout,nav2_state,WARN,-2.09,32.58,,,,"Rejected frontier (-2.09, 32.58): endpoint clearance 0.08 m is below required 1.70 m.",
23july.bag,2026-07-23T21:04:05.089+05:30,57.45,target_explorer_node,/rosout,nav2_state,WARN,-1.89,32.58,,,,"Rejected frontier (-1.89, 32.58): endpoint clearance 0.08 m is below required 1.70 m.",
23july.bag,2026-07-23T21:04:05.090+05:30,57.45,target_explorer_node,/rosout,nav2_state,WARN,-1.79,32.58,,,,"Rejected frontier (-1.79, 32.58): endpoint clearance 0.04 m is below required 1.70 m.",
23july.bag,2026-07-23T21:04:05.098+05:30,57.459,/plan,/plan,path_update,RECORDED,0.3631358132838898,19.426012798444454,,246,6.2056,Recorded path update on /plan,
23july.bag,2026-07-23T21:04:05.103+05:30,57.464,global_costmap.global_costmap,/rosout,costmap_resize,INFO,,,,,,StaticLayer: Resizing costmap to 810 X 830 at 0.050000 m/pix,
23july.bag,2026-07-23T21:04:05.119+05:30,57.479,/plan,/plan,path_update,RECORDED,0.2131358184992962,29.976012963102285,,187,4.6958,Recorded path update on /plan,
23july.bag,2026-07-23T21:04:05.136+05:30,57.497,/plan,/plan,path_update,RECORDED,4.813135879594057,15.976012747035448,,414,11.4065,Recorded path update on /plan,
23july.bag,2026-07-23T21:04:05.164+05:30,57.525,/plan,/plan,path_update,RECORDED,-1.936864220988781,7.326012618140403,,935,24.2544,Recorded path update on /plan,
23july.bag,2026-07-23T21:04:05.207+05:30,57.568,/plan,/plan,path_update,RECORDED,4.413135873633593,5.776012595043603,,849,21.915,Recorded path update on /plan,
23july.bag,2026-07-23T21:04:05.235+05:30,57.596,target_explorer_node,/rosout,target_explorer_recovery_frontier,INFO,0.36,19.43,,,,"No forward-progress frontier is reachable; using recovery frontier (0.36, 19.43).",
23july.bag,2026-07-23T21:04:05.236+05:30,57.597,target_explorer_node,/rosout,planning,INFO,0.36,19.43,,,,"Sending NavigateToPose goal (0.36, 19.43): progress=-2.32 m alignment=0.737 path=6.21 m score=-2.206.",9
23july.bag,2026-07-23T21:04:05.241+05:30,57.601,target_explorer_node,/rosout,nav2_state,INFO,0.36,19.43,,,,"Nav2 accepted goal (0.36, 19.43).",9
23july.bag,2026-07-23T21:04:05.242+05:30,57.603,/plan,/plan,path_update,RECORDED,0.3631358132838898,19.426012798444454,,251,6.3145,Recorded path update on /plan,9
23july.bag,2026-07-23T21:04:05.258+05:30,57.618,controller_server,/rosout,goal_started,INFO,,,,,,"Received a goal, begin computing control effort.",9
23july.bag,2026-07-23T21:04:06.274+05:30,58.635,/plan,/plan,path_update,RECORDED,0.3631358132838898,19.426012798444454,,262,6.5953,Recorded path update on /plan,9
23july.bag,2026-07-23T21:04:06.308+05:30,58.669,controller_server,/rosout,planning,INFO,,,,,,Passing new path to controller.,9
23july.bag,2026-07-23T21:04:07.304+05:30,59.665,/plan,/plan,path_update,RECORDED,0.3631358132838898,19.426012798444454,,273,6.8723,Recorded path update on /plan,9
23july.bag,2026-07-23T21:04:07.358+05:30,59.719,controller_server,/rosout,planning,INFO,,,,,,Passing new path to controller.,9
23july.bag,2026-07-23T21:04:08.335+05:30,60.696,/plan,/plan,path_update,RECORDED,0.3631358132838898,19.426012798444454,,273,6.8723,Recorded path update on /plan,9
23july.bag,2026-07-23T21:04:08.358+05:30,60.719,controller_server,/rosout,planning,INFO,,,,,,Passing new path to controller.,9
23july.bag,2026-07-23T21:04:09.366+05:30,61.726,/plan,/plan,path_update,RECORDED,0.3631358132838898,19.426012798444454,,273,6.8723,Recorded path update on /plan,9
23july.bag,2026-07-23T21:04:09.408+05:30,61.769,controller_server,/rosout,planning,INFO,,,,,,Passing new path to controller.,9
23july.bag,2026-07-23T21:04:10.395+05:30,62.756,/plan,/plan,path_update,RECORDED,0.3631358132838898,19.426012798444454,,273,6.8571,Recorded path update on /plan,9
23july.bag,2026-07-23T21:04:10.408+05:30,62.769,controller_server,/rosout,planning,INFO,,,,,,Passing new path to controller.,9
23july.bag,2026-07-23T21:04:11.425+05:30,63.786,/plan,/plan,path_update,RECORDED,0.3631358132838898,19.426012798444454,,271,6.8257,Recorded path update on /plan,9
23july.bag,2026-07-23T21:04:11.458+05:30,63.819,controller_server,/rosout,planning,INFO,,,,,,Passing new path to controller.,9
23july.bag,2026-07-23T21:04:12.456+05:30,64.816,/plan,/plan,path_update,RECORDED,0.3631358132838898,19.426012798444454,,271,6.8257,Recorded path update on /plan,9
23july.bag,2026-07-23T21:04:12.508+05:30,64.869,controller_server,/rosout,planning,INFO,,,,,,Passing new path to controller.,9
23july.bag,2026-07-23T21:04:13.486+05:30,65.847,/plan,/plan,path_update,RECORDED,0.3631358132838898,19.426012798444454,,273,6.8723,Recorded path update on /plan,9
23july.bag,2026-07-23T21:04:13.508+05:30,65.869,controller_server,/rosout,planning,INFO,,,,,,Passing new path to controller.,9
23july.bag,2026-07-23T21:04:14.516+05:30,66.877,/plan,/plan,path_update,RECORDED,0.3631358132838898,19.426012798444454,,271,6.8257,Recorded path update on /plan,9
23july.bag,2026-07-23T21:04:14.558+05:30,66.919,controller_server,/rosout,planning,INFO,,,,,,Passing new path to controller.,9
23july.bag,2026-07-23T21:04:15.551+05:30,67.912,/plan,/plan,path_update,RECORDED,0.3631358132838898,19.426012798444454,,271,6.8257,Recorded path update on /plan,9
23july.bag,2026-07-23T21:04:15.608+05:30,67.969,controller_server,/rosout,planning,INFO,,,,,,Passing new path to controller.,9
23july.bag,2026-07-23T21:04:16.458+05:30,68.819,controller_server,/rosout,progress_checker,ERROR,,,,,,Failed to make progress,9
23july.bag,2026-07-23T21:04:16.458+05:30,68.819,controller_server,/rosout,aborted,WARN,,,,,,[follow_path] [ActionServer] Aborting handle.,9
23july.bag,2026-07-23T21:04:16.477+05:30,68.838,local_costmap.local_costmap,/rosout,costmap_clear,INFO,,,,,,Received request to clear entirely the local_costmap,9
23july.bag,2026-07-23T21:04:16.479+05:30,68.84,controller_server,/rosout,goal_started,INFO,,,,,,"Received a goal, begin computing control effort.",9
23july.bag,2026-07-23T21:04:16.587+05:30,68.947,/plan,/plan,path_update,RECORDED,0.3631358132838898,19.426012798444454,,271,6.8257,Recorded path update on /plan,9
23july.bag,2026-07-23T21:04:16.629+05:30,68.99,controller_server,/rosout,planning,INFO,,,,,,Passing new path to controller.,9
23july.bag,2026-07-23T21:04:17.615+05:30,69.976,/plan,/plan,path_update,RECORDED,0.3631358132838898,19.426012798444454,,271,6.8257,Recorded path update on /plan,9
23july.bag,2026-07-23T21:04:17.629+05:30,69.99,controller_server,/rosout,planning,INFO,,,,,,Passing new path to controller.,9
23july.bag,2026-07-23T21:04:18.647+05:30,71.008,/plan,/plan,path_update,RECORDED,0.3631358132838898,19.426012798444454,,271,6.8257,Recorded path update on /plan,9
23july.bag,2026-07-23T21:04:18.679+05:30,71.04,controller_server,/rosout,planning,INFO,,,,,,Passing new path to controller.,9
23july1.bag,2026-07-23T21:17:09.854+05:30,5.531,target_explorer_node,/rosout,tf,WARN,,,,,,"Cannot look up robot pose map -> base_footprint: Lookup would require extrapolation at time 1784821629.514687, but only time 1784821629.572658 is in the buffer, when looking up transform from frame [base_footprint] to frame [map].",
23july1.bag,2026-07-23T21:17:10.168+05:30,5.845,target_explorer_node,/rosout,obstacle_or_costmap,INFO,,,,,,Received /global_costmap/costmap: 397x349 cells at 0.050 m/cell,
23july1.bag,2026-07-23T21:17:10.954+05:30,6.631,planner_server,/rosout,planning,WARN,,,,,,No planners specified in action call. Server will use only plugin GridBased  in server. This warning will appear once.,
23july1.bag,2026-07-23T21:17:10.955+05:30,6.632,/plan,/plan,path_update,RECORDED,0.1493590566676204,0.8267122004305583,,29,0.761,Recorded path update on /plan,
23july1.bag,2026-07-23T21:17:10.958+05:30,6.634,target_explorer_node,/rosout,planning,INFO,0.15,0.83,,,,"Sending NavigateToPose goal (0.15, 0.83): progress=0.73 m alignment=0.985 path=0.76 m score=1.640.",1
23july1.bag,2026-07-23T21:17:10.959+05:30,6.636,target_explorer_node,/rosout,nav2_state,INFO,0.15,0.83,,,,"Nav2 accepted goal (0.15, 0.83).",1
23july1.bag,2026-07-23T21:17:10.960+05:30,6.637,/plan,/plan,path_update,RECORDED,0.1493590566676204,0.8267122004305583,,29,0.761,Recorded path update on /plan,1
23july1.bag,2026-07-23T21:17:10.979+05:30,6.656,controller_server,/rosout,goal_started,INFO,,,,,,"Received a goal, begin computing control effort.",1
23july1.bag,2026-07-23T21:17:10.979+05:30,6.656,controller_server,/rosout,nav2_state,WARN,,,,,,No goal checker was specified in parameter 'current_goal_checker'. Server will use only plugin loaded general_goal_checker . This warning will appear once.,1
23july1.bag,2026-07-23T21:17:11.991+05:30,7.668,/plan,/plan,path_update,RECORDED,0.1493590566676204,0.8267122004305583,,29,0.761,Recorded path update on /plan,1
23july1.bag,2026-07-23T21:17:12.029+05:30,7.706,controller_server,/rosout,planning,INFO,,,,,,Passing new path to controller.,1
23july1.bag,2026-07-23T21:17:12.480+05:30,8.156,controller_server,/rosout,controller,WARN,,,,,,Control loop missed its desired rate of 20.0000Hz,1
23july1.bag,2026-07-23T21:17:13.019+05:30,8.696,/plan,/plan,path_update,RECORDED,0.1493590566676204,0.8267122004305583,,24,0.6354,Recorded path update on /plan,1
23july1.bag,2026-07-23T21:17:13.079+05:30,8.756,controller_server,/rosout,planning,INFO,,,,,,Passing new path to controller.,1
23july1.bag,2026-07-23T21:17:13.208+05:30,8.885,global_costmap.global_costmap,/rosout,costmap_resize,INFO,,,,,,StaticLayer: Resizing costmap to 405 X 351 at 0.050000 m/pix,1
23july1.bag,2026-07-23T21:17:13.629+05:30,9.306,controller_server,/rosout,nav2_state,INFO,,,,,,Reached the goal!,1
23july1.bag,2026-07-23T21:17:13.643+05:30,9.32,global_costmap.global_costmap,/rosout,costmap_resize,INFO,,,,,,StaticLayer: Resizing costmap to 599 X 478 at 0.050000 m/pix,1
23july1.bag,2026-07-23T21:17:13.669+05:30,9.346,bt_navigator,/rosout,goal_succeeded,INFO,,,,,,Goal succeeded,1
23july1.bag,2026-07-23T21:17:13.670+05:30,9.347,target_explorer_node,/rosout,goal_succeeded,INFO,0.15,0.83,,,,"NavigateToPose succeeded for (0.15, 0.83).",
23july1.bag,2026-07-23T21:17:13.761+05:30,9.438,planner_server,/rosout,planning_failure,WARN,,,,,,GridBased: failed to create plan with tolerance 0.50.,
23july1.bag,2026-07-23T21:17:13.761+05:30,9.438,planner_server,/rosout,planning_failure,WARN,-0.15,4.78,,,,"Planning algorithm  failed to generate a valid path to (-0.15, 4.78)",
23july1.bag,2026-07-23T21:17:13.761+05:30,9.438,planner_server,/rosout,aborted,WARN,,,,,,[compute_path_to_pose] [ActionServer] Aborting handle.,
23july1.bag,2026-07-23T21:17:13.763+05:30,9.44,planner_server,/rosout,planning_failure,WARN,,,,,,GridBased: failed to create plan with tolerance 0.50.,
23july1.bag,2026-07-23T21:17:13.763+05:30,9.44,planner_server,/rosout,planning_failure,WARN,-0.6,4.38,,,,"Planning algorithm  failed to generate a valid path to (-0.60, 4.38)",
23july1.bag,2026-07-23T21:17:13.763+05:30,9.44,planner_server,/rosout,aborted,WARN,,,,,,[compute_path_to_pose] [ActionServer] Aborting handle.,
23july1.bag,2026-07-23T21:17:13.765+05:30,9.441,planner_server,/rosout,planning_failure,WARN,,,,,,GridBased: failed to create plan with tolerance 0.50.,
23july1.bag,2026-07-23T21:17:13.765+05:30,9.441,planner_server,/rosout,planning_failure,WARN,-0.8,4.28,,,,"Planning algorithm  failed to generate a valid path to (-0.80, 4.28)",
23july1.bag,2026-07-23T21:17:13.765+05:30,9.441,planner_server,/rosout,aborted,WARN,,,,,,[compute_path_to_pose] [ActionServer] Aborting handle.,
23july1.bag,2026-07-23T21:17:13.766+05:30,9.443,/plan,/plan,path_update,RECORDED,1.1493590790193622,3.4767122473692162,,108,3.1344,Recorded path update on /plan,
23july1.bag,2026-07-23T21:17:13.771+05:30,9.448,target_explorer_node,/rosout,planning,INFO,1.45,3.93,,,,"Sending NavigateToPose goal (1.45, 3.93): progress=3.24 m alignment=0.926 path=3.13 m score=3.851.",2
23july1.bag,2026-07-23T21:17:13.773+05:30,9.449,target_explorer_node,/rosout,nav2_state,INFO,1.45,3.93,,,,"Nav2 accepted goal (1.45, 3.93).",2
23july1.bag,2026-07-23T21:17:13.774+05:30,9.451,/plan,/plan,path_update,RECORDED,1.1493590790193622,3.4767122473692162,,108,3.1344,Recorded path update on /plan,2
23july1.bag,2026-07-23T21:17:13.793+05:30,9.469,controller_server,/rosout,goal_started,INFO,,,,,,"Received a goal, begin computing control effort.",2
23july1.bag,2026-07-23T21:17:14.805+05:30,10.481,/plan,/plan,path_update,RECORDED,1.44935907603913,3.926712246624158,,115,2.8697,Recorded path update on /plan,2
23july1.bag,2026-07-23T21:17:14.842+05:30,10.519,controller_server,/rosout,planning,INFO,,,,,,Passing new path to controller.,2
23july1.bag,2026-07-23T21:17:14.947+05:30,10.624,global_costmap.global_costmap,/rosout,costmap_resize,INFO,,,,,,StaticLayer: Resizing costmap to 602 X 478 at 0.050000 m/pix,2
23july1.bag,2026-07-23T21:17:15.817+05:30,11.494,global_costmap.global_costmap,/rosout,costmap_resize,INFO,,,,,,StaticLayer: Resizing costmap to 606 X 478 at 0.050000 m/pix,2
23july1.bag,2026-07-23T21:17:15.833+05:30,11.51,/plan,/plan,path_update,RECORDED,1.44935907603913,3.926712246624158,,88,2.1953,Recorded path update on /plan,2
23july1.bag,2026-07-23T21:17:15.843+05:30,11.52,controller_server,/rosout,controller,WARN,,,,,,Control loop missed its desired rate of 20.0000Hz,2
23july1.bag,2026-07-23T21:17:15.892+05:30,11.569,controller_server,/rosout,planning,INFO,,,,,,Passing new path to controller.,2
23july1.bag,2026-07-23T21:17:16.686+05:30,12.363,global_costmap.global_costmap,/rosout,costmap_resize,INFO,,,,,,StaticLayer: Resizing costmap to 610 X 478 at 0.050000 m/pix,2
23july1.bag,2026-07-23T21:17:16.864+05:30,12.541,/plan,/plan,path_update,RECORDED,1.44935907603913,3.926712246624158,,60,1.5008,Recorded path update on /plan,2
23july1.bag,2026-07-23T21:17:16.892+05:30,12.569,controller_server,/rosout,planning,INFO,,,,,,Passing new path to controller.,2
23july1.bag,2026-07-23T21:17:17.556+05:30,13.233,global_costmap.global_costmap,/rosout,costmap_resize,INFO,,,,,,StaticLayer: Resizing costmap to 611 X 671 at 0.050000 m/pix,2
23july1.bag,2026-07-23T21:17:17.643+05:30,13.32,controller_server,/rosout,controller,WARN,,,,,,Control loop missed its desired rate of 20.0000Hz,2
23july1.bag,2026-07-23T21:17:17.897+05:30,13.573,/plan,/plan,path_update,RECORDED,1.44935907603913,3.926712246624158,,33,0.8148,Recorded path update on /plan,2
23july1.bag,2026-07-23T21:17:17.942+05:30,13.619,controller_server,/rosout,planning,INFO,,,,,,Passing new path to controller.,2
23july1.bag,2026-07-23T21:17:18.742+05:30,14.419,controller_server,/rosout,nav2_state,INFO,,,,,,Reached the goal!,2
23july1.bag,2026-07-23T21:17:18.782+05:30,14.459,bt_navigator,/rosout,goal_succeeded,INFO,,,,,,Goal succeeded,2
23july1.bag,2026-07-23T21:17:18.783+05:30,14.46,target_explorer_node,/rosout,goal_succeeded,INFO,1.45,3.93,,,,"NavigateToPose succeeded for (1.45, 3.93).",
23july1.bag,2026-07-23T21:17:18.876+05:30,14.552,target_explorer_node,/rosout,nav2_state,WARN,7.95,7.33,,,,"Rejected frontier (7.95, 7.33): endpoint clearance 0.03 m is below required 0.10 m.",
23july1.bag,2026-07-23T21:17:18.876+05:30,14.553,target_explorer_node,/rosout,nav2_state,WARN,8.0,7.38,,,,"Rejected frontier (8.00, 7.38): endpoint clearance 0.08 m is below required 0.10 m.",
23july1.bag,2026-07-23T21:17:18.877+05:30,14.554,target_explorer_node,/rosout,nav2_state,WARN,-1.65,8.18,,,,"Rejected frontier (-1.65, 8.18): endpoint clearance 0.04 m is below required 0.10 m.",
23july1.bag,2026-07-23T21:17:18.878+05:30,14.554,target_explorer_node,/rosout,nav2_state,WARN,7.6,8.03,,,,"Rejected frontier (7.60, 8.03): endpoint clearance 0.03 m is below required 0.10 m.",
23july1.bag,2026-07-23T21:17:18.878+05:30,14.555,target_explorer_node,/rosout,nav2_state,WARN,7.7,7.93,,,,"Rejected frontier (7.70, 7.93): endpoint clearance 0.03 m is below required 0.10 m.",
23july1.bag,2026-07-23T21:17:18.879+05:30,14.556,target_explorer_node,/rosout,nav2_state,WARN,7.95,8.03,,,,"Rejected frontier (7.95, 8.03): endpoint clearance 0.08 m is below required 0.10 m.",
23july1.bag,2026-07-23T21:17:18.879+05:30,14.556,target_explorer_node,/rosout,nav2_state,WARN,8.1,8.03,,,,"Rejected frontier (8.10, 8.03): endpoint clearance 0.03 m is below required 0.10 m.",
23july1.bag,2026-07-23T21:17:18.880+05:30,14.556,target_explorer_node,/rosout,nav2_state,WARN,7.6,8.08,,,,"Rejected frontier (7.60, 8.08): endpoint clearance 0.08 m is below required 0.10 m.",
23july1.bag,2026-07-23T21:17:18.880+05:30,14.557,target_explorer_node,/rosout,nav2_state,WARN,8.0,8.08,,,,"Rejected frontier (8.00, 8.08): endpoint clearance 0.08 m is below required 0.10 m.",
23july1.bag,2026-07-23T21:17:18.881+05:30,14.557,target_explorer_node,/rosout,nav2_state,WARN,3.35,8.83,,,,"Rejected frontier (3.35, 8.83): endpoint clearance 0.08 m is below required 0.10 m.",
23july1.bag,2026-07-23T21:17:18.881+05:30,14.558,target_explorer_node,/rosout,nav2_state,WARN,3.25,8.93,,,,"Rejected frontier (3.25, 8.93): endpoint clearance 0.08 m is below required 0.10 m.",
23july1.bag,2026-07-23T21:17:18.882+05:30,14.559,target_explorer_node,/rosout,nav2_state,WARN,3.35,9.08,,,,"Rejected frontier (3.35, 9.08): endpoint clearance 0.08 m is below required 0.10 m.",
23july1.bag,2026-07-23T21:17:18.882+05:30,14.559,target_explorer_node,/rosout,nav2_state,WARN,3.4,9.23,,,,"Rejected frontier (3.40, 9.23): endpoint clearance 0.08 m is below required 0.10 m.",
23july1.bag,2026-07-23T21:17:18.883+05:30,14.559,target_explorer_node,/rosout,nav2_state,WARN,2.35,8.73,,,,"Rejected frontier (2.35, 8.73): endpoint clearance 0.03 m is below required 0.10 m.",
23july1.bag,2026-07-23T21:17:18.883+05:30,14.56,target_explorer_node,/rosout,nav2_state,WARN,2.45,8.78,,,,"Rejected frontier (2.45, 8.78): endpoint clearance 0.00 m is below required 0.10 m.",
23july1.bag,2026-07-23T21:17:18.884+05:30,14.56,target_explorer_node,/rosout,nav2_state,WARN,2.55,8.78,,,,"Rejected frontier (2.55, 8.78): endpoint clearance 0.04 m is below required 0.10 m.",
23july1.bag,2026-07-23T21:17:18.884+05:30,14.561,target_explorer_node,/rosout,nav2_state,WARN,2.7,8.78,,,,"Rejected frontier (2.70, 8.78): endpoint clearance 0.03 m is below required 0.10 m.",
23july1.bag,2026-07-23T21:17:18.885+05:30,14.562,target_explorer_node,/rosout,nav2_state,WARN,2.5,8.88,,,,"Rejected frontier (2.50, 8.88): endpoint clearance 0.08 m is below required 0.10 m.",
23july1.bag,2026-07-23T21:17:18.886+05:30,14.562,target_explorer_node,/rosout,nav2_state,WARN,7.95,8.93,,,,"Rejected frontier (7.95, 8.93): endpoint clearance 0.08 m is below required 0.10 m.",
23july1.bag,2026-07-23T21:17:18.886+05:30,14.563,target_explorer_node,/rosout,nav2_state,WARN,7.75,8.73,,,,"Rejected frontier (7.75, 8.73): endpoint clearance 0.08 m is below required 0.10 m.",
23july1.bag,2026-07-23T21:17:18.887+05:30,14.563,target_explorer_node,/rosout,nav2_state,WARN,7.8,8.78,,,,"Rejected frontier (7.80, 8.78): endpoint clearance 0.04 m is below required 0.10 m.",
23july1.bag,2026-07-23T21:17:18.887+05:30,14.564,target_explorer_node,/rosout,nav2_state,WARN,7.9,8.78,,,,"Rejected frontier (7.90, 8.78): endpoint clearance 0.03 m is below required 0.10 m.",
23july1.bag,2026-07-23T21:17:18.888+05:30,14.565,target_explorer_node,/rosout,nav2_state,WARN,8.0,8.98,,,,"Rejected frontier (8.00, 8.98): endpoint clearance 0.08 m is below required 0.10 m.",
23july1.bag,2026-07-23T21:17:18.889+05:30,14.566,target_explorer_node,/rosout,nav2_state,WARN,3.75,9.28,,,,"Rejected frontier (3.75, 9.28): endpoint clearance 0.08 m is below required 0.10 m.",
23july1.bag,2026-07-23T21:17:18.891+05:30,14.568,target_explorer_node,/rosout,nav2_state,WARN,4.7,10.78,,,,"Rejected frontier (4.70, 10.78): endpoint clearance 0.00 m is below required 0.10 m.",
23july1.bag,2026-07-23T21:17:18.894+05:30,14.571,target_explorer_node,/rosout,nav2_state,WARN,9.95,12.08,,,,"Rejected frontier (9.95, 12.08): endpoint clearance 0.03 m is below required 0.10 m.",
23july1.bag,2026-07-23T21:17:18.895+05:30,14.572,target_explorer_node,/rosout,nav2_state,WARN,10.05,11.98,,,,"Rejected frontier (10.05, 11.98): endpoint clearance 0.03 m is below required 0.10 m.",
23july1.bag,2026-07-23T21:17:18.896+05:30,14.573,target_explorer_node,/rosout,nav2_state,WARN,9.9,12.03,,,,"Rejected frontier (9.90, 12.03): endpoint clearance 0.08 m is below required 0.10 m.",
23july1.bag,2026-07-23T21:17:18.897+05:30,14.573,target_explorer_node,/rosout,nav2_state,WARN,10.0,12.08,,,,"Rejected frontier (10.00, 12.08): endpoint clearance 0.00 m is below required 0.10 m.",
23july1.bag,2026-07-23T21:17:18.898+05:30,14.575,target_explorer_node,/rosout,nav2_state,WARN,10.0,13.03,,,,"Rejected frontier (10.00, 13.03): endpoint clearance 0.08 m is below required 0.10 m.",
23july1.bag,2026-07-23T21:17:18.898+05:30,14.575,target_explorer_node,/rosout,nav2_state,WARN,10.05,13.23,,,,"Rejected frontier (10.05, 13.23): endpoint clearance 0.03 m is below required 0.10 m.",
23july1.bag,2026-07-23T21:17:18.899+05:30,14.576,target_explorer_node,/rosout,nav2_state,WARN,10.1,13.38,,,,"Rejected frontier (10.10, 13.38): endpoint clearance 0.03 m is below required 0.10 m.",
23july1.bag,2026-07-23T21:17:18.899+05:30,14.576,target_explorer_node,/rosout,nav2_state,WARN,10.1,13.53,,,,"Rejected frontier (10.10, 13.53): endpoint clearance 0.08 m is below required 0.10 m.",
23july1.bag,2026-07-23T21:17:18.900+05:30,14.576,target_explorer_node,/rosout,nav2_state,WARN,10.0,12.28,,,,"Rejected frontier (10.00, 12.28): endpoint clearance 0.03 m is below required 0.10 m.",
23july1.bag,2026-07-23T21:17:18.900+05:30,14.577,target_explorer_node,/rosout,nav2_state,WARN,10.15,12.43,,,,"Rejected frontier (10.15, 12.43): endpoint clearance 0.08 m is below required 0.10 m.",
23july1.bag,2026-07-23T21:17:18.901+05:30,14.578,target_explorer_node,/rosout,nav2_state,WARN,10.2,12.48,,,,"Rejected frontier (10.20, 12.48): endpoint clearance 0.04 m is below required 0.10 m.",
23july1.bag,2026-07-23T21:17:18.901+05:30,14.578,target_explorer_node,/rosout,nav2_state,WARN,10.15,12.58,,,,"Rejected frontier (10.15, 12.58): endpoint clearance 0.03 m is below required 0.10 m.",
23july1.bag,2026-07-23T21:17:18.902+05:30,14.579,target_explorer_node,/rosout,nav2_state,WARN,10.1,12.68,,,,"Rejected frontier (10.10, 12.68): endpoint clearance 0.03 m is below required 0.10 m.",
23july1.bag,2026-07-23T21:17:18.903+05:30,14.58,target_explorer_node,/rosout,nav2_state,WARN,9.95,12.73,,,,"Rejected frontier (9.95, 12.73): endpoint clearance 0.08 m is below required 0.10 m.",
23july1.bag,2026-07-23T21:17:18.911+05:30,14.588,planner_server,/rosout,planning_failure,WARN,,,,,,GridBased: failed to create plan with tolerance 0.50.,
23july1.bag,2026-07-23T21:17:18.911+05:30,14.588,planner_server,/rosout,planning_failure,WARN,0.0,27.0,,,,"Planning algorithm  failed to generate a valid path to (0.00, 27.00)",
23july1.bag,2026-07-23T21:17:18.912+05:30,14.588,planner_server,/rosout,aborted,WARN,,,,,,[compute_path_to_pose] [ActionServer] Aborting handle.,
23july1.bag,2026-07-23T21:17:18.919+05:30,14.595,/plan,/plan,path_update,RECORDED,8.599359190033013,14.676712414262221,,441,13.3345,Recorded path update on /plan,
23july1.bag,2026-07-23T21:17:18.939+05:30,14.616,/plan,/plan,path_update,RECORDED,7.149359168426329,12.526712382224725,,382,10.6734,Recorded path update on /plan,
23july1.bag,2026-07-23T21:17:18.970+05:30,14.647,/plan,/plan,path_update,RECORDED,9.449359202699,13.726712400106118,,455,12.9731,Recorded path update on /plan,
23july1.bag,2026-07-23T21:17:18.990+05:30,14.667,/plan,/plan,path_update,RECORDED,8.999359188542897,13.276712385950015,,445,12.3074,Recorded path update on /plan,
23july1.bag,2026-07-23T21:17:19.013+05:30,14.689,/plan,/plan,path_update,RECORDED,7.749359177367026,12.37671237998955,,388,10.7689,Recorded path update on /plan,
23july1.bag,2026-07-23T21:17:19.031+05:30,14.707,/plan,/plan,path_update,RECORDED,9.099359190033013,13.026712382224725,,439,12.098,Recorded path update on /plan,
23july1.bag,2026-07-23T21:17:19.050+05:30,14.727,/plan,/plan,path_update,RECORDED,9.499359203444058,13.576712397870944,,452,12.8988,Recorded path update on /plan,
23july1.bag,2026-07-23T21:17:19.069+05:30,14.746,/plan,/plan,path_update,RECORDED,4.849359134153659,10.276712348697112,,270,7.32,Recorded path update on /plan,
23july1.bag,2026-07-23T21:17:19.085+05:30,14.761,/plan,/plan,path_update,RECORDED,8.099359175131852,11.976712366578505,,407,10.5374,Recorded path update on /plan,
23july1.bag,2026-07-23T21:17:19.106+05:30,14.782,/plan,/plan,path_update,RECORDED,9.549359204189116,12.976712388930247,,456,12.2836,Recorded path update on /plan,
23july1.bag,2026-07-23T21:17:19.127+05:30,14.803,/plan,/plan,path_update,RECORDED,9.549359204189116,12.976712388930247,,456,12.2836,Recorded path update on /plan,
23july1.bag,2026-07-23T21:17:19.148+05:30,14.824,/plan,/plan,path_update,RECORDED,9.049359189287955,11.926712365833447,,405,11.098,Recorded path update on /plan,
23july1.bag,2026-07-23T21:17:19.167+05:30,14.844,/plan,/plan,path_update,RECORDED,8.89935918705278,11.776712363598273,,403,10.998,Recorded path update on /plan,
23july1.bag,2026-07-23T21:17:19.188+05:30,14.865,/plan,/plan,path_update,RECORDED,9.449359202699,12.12671237626426,,438,11.4938,Recorded path update on /plan,
23july1.bag,2026-07-23T21:17:19.204+05:30,14.881,planner_server,/rosout,planning_failure,WARN,,,,,,GridBased: failed to create plan with tolerance 0.50.,
23july1.bag,2026-07-23T21:17:19.204+05:30,14.881,planner_server,/rosout,planning_failure,WARN,10.1,12.38,,,,"Planning algorithm  failed to generate a valid path to (10.10, 12.38)",
23july1.bag,2026-07-23T21:17:19.204+05:30,14.881,planner_server,/rosout,aborted,WARN,,,,,,[compute_path_to_pose] [ActionServer] Aborting handle.,
23july1.bag,2026-07-23T21:17:19.207+05:30,14.884,/plan,/plan,path_update,RECORDED,9.449359202699,12.076712375519202,,435,11.4424,Recorded path update on /plan,
23july1.bag,2026-07-23T21:17:19.224+05:30,14.901,/plan,/plan,path_update,RECORDED,3.349359111801917,8.376712320384906,,188,4.8329,Recorded path update on /plan,
23july1.bag,2026-07-23T21:17:19.232+05:30,14.909,/plan,/plan,path_update,RECORDED,9.449359202699,11.276712363598273,,421,10.9122,Recorded path update on /plan,
23july1.bag,2026-07-23T21:17:19.249+05:30,14.925,/plan,/plan,path_update,RECORDED,-1.3006409574884827,7.776712311444209,,182,4.6762,Recorded path update on /plan,
23july1.bag,2026-07-23T21:17:19.257+05:30,14.934,/plan,/plan,path_update,RECORDED,-2.300640972389644,7.726712310699151,,185,5.5053,Recorded path update on /plan,
23july1.bag,2026-07-23T21:17:19.265+05:30,14.942,/plan,/plan,path_update,RECORDED,7.599359175131852,9.176712332305835,,312,8.0434,Recorded path update on /plan,
23july1.bag,2026-07-23T21:17:19.279+05:30,14.956,planner_server,/rosout,planning_failure,WARN,,,,,,GridBased: failed to create plan with tolerance 0.50.,
23july1.bag,2026-07-23T21:17:19.279+05:30,14.956,planner_server,/rosout,planning_failure,WARN,7.8,7.98,,,,"Planning algorithm  failed to generate a valid path to (7.80, 7.98)",
23july1.bag,2026-07-23T21:17:19.279+05:30,14.956,planner_server,/rosout,aborted,WARN,,,,,,[compute_path_to_pose] [ActionServer] Aborting handle.,
23july1.bag,2026-07-23T21:17:19.282+05:30,14.959,planner_server,/rosout,planning_failure,WARN,,,,,,GridBased: failed to create plan with tolerance 0.50.,
23july1.bag,2026-07-23T21:17:19.282+05:30,14.959,planner_server,/rosout,planning_failure,WARN,8.35,7.63,,,,"Planning algorithm  failed to generate a valid path to (8.35, 7.63)",
23july1.bag,2026-07-23T21:17:19.282+05:30,14.959,planner_server,/rosout,aborted,WARN,,,,,,[compute_path_to_pose] [ActionServer] Aborting handle.,
23july1.bag,2026-07-23T21:17:19.285+05:30,14.961,/plan,/plan,path_update,RECORDED,6.999359158740575,6.426712283877061,,229,6.1856,Recorded path update on /plan,
23july1.bag,2026-07-23T21:17:19.294+05:30,14.97,target_explorer_node,/rosout,planning,INFO,8.6,14.73,,,,"Sending NavigateToPose goal (8.60, 14.73): progress=8.18 m alignment=0.797 path=13.33 m score=7.640.",3
23july1.bag,2026-07-23T21:17:19.297+05:30,14.973,target_explorer_node,/rosout,nav2_state,INFO,8.6,14.73,,,,"Nav2 accepted goal (8.60, 14.73).",3
23july1.bag,2026-07-23T21:17:19.299+05:30,14.975,/plan,/plan,path_update,RECORDED,8.599359190033013,14.676712414262221,,434,13.1551,Recorded path update on /plan,3
23july1.bag,2026-07-23T21:17:19.315+05:30,14.992,controller_server,/rosout,goal_started,INFO,,,,,,"Received a goal, begin computing control effort.",3
23july1.bag,2026-07-23T21:17:20.331+05:30,16.007,/plan,/plan,path_update,RECORDED,8.599359190033013,14.676712414262221,,418,12.7663,Recorded path update on /plan,3
23july1.bag,2026-07-23T21:17:20.365+05:30,16.042,controller_server,/rosout,planning,INFO,,,,,,Passing new path to controller.,3
23july1.bag,2026-07-23T21:17:21.034+05:30,16.711,global_costmap.global_costmap,/rosout,costmap_resize,INFO,,,,,,StaticLayer: Resizing costmap to 698 X 671 at 0.050000 m/pix,3
23july1.bag,2026-07-23T21:17:21.360+05:30,17.036,/plan,/plan,path_update,RECORDED,8.599359190033013,14.676712414262221,,385,12.1437,Recorded path update on /plan,3
23july1.bag,2026-07-23T21:17:21.415+05:30,17.092,controller_server,/rosout,planning,INFO,,,,,,Passing new path to controller.,3
23july1.bag,2026-07-23T21:17:22.390+05:30,18.067,/plan,/plan,path_update,RECORDED,8.599359190033013,14.676712414262221,,434,11.2267,Recorded path update on /plan,3
23july1.bag,2026-07-23T21:17:22.415+05:30,18.092,controller_server,/rosout,planning,INFO,,,,,,Passing new path to controller.,3
23july1.bag,2026-07-23T21:17:23.421+05:30,19.098,/plan,/plan,path_update,RECORDED,8.599359182582432,14.726712407556699,,417,10.5299,Recorded path update on /plan,3
23july1.bag,2026-07-23T21:17:23.465+05:30,19.142,controller_server,/rosout,planning,INFO,,,,,,Passing new path to controller.,3
23july1.bag,2026-07-23T21:17:24.450+05:30,20.127,/plan,/plan,path_update,RECORDED,8.599359182582432,14.726712407556699,,390,9.851,Recorded path update on /plan,3
23july1.bag,2026-07-23T21:17:24.515+05:30,20.192,controller_server,/rosout,planning,INFO,,,,,,Passing new path to controller.,3
23july1.bag,2026-07-23T21:17:25.480+05:30,21.157,/plan,/plan,path_update,RECORDED,8.599359182582432,14.726712407556699,,364,9.1101,Recorded path update on /plan,3
23july1.bag,2026-07-23T21:17:25.515+05:30,21.192,controller_server,/rosout,planning,INFO,,,,,,Passing new path to controller.,3
23july1.bag,2026-07-23T21:17:26.510+05:30,22.187,/plan,/plan,path_update,RECORDED,8.599359182582432,14.726712407556699,,337,8.4334,Recorded path update on /plan,3
23july1.bag,2026-07-23T21:17:26.565+05:30,22.242,controller_server,/rosout,planning,INFO,,,,,,Passing new path to controller.,3
23july1.bag,2026-07-23T21:17:27.540+05:30,23.217,/plan,/plan,path_update,RECORDED,8.599359182582432,14.726712407556699,,310,7.7369,Recorded path update on /plan,3
23july1.bag,2026-07-23T21:17:27.565+05:30,23.242,controller_server,/rosout,planning,INFO,,,,,,Passing new path to controller.,3
23july1.bag,2026-07-23T21:17:28.570+05:30,24.247,/plan,/plan,path_update,RECORDED,8.599359182582432,14.726712407556699,,281,7.0295,Recorded path update on /plan,3
23july1.bag,2026-07-23T21:17:28.615+05:30,24.292,controller_server,/rosout,planning,INFO,,,,,,Passing new path to controller.,3
23july1.bag,2026-07-23T21:17:29.600+05:30,25.277,/plan,/plan,path_update,RECORDED,8.599359182582432,14.726712407556699,,254,6.3383,Recorded path update on /plan,3
23july1.bag,2026-07-23T21:17:29.615+05:30,25.292,controller_server,/rosout,planning,INFO,,,,,,Passing new path to controller.,3
23july1.bag,2026-07-23T21:17:30.631+05:30,26.307,/plan,/plan,path_update,RECORDED,8.599359182582432,14.726712407556699,,226,5.6422,Recorded path update on /plan,3
23july1.bag,2026-07-23T21:17:30.665+05:30,26.342,controller_server,/rosout,planning,INFO,,,,,,Passing new path to controller.,3
23july1.bag,2026-07-23T21:17:31.660+05:30,27.336,/plan,/plan,path_update,RECORDED,8.599359182582432,14.726712407556699,,198,4.9456,Recorded path update on /plan,3
23july1.bag,2026-07-23T21:17:31.715+05:30,27.392,controller_server,/rosout,planning,INFO,,,,,,Passing new path to controller.,3
23july1.bag,2026-07-23T21:17:32.689+05:30,28.366,/plan,/plan,path_update,RECORDED,8.599359182582432,14.726712407556699,,170,4.254,Recorded path update on /plan,3
23july1.bag,2026-07-23T21:17:32.715+05:30,28.392,controller_server,/rosout,planning,INFO,,,,,,Passing new path to controller.,3
23july1.bag,2026-07-23T21:17:33.720+05:30,29.396,/plan,/plan,path_update,RECORDED,8.599359182582432,14.726712407556699,,144,3.6031,Recorded path update on /plan,3
23july1.bag,2026-07-23T21:17:33.766+05:30,29.442,controller_server,/rosout,planning,INFO,,,,,,Passing new path to controller.,3
23july1.bag,2026-07-23T21:17:34.750+05:30,30.426,/plan,/plan,path_update,RECORDED,8.599359182582432,14.726712407556699,,115,2.8803,Recorded path update on /plan,3
23july1.bag,2026-07-23T21:17:34.765+05:30,30.442,controller_server,/rosout,planning,INFO,,,,,,Passing new path to controller.,3
23july1.bag,2026-07-23T21:17:35.780+05:30,31.456,/plan,/plan,path_update,RECORDED,8.599359182582432,14.726712407556699,,87,2.1823,Recorded path update on /plan,3
23july1.bag,2026-07-23T21:17:35.815+05:30,31.492,controller_server,/rosout,planning,INFO,,,,,,Passing new path to controller.,3
23july1.bag,2026-07-23T21:17:36.810+05:30,32.487,/plan,/plan,path_update,RECORDED,8.599359182582432,14.726712407556699,,60,1.5069,Recorded path update on /plan,3
23july1.bag,2026-07-23T21:17:36.865+05:30,32.542,controller_server,/rosout,planning,INFO,,,,,,Passing new path to controller.,3
23july1.bag,2026-07-23T21:17:37.840+05:30,33.517,/plan,/plan,path_update,RECORDED,8.599359182582432,14.726712407556699,,33,0.8148,Recorded path update on /plan,3
23july1.bag,2026-07-23T21:17:37.865+05:30,33.542,controller_server,/rosout,planning,INFO,,,,,,Passing new path to controller.,3
23july1.bag,2026-07-23T21:17:38.616+05:30,34.292,controller_server,/rosout,nav2_state,INFO,,,,,,Reached the goal!,3
23july1.bag,2026-07-23T21:17:38.655+05:30,34.331,bt_navigator,/rosout,goal_succeeded,INFO,,,,,,Goal succeeded,3
23july1.bag,2026-07-23T21:17:38.656+05:30,34.332,target_explorer_node,/rosout,goal_succeeded,INFO,8.6,14.73,,,,"NavigateToPose succeeded for (8.60, 14.73).",
23july1.bag,2026-07-23T21:17:38.773+05:30,34.449,target_explorer_node,/rosout,nav2_state,WARN,-1.65,8.08,,,,"Rejected frontier (-1.65, 8.08): endpoint clearance 0.04 m is below required 0.10 m.",
23july1.bag,2026-07-23T21:17:38.773+05:30,34.45,target_explorer_node,/rosout,nav2_state,WARN,7.5,6.18,,,,"Rejected frontier (7.50, 6.18): endpoint clearance 0.03 m is below required 0.10 m.",
23july1.bag,2026-07-23T21:17:38.773+05:30,34.45,target_explorer_node,/rosout,nav2_state,WARN,7.15,5.88,,,,"Rejected frontier (7.15, 5.88): endpoint clearance 0.03 m is below required 0.10 m.",
23july1.bag,2026-07-23T21:17:38.773+05:30,34.45,target_explorer_node,/rosout,nav2_state,WARN,8.55,7.53,,,,"Rejected frontier (8.55, 7.53): endpoint clearance 0.08 m is below required 0.10 m.",
23july1.bag,2026-07-23T21:17:38.774+05:30,34.451,target_explorer_node,/rosout,nav2_state,WARN,8.0,7.28,,,,"Rejected frontier (8.00, 7.28): endpoint clearance 0.03 m is below required 0.10 m.",
23july1.bag,2026-07-23T21:17:38.775+05:30,34.452,target_explorer_node,/rosout,nav2_state,WARN,-1.3,8.38,,,,"Rejected frontier (-1.30, 8.38): endpoint clearance 0.03 m is below required 0.10 m.",
23july1.bag,2026-07-23T21:17:38.776+05:30,34.453,target_explorer_node,/rosout,nav2_state,WARN,-1.65,8.18,,,,"Rejected frontier (-1.65, 8.18): endpoint clearance 0.04 m is below required 0.10 m.",
23july1.bag,2026-07-23T21:17:38.777+05:30,34.454,target_explorer_node,/rosout,nav2_state,WARN,8.05,8.38,,,,"Rejected frontier (8.05, 8.38): endpoint clearance 0.04 m is below required 0.10 m.",
23july1.bag,2026-07-23T21:17:38.778+05:30,34.454,target_explorer_node,/rosout,nav2_state,WARN,7.75,7.98,,,,"Rejected frontier (7.75, 7.98): endpoint clearance 0.04 m is below required 0.10 m.",
23july1.bag,2026-07-23T21:17:38.778+05:30,34.455,target_explorer_node,/rosout,nav2_state,WARN,7.85,8.03,,,,"Rejected frontier (7.85, 8.03): endpoint clearance 0.08 m is below required 0.10 m.",
23july1.bag,2026-07-23T21:17:38.779+05:30,34.455,target_explorer_node,/rosout,nav2_state,WARN,7.85,8.08,,,,"Rejected frontier (7.85, 8.08): endpoint clearance 0.08 m is below required 0.10 m.",
23july1.bag,2026-07-23T21:17:38.779+05:30,34.456,target_explorer_node,/rosout,nav2_state,WARN,8.0,8.08,,,,"Rejected frontier (8.00, 8.08): endpoint clearance 0.08 m is below required 0.10 m.",
23july1.bag,2026-07-23T21:17:38.780+05:30,34.456,target_explorer_node,/rosout,nav2_state,WARN,8.1,8.13,,,,"Rejected frontier (8.10, 8.13): endpoint clearance 0.04 m is below required 0.10 m.",
23july1.bag,2026-07-23T21:17:38.780+05:30,34.457,target_explorer_node,/rosout,nav2_state,WARN,7.75,8.18,,,,"Rejected frontier (7.75, 8.18): endpoint clearance 0.03 m is below required 0.10 m.",
23july1.bag,2026-07-23T21:17:38.780+05:30,34.457,target_explorer_node,/rosout,nav2_state,WARN,8.15,8.18,,,,"Rejected frontier (8.15, 8.18): endpoint clearance 0.08 m is below required 0.10 m.",
23july1.bag,2026-07-23T21:17:38.781+05:30,34.458,target_explorer_node,/rosout,nav2_state,WARN,7.8,8.23,,,,"Rejected frontier (7.80, 8.23): endpoint clearance 0.08 m is below required 0.10 m.",
23july1.bag,2026-07-23T21:17:38.781+05:30,34.458,target_explorer_node,/rosout,nav2_state,WARN,8.75,9.53,,,,"Rejected frontier (8.75, 9.53): endpoint clearance 0.03 m is below required 0.10 m.",
23july1.bag,2026-07-23T21:17:38.782+05:30,34.459,target_explorer_node,/rosout,nav2_state,WARN,8.8,9.58,,,,"Rejected frontier (8.80, 9.58): endpoint clearance 0.08 m is below required 0.10 m.",
23july1.bag,2026-07-23T21:17:38.783+05:30,34.459,target_explorer_node,/rosout,nav2_state,WARN,9.2,9.78,,,,"Rejected frontier (9.20, 9.78): endpoint clearance 0.08 m is below required 0.10 m.",
23july1.bag,2026-07-23T21:17:38.783+05:30,34.46,target_explorer_node,/rosout,nav2_state,WARN,10.15,10.88,,,,"Rejected frontier (10.15, 10.88): endpoint clearance 0.03 m is below required 0.10 m.",
23july1.bag,2026-07-23T21:17:38.784+05:30,34.461,target_explorer_node,/rosout,nav2_state,WARN,9.35,10.28,,,,"Rejected frontier (9.35, 10.28): endpoint clearance 0.03 m is below required 0.10 m.",
23july1.bag,2026-07-23T21:17:38.784+05:30,34.461,target_explorer_node,/rosout,nav2_state,WARN,9.4,10.33,,,,"Rejected frontier (9.40, 10.33): endpoint clearance 0.08 m is below required 0.10 m.",
23july1.bag,2026-07-23T21:17:38.785+05:30,34.462,target_explorer_node,/rosout,nav2_state,WARN,10.2,11.08,,,,"Rejected frontier (10.20, 11.08): endpoint clearance 0.03 m is below required 0.10 m.",
23july1.bag,2026-07-23T21:17:38.787+05:30,34.463,target_explorer_node,/rosout,nav2_state,WARN,4.65,11.08,,,,"Rejected frontier (4.65, 11.08): endpoint clearance 0.03 m is below required 0.10 m.",
23july1.bag,2026-07-23T21:17:38.788+05:30,34.464,target_explorer_node,/rosout,nav2_state,WARN,4.85,12.48,,,,"Rejected frontier (4.85, 12.48): endpoint clearance 0.04 m is below required 0.10 m.",
23july1.bag,2026-07-23T21:17:38.789+05:30,34.465,target_explorer_node,/rosout,nav2_state,WARN,5.2,12.53,,,,"Rejected frontier (5.20, 12.53): endpoint clearance 0.03 m is below required 0.10 m.",
23july1.bag,2026-07-23T21:17:38.790+05:30,34.466,target_explorer_node,/rosout,nav2_state,WARN,12.25,13.03,,,,"Rejected frontier (12.25, 13.03): endpoint clearance 0.04 m is below required 0.10 m.",
23july1.bag,2026-07-23T21:17:38.791+05:30,34.467,target_explorer_node,/rosout,nav2_state,WARN,12.15,12.98,,,,"Rejected frontier (12.15, 12.98): endpoint clearance 0.08 m is below required 0.10 m.",
23july1.bag,2026-07-23T21:17:38.792+05:30,34.468,target_explorer_node,/rosout,nav2_state,WARN,11.25,13.03,,,,"Rejected frontier (11.25, 13.03): endpoint clearance 0.03 m is below required 0.10 m.",
23july1.bag,2026-07-23T21:17:38.792+05:30,34.469,target_explorer_node,/rosout,nav2_state,WARN,11.25,12.88,,,,"Rejected frontier (11.25, 12.88): endpoint clearance 0.03 m is below required 0.10 m.",
23july1.bag,2026-07-23T21:17:38.793+05:30,34.469,target_explorer_node,/rosout,nav2_state,WARN,11.3,12.93,,,,"Rejected frontier (11.30, 12.93): endpoint clearance 0.04 m is below required 0.10 m.",
23july1.bag,2026-07-23T21:17:38.793+05:30,34.47,target_explorer_node,/rosout,nav2_state,WARN,11.75,13.08,,,,"Rejected frontier (11.75, 13.08): endpoint clearance 0.08 m is below required 0.10 m.",
23july1.bag,2026-07-23T21:17:38.794+05:30,34.471,target_explorer_node,/rosout,nav2_state,WARN,11.8,13.13,,,,"Rejected frontier (11.80, 13.13): endpoint clearance 0.03 m is below required 0.10 m.",
23july1.bag,2026-07-23T21:17:38.795+05:30,34.472,target_explorer_node,/rosout,nav2_state,WARN,10.75,13.43,,,,"Rejected frontier (10.75, 13.43): endpoint clearance 0.03 m is below required 0.10 m.",
23july1.bag,2026-07-23T21:17:38.796+05:30,34.472,target_explorer_node,/rosout,nav2_state,WARN,11.5,13.38,,,,"Rejected frontier (11.50, 13.38): endpoint clearance 0.04 m is below required 0.10 m.",
23july1.bag,2026-07-23T21:17:38.796+05:30,34.473,target_explorer_node,/rosout,nav2_state,WARN,11.7,13.43,,,,"Rejected frontier (11.70, 13.43): endpoint clearance 0.03 m is below required 0.10 m.",
23july1.bag,2026-07-23T21:17:38.797+05:30,34.474,target_explorer_node,/rosout,nav2_state,WARN,8.55,18.43,,,,"Rejected frontier (8.55, 18.43): endpoint clearance 0.04 m is below required 0.10 m.",
23july1.bag,2026-07-23T21:17:38.798+05:30,34.474,target_explorer_node,/rosout,nav2_state,WARN,8.55,18.48,,,,"Rejected frontier (8.55, 18.48): endpoint clearance 0.08 m is below required 0.10 m.",
23july1.bag,2026-07-23T21:17:38.804+05:30,34.481,planner_server,/rosout,planning_failure,WARN,,,,,,GridBased: failed to create plan with tolerance 0.50.,
23july1.bag,2026-07-23T21:17:38.804+05:30,34.481,planner_server,/rosout,planning_failure,WARN,0.0,27.0,,,,"Planning algorithm  failed to generate a valid path to (0.00, 27.00)",
23july1.bag,2026-07-23T21:17:38.804+05:30,34.481,planner_server,/rosout,aborted,WARN,,,,,,[compute_path_to_pose] [ActionServer] Aborting handle.,
23july1.bag,2026-07-23T21:17:38.808+05:30,34.485,/plan,/plan,path_update,RECORDED,5.949359150544936,20.12671249547355,,235,6.219,Recorded path update on /plan,
23july1.bag,2026-07-23T21:17:38.821+05:30,34.498,planner_server,/rosout,planning_failure,WARN,,,,,,GridBased: failed to create plan with tolerance 0.50.,
23july1.bag,2026-07-23T21:17:38.821+05:30,34.498,planner_server,/rosout,planning_failure,WARN,8.6,18.93,,,,"Planning algorithm  failed to generate a valid path to (8.60, 18.93)",
23july1.bag,2026-07-23T21:17:38.822+05:30,34.499,planner_server,/rosout,aborted,WARN,,,,,,[compute_path_to_pose] [ActionServer] Aborting handle.,
23july1.bag,2026-07-23T21:17:38.825+05:30,34.501,planner_server,/rosout,planning_failure,WARN,,,,,,GridBased: failed to create plan with tolerance 0.50.,
23july1.bag,2026-07-23T21:17:38.825+05:30,34.501,planner_server,/rosout,planning_failure,WARN,4.75,12.78,,,,"Planning algorithm  failed to generate a valid path to (4.75, 12.78)",
23july1.bag,2026-07-23T21:17:38.825+05:30,34.501,planner_server,/rosout,aborted,WARN,,,,,,[compute_path_to_pose] [ActionServer] Aborting handle.,
23july1.bag,2026-07-23T21:17:38.828+05:30,34.505,planner_server,/rosout,planning_failure,WARN,,,,,,GridBased: failed to create plan with tolerance 0.50.,
23july1.bag,2026-07-23T21:17:38.828+05:30,34.505,planner_server,/rosout,planning_failure,WARN,11.2,13.68,,,,"Planning algorithm  failed to generate a valid path to (11.20, 13.68)",
23july1.bag,2026-07-23T21:17:38.828+05:30,34.505,planner_server,/rosout,aborted,WARN,,,,,,[compute_path_to_pose] [ActionServer] Aborting handle.,
23july1.bag,2026-07-23T21:17:38.832+05:30,34.509,/plan,/plan,path_update,RECORDED,-1.3006409574884827,7.776712311444209,,430,13.4326,Recorded path update on /plan,
23july1.bag,2026-07-23T21:17:38.851+05:30,34.528,planner_server,/rosout,planning_failure,WARN,,,,,,GridBased: failed to create plan with tolerance 0.50.,
23july1.bag,2026-07-23T21:17:38.851+05:30,34.528,planner_server,/rosout,planning_failure,WARN,11.55,13.28,,,,"Planning algorithm  failed to generate a valid path to (11.55, 13.28)",
23july1.bag,2026-07-23T21:17:38.851+05:30,34.528,planner_server,/rosout,aborted,WARN,,,,,,[compute_path_to_pose] [ActionServer] Aborting handle.,
23july1.bag,2026-07-23T21:17:38.857+05:30,34.533,/plan,/plan,path_update,RECORDED,-2.300640972389644,7.726712310699151,,495,15.1321,Recorded path update on /plan,
23july1.bag,2026-07-23T21:17:38.882+05:30,34.558,planner_server,/rosout,planning_failure,WARN,,,,,,GridBased: failed to create plan with tolerance 0.50.,
23july1.bag,2026-07-23T21:17:38.882+05:30,34.558,planner_server,/rosout,planning_failure,WARN,10.7,12.48,,,,"Planning algorithm  failed to generate a valid path to (10.70, 12.48)",
23july1.bag,2026-07-23T21:17:38.882+05:30,34.558,planner_server,/rosout,aborted,WARN,,,,,,[compute_path_to_pose] [ActionServer] Aborting handle.,
23july1.bag,2026-07-23T21:17:38.887+05:30,34.563,planner_server,/rosout,planning_failure,WARN,,,,,,GridBased: failed to create plan with tolerance 0.50.,
23july1.bag,2026-07-23T21:17:38.887+05:30,34.563,planner_server,/rosout,planning_failure,WARN,12.05,13.03,,,,"Planning algorithm  failed to generate a valid path to (12.05, 13.03)",
23july1.bag,2026-07-23T21:17:38.887+05:30,34.563,planner_server,/rosout,aborted,WARN,,,,,,[compute_path_to_pose] [ActionServer] Aborting handle.,
23july1.bag,2026-07-23T21:17:38.892+05:30,34.569,planner_server,/rosout,planning_failure,WARN,,,,,,GridBased: failed to create plan with tolerance 0.50.,
23july1.bag,2026-07-23T21:17:38.892+05:30,34.569,planner_server,/rosout,planning_failure,WARN,11.9,12.48,,,,"Planning algorithm  failed to generate a valid path to (11.90, 12.48)",
23july1.bag,2026-07-23T21:17:38.892+05:30,34.569,planner_server,/rosout,aborted,WARN,,,,,,[compute_path_to_pose] [ActionServer] Aborting handle.,
23july1.bag,2026-07-23T21:17:38.897+05:30,34.573,/plan,/plan,path_update,RECORDED,9.599359204934174,10.626712353912518,,164,4.2449,Recorded path update on /plan,
23july1.bag,2026-07-23T21:17:38.906+05:30,34.582,/plan,/plan,path_update,RECORDED,8.69935919152313,9.976712344226764,,186,4.7678,Recorded path update on /plan,
23july1.bag,2026-07-23T21:17:38.915+05:30,34.592,planner_server,/rosout,planning_failure,WARN,,,,,,GridBased: failed to create plan with tolerance 0.50.,
23july1.bag,2026-07-23T21:17:38.915+05:30,34.592,planner_server,/rosout,planning_failure,WARN,8.1,8.23,,,,"Planning algorithm  failed to generate a valid path to (8.10, 8.23)",
23july1.bag,2026-07-23T21:17:38.915+05:30,34.592,planner_server,/rosout,aborted,WARN,,,,,,[compute_path_to_pose] [ActionServer] Aborting handle.,
23july1.bag,2026-07-23T21:17:38.918+05:30,34.595,planner_server,/rosout,planning_failure,WARN,,,,,,GridBased: failed to create plan with tolerance 0.50.,
23july1.bag,2026-07-23T21:17:38.919+05:30,34.595,planner_server,/rosout,planning_failure,WARN,8.1,7.38,,,,"Planning algorithm  failed to generate a valid path to (8.10, 7.38)",
23july1.bag,2026-07-23T21:17:38.919+05:30,34.595,planner_server,/rosout,aborted,WARN,,,,,,[compute_path_to_pose] [ActionServer] Aborting handle.,
23july1.bag,2026-07-23T21:17:38.925+05:30,34.601,/plan,/plan,path_update,RECORDED,6.699359161720807,6.126712286857293,,348,8.8845,Recorded path update on /plan,
23july1.bag,2026-07-23T21:17:38.940+05:30,34.617,/plan,/plan,path_update,RECORDED,6.999359166191155,6.276712289092467,,296,8.9577,Recorded path update on /plan,
23july1.bag,2026-07-23T21:17:38.953+05:30,34.629,target_explorer_node,/rosout,planning,INFO,6.0,20.18,,,,"Sending NavigateToPose goal (6.00, 20.18): progress=5.99 m alignment=0.985 path=6.22 m score=6.349.",4
23july1.bag,2026-07-23T21:17:38.957+05:30,34.634,target_explorer_node,/rosout,nav2_state,INFO,6.0,20.18,,,,"Nav2 accepted goal (6.00, 20.18).",4
23july1.bag,2026-07-23T21:17:38.961+05:30,34.638,/plan,/plan,path_update,RECORDED,5.949359150544936,20.12671249547355,,234,6.198,Recorded path update on /plan,4
23july1.bag,2026-07-23T21:17:38.974+05:30,34.651,controller_server,/rosout,goal_started,INFO,,,,,,"Received a goal, begin computing control effort.",4
23july1.bag,2026-07-23T21:17:39.990+05:30,35.666,/plan,/plan,path_update,RECORDED,5.949359150544936,20.12671249547355,,224,5.9358,Recorded path update on /plan,4
23july1.bag,2026-07-23T21:17:40.025+05:30,35.701,controller_server,/rosout,planning,INFO,,,,,,Passing new path to controller.,4
23july1.bag,2026-07-23T21:17:41.019+05:30,36.696,/plan,/plan,path_update,RECORDED,5.949359150544936,20.17671249621861,,209,5.3284,Recorded path update on /plan,4
23july1.bag,2026-07-23T21:17:41.075+05:30,36.751,controller_server,/rosout,planning,INFO,,,,,,Passing new path to controller.,4
23july1.bag,2026-07-23T21:17:42.049+05:30,37.725,/plan,/plan,path_update,RECORDED,5.999359143839413,20.17671248876803,,169,4.6771,Recorded path update on /plan,4
23july1.bag,2026-07-23T21:17:42.075+05:30,37.751,controller_server,/rosout,planning,INFO,,,,,,Passing new path to controller.,4
23july1.bag,2026-07-23T21:17:42.339+05:30,38.015,global_costmap.global_costmap,/rosout,costmap_resize,INFO,,,,,,StaticLayer: Resizing costmap to 706 X 671 at 0.050000 m/pix,4
23july1.bag,2026-07-23T21:17:43.080+05:30,38.757,/plan,/plan,path_update,RECORDED,5.999359143839413,20.17671248876803,,158,3.9455,Recorded path update on /plan,4
23july1.bag,2026-07-23T21:17:43.125+05:30,38.801,controller_server,/rosout,planning,INFO,,,,,,Passing new path to controller.,4
23july1.bag,2026-07-23T21:17:44.110+05:30,39.786,/plan,/plan,path_update,RECORDED,5.999359143839413,20.17671248876803,,130,3.251,Recorded path update on /plan,4
23july1.bag,2026-07-23T21:17:44.125+05:30,39.801,controller_server,/rosout,planning,INFO,,,,,,Passing new path to controller.,4
23july1.bag,2026-07-23T21:17:45.139+05:30,40.816,/plan,/plan,path_update,RECORDED,5.999359143839413,20.17671248876803,,101,2.5295,Recorded path update on /plan,4
23july1.bag,2026-07-23T21:17:45.175+05:30,40.851,controller_server,/rosout,planning,INFO,,,,,,Passing new path to controller.,4
23july1.bag,2026-07-23T21:17:46.169+05:30,41.846,/plan,/plan,path_update,RECORDED,5.999359143839413,20.17671248876803,,73,1.8362,Recorded path update on /plan,4
23july1.bag,2026-07-23T21:17:46.225+05:30,41.901,controller_server,/rosout,planning,INFO,,,,,,Passing new path to controller.,4
23july1.bag,2026-07-23T21:17:47.199+05:30,42.875,/plan,/plan,path_update,RECORDED,5.999359143839413,20.17671248876803,,47,1.1852,Recorded path update on /plan,4
23july1.bag,2026-07-23T21:17:47.225+05:30,42.901,controller_server,/rosout,planning,INFO,,,,,,Passing new path to controller.,4
23july1.bag,2026-07-23T21:17:48.229+05:30,43.906,/plan,/plan,path_update,RECORDED,5.999359143839413,20.17671248876803,,20,0.5051,Recorded path update on /plan,4
23july1.bag,2026-07-23T21:17:48.275+05:30,43.951,controller_server,/rosout,planning,INFO,,,,,,Passing new path to controller.,4
23july1.bag,2026-07-23T21:17:48.425+05:30,44.102,global_costmap.global_costmap,/rosout,costmap_resize,INFO,,,,,,StaticLayer: Resizing costmap to 791 X 671 at 0.050000 m/pix,4
23july1.bag,2026-07-23T21:17:48.625+05:30,44.302,controller_server,/rosout,nav2_state,INFO,,,,,,Reached the goal!,4
23july1.bag,2026-07-23T21:17:48.664+05:30,44.341,bt_navigator,/rosout,goal_succeeded,INFO,,,,,,Goal succeeded,4
23july1.bag,2026-07-23T21:17:48.665+05:30,44.341,target_explorer_node,/rosout,goal_succeeded,INFO,6.0,20.18,,,,"NavigateToPose succeeded for (6.00, 20.18).",
23july1.bag,2026-07-23T21:17:48.780+05:30,44.457,target_explorer_node,/rosout,nav2_state,WARN,-1.39,8.33,,,,"Rejected frontier (-1.39, 8.33): endpoint clearance 0.04 m is below required 0.10 m.",
23july1.bag,2026-07-23T21:17:48.782+05:30,44.458,target_explorer_node,/rosout,nav2_state,WARN,8.01,7.28,,,,"Rejected frontier (8.01, 7.28): endpoint clearance 0.03 m is below required 0.10 m.",
23july1.bag,2026-07-23T21:17:48.782+05:30,44.459,target_explorer_node,/rosout,nav2_state,WARN,8.06,7.33,,,,"Rejected frontier (8.06, 7.33): endpoint clearance 0.08 m is below required 0.10 m.",
23july1.bag,2026-07-23T21:17:48.783+05:30,44.46,target_explorer_node,/rosout,nav2_state,WARN,8.11,8.43,,,,"Rejected frontier (8.11, 8.43): endpoint clearance 0.04 m is below required 0.10 m.",
23july1.bag,2026-07-23T21:17:48.784+05:30,44.461,target_explorer_node,/rosout,nav2_state,WARN,7.76,7.98,,,,"Rejected frontier (7.76, 7.98): endpoint clearance 0.03 m is below required 0.10 m.",
23july1.bag,2026-07-23T21:17:48.785+05:30,44.461,target_explorer_node,/rosout,nav2_state,WARN,7.86,8.03,,,,"Rejected frontier (7.86, 8.03): endpoint clearance 0.08 m is below required 0.10 m.",
23july1.bag,2026-07-23T21:17:48.785+05:30,44.462,target_explorer_node,/rosout,nav2_state,WARN,7.86,8.08,,,,"Rejected frontier (7.86, 8.08): endpoint clearance 0.08 m is below required 0.10 m.",
23july1.bag,2026-07-23T21:17:48.785+05:30,44.462,target_explorer_node,/rosout,nav2_state,WARN,8.01,8.08,,,,"Rejected frontier (8.01, 8.08): endpoint clearance 0.08 m is below required 0.10 m.",
23july1.bag,2026-07-23T21:17:48.786+05:30,44.463,target_explorer_node,/rosout,nav2_state,WARN,7.81,8.23,,,,"Rejected frontier (7.81, 8.23): endpoint clearance 0.08 m is below required 0.10 m.",
23july1.bag,2026-07-23T21:17:48.787+05:30,44.463,target_explorer_node,/rosout,nav2_state,WARN,8.26,8.33,,,,"Rejected frontier (8.26, 8.33): endpoint clearance 0.03 m is below required 0.10 m.",
23july1.bag,2026-07-23T21:17:48.787+05:30,44.464,target_explorer_node,/rosout,nav2_state,WARN,8.71,9.53,,,,"Rejected frontier (8.71, 9.53): endpoint clearance 0.03 m is below required 0.10 m.",
23july1.bag,2026-07-23T21:17:48.787+05:30,44.464,target_explorer_node,/rosout,nav2_state,WARN,8.76,9.58,,,,"Rejected frontier (8.76, 9.58): endpoint clearance 0.08 m is below required 0.10 m.",
23july1.bag,2026-07-23T21:17:48.788+05:30,44.465,target_explorer_node,/rosout,nav2_state,WARN,9.16,9.78,,,,"Rejected frontier (9.16, 9.78): endpoint clearance 0.08 m is below required 0.10 m.",
23july1.bag,2026-07-23T21:17:48.789+05:30,44.465,target_explorer_node,/rosout,nav2_state,WARN,10.06,10.78,,,,"Rejected frontier (10.06, 10.78): endpoint clearance 0.03 m is below required 0.10 m.",
23july1.bag,2026-07-23T21:17:48.789+05:30,44.466,target_explorer_node,/rosout,nav2_state,WARN,9.36,10.28,,,,"Rejected frontier (9.36, 10.28): endpoint clearance 0.03 m is below required 0.10 m.",
23july1.bag,2026-07-23T21:17:48.790+05:30,44.466,target_explorer_node,/rosout,nav2_state,WARN,10.21,11.08,,,,"Rejected frontier (10.21, 11.08): endpoint clearance 0.03 m is below required 0.10 m.",
23july1.bag,2026-07-23T21:17:48.790+05:30,44.467,target_explorer_node,/rosout,nav2_state,WARN,4.66,11.13,,,,"Rejected frontier (4.66, 11.13): endpoint clearance 0.04 m is below required 0.10 m.",
23july1.bag,2026-07-23T21:17:48.791+05:30,44.468,target_explorer_node,/rosout,nav2_state,WARN,4.66,11.18,,,,"Rejected frontier (4.66, 11.18): endpoint clearance 0.08 m is below required 0.10 m.",
23july1.bag,2026-07-23T21:17:48.792+05:30,44.468,target_explorer_node,/rosout,nav2_state,WARN,4.71,11.53,,,,"Rejected frontier (4.71, 11.53): endpoint clearance 0.08 m is below required 0.10 m.",
23july1.bag,2026-07-23T21:17:48.792+05:30,44.469,target_explorer_node,/rosout,nav2_state,WARN,4.76,11.58,,,,"Rejected frontier (4.76, 11.58): endpoint clearance 0.03 m is below required 0.10 m.",
23july1.bag,2026-07-23T21:17:48.793+05:30,44.469,target_explorer_node,/rosout,nav2_state,WARN,4.86,12.63,,,,"Rejected frontier (4.86, 12.63): endpoint clearance 0.08 m is below required 0.10 m.",
23july1.bag,2026-07-23T21:17:48.793+05:30,44.47,target_explorer_node,/rosout,nav2_state,WARN,4.81,11.68,,,,"Rejected frontier (4.81, 11.68): endpoint clearance 0.04 m is below required 0.10 m.",
23july1.bag,2026-07-23T21:17:48.794+05:30,44.47,target_explorer_node,/rosout,nav2_state,WARN,4.86,12.48,,,,"Rejected frontier (4.86, 12.48): endpoint clearance 0.04 m is below required 0.10 m.",
23july1.bag,2026-07-23T21:17:48.794+05:30,44.471,target_explorer_node,/rosout,nav2_state,WARN,5.31,12.58,,,,"Rejected frontier (5.31, 12.58): endpoint clearance 0.03 m is below required 0.10 m.",
23july1.bag,2026-07-23T21:17:48.795+05:30,44.472,target_explorer_node,/rosout,nav2_state,WARN,12.21,13.03,,,,"Rejected frontier (12.21, 13.03): endpoint clearance 0.04 m is below required 0.10 m.",
23july1.bag,2026-07-23T21:17:48.796+05:30,44.472,target_explorer_node,/rosout,nav2_state,WARN,11.26,12.88,,,,"Rejected frontier (11.26, 12.88): endpoint clearance 0.04 m is below required 0.10 m.",
23july1.bag,2026-07-23T21:17:48.797+05:30,44.473,target_explorer_node,/rosout,nav2_state,WARN,11.31,13.08,,,,"Rejected frontier (11.31, 13.08): endpoint clearance 0.08 m is below required 0.10 m.",
23july1.bag,2026-07-23T21:17:48.797+05:30,44.474,target_explorer_node,/rosout,nav2_state,WARN,11.76,13.08,,,,"Rejected frontier (11.76, 13.08): endpoint clearance 0.08 m is below required 0.10 m.",
23july1.bag,2026-07-23T21:17:48.798+05:30,44.475,target_explorer_node,/rosout,nav2_state,WARN,10.76,13.48,,,,"Rejected frontier (10.76, 13.48): endpoint clearance 0.08 m is below required 0.10 m.",
23july1.bag,2026-07-23T21:17:48.799+05:30,44.475,target_explorer_node,/rosout,nav2_state,WARN,11.46,13.33,,,,"Rejected frontier (11.46, 13.33): endpoint clearance 0.08 m is below required 0.10 m.",
23july1.bag,2026-07-23T21:17:48.799+05:30,44.476,target_explorer_node,/rosout,nav2_state,WARN,11.51,13.53,,,,"Rejected frontier (11.51, 13.53): endpoint clearance 0.08 m is below required 0.10 m.",
23july1.bag,2026-07-23T21:17:48.800+05:30,44.476,target_explorer_node,/rosout,nav2_state,WARN,9.81,17.13,,,,"Rejected frontier (9.81, 17.13): endpoint clearance 0.04 m is below required 0.10 m.",
23july1.bag,2026-07-23T21:17:48.800+05:30,44.477,target_explorer_node,/rosout,nav2_state,WARN,10.01,16.03,,,,"Rejected frontier (10.01, 16.03): endpoint clearance 0.08 m is below required 0.10 m.",
23july1.bag,2026-07-23T21:17:48.800+05:30,44.477,target_explorer_node,/rosout,nav2_state,WARN,9.91,16.18,,,,"Rejected frontier (9.91, 16.18): endpoint clearance 0.04 m is below required 0.10 m.",
23july1.bag,2026-07-23T21:17:48.801+05:30,44.478,target_explorer_node,/rosout,nav2_state,WARN,9.86,17.08,,,,"Rejected frontier (9.86, 17.08): endpoint clearance 0.08 m is below required 0.10 m.",
23july1.bag,2026-07-23T21:17:48.802+05:30,44.479,target_explorer_node,/rosout,nav2_state,WARN,8.61,19.33,,,,"Rejected frontier (8.61, 19.33): endpoint clearance 0.04 m is below required 0.10 m.",
23july1.bag,2026-07-23T21:17:48.802+05:30,44.479,target_explorer_node,/rosout,nav2_state,WARN,8.91,17.93,,,,"Rejected frontier (8.91, 17.93): endpoint clearance 0.03 m is below required 0.10 m.",
23july1.bag,2026-07-23T21:17:48.803+05:30,44.48,target_explorer_node,/rosout,nav2_state,WARN,8.11,19.33,,,,"Rejected frontier (8.11, 19.33): endpoint clearance 0.04 m is below required 0.10 m.",
23july1.bag,2026-07-23T21:17:48.804+05:30,44.481,target_explorer_node,/rosout,nav2_state,WARN,2.81,21.23,,,,"Rejected frontier (2.81, 21.23): endpoint clearance 0.03 m is below required 0.10 m.",
23july1.bag,2026-07-23T21:17:48.805+05:30,44.482,target_explorer_node,/rosout,nav2_state,WARN,2.46,21.73,,,,"Rejected frontier (2.46, 21.73): endpoint clearance 0.04 m is below required 0.10 m.",
23july1.bag,2026-07-23T21:17:48.806+05:30,44.482,target_explorer_node,/rosout,nav2_state,WARN,5.61,21.83,,,,"Rejected frontier (5.61, 21.83): endpoint clearance 0.04 m is below required 0.10 m.",
23july1.bag,2026-07-23T21:17:48.807+05:30,44.483,target_explorer_node,/rosout,nav2_state,WARN,7.91,22.38,,,,"Rejected frontier (7.91, 22.38): endpoint clearance 0.03 m is below required 0.10 m.",
23july1.bag,2026-07-23T21:17:48.807+05:30,44.484,target_explorer_node,/rosout,nav2_state,WARN,7.71,22.48,,,,"Rejected frontier (7.71, 22.48): endpoint clearance 0.04 m is below required 0.10 m.",
23july1.bag,2026-07-23T21:17:48.808+05:30,44.485,target_explorer_node,/rosout,nav2_state,WARN,-2.14,23.58,,,,"Rejected frontier (-2.14, 23.58): endpoint clearance 0.04 m is below required 0.10 m.",
23july1.bag,2026-07-23T21:17:48.809+05:30,44.485,target_explorer_node,/rosout,nav2_state,WARN,7.31,23.88,,,,"Rejected frontier (7.31, 23.88): endpoint clearance 0.04 m is below required 0.10 m.",
23july1.bag,2026-07-23T21:17:48.809+05:30,44.486,target_explorer_node,/rosout,nav2_state,WARN,5.81,24.48,,,,"Rejected frontier (5.81, 24.48): endpoint clearance 0.04 m is below required 0.10 m.",
23july1.bag,2026-07-23T21:17:48.810+05:30,44.487,target_explorer_node,/rosout,nav2_state,WARN,6.46,28.63,,,,"Rejected frontier (6.46, 28.63): endpoint clearance 0.03 m is below required 0.10 m.",
23july1.bag,2026-07-23T21:17:48.811+05:30,44.487,target_explorer_node,/rosout,nav2_state,WARN,6.61,28.73,,,,"Rejected frontier (6.61, 28.73): endpoint clearance 0.08 m is below required 0.10 m.",
23july1.bag,2026-07-23T21:17:48.820+05:30,44.497,planner_server,/rosout,planning_failure,WARN,,,,,,GridBased: failed to create plan with tolerance 0.50.,
23july1.bag,2026-07-23T21:17:48.820+05:30,44.497,planner_server,/rosout,planning_failure,WARN,0.0,27.0,,,,"Planning algorithm  failed to generate a valid path to (0.00, 27.00)",
23july1.bag,2026-07-23T21:17:48.820+05:30,44.497,planner_server,/rosout,aborted,WARN,,,,,,[compute_path_to_pose] [ActionServer] Aborting handle.,
23july1.bag,2026-07-23T21:17:48.824+05:30,44.5,/plan,/plan,path_update,RECORDED,-1.2402003789913891,23.676712548372674,,331,8.847,Recorded path update on /plan,
23july1.bag,2026-07-23T21:17:48.837+05:30,44.513,/plan,/plan,path_update,RECORDED,-1.7902003871870278,23.626712547627616,,342,9.1196,Recorded path update on /plan,
23july1.bag,2026-07-23T21:17:48.854+05:30,44.53,/plan,/plan,path_update,RECORDED,0.209799635164714,22.576712524530816,,253,6.9162,Recorded path update on /plan,
23july1.bag,2026-07-23T21:17:48.867+05:30,44.543,/plan,/plan,path_update,RECORDED,1.3097996515559913,21.92671251484506,,215,5.6295,Recorded path update on /plan,
23july1.bag,2026-07-23T21:17:48.878+05:30,44.554,/plan,/plan,path_update,RECORDED,5.45979971339581,28.12671260723226,,289,8.3323,Recorded path update on /plan,
23july1.bag,2026-07-23T21:17:48.891+05:30,44.568,/plan,/plan,path_update,RECORDED,-0.34020037303092465,21.42671250739448,,247,6.7749,Recorded path update on /plan,
23july1.bag,2026-07-23T21:17:48.906+05:30,44.583,/plan,/plan,path_update,RECORDED,5.009799714140868,23.676712548372674,,137,3.9744,Recorded path update on /plan,
23july1.bag,2026-07-23T21:17:48.913+05:30,44.59,/plan,/plan,path_update,RECORDED,6.059799722336507,27.976712604997086,,298,7.9932,Recorded path update on /plan,
23july1.bag,2026-07-23T21:17:48.927+05:30,44.603,/plan,/plan,path_update,RECORDED,5.909799727551913,28.826712625113654,,313,8.8498,Recorded path update on /plan,
23july1.bag,2026-07-23T21:17:48.939+05:30,44.615,/plan,/plan,path_update,RECORDED,6.359799734257436,27.976712612447667,,295,7.9438,Recorded path update on /plan,
23july1.bag,2026-07-23T21:17:48.952+05:30,44.629,/plan,/plan,path_update,RECORDED,7.609799752883887,22.926712537196803,,116,3.2176,Recorded path update on /plan,
23july1.bag,2026-07-23T21:17:48.963+05:30,44.64,/plan,/plan,path_update,RECORDED,7.409799749903655,22.97671253794186,,122,3.0802,Recorded path update on /plan,
23july1.bag,2026-07-23T21:17:48.970+05:30,44.647,/plan,/plan,path_update,RECORDED,7.609799752883887,22.926712537196803,,115,3.193,Recorded path update on /plan,
23july1.bag,2026-07-23T21:17:48.980+05:30,44.656,planner_server,/rosout,planning_failure,WARN,,,,,,GridBased: failed to create plan with tolerance 0.50.,
23july1.bag,2026-07-23T21:17:48.980+05:30,44.656,planner_server,/rosout,planning_failure,WARN,8.76,19.28,,,,"Planning algorithm  failed to generate a valid path to (8.76, 19.28)",
23july1.bag,2026-07-23T21:17:48.980+05:30,44.656,planner_server,/rosout,aborted,WARN,,,,,,[compute_path_to_pose] [ActionServer] Aborting handle.,
23july1.bag,2026-07-23T21:17:48.983+05:30,44.66,planner_server,/rosout,planning_failure,WARN,,,,,,GridBased: failed to create plan with tolerance 0.50.,
23july1.bag,2026-07-23T21:17:48.983+05:30,44.66,planner_server,/rosout,planning_failure,WARN,9.91,17.18,,,,"Planning algorithm  failed to generate a valid path to (9.91, 17.18)",
23july1.bag,2026-07-23T21:17:48.983+05:30,44.66,planner_server,/rosout,aborted,WARN,,,,,,[compute_path_to_pose] [ActionServer] Aborting handle.,
23july1.bag,2026-07-23T21:17:48.990+05:30,44.666,/plan,/plan,path_update,RECORDED,5.259799717866159,11.87671237253897,,331,8.7007,Recorded path update on /plan,
23july1.bag,2026-07-23T21:17:49.005+05:30,44.682,/plan,/plan,path_update,RECORDED,5.1597997163760425,11.326712364343331,,361,9.1284,Recorded path update on /plan,
23july1.bag,2026-07-23T21:17:49.021+05:30,44.697,planner_server,/rosout,planning_failure,WARN,,,,,,GridBased: failed to create plan with tolerance 0.50.,
23july1.bag,2026-07-23T21:17:49.021+05:30,44.697,planner_server,/rosout,planning_failure,WARN,10.81,13.48,,,,"Planning algorithm  failed to generate a valid path to (10.81, 13.48)",
23july1.bag,2026-07-23T21:17:49.021+05:30,44.697,planner_server,/rosout,aborted,WARN,,,,,,[compute_path_to_pose] [ActionServer] Aborting handle.,
23july1.bag,2026-07-23T21:17:49.026+05:30,44.703,planner_server,/rosout,planning_failure,WARN,,,,,,GridBased: failed to create plan with tolerance 0.50.,
23july1.bag,2026-07-23T21:17:49.026+05:30,44.703,planner_server,/rosout,planning_failure,WARN,11.61,13.33,,,,"Planning algorithm  failed to generate a valid path to (11.61, 13.33)",
23july1.bag,2026-07-23T21:17:49.026+05:30,44.703,planner_server,/rosout,aborted,WARN,,,,,,[compute_path_to_pose] [ActionServer] Aborting handle.,
23july1.bag,2026-07-23T21:17:49.030+05:30,44.707,/plan,/plan,path_update,RECORDED,-1.7402003864419697,7.876712312934325,,622,18.6944,Recorded path update on /plan,
23july1.bag,2026-07-23T21:17:49.058+05:30,44.734,planner_server,/rosout,planning_failure,WARN,,,,,,GridBased: failed to create plan with tolerance 0.50.,
23july1.bag,2026-07-23T21:17:49.058+05:30,44.734,planner_server,/rosout,planning_failure,WARN,11.91,12.93,,,,"Planning algorithm  failed to generate a valid path to (11.91, 12.93)",
23july1.bag,2026-07-23T21:17:49.058+05:30,44.735,planner_server,/rosout,aborted,WARN,,,,,,[compute_path_to_pose] [ActionServer] Aborting handle.,
23july1.bag,2026-07-23T21:17:49.063+05:30,44.74,planner_server,/rosout,planning_failure,WARN,,,,,,GridBased: failed to create plan with tolerance 0.50.,
23july1.bag,2026-07-23T21:17:49.063+05:30,44.74,planner_server,/rosout,planning_failure,WARN,11.51,12.18,,,,"Planning algorithm  failed to generate a valid path to (11.51, 12.18)",
23july1.bag,2026-07-23T21:17:49.063+05:30,44.74,planner_server,/rosout,aborted,WARN,,,,,,[compute_path_to_pose] [ActionServer] Aborting handle.,
23july1.bag,2026-07-23T21:17:49.068+05:30,44.745,/plan,/plan,path_update,RECORDED,9.559799781941152,10.626712353912518,,409,10.323,Recorded path update on /plan,
23july1.bag,2026-07-23T21:17:49.087+05:30,44.764,/plan,/plan,path_update,RECORDED,8.709799769275165,9.926712343481706,,426,10.7282,Recorded path update on /plan,
23july1.bag,2026-07-23T21:17:49.103+05:30,44.779,/plan,/plan,path_update,RECORDED,7.409799749903655,8.676712324855254,,466,11.6956,Recorded path update on /plan,
23july1.bag,2026-07-23T21:17:49.120+05:30,44.796,planner_server,/rosout,planning_failure,WARN,,,,,,GridBased: failed to create plan with tolerance 0.50.,
23july1.bag,2026-07-23T21:17:49.120+05:30,44.796,planner_server,/rosout,planning_failure,WARN,8.21,7.43,,,,"Planning algorithm  failed to generate a valid path to (8.21, 7.43)",
23july1.bag,2026-07-23T21:17:49.120+05:30,44.796,planner_server,/rosout,aborted,WARN,,,,,,[compute_path_to_pose] [ActionServer] Aborting handle.,
23july1.bag,2026-07-23T21:17:49.125+05:30,44.802,/plan,/plan,path_update,RECORDED,6.659799738727784,6.076712286112235,,567,14.2241,Recorded path update on /plan,
23july1.bag,2026-07-23T21:17:49.147+05:30,44.823,target_explorer_node,/rosout,planning,INFO,-1.19,23.73,,,,"Sending NavigateToPose goal (-1.19, 23.73): progress=5.75 m alignment=0.927 path=8.85 m score=5.791.",5
23july1.bag,2026-07-23T21:17:49.148+05:30,44.825,target_explorer_node,/rosout,nav2_state,INFO,-1.19,23.73,,,,"Nav2 accepted goal (-1.19, 23.73).",5
23july1.bag,2026-07-23T21:17:49.154+05:30,44.83,/plan,/plan,path_update,RECORDED,-1.2402003789913891,23.676712548372674,,316,8.6453,Recorded path update on /plan,5
23july1.bag,2026-07-23T21:17:49.168+05:30,44.845,controller_server,/rosout,goal_started,INFO,,,,,,"Received a goal, begin computing control effort.",5
23july1.bag,2026-07-23T21:17:50.184+05:30,45.861,/plan,/plan,path_update,RECORDED,-1.2402003789913891,23.676712548372674,,303,8.2655,Recorded path update on /plan,5
23july1.bag,2026-07-23T21:17:50.218+05:30,45.895,controller_server,/rosout,planning,INFO,,,,,,Passing new path to controller.,5
23july1.bag,2026-07-23T21:17:51.214+05:30,46.891,/plan,/plan,path_update,RECORDED,-1.2402003789913891,23.676712548372674,,267,7.7776,Recorded path update on /plan,5
23july1.bag,2026-07-23T21:17:51.268+05:30,46.945,controller_server,/rosout,planning,INFO,,,,,,Passing new path to controller.,5
23july1.bag,2026-07-23T21:17:51.904+05:30,47.581,global_costmap.global_costmap,/rosout,costmap_resize,INFO,,,,,,StaticLayer: Resizing costmap to 942 X 671 at 0.050000 m/pix,5
23july1.bag,2026-07-23T21:17:52.245+05:30,47.922,/plan,/plan,path_update,RECORDED,-1.190200378246331,23.676712548372674,,240,6.9081,Recorded path update on /plan,5
23july1.bag,2026-07-23T21:17:52.269+05:30,47.945,controller_server,/rosout,planning,INFO,,,,,,Passing new path to controller.,5
23july1.bag,2026-07-23T21:17:53.275+05:30,48.952,/plan,/plan,path_update,RECORDED,-1.1902003856969117,23.72671254166715,,231,5.8163,Recorded path update on /plan,5
23july1.bag,2026-07-23T21:17:53.318+05:30,48.995,controller_server,/rosout,planning,INFO,,,,,,Passing new path to controller.,5
23july1.bag,2026-07-23T21:17:54.304+05:30,49.981,/plan,/plan,path_update,RECORDED,-1.1902003856969117,23.72671254166715,,211,5.2721,Recorded path update on /plan,5
23july1.bag,2026-07-23T21:17:54.318+05:30,49.995,controller_server,/rosout,planning,INFO,,,,,,Passing new path to controller.,5
23july1.bag,2026-07-23T21:17:55.336+05:30,51.013,/plan,/plan,path_update,RECORDED,-1.1902003856969117,23.72671254166715,,184,4.6025,Recorded path update on /plan,5
23july1.bag,2026-07-23T21:17:55.368+05:30,51.045,controller_server,/rosout,planning,INFO,,,,,,Passing new path to controller.,5
23july1.bag,2026-07-23T21:17:56.365+05:30,52.042,/plan,/plan,path_update,RECORDED,-1.1902003856969117,23.72671254166715,,155,3.8816,Recorded path update on /plan,5
23july1.bag,2026-07-23T21:17:56.418+05:30,52.095,controller_server,/rosout,planning,INFO,,,,,,Passing new path to controller.,5
23july1.bag,2026-07-23T21:17:57.396+05:30,53.072,/plan,/plan,path_update,RECORDED,-1.1902003856969117,23.72671254166715,,128,3.2023,Recorded path update on /plan,5
23july1.bag,2026-07-23T21:17:57.419+05:30,53.095,controller_server,/rosout,planning,INFO,,,,,,Passing new path to controller.,5
23july1.bag,2026-07-23T21:17:58.425+05:30,54.101,/plan,/plan,path_update,RECORDED,-1.1902003856969117,23.72671254166715,,103,2.5648,Recorded path update on /plan,5
23july1.bag,2026-07-23T21:17:58.468+05:30,54.145,controller_server,/rosout,planning,INFO,,,,,,Passing new path to controller.,5
23july1.bag,2026-07-23T21:17:59.455+05:30,55.132,/plan,/plan,path_update,RECORDED,-1.1902003856969117,23.72671254166715,,74,1.845,Recorded path update on /plan,5
23july1.bag,2026-07-23T21:17:59.468+05:30,55.145,controller_server,/rosout,planning,INFO,,,,,,Passing new path to controller.,5
23july1.bag,2026-07-23T21:18:00.485+05:30,56.162,/plan,/plan,path_update,RECORDED,-1.1902003856969117,23.72671254166715,,48,1.2047,Recorded path update on /plan,5
23july1.bag,2026-07-23T21:18:00.518+05:30,56.195,controller_server,/rosout,planning,INFO,,,,,,Passing new path to controller.,5
23july1.bag,2026-07-23T21:18:01.516+05:30,57.193,/plan,/plan,path_update,RECORDED,-1.1902003856969117,23.72671254166715,,20,0.5112,Recorded path update on /plan,5
23july1.bag,2026-07-23T21:18:01.568+05:30,57.245,controller_server,/rosout,planning,INFO,,,,,,Passing new path to controller.,5
23july1.bag,2026-07-23T21:18:01.919+05:30,57.595,controller_server,/rosout,nav2_state,INFO,,,,,,Reached the goal!,5
23july1.bag,2026-07-23T21:18:01.958+05:30,57.634,bt_navigator,/rosout,goal_succeeded,INFO,,,,,,Goal succeeded,5
23july1.bag,2026-07-23T21:18:01.959+05:30,57.635,target_explorer_node,/rosout,goal_succeeded,INFO,-1.19,23.73,,,,"NavigateToPose succeeded for (-1.19, 23.73).",
23july1.bag,2026-07-23T21:18:02.091+05:30,57.767,target_explorer_node,/rosout,nav2_state,WARN,-1.34,8.28,,,,"Rejected frontier (-1.34, 8.28): endpoint clearance 0.03 m is below required 0.10 m.",
23july1.bag,2026-07-23T21:18:02.092+05:30,57.769,target_explorer_node,/rosout,nav2_state,WARN,8.01,7.28,,,,"Rejected frontier (8.01, 7.28): endpoint clearance 0.03 m is below required 0.10 m.",
23july1.bag,2026-07-23T21:18:02.092+05:30,57.769,target_explorer_node,/rosout,nav2_state,WARN,8.06,7.33,,,,"Rejected frontier (8.06, 7.33): endpoint clearance 0.08 m is below required 0.10 m.",
23july1.bag,2026-07-23T21:18:02.093+05:30,57.77,target_explorer_node,/rosout,nav2_state,WARN,8.56,7.48,,,,"Rejected frontier (8.56, 7.48): endpoint clearance 0.08 m is below required 0.10 m.",
23july1.bag,2026-07-23T21:18:02.094+05:30,57.77,target_explorer_node,/rosout,nav2_state,WARN,7.76,7.98,,,,"Rejected frontier (7.76, 7.98): endpoint clearance 0.04 m is below required 0.10 m.",
23july1.bag,2026-07-23T21:18:02.094+05:30,57.771,target_explorer_node,/rosout,nav2_state,WARN,7.86,8.03,,,,"Rejected frontier (7.86, 8.03): endpoint clearance 0.08 m is below required 0.10 m.",
23july1.bag,2026-07-23T21:18:02.095+05:30,57.771,target_explorer_node,/rosout,nav2_state,WARN,7.86,8.08,,,,"Rejected frontier (7.86, 8.08): endpoint clearance 0.08 m is below required 0.10 m.",
23july1.bag,2026-07-23T21:18:02.095+05:30,57.772,target_explorer_node,/rosout,nav2_state,WARN,8.01,8.08,,,,"Rejected frontier (8.01, 8.08): endpoint clearance 0.08 m is below required 0.10 m.",
23july1.bag,2026-07-23T21:18:02.095+05:30,57.772,target_explorer_node,/rosout,nav2_state,WARN,7.76,8.18,,,,"Rejected frontier (7.76, 8.18): endpoint clearance 0.03 m is below required 0.10 m.",
23july1.bag,2026-07-23T21:18:02.096+05:30,57.773,target_explorer_node,/rosout,nav2_state,WARN,8.21,8.28,,,,"Rejected frontier (8.21, 8.28): endpoint clearance 0.08 m is below required 0.10 m.",
23july1.bag,2026-07-23T21:18:02.096+05:30,57.773,target_explorer_node,/rosout,nav2_state,WARN,7.96,8.33,,,,"Rejected frontier (7.96, 8.33): endpoint clearance 0.08 m is below required 0.10 m.",
23july1.bag,2026-07-23T21:18:02.097+05:30,57.773,target_explorer_node,/rosout,nav2_state,WARN,8.01,8.38,,,,"Rejected frontier (8.01, 8.38): endpoint clearance 0.03 m is below required 0.10 m.",
23july1.bag,2026-07-23T21:18:02.097+05:30,57.774,target_explorer_node,/rosout,nav2_state,WARN,8.71,9.53,,,,"Rejected frontier (8.71, 9.53): endpoint clearance 0.03 m is below required 0.10 m.",
23july1.bag,2026-07-23T21:18:02.098+05:30,57.774,target_explorer_node,/rosout,nav2_state,WARN,8.76,9.58,,,,"Rejected frontier (8.76, 9.58): endpoint clearance 0.08 m is below required 0.10 m.",
23july1.bag,2026-07-23T21:18:02.098+05:30,57.775,target_explorer_node,/rosout,nav2_state,WARN,9.16,9.78,,,,"Rejected frontier (9.16, 9.78): endpoint clearance 0.08 m is below required 0.10 m.",
23july1.bag,2026-07-23T21:18:02.099+05:30,57.775,target_explorer_node,/rosout,nav2_state,WARN,9.41,10.33,,,,"Rejected frontier (9.41, 10.33): endpoint clearance 0.08 m is below required 0.10 m.",
23july1.bag,2026-07-23T21:18:02.100+05:30,57.776,target_explorer_node,/rosout,nav2_state,WARN,10.21,11.08,,,,"Rejected frontier (10.21, 11.08): endpoint clearance 0.03 m is below required 0.10 m.",
23july1.bag,2026-07-23T21:18:02.100+05:30,57.777,target_explorer_node,/rosout,nav2_state,WARN,4.66,11.13,,,,"Rejected frontier (4.66, 11.13): endpoint clearance 0.04 m is below required 0.10 m.",
23july1.bag,2026-07-23T21:18:02.101+05:30,57.778,target_explorer_node,/rosout,nav2_state,WARN,4.66,11.18,,,,"Rejected frontier (4.66, 11.18): endpoint clearance 0.08 m is below required 0.10 m.",
23july1.bag,2026-07-23T21:18:02.101+05:30,57.778,target_explorer_node,/rosout,nav2_state,WARN,4.71,11.53,,,,"Rejected frontier (4.71, 11.53): endpoint clearance 0.08 m is below required 0.10 m.",
23july1.bag,2026-07-23T21:18:02.102+05:30,57.779,target_explorer_node,/rosout,nav2_state,WARN,4.76,11.58,,,,"Rejected frontier (4.76, 11.58): endpoint clearance 0.03 m is below required 0.10 m.",
23july1.bag,2026-07-23T21:18:02.102+05:30,57.779,target_explorer_node,/rosout,nav2_state,WARN,4.86,12.63,,,,"Rejected frontier (4.86, 12.63): endpoint clearance 0.08 m is below required 0.10 m.",
23july1.bag,2026-07-23T21:18:02.103+05:30,57.78,target_explorer_node,/rosout,nav2_state,WARN,4.81,11.68,,,,"Rejected frontier (4.81, 11.68): endpoint clearance 0.04 m is below required 0.10 m.",
23july1.bag,2026-07-23T21:18:02.104+05:30,57.781,target_explorer_node,/rosout,nav2_state,WARN,4.86,12.48,,,,"Rejected frontier (4.86, 12.48): endpoint clearance 0.04 m is below required 0.10 m.",
23july1.bag,2026-07-23T21:18:02.105+05:30,57.781,target_explorer_node,/rosout,nav2_state,WARN,5.31,12.58,,,,"Rejected frontier (5.31, 12.58): endpoint clearance 0.03 m is below required 0.10 m.",
23july1.bag,2026-07-23T21:18:02.106+05:30,57.782,target_explorer_node,/rosout,nav2_state,WARN,10.71,13.43,,,,"Rejected frontier (10.71, 13.43): endpoint clearance 0.03 m is below required 0.10 m.",
23july1.bag,2026-07-23T21:18:02.107+05:30,57.783,target_explorer_node,/rosout,nav2_state,WARN,11.76,13.43,,,,"Rejected frontier (11.76, 13.43): endpoint clearance 0.03 m is below required 0.10 m.",
23july1.bag,2026-07-23T21:18:02.107+05:30,57.784,target_explorer_node,/rosout,nav2_state,WARN,9.81,17.08,,,,"Rejected frontier (9.81, 17.08): endpoint clearance 0.03 m is below required 0.10 m.",
23july1.bag,2026-07-23T21:18:02.108+05:30,57.784,target_explorer_node,/rosout,nav2_state,WARN,9.96,16.08,,,,"Rejected frontier (9.96, 16.08): endpoint clearance 0.04 m is below required 0.10 m.",
23july1.bag,2026-07-23T21:18:02.109+05:30,57.785,target_explorer_node,/rosout,nav2_state,WARN,-1.14,17.68,,,,"Rejected frontier (-1.14, 17.68): endpoint clearance 0.04 m is below required 0.10 m.",
23july1.bag,2026-07-23T21:18:02.109+05:30,57.786,target_explorer_node,/rosout,nav2_state,WARN,-0.74,17.83,,,,"Rejected frontier (-0.74, 17.83): endpoint clearance 0.08 m is below required 0.10 m.",
23july1.bag,2026-07-23T21:18:02.110+05:30,57.786,target_explorer_node,/rosout,nav2_state,WARN,-0.69,17.88,,,,"Rejected frontier (-0.69, 17.88): endpoint clearance 0.03 m is below required 0.10 m.",
23july1.bag,2026-07-23T21:18:02.110+05:30,57.787,target_explorer_node,/rosout,nav2_state,WARN,-8.89,17.68,,,,"Rejected frontier (-8.89, 17.68): endpoint clearance 0.03 m is below required 0.10 m.",
23july1.bag,2026-07-23T21:18:02.111+05:30,57.788,target_explorer_node,/rosout,nav2_state,WARN,8.61,19.33,,,,"Rejected frontier (8.61, 19.33): endpoint clearance 0.04 m is below required 0.10 m.",
23july1.bag,2026-07-23T21:18:02.112+05:30,57.788,target_explorer_node,/rosout,nav2_state,WARN,8.91,17.93,,,,"Rejected frontier (8.91, 17.93): endpoint clearance 0.04 m is below required 0.10 m.",
23july1.bag,2026-07-23T21:18:02.113+05:30,57.789,target_explorer_node,/rosout,nav2_state,WARN,-7.99,18.03,,,,"Rejected frontier (-7.99, 18.03): endpoint clearance 0.08 m is below required 0.10 m.",
23july1.bag,2026-07-23T21:18:02.113+05:30,57.79,target_explorer_node,/rosout,nav2_state,WARN,-8.04,18.08,,,,"Rejected frontier (-8.04, 18.08): endpoint clearance 0.04 m is below required 0.10 m.",
23july1.bag,2026-07-23T21:18:02.114+05:30,57.791,target_explorer_node,/rosout,nav2_state,WARN,-7.94,18.38,,,,"Rejected frontier (-7.94, 18.38): endpoint clearance 0.08 m is below required 0.10 m.",
23july1.bag,2026-07-23T21:18:02.115+05:30,57.791,target_explorer_node,/rosout,nav2_state,WARN,-7.94,18.48,,,,"Rejected frontier (-7.94, 18.48): endpoint clearance 0.03 m is below required 0.10 m.",
23july1.bag,2026-07-23T21:18:02.116+05:30,57.793,target_explorer_node,/rosout,nav2_state,WARN,8.11,19.33,,,,"Rejected frontier (8.11, 19.33): endpoint clearance 0.04 m is below required 0.10 m.",
23july1.bag,2026-07-23T21:18:02.117+05:30,57.794,target_explorer_node,/rosout,nav2_state,WARN,-5.74,21.23,,,,"Rejected frontier (-5.74, 21.23): endpoint clearance 0.04 m is below required 0.10 m.",
23july1.bag,2026-07-23T21:18:02.118+05:30,57.794,target_explorer_node,/rosout,nav2_state,WARN,-6.49,21.08,,,,"Rejected frontier (-6.49, 21.08): endpoint clearance 0.08 m is below required 0.10 m.",
23july1.bag,2026-07-23T21:18:02.119+05:30,57.795,target_explorer_node,/rosout,nav2_state,WARN,-5.84,21.13,,,,"Rejected frontier (-5.84, 21.13): endpoint clearance 0.04 m is below required 0.10 m.",
23july1.bag,2026-07-23T21:18:02.119+05:30,57.796,target_explorer_node,/rosout,nav2_state,WARN,-6.94,21.18,,,,"Rejected frontier (-6.94, 21.18): endpoint clearance 0.08 m is below required 0.10 m.",
23july1.bag,2026-07-23T21:18:02.120+05:30,57.797,target_explorer_node,/rosout,nav2_state,WARN,-5.54,21.23,,,,"Rejected frontier (-5.54, 21.23): endpoint clearance 0.08 m is below required 0.10 m.",
23july1.bag,2026-07-23T21:18:02.121+05:30,57.797,target_explorer_node,/rosout,nav2_state,WARN,-5.59,21.28,,,,"Rejected frontier (-5.59, 21.28): endpoint clearance 0.03 m is below required 0.10 m.",
23july1.bag,2026-07-23T21:18:02.121+05:30,57.798,target_explorer_node,/rosout,nav2_state,WARN,-5.19,21.38,,,,"Rejected frontier (-5.19, 21.38): endpoint clearance 0.03 m is below required 0.10 m.",
23july1.bag,2026-07-23T21:18:02.122+05:30,57.799,target_explorer_node,/rosout,nav2_state,WARN,-3.79,21.88,,,,"Rejected frontier (-3.79, 21.88): endpoint clearance 0.03 m is below required 0.10 m.",
23july1.bag,2026-07-23T21:18:02.122+05:30,57.799,target_explorer_node,/rosout,nav2_state,WARN,-5.04,21.58,,,,"Rejected frontier (-5.04, 21.58): endpoint clearance 0.03 m is below required 0.10 m.",
23july1.bag,2026-07-23T21:18:02.123+05:30,57.8,target_explorer_node,/rosout,nav2_state,WARN,-5.04,21.73,,,,"Rejected frontier (-5.04, 21.73): endpoint clearance 0.08 m is below required 0.10 m.",
23july1.bag,2026-07-23T21:18:02.124+05:30,57.8,target_explorer_node,/rosout,nav2_state,WARN,-3.94,21.83,,,,"Rejected frontier (-3.94, 21.83): endpoint clearance 0.08 m is below required 0.10 m.",
23july1.bag,2026-07-23T21:18:02.124+05:30,57.801,target_explorer_node,/rosout,nav2_state,WARN,-2.44,21.88,,,,"Rejected frontier (-2.44, 21.88): endpoint clearance 0.08 m is below required 0.10 m.",
23july1.bag,2026-07-23T21:18:02.125+05:30,57.801,target_explorer_node,/rosout,nav2_state,WARN,-2.39,21.83,,,,"Rejected frontier (-2.39, 21.83): endpoint clearance 0.04 m is below required 0.10 m.",
23july1.bag,2026-07-23T21:18:02.125+05:30,57.802,target_explorer_node,/rosout,nav2_state,WARN,-3.74,21.93,,,,"Rejected frontier (-3.74, 21.93): endpoint clearance 0.03 m is below required 0.10 m.",
23july1.bag,2026-07-23T21:18:02.126+05:30,57.803,target_explorer_node,/rosout,nav2_state,WARN,2.61,21.83,,,,"Rejected frontier (2.61, 21.83): endpoint clearance 0.03 m is below required 0.10 m.",
23july1.bag,2026-07-23T21:18:02.127+05:30,57.803,target_explorer_node,/rosout,nav2_state,WARN,5.16,21.88,,,,"Rejected frontier (5.16, 21.88): endpoint clearance 0.08 m is below required 0.10 m.",
23july1.bag,2026-07-23T21:18:02.128+05:30,57.804,target_explorer_node,/rosout,nav2_state,WARN,3.21,22.43,,,,"Rejected frontier (3.21, 22.43): endpoint clearance 0.03 m is below required 0.10 m.",
23july1.bag,2026-07-23T21:18:02.128+05:30,57.805,target_explorer_node,/rosout,nav2_state,WARN,3.71,21.93,,,,"Rejected frontier (3.71, 21.93): endpoint clearance 0.03 m is below required 0.10 m.",
23july1.bag,2026-07-23T21:18:02.129+05:30,57.805,target_explorer_node,/rosout,nav2_state,WARN,3.66,21.98,,,,"Rejected frontier (3.66, 21.98): endpoint clearance 0.08 m is below required 0.10 m.",
23july1.bag,2026-07-23T21:18:02.129+05:30,57.806,target_explorer_node,/rosout,nav2_state,WARN,3.41,22.28,,,,"Rejected frontier (3.41, 22.28): endpoint clearance 0.08 m is below required 0.10 m.",
23july1.bag,2026-07-23T21:18:02.130+05:30,57.807,target_explorer_node,/rosout,nav2_state,WARN,3.31,22.38,,,,"Rejected frontier (3.31, 22.38): endpoint clearance 0.03 m is below required 0.10 m.",
23july1.bag,2026-07-23T21:18:02.130+05:30,57.807,target_explorer_node,/rosout,nav2_state,WARN,4.51,24.53,,,,"Rejected frontier (4.51, 24.53): endpoint clearance 0.03 m is below required 0.10 m.",
23july1.bag,2026-07-23T21:18:02.131+05:30,57.808,target_explorer_node,/rosout,nav2_state,WARN,5.51,22.03,,,,"Rejected frontier (5.51, 22.03): endpoint clearance 0.04 m is below required 0.10 m.",
23july1.bag,2026-07-23T21:18:02.132+05:30,57.808,target_explorer_node,/rosout,nav2_state,WARN,2.71,22.23,,,,"Rejected frontier (2.71, 22.23): endpoint clearance 0.03 m is below required 0.10 m.",
23july1.bag,2026-07-23T21:18:02.132+05:30,57.809,target_explorer_node,/rosout,nav2_state,WARN,2.66,22.28,,,,"Rejected frontier (2.66, 22.28): endpoint clearance 0.08 m is below required 0.10 m.",
23july1.bag,2026-07-23T21:18:02.133+05:30,57.81,target_explorer_node,/rosout,nav2_state,WARN,2.56,22.38,,,,"Rejected frontier (2.56, 22.38): endpoint clearance 0.08 m is below required 0.10 m.",
23july1.bag,2026-07-23T21:18:02.134+05:30,57.81,target_explorer_node,/rosout,nav2_state,WARN,2.46,22.43,,,,"Rejected frontier (2.46, 22.43): endpoint clearance 0.08 m is below required 0.10 m.",
23july1.bag,2026-07-23T21:18:02.134+05:30,57.811,target_explorer_node,/rosout,nav2_state,WARN,2.36,22.48,,,,"Rejected frontier (2.36, 22.48): endpoint clearance 0.04 m is below required 0.10 m.",
23july1.bag,2026-07-23T21:18:02.135+05:30,57.811,target_explorer_node,/rosout,nav2_state,WARN,2.26,22.53,,,,"Rejected frontier (2.26, 22.53): endpoint clearance 0.03 m is below required 0.10 m.",
23july1.bag,2026-07-23T21:18:02.135+05:30,57.812,target_explorer_node,/rosout,nav2_state,WARN,-2.29,22.43,,,,"Rejected frontier (-2.29, 22.43): endpoint clearance 0.04 m is below required 0.10 m.",
23july1.bag,2026-07-23T21:18:02.136+05:30,57.813,target_explorer_node,/rosout,nav2_state,WARN,-4.69,22.93,,,,"Rejected frontier (-4.69, 22.93): endpoint clearance 0.08 m is below required 0.10 m.",
23july1.bag,2026-07-23T21:18:02.137+05:30,57.814,target_explorer_node,/rosout,nav2_state,WARN,7.91,22.38,,,,"Rejected frontier (7.91, 22.38): endpoint clearance 0.03 m is below required 0.10 m.",
23july1.bag,2026-07-23T21:18:02.138+05:30,57.815,target_explorer_node,/rosout,nav2_state,WARN,7.91,22.48,,,,"Rejected frontier (7.91, 22.48): endpoint clearance 0.08 m is below required 0.10 m.",
23july1.bag,2026-07-23T21:18:02.139+05:30,57.815,target_explorer_node,/rosout,nav2_state,WARN,7.56,23.48,,,,"Rejected frontier (7.56, 23.48): endpoint clearance 0.03 m is below required 0.10 m.",
23july1.bag,2026-07-23T21:18:02.139+05:30,57.816,target_explorer_node,/rosout,nav2_state,WARN,7.71,22.48,,,,"Rejected frontier (7.71, 22.48): endpoint clearance 0.04 m is below required 0.10 m.",
23july1.bag,2026-07-23T21:18:02.140+05:30,57.817,target_explorer_node,/rosout,nav2_state,WARN,-2.84,23.38,,,,"Rejected frontier (-2.84, 23.38): endpoint clearance 0.03 m is below required 0.10 m.",
23july1.bag,2026-07-23T21:18:02.141+05:30,57.818,target_explorer_node,/rosout,nav2_state,WARN,-2.74,23.38,,,,"Rejected frontier (-2.74, 23.38): endpoint clearance 0.03 m is below required 0.10 m.",
23july1.bag,2026-07-23T21:18:02.141+05:30,57.818,target_explorer_node,/rosout,nav2_state,WARN,-2.79,23.53,,,,"Rejected frontier (-2.79, 23.53): endpoint clearance 0.04 m is below required 0.10 m.",
23july1.bag,2026-07-23T21:18:02.142+05:30,57.819,target_explorer_node,/rosout,nav2_state,WARN,-3.14,23.63,,,,"Rejected frontier (-3.14, 23.63): endpoint clearance 0.08 m is below required 0.10 m.",
23july1.bag,2026-07-23T21:18:02.143+05:30,57.819,target_explorer_node,/rosout,nav2_state,WARN,-3.19,23.68,,,,"Rejected frontier (-3.19, 23.68): endpoint clearance 0.03 m is below required 0.10 m.",
23july1.bag,2026-07-23T21:18:02.143+05:30,57.82,target_explorer_node,/rosout,nav2_state,WARN,7.31,23.88,,,,"Rejected frontier (7.31, 23.88): endpoint clearance 0.04 m is below required 0.10 m.",
23july1.bag,2026-07-23T21:18:02.144+05:30,57.821,target_explorer_node,/rosout,nav2_state,WARN,7.01,28.03,,,,"Rejected frontier (7.01, 28.03): endpoint clearance 0.03 m is below required 0.10 m.",
23july1.bag,2026-07-23T21:18:02.145+05:30,57.822,target_explorer_node,/rosout,nav2_state,WARN,4.91,24.33,,,,"Rejected frontier (4.91, 24.33): endpoint clearance 0.08 m is below required 0.10 m.",
23july1.bag,2026-07-23T21:18:02.146+05:30,57.822,target_explorer_node,/rosout,nav2_state,WARN,4.96,24.38,,,,"Rejected frontier (4.96, 24.38): endpoint clearance 0.03 m is below required 0.10 m.",
23july1.bag,2026-07-23T21:18:02.147+05:30,57.823,target_explorer_node,/rosout,nav2_state,WARN,4.71,24.48,,,,"Rejected frontier (4.71, 24.48): endpoint clearance 0.08 m is below required 0.10 m.",
23july1.bag,2026-07-23T21:18:02.147+05:30,57.824,target_explorer_node,/rosout,nav2_state,WARN,5.81,24.48,,,,"Rejected frontier (5.81, 24.48): endpoint clearance 0.04 m is below required 0.10 m.",
23july1.bag,2026-07-23T21:18:02.148+05:30,57.825,target_explorer_node,/rosout,nav2_state,WARN,-2.29,25.48,,,,"Rejected frontier (-2.29, 25.48): endpoint clearance 0.00 m is below required 0.10 m.",
23july1.bag,2026-07-23T21:18:02.149+05:30,57.825,target_explorer_node,/rosout,nav2_state,WARN,-2.64,25.98,,,,"Rejected frontier (-2.64, 25.98): endpoint clearance 0.04 m is below required 0.10 m.",
23july1.bag,2026-07-23T21:18:02.149+05:30,57.826,target_explorer_node,/rosout,nav2_state,WARN,-2.34,25.58,,,,"Rejected frontier (-2.34, 25.58): endpoint clearance 0.08 m is below required 0.10 m.",
23july1.bag,2026-07-23T21:18:02.150+05:30,57.827,target_explorer_node,/rosout,nav2_state,WARN,-2.69,26.08,,,,"Rejected frontier (-2.69, 26.08): endpoint clearance 0.08 m is below required 0.10 m.",
23july1.bag,2026-07-23T21:18:02.150+05:30,57.827,target_explorer_node,/rosout,nav2_state,WARN,-2.89,26.28,,,,"Rejected frontier (-2.89, 26.28): endpoint clearance 0.08 m is below required 0.10 m.",
23july1.bag,2026-07-23T21:18:02.151+05:30,57.827,target_explorer_node,/rosout,nav2_state,WARN,-2.99,26.38,,,,"Rejected frontier (-2.99, 26.38): endpoint clearance 0.04 m is below required 0.10 m.",
23july1.bag,2026-07-23T21:18:02.151+05:30,57.828,target_explorer_node,/rosout,nav2_state,WARN,-2.04,25.48,,,,"Rejected frontier (-2.04, 25.48): endpoint clearance 0.03 m is below required 0.10 m.",
23july1.bag,2026-07-23T21:18:02.152+05:30,57.829,target_explorer_node,/rosout,nav2_state,WARN,-2.09,25.53,,,,"Rejected frontier (-2.09, 25.53): endpoint clearance 0.08 m is below required 0.10 m.",
23july1.bag,2026-07-23T21:18:02.153+05:30,57.829,target_explorer_node,/rosout,nav2_state,WARN,-2.49,25.93,,,,"Rejected frontier (-2.49, 25.93): endpoint clearance 0.08 m is below required 0.10 m.",
23july1.bag,2026-07-23T21:18:02.153+05:30,57.83,target_explorer_node,/rosout,nav2_state,WARN,-2.54,25.98,,,,"Rejected frontier (-2.54, 25.98): endpoint clearance 0.03 m is below required 0.10 m.",
23july1.bag,2026-07-23T21:18:02.154+05:30,57.83,target_explorer_node,/rosout,nav2_state,WARN,-1.64,27.03,,,,"Rejected frontier (-1.64, 27.03): endpoint clearance 0.03 m is below required 0.10 m.",
23july1.bag,2026-07-23T21:18:02.155+05:30,57.831,target_explorer_node,/rosout,nav2_state,WARN,-2.14,27.93,,,,"Rejected frontier (-2.14, 27.93): endpoint clearance 0.04 m is below required 0.10 m.",
23july1.bag,2026-07-23T21:18:02.155+05:30,57.832,target_explorer_node,/rosout,nav2_state,WARN,5.91,29.48,,,,"Rejected frontier (5.91, 29.48): endpoint clearance 0.08 m is below required 0.10 m.",
23july1.bag,2026-07-23T21:18:02.156+05:30,57.833,target_explorer_node,/rosout,nav2_state,WARN,6.46,28.63,,,,"Rejected frontier (6.46, 28.63): endpoint clearance 0.03 m is below required 0.10 m.",
23july1.bag,2026-07-23T21:18:02.168+05:30,57.844,/plan,/plan,path_update,RECORDED,-0.04999999329447746,27.00000000745058,,145,3.6446,Recorded path update on /plan,
23july1.bag,2026-07-23T21:18:02.172+05:30,57.849,target_explorer_node,/rosout,nav2_state,INFO,,,,,,Final target is reachable and safe; sending it directly.,
23july1.bag,2026-07-23T21:18:02.173+05:30,57.85,target_explorer_node,/rosout,planning,INFO,0.0,27.0,,,,"Sending NavigateToPose goal (0.00, 27.00): progress=3.64 m alignment=1.000 path=3.64 m score=4.278.",6
23july1.bag,2026-07-23T21:18:02.177+05:30,57.853,target_explorer_node,/rosout,nav2_state,INFO,0.0,27.0,,,,"Nav2 accepted goal (0.00, 27.00).",6
23july1.bag,2026-07-23T21:18:02.181+05:30,57.857,/plan,/plan,path_update,RECORDED,-0.04999999329447746,27.00000000745058,,145,3.6446,Recorded path update on /plan,6
23july1.bag,2026-07-23T21:18:02.195+05:30,57.871,controller_server,/rosout,goal_started,INFO,,,,,,"Received a goal, begin computing control effort.",6
23july1.bag,2026-07-23T21:18:03.213+05:30,58.889,/plan,/plan,path_update,RECORDED,-0.04999999329447746,27.00000000745058,,126,3.1737,Recorded path update on /plan,6
23july1.bag,2026-07-23T21:18:03.245+05:30,58.922,controller_server,/rosout,planning,INFO,,,,,,Passing new path to controller.,6
23july1.bag,2026-07-23T21:18:04.243+05:30,59.919,/plan,/plan,path_update,RECORDED,0.0,27.0,,105,2.6537,Recorded path update on /plan,6
23july1.bag,2026-07-23T21:18:04.295+05:30,59.972,controller_server,/rosout,planning,INFO,,,,,,Passing new path to controller.,6
23july1.bag,2026-07-23T21:18:05.271+05:30,60.948,/plan,/plan,path_update,RECORDED,0.0,27.0,,79,1.9992,Recorded path update on /plan,6
23july1.bag,2026-07-23T21:18:05.295+05:30,60.972,controller_server,/rosout,planning,INFO,,,,,,Passing new path to controller.,6
23july1.bag,2026-07-23T21:18:05.382+05:30,61.059,global_costmap.global_costmap,/rosout,costmap_resize,INFO,,,,,,StaticLayer: Resizing costmap to 942 X 804 at 0.050000 m/pix,6
23july1.bag,2026-07-23T21:18:06.252+05:30,61.928,global_costmap.global_costmap,/rosout,costmap_resize,INFO,,,,,,StaticLayer: Resizing costmap to 942 X 807 at 0.050000 m/pix,6
23july1.bag,2026-07-23T21:18:06.303+05:30,61.98,/plan,/plan,path_update,RECORDED,0.0,27.0,,52,1.328,Recorded path update on /plan,6
23july1.bag,2026-07-23T21:18:06.345+05:30,62.022,controller_server,/rosout,planning,INFO,,,,,,Passing new path to controller.,6
23july1.bag,2026-07-23T21:18:06.686+05:30,62.363,global_costmap.global_costmap,/rosout,costmap_resize,INFO,,,,,,StaticLayer: Resizing costmap to 942 X 808 at 0.050000 m/pix,6
23july1.bag,2026-07-23T21:18:07.331+05:30,63.008,/plan,/plan,path_update,RECORDED,0.0,27.0,,25,0.6336,Recorded path update on /plan,6
23july1.bag,2026-07-23T21:18:07.345+05:30,63.022,controller_server,/rosout,planning,INFO,,,,,,Passing new path to controller.,6
23july1.bag,2026-07-23T21:18:07.945+05:30,63.622,controller_server,/rosout,nav2_state,INFO,,,,,,Reached the goal!,6
23july1.bag,2026-07-23T21:18:07.984+05:30,63.661,bt_navigator,/rosout,goal_succeeded,INFO,,,,,,Goal succeeded,6
23july1.bag,2026-07-23T21:18:07.985+05:30,63.662,target_explorer_node,/rosout,goal_succeeded,INFO,0.0,27.0,,,,"NavigateToPose succeeded for (0.00, 27.00).",
23july1.bag,2026-07-23T21:18:08.050+05:30,63.727,target_explorer_node,/rosout,nav2_state,INFO,0.0,27.0,,,,"Final target reached: robot is 0.17 m from (0.00, 27.00).",
23july2.bag,2026-07-23T21:20:28.940+05:30,2.21,target_explorer_node,/rosout,tf,WARN,,,,,,"Cannot look up robot pose map -> base_footprint: Lookup would require extrapolation at time 1784821828.598046, but only time 1784821828.737741 is in the buffer, when looking up transform from frame [base_footprint] to frame [map].",
23july2.bag,2026-07-23T21:20:29.131+05:30,2.401,target_explorer_node,/rosout,obstacle_or_costmap,INFO,,,,,,Received /global_costmap/costmap: 252x318 cells at 0.050 m/cell,
23july2.bag,2026-07-23T21:20:30.039+05:30,3.31,planner_server,/rosout,planning,WARN,,,,,,No planners specified in action call. Server will use only plugin GridBased  in server. This warning will appear once.,
23july2.bag,2026-07-23T21:20:30.041+05:30,3.311,/plan,/plan,path_update,RECORDED,-0.09610203592886002,0.888941907758412,,33,0.9288,Recorded path update on /plan,
23july2.bag,2026-07-23T21:20:30.043+05:30,3.313,target_explorer_node,/rosout,planning,INFO,-0.15,0.89,,,,"Sending NavigateToPose goal (-0.15, 0.89): progress=0.83 m alignment=0.993 path=0.93 m score=1.730.",1
23july2.bag,2026-07-23T21:20:30.044+05:30,3.315,target_explorer_node,/rosout,nav2_state,INFO,-0.15,0.89,,,,"Nav2 accepted goal (-0.15, 0.89).",1
23july2.bag,2026-07-23T21:20:30.045+05:30,3.315,/plan,/plan,path_update,RECORDED,-0.09610203592886002,0.888941907758412,,33,0.9288,Recorded path update on /plan,1
23july2.bag,2026-07-23T21:20:30.064+05:30,3.335,controller_server,/rosout,goal_started,INFO,,,,,,"Received a goal, begin computing control effort.",1
23july2.bag,2026-07-23T21:20:30.064+05:30,3.335,controller_server,/rosout,nav2_state,WARN,,,,,,No goal checker was specified in parameter 'current_goal_checker'. Server will use only plugin loaded general_goal_checker . This warning will appear once.,1
23july2.bag,2026-07-23T21:20:30.868+05:30,4.138,global_costmap.global_costmap,/rosout,costmap_resize,INFO,,,,,,StaticLayer: Resizing costmap to 398 X 318 at 0.050000 m/pix,1
23july2.bag,2026-07-23T21:20:31.076+05:30,4.346,/plan,/plan,path_update,RECORDED,-0.14610204412449868,0.8889419003078314,,21,0.5599,Recorded path update on /plan,1
23july2.bag,2026-07-23T21:20:31.115+05:30,4.385,controller_server,/rosout,planning,INFO,,,,,,Passing new path to controller.,1
23july2.bag,2026-07-23T21:20:31.465+05:30,4.735,controller_server,/rosout,nav2_state,INFO,,,,,,Reached the goal!,1
23july2.bag,2026-07-23T21:20:31.504+05:30,4.774,bt_navigator,/rosout,goal_succeeded,INFO,,,,,,Goal succeeded,1
23july2.bag,2026-07-23T21:20:31.505+05:30,4.775,target_explorer_node,/rosout,goal_succeeded,INFO,-0.15,0.89,,,,"NavigateToPose succeeded for (-0.15, 0.89).",
23july2.bag,2026-07-23T21:20:31.551+05:30,4.821,/plan,/plan,path_update,RECORDED,0.30959925898235774,5.138941971088347,,147,4.5197,Recorded path update on /plan,
23july2.bag,2026-07-23T21:20:31.558+05:30,4.828,/plan,/plan,path_update,RECORDED,0.8595992671779964,4.838941966617998,,142,4.3155,Recorded path update on /plan,
23july2.bag,2026-07-23T21:20:31.565+05:30,4.836,/plan,/plan,path_update,RECORDED,-1.5904007693298485,4.088941955442127,,128,3.8213,Recorded path update on /plan,
23july2.bag,2026-07-23T21:20:31.571+05:30,4.842,/plan,/plan,path_update,RECORDED,1.359599274628577,2.3889419301101538,,85,2.1725,Recorded path update on /plan,
23july2.bag,2026-07-23T21:20:31.576+05:30,4.846,target_explorer_node,/rosout,planning,INFO,0.21,5.64,,,,"Sending NavigateToPose goal (0.21, 5.64): progress=4.90 m alignment=0.999 path=4.52 m score=5.442.",2
23july2.bag,2026-07-23T21:20:31.578+05:30,4.848,target_explorer_node,/rosout,nav2_state,INFO,0.21,5.64,,,,"Nav2 accepted goal (0.21, 5.64).",2
23july2.bag,2026-07-23T21:20:31.578+05:30,4.849,/plan,/plan,path_update,RECORDED,0.30959925898235774,5.138941971088347,,147,4.5197,Recorded path update on /plan,2
23july2.bag,2026-07-23T21:20:31.597+05:30,4.868,controller_server,/rosout,goal_started,INFO,,,,,,"Received a goal, begin computing control effort.",2
23july2.bag,2026-07-23T21:20:31.738+05:30,5.008,global_costmap.global_costmap,/rosout,costmap_resize,INFO,,,,,,StaticLayer: Resizing costmap to 408 X 318 at 0.050000 m/pix,2
23july2.bag,2026-07-23T21:20:32.173+05:30,5.443,global_costmap.global_costmap,/rosout,costmap_resize,INFO,,,,,,StaticLayer: Resizing costmap to 408 X 336 at 0.050000 m/pix,2
23july2.bag,2026-07-23T21:20:32.607+05:30,5.878,global_costmap.global_costmap,/rosout,costmap_resize,INFO,,,,,,StaticLayer: Resizing costmap to 408 X 336 at 0.050000 m/pix,2
23july2.bag,2026-07-23T21:20:32.610+05:30,5.88,/plan,/plan,path_update,RECORDED,0.20959925004166102,5.638941971088347,,168,4.2064,Recorded path update on /plan,2
23july2.bag,2026-07-23T21:20:32.648+05:30,5.918,controller_server,/rosout,planning,INFO,,,,,,Passing new path to controller.,2
23july2.bag,2026-07-23T21:20:33.042+05:30,6.313,global_costmap.global_costmap,/rosout,costmap_resize,INFO,,,,,,StaticLayer: Resizing costmap to 412 X 336 at 0.050000 m/pix,2
23july2.bag,2026-07-23T21:20:33.638+05:30,6.908,/plan,/plan,path_update,RECORDED,0.20959925004166102,5.638941971088347,,141,3.5712,Recorded path update on /plan,2
23july2.bag,2026-07-23T21:20:33.698+05:30,6.968,controller_server,/rosout,planning,INFO,,,,,,Passing new path to controller.,2
23july2.bag,2026-07-23T21:20:34.668+05:30,7.938,/plan,/plan,path_update,RECORDED,0.20959925004166102,5.638941971088347,,115,2.9195,Recorded path update on /plan,2
23july2.bag,2026-07-23T21:20:34.698+05:30,7.968,controller_server,/rosout,planning,INFO,,,,,,Passing new path to controller.,2
23july2.bag,2026-07-23T21:20:35.698+05:30,8.968,/plan,/plan,path_update,RECORDED,0.20959925004166102,5.638941971088347,,89,2.2677,Recorded path update on /plan,2
23july2.bag,2026-07-23T21:20:35.748+05:30,9.018,controller_server,/rosout,planning,INFO,,,,,,Passing new path to controller.,2
23july2.bag,2026-07-23T21:20:36.728+05:30,9.999,/plan,/plan,path_update,RECORDED,0.20959925004166102,5.638941971088347,,61,1.561,Recorded path update on /plan,2
23july2.bag,2026-07-23T21:20:36.748+05:30,10.018,controller_server,/rosout,planning,INFO,,,,,,Passing new path to controller.,2
23july2.bag,2026-07-23T21:20:37.758+05:30,11.028,/plan,/plan,path_update,RECORDED,0.20959925004166102,5.638941971088347,,34,0.9051,Recorded path update on /plan,2
23july2.bag,2026-07-23T21:20:37.798+05:30,11.068,controller_server,/rosout,planning,INFO,,,,,,Passing new path to controller.,2
23july2.bag,2026-07-23T21:20:38.788+05:30,12.058,/plan,/plan,path_update,RECORDED,0.20959925004166102,5.638941971088347,,11,0.2864,Recorded path update on /plan,2
23july2.bag,2026-07-23T21:20:38.848+05:30,12.118,controller_server,/rosout,planning,INFO,,,,,,Passing new path to controller.,2
23july2.bag,2026-07-23T21:20:38.848+05:30,12.118,controller_server,/rosout,nav2_state,INFO,,,,,,Reached the goal!,2
23july2.bag,2026-07-23T21:20:38.897+05:30,12.167,bt_navigator,/rosout,goal_succeeded,INFO,,,,,,Goal succeeded,2
23july2.bag,2026-07-23T21:20:38.898+05:30,12.168,target_explorer_node,/rosout,goal_succeeded,INFO,0.21,5.64,,,,"NavigateToPose succeeded for (0.21, 5.64).",
23july2.bag,2026-07-23T21:20:38.952+05:30,12.223,target_explorer_node,/rosout,nav2_state,WARN,1.81,3.19,,,,"Rejected frontier (1.81, 3.19): endpoint clearance 0.03 m is below required 0.10 m.",
23july2.bag,2026-07-23T21:20:38.954+05:30,12.224,target_explorer_node,/rosout,nav2_state,WARN,0.91,2.94,,,,"Rejected frontier (0.91, 2.94): endpoint clearance 0.04 m is below required 0.10 m.",
23july2.bag,2026-07-23T21:20:38.955+05:30,12.226,target_explorer_node,/rosout,nav2_state,WARN,3.51,8.84,,,,"Rejected frontier (3.51, 8.84): endpoint clearance 0.04 m is below required 0.10 m.",
23july2.bag,2026-07-23T21:20:38.957+05:30,12.227,target_explorer_node,/rosout,nav2_state,WARN,4.61,10.09,,,,"Rejected frontier (4.61, 10.09): endpoint clearance 0.04 m is below required 0.10 m.",
23july2.bag,2026-07-23T21:20:38.958+05:30,12.228,target_explorer_node,/rosout,nav2_state,WARN,8.76,15.44,,,,"Rejected frontier (8.76, 15.44): endpoint clearance 0.04 m is below required 0.10 m.",
23july2.bag,2026-07-23T21:20:38.962+05:30,12.232,/plan,/plan,path_update,RECORDED,8.31100275378737,14.688942113394436,,421,12.3703,Recorded path update on /plan,
23july2.bag,2026-07-23T21:20:38.985+05:30,12.255,planner_server,/rosout,planning_failure,WARN,,,,,,GridBased: failed to create plan with tolerance 0.50.,
23july2.bag,2026-07-23T21:20:38.985+05:30,12.255,planner_server,/rosout,planning_failure,WARN,8.91,14.99,,,,"Planning algorithm  failed to generate a valid path to (8.91, 14.99)",
23july2.bag,2026-07-23T21:20:38.985+05:30,12.255,planner_server,/rosout,aborted,WARN,,,,,,[compute_path_to_pose] [ActionServer] Aborting handle.,
23july2.bag,2026-07-23T21:20:38.987+05:30,12.257,/plan,/plan,path_update,RECORDED,7.5610027426115,13.03894208880752,,391,10.4594,Recorded path update on /plan,
23july2.bag,2026-07-23T21:20:39.013+05:30,12.284,/plan,/plan,path_update,RECORDED,4.0610026904574354,9.588942037398514,,192,5.5929,Recorded path update on /plan,
23july2.bag,2026-07-23T21:20:39.022+05:30,12.292,/plan,/plan,path_update,RECORDED,5.761002708338829,10.288942040378746,,273,7.0134,Recorded path update on /plan,
23july2.bag,2026-07-23T21:20:39.035+05:30,12.305,/plan,/plan,path_update,RECORDED,-4.038997437692551,7.438941997910437,,178,5.1396,Recorded path update on /plan,
23july2.bag,2026-07-23T21:20:39.044+05:30,12.314,/plan,/plan,path_update,RECORDED,-3.53899743024197,6.3889419822642175,,164,4.3594,Recorded path update on /plan,
23july2.bag,2026-07-23T21:20:39.054+05:30,12.325,/plan,/plan,path_update,RECORDED,1.4610026517144163,2.3389419293650957,,144,4.5619,Recorded path update on /plan,
23july2.bag,2026-07-23T21:20:39.062+05:30,12.332,target_explorer_node,/rosout,planning,INFO,8.51,14.94,,,,"Sending NavigateToPose goal (8.51, 14.94): progress=6.63 m alignment=0.743 path=12.37 m score=6.141.",3
23july2.bag,2026-07-23T21:20:39.064+05:30,12.334,target_explorer_node,/rosout,nav2_state,INFO,8.51,14.94,,,,"Nav2 accepted goal (8.51, 14.94).",3
23july2.bag,2026-07-23T21:20:39.065+05:30,12.335,/plan,/plan,path_update,RECORDED,8.31100275378737,14.688942113394436,,418,12.2766,Recorded path update on /plan,3
23july2.bag,2026-07-23T21:20:39.084+05:30,12.354,controller_server,/rosout,goal_started,INFO,,,,,,"Received a goal, begin computing control effort.",3
23july2.bag,2026-07-23T21:20:39.999+05:30,13.269,global_costmap.global_costmap,/rosout,costmap_resize,INFO,,,,,,StaticLayer: Resizing costmap to 437 X 341 at 0.050000 m/pix,3
23july2.bag,2026-07-23T21:20:40.095+05:30,13.365,/plan,/plan,path_update,RECORDED,8.31100275378737,14.688942113394436,,413,11.8285,Recorded path update on /plan,3
23july2.bag,2026-07-23T21:20:40.134+05:30,13.404,controller_server,/rosout,planning,INFO,,,,,,Passing new path to controller.,3
23july2.bag,2026-07-23T21:20:40.433+05:30,13.704,global_costmap.global_costmap,/rosout,costmap_resize,INFO,,,,,,StaticLayer: Resizing costmap to 462 X 341 at 0.050000 m/pix,3
23july2.bag,2026-07-23T21:20:40.868+05:30,14.138,global_costmap.global_costmap,/rosout,costmap_resize,INFO,,,,,,StaticLayer: Resizing costmap to 699 X 492 at 0.050000 m/pix,3
23july2.bag,2026-07-23T21:20:41.130+05:30,14.4,/plan,/plan,path_update,RECORDED,8.31100275378737,14.688942113394436,,359,10.969,Recorded path update on /plan,3
23july2.bag,2026-07-23T21:20:41.184+05:30,14.454,controller_server,/rosout,planning,INFO,,,,,,Passing new path to controller.,3
23july2.bag,2026-07-23T21:20:41.304+05:30,14.574,global_costmap.global_costmap,/rosout,costmap_resize,INFO,,,,,,StaticLayer: Resizing costmap to 699 X 496 at 0.050000 m/pix,3
23july2.bag,2026-07-23T21:20:42.159+05:30,15.43,/plan,/plan,path_update,RECORDED,8.31100275378737,14.688942113394436,,366,10.6531,Recorded path update on /plan,3
23july2.bag,2026-07-23T21:20:42.184+05:30,15.454,controller_server,/rosout,planning,INFO,,,,,,Passing new path to controller.,3
23july2.bag,2026-07-23T21:20:43.189+05:30,16.459,/plan,/plan,path_update,RECORDED,8.31100275378737,14.688942113394436,,367,10.6249,Recorded path update on /plan,3
23july2.bag,2026-07-23T21:20:43.234+05:30,16.504,controller_server,/rosout,planning,INFO,,,,,,Passing new path to controller.,3
23july2.bag,2026-07-23T21:20:44.218+05:30,17.488,/plan,/plan,path_update,RECORDED,8.31100275378737,14.688942113394436,,365,10.6228,Recorded path update on /plan,3
23july2.bag,2026-07-23T21:20:44.234+05:30,17.504,controller_server,/rosout,planning,INFO,,,,,,Passing new path to controller.,3
23july2.bag,2026-07-23T21:20:45.248+05:30,18.518,/plan,/plan,path_update,RECORDED,8.31100275378737,14.688942113394436,,367,10.666,Recorded path update on /plan,3
23july2.bag,2026-07-23T21:20:45.284+05:30,18.554,controller_server,/rosout,planning,INFO,,,,,,Passing new path to controller.,3
23july2.bag,2026-07-23T21:20:46.278+05:30,19.548,/plan,/plan,path_update,RECORDED,8.31100275378737,14.688942113394436,,362,10.5333,Recorded path update on /plan,3
23july2.bag,2026-07-23T21:20:46.334+05:30,19.604,controller_server,/rosout,planning,INFO,,,,,,Passing new path to controller.,3
23july2.bag,2026-07-23T21:20:47.309+05:30,20.579,/plan,/plan,path_update,RECORDED,8.31100275378737,14.688942113394436,,368,10.6486,Recorded path update on /plan,3
23july2.bag,2026-07-23T21:20:47.334+05:30,20.604,controller_server,/rosout,planning,INFO,,,,,,Passing new path to controller.,3
23july2.bag,2026-07-23T21:20:48.330+05:30,21.6,/plan,/plan,path_update,RECORDED,8.31100275378737,14.688942113394436,,368,10.6567,Recorded path update on /plan,3
23july2.bag,2026-07-23T21:20:48.384+05:30,21.654,controller_server,/rosout,planning,INFO,,,,,,Passing new path to controller.,3
23july2.bag,2026-07-23T21:20:49.359+05:30,22.629,/plan,/plan,path_update,RECORDED,8.31100275378737,14.688942113394436,,369,10.6713,Recorded path update on /plan,3
23july2.bag,2026-07-23T21:20:49.384+05:30,22.654,controller_server,/rosout,planning,INFO,,,,,,Passing new path to controller.,3
23july2.bag,2026-07-23T21:20:50.391+05:30,23.661,/plan,/plan,path_update,RECORDED,8.31100275378737,14.688942113394436,,367,10.6321,Recorded path update on /plan,3
23july2.bag,2026-07-23T21:20:50.434+05:30,23.704,controller_server,/rosout,planning,INFO,,,,,,Passing new path to controller.,3
23july2.bag,2026-07-23T21:20:51.084+05:30,24.354,controller_server,/rosout,progress_checker,ERROR,,,,,,Failed to make progress,3
23july2.bag,2026-07-23T21:20:51.084+05:30,24.354,controller_server,/rosout,aborted,WARN,,,,,,[follow_path] [ActionServer] Aborting handle.,3
23july2.bag,2026-07-23T21:20:51.103+05:30,24.373,local_costmap.local_costmap,/rosout,costmap_clear,INFO,,,,,,Received request to clear entirely the local_costmap,3
23july2.bag,2026-07-23T21:20:51.105+05:30,24.376,controller_server,/rosout,goal_started,INFO,,,,,,"Received a goal, begin computing control effort.",3
23july2.bag,2026-07-23T21:20:51.419+05:30,24.689,/plan,/plan,path_update,RECORDED,8.31100275378737,14.688942113394436,,367,10.6321,Recorded path update on /plan,3
23july2.bag,2026-07-23T21:20:51.455+05:30,24.726,controller_server,/rosout,planning,INFO,,,,,,Passing new path to controller.,3
23july2.bag,2026-07-23T21:20:52.357+05:30,25.627,controller_server,/rosout,controller,WARN,,,,,,Control loop missed its desired rate of 20.0000Hz,3
23july2.bag,2026-07-23T21:20:52.448+05:30,25.719,/plan,/plan,path_update,RECORDED,8.31100275378737,14.688942113394436,,368,10.6486,Recorded path update on /plan,3
23july2.bag,2026-07-23T21:20:52.505+05:30,25.776,controller_server,/rosout,planning,INFO,,,,,,Passing new path to controller.,3
23july2.bag,2026-07-23T21:20:53.478+05:30,26.748,/plan,/plan,path_update,RECORDED,8.31100275378737,14.688942113394436,,368,10.6486,Recorded path update on /plan,3
23july2.bag,2026-07-23T21:20:53.505+05:30,26.776,controller_server,/rosout,planning,INFO,,,,,,Passing new path to controller.,3
23july2.bag,2026-07-23T21:20:54.508+05:30,27.778,/plan,/plan,path_update,RECORDED,8.31100275378737,14.688942113394436,,368,10.6486,Recorded path update on /plan,3
23july2.bag,2026-07-23T21:20:54.555+05:30,27.826,controller_server,/rosout,planning,INFO,,,,,,Passing new path to controller.,3
23july2.bag,2026-07-23T21:20:55.538+05:30,28.808,/plan,/plan,path_update,RECORDED,8.31100275378737,14.688942113394436,,367,10.6321,Recorded path update on /plan,3
23july2.bag,2026-07-23T21:20:55.555+05:30,28.826,controller_server,/rosout,planning,INFO,,,,,,Passing new path to controller.,3
23july2.bag,2026-07-23T21:20:56.568+05:30,29.838,/plan,/plan,path_update,RECORDED,8.31100275378737,14.688942113394436,,369,10.6713,Recorded path update on /plan,3
23july2.bag,2026-07-23T21:20:56.605+05:30,29.876,controller_server,/rosout,planning,INFO,,,,,,Passing new path to controller.,3
23july2.bag,2026-07-23T21:20:57.600+05:30,30.87,/plan,/plan,path_update,RECORDED,8.31100275378737,14.688942113394436,,368,10.6486,Recorded path update on /plan,3
23july2.bag,2026-07-23T21:20:57.655+05:30,30.926,controller_server,/rosout,planning,INFO,,,,,,Passing new path to controller.,3
23july2.bag,2026-07-23T21:20:58.629+05:30,31.899,/plan,/plan,path_update,RECORDED,8.31100275378737,14.688942113394436,,367,10.6321,Recorded path update on /plan,3
23july2.bag,2026-07-23T21:20:58.655+05:30,31.926,controller_server,/rosout,planning,INFO,,,,,,Passing new path to controller.,3
23july2.bag,2026-07-23T21:20:59.659+05:30,32.929,/plan,/plan,path_update,RECORDED,8.31100275378737,14.688942113394436,,368,10.6486,Recorded path update on /plan,3
23july2.bag,2026-07-23T21:20:59.705+05:30,32.976,controller_server,/rosout,planning,INFO,,,,,,Passing new path to controller.,3
23july2.bag,2026-07-23T21:21:00.688+05:30,33.958,/plan,/plan,path_update,RECORDED,8.31100275378737,14.688942113394436,,369,10.6713,Recorded path update on /plan,3
23july2.bag,2026-07-23T21:21:00.705+05:30,33.976,controller_server,/rosout,planning,INFO,,,,,,Passing new path to controller.,3
23july2.bag,2026-07-23T21:21:01.156+05:30,34.426,controller_server,/rosout,progress_checker,ERROR,,,,,,Failed to make progress,3
23july2.bag,2026-07-23T21:21:01.156+05:30,34.426,controller_server,/rosout,aborted,WARN,,,,,,[follow_path] [ActionServer] Aborting handle.,3
23july2.bag,2026-07-23T21:21:01.173+05:30,34.443,local_costmap.local_costmap,/rosout,costmap_clear,INFO,,,,,,Received request to clear entirely the local_costmap,3
23july2.bag,2026-07-23T21:21:01.173+05:30,34.443,global_costmap.global_costmap,/rosout,costmap_clear,INFO,,,,,,Received request to clear entirely the global_costmap,3
23july2.bag,2026-07-23T21:21:01.174+05:30,34.444,bt_navigator,/behavior_tree_log,recovery,RECORDED,,,,,,Behavior-tree recovery entered RUNNING: ClearingActions (IDLE -> RUNNING),3
23july2.bag,2026-07-23T21:21:01.317+05:30,34.587,/plan,/plan,path_update,RECORDED,8.31100275378737,14.688942113394436,,369,10.6713,Recorded path update on /plan,3
23july2.bag,2026-07-23T21:21:01.335+05:30,34.605,controller_server,/rosout,goal_started,INFO,,,,,,"Received a goal, begin computing control effort.",3
23july2.bag,2026-07-23T21:21:02.348+05:30,35.618,/plan,/plan,path_update,RECORDED,8.31100275378737,14.688942113394436,,370,10.6959,Recorded path update on /plan,3
23july2.bag,2026-07-23T21:21:02.384+05:30,35.654,controller_server,/rosout,planning,INFO,,,,,,Passing new path to controller.,3
23july2.bag,2026-07-23T21:21:03.377+05:30,36.647,/plan,/plan,path_update,RECORDED,8.31100275378737,14.688942113394436,,368,10.6486,Recorded path update on /plan,3
23july2.bag,2026-07-23T21:21:03.434+05:30,36.704,controller_server,/rosout,planning,INFO,,,,,,Passing new path to controller.,3
23july2.bag,2026-07-23T21:21:04.408+05:30,37.678,/plan,/plan,path_update,RECORDED,8.31100275378737,14.688942113394436,,368,10.6486,Recorded path update on /plan,3
23july2.bag,2026-07-23T21:21:04.434+05:30,37.704,controller_server,/rosout,planning,INFO,,,,,,Passing new path to controller.,3
23july2.bag,2026-07-23T21:21:05.438+05:30,38.708,/plan,/plan,path_update,RECORDED,8.31100275378737,14.688942113394436,,359,10.419,Recorded path update on /plan,3
23july2.bag,2026-07-23T21:21:05.484+05:30,38.754,controller_server,/rosout,planning,INFO,,,,,,Passing new path to controller.,3
23july2.bag,2026-07-23T21:21:06.465+05:30,39.735,/plan,/plan,path_update,RECORDED,8.31100275378737,14.688942113394436,,343,9.7542,Recorded path update on /plan,3
23july2.bag,2026-07-23T21:21:06.484+05:30,39.754,controller_server,/rosout,planning,INFO,,,,,,Passing new path to controller.,3
23july2.bag,2026-07-23T21:21:07.495+05:30,40.765,/plan,/plan,path_update,RECORDED,8.511002749317022,14.938942109669146,,333,9.2195,Recorded path update on /plan,3
23july2.bag,2026-07-23T21:21:07.534+05:30,40.804,controller_server,/rosout,planning,INFO,,,,,,Passing new path to controller.,3
23july2.bag,2026-07-23T21:21:08.526+05:30,41.796,/plan,/plan,path_update,RECORDED,8.511002749317022,14.938942109669146,,328,8.5773,Recorded path update on /plan,3
23july2.bag,2026-07-23T21:21:08.584+05:30,41.854,controller_server,/rosout,planning,INFO,,,,,,Passing new path to controller.,3
23july2.bag,2026-07-23T21:21:09.556+05:30,42.826,/plan,/plan,path_update,RECORDED,8.511002749317022,14.938942109669146,,317,7.9147,Recorded path update on /plan,3
23july2.bag,2026-07-23T21:21:09.584+05:30,42.854,controller_server,/rosout,planning,INFO,,,,,,Passing new path to controller.,3
23july2.bag,2026-07-23T21:21:10.585+05:30,43.855,/plan,/plan,path_update,RECORDED,8.511002749317022,14.938942109669146,,290,7.2456,Recorded path update on /plan,3
23july2.bag,2026-07-23T21:21:10.634+05:30,43.904,controller_server,/rosout,planning,INFO,,,,,,Passing new path to controller.,3
23july2.bag,2026-07-23T21:21:11.615+05:30,44.886,/plan,/plan,path_update,RECORDED,8.511002749317022,14.938942109669146,,262,6.5403,Recorded path update on /plan,3
23july2.bag,2026-07-23T21:21:11.634+05:30,44.904,controller_server,/rosout,planning,INFO,,,,,,Passing new path to controller.,3
23july2.bag,2026-07-23T21:21:12.646+05:30,45.916,/plan,/plan,path_update,RECORDED,8.511002749317022,14.938942109669146,,233,5.8292,Recorded path update on /plan,3
23july2.bag,2026-07-23T21:21:12.684+05:30,45.954,controller_server,/rosout,planning,INFO,,,,,,Passing new path to controller.,3
23july2.bag,2026-07-23T21:21:13.675+05:30,46.945,/plan,/plan,path_update,RECORDED,8.511002749317022,14.938942109669146,,205,5.1216,Recorded path update on /plan,3
23july2.bag,2026-07-23T21:21:13.734+05:30,47.004,controller_server,/rosout,planning,INFO,,,,,,Passing new path to controller.,3
23july2.bag,2026-07-23T21:21:14.705+05:30,47.975,/plan,/plan,path_update,RECORDED,8.511002749317022,14.938942109669146,,178,4.4428,Recorded path update on /plan,3
23july2.bag,2026-07-23T21:21:14.734+05:30,48.004,controller_server,/rosout,planning,INFO,,,,,,Passing new path to controller.,3
23july2.bag,2026-07-23T21:21:15.735+05:30,49.005,/plan,/plan,path_update,RECORDED,8.511002749317022,14.938942109669146,,150,3.7492,Recorded path update on /plan,3
23july2.bag,2026-07-23T21:21:15.784+05:30,49.054,controller_server,/rosout,planning,INFO,,,,,,Passing new path to controller.,3
23july2.bag,2026-07-23T21:21:16.764+05:30,50.034,/plan,/plan,path_update,RECORDED,8.511002749317022,14.938942109669146,,123,3.0693,Recorded path update on /plan,3
23july2.bag,2026-07-23T21:21:16.784+05:30,50.054,controller_server,/rosout,planning,INFO,,,,,,Passing new path to controller.,3
23july2.bag,2026-07-23T21:21:17.794+05:30,51.065,/plan,/plan,path_update,RECORDED,8.511002749317022,14.938942109669146,,97,2.419,Recorded path update on /plan,3
23july2.bag,2026-07-23T21:21:17.834+05:30,51.104,controller_server,/rosout,planning,INFO,,,,,,Passing new path to controller.,3
23july2.bag,2026-07-23T21:21:18.824+05:30,52.094,/plan,/plan,path_update,RECORDED,8.511002749317022,14.938942109669146,,68,1.701,Recorded path update on /plan,3
23july2.bag,2026-07-23T21:21:18.884+05:30,52.154,controller_server,/rosout,planning,INFO,,,,,,Passing new path to controller.,3
23july2.bag,2026-07-23T21:21:19.854+05:30,53.124,/plan,/plan,path_update,RECORDED,8.511002749317022,14.938942109669146,,38,0.9579,Recorded path update on /plan,3
23july2.bag,2026-07-23T21:21:19.884+05:30,53.154,controller_server,/rosout,planning,INFO,,,,,,Passing new path to controller.,3
23july2.bag,2026-07-23T21:21:20.885+05:30,54.155,/plan,/plan,path_update,RECORDED,8.511002749317022,14.938942109669146,,16,0.4,Recorded path update on /plan,3
23july2.bag,2026-07-23T21:21:20.934+05:30,54.204,controller_server,/rosout,planning,INFO,,,,,,Passing new path to controller.,3
23july2.bag,2026-07-23T21:21:21.914+05:30,55.185,/plan,/plan,path_update,RECORDED,8.511002749317022,14.938942109669146,,18,0.4476,Recorded path update on /plan,3
23july2.bag,2026-07-23T21:21:21.934+05:30,55.204,controller_server,/rosout,planning,INFO,,,,,,Passing new path to controller.,3
23july2.bag,2026-07-23T21:21:22.936+05:30,56.206,/plan,/plan,path_update,RECORDED,8.511002749317022,14.938942109669146,,18,0.4476,Recorded path update on /plan,3
23july2.bag,2026-07-23T21:21:22.984+05:30,56.254,controller_server,/rosout,planning,INFO,,,,,,Passing new path to controller.,3
23july2.bag,2026-07-23T21:21:23.964+05:30,57.235,/plan,/plan,path_update,RECORDED,8.511002749317022,14.938942109669146,,18,0.4476,Recorded path update on /plan,3
23july2.bag,2026-07-23T21:21:23.984+05:30,57.254,controller_server,/rosout,planning,INFO,,,,,,Passing new path to controller.,3
23july2.bag,2026-07-23T21:21:24.994+05:30,58.264,/plan,/plan,path_update,RECORDED,8.511002749317022,14.938942109669146,,19,0.4689,Recorded path update on /plan,3
23july2.bag,2026-07-23T21:21:25.034+05:30,58.304,controller_server,/rosout,planning,INFO,,,,,,Passing new path to controller.,3
23july2.bag,2026-07-23T21:21:26.024+05:30,59.294,/plan,/plan,path_update,RECORDED,8.511002749317022,14.938942109669146,,19,0.4689,Recorded path update on /plan,3
23july2.bag,2026-07-23T21:21:26.085+05:30,59.355,controller_server,/rosout,planning,INFO,,,,,,Passing new path to controller.,3
23july2.bag,2026-07-23T21:21:27.054+05:30,60.324,/plan,/plan,path_update,RECORDED,8.511002749317022,14.938942109669146,,19,0.4689,Recorded path update on /plan,3
23july2.bag,2026-07-23T21:21:27.084+05:30,60.354,controller_server,/rosout,planning,INFO,,,,,,Passing new path to controller.,3
23july2.bag,2026-07-23T21:21:28.084+05:30,61.354,/plan,/plan,path_update,RECORDED,8.511002749317022,14.938942109669146,,18,0.4476,Recorded path update on /plan,3
23july2.bag,2026-07-23T21:21:28.134+05:30,61.404,controller_server,/rosout,planning,INFO,,,,,,Passing new path to controller.,3
23july2.bag,2026-07-23T21:21:29.114+05:30,62.384,/plan,/plan,path_update,RECORDED,8.511002749317022,14.938942109669146,,17,0.4267,Recorded path update on /plan,3
23july2.bag,2026-07-23T21:21:29.134+05:30,62.404,controller_server,/rosout,planning,INFO,,,,,,Passing new path to controller.,3
23july2.bag,2026-07-23T21:21:30.144+05:30,63.415,/plan,/plan,path_update,RECORDED,8.511002749317022,14.938942109669146,,18,0.4476,Recorded path update on /plan,3
23july2.bag,2026-07-23T21:21:30.184+05:30,63.454,controller_server,/rosout,planning,INFO,,,,,,Passing new path to controller.,3
23july2.bag,2026-07-23T21:21:30.634+05:30,63.904,controller_server,/rosout,progress_checker,ERROR,,,,,,Failed to make progress,3
23july2.bag,2026-07-23T21:21:30.634+05:30,63.904,controller_server,/rosout,aborted,WARN,,,,,,[follow_path] [ActionServer] Aborting handle.,3
23july2.bag,2026-07-23T21:21:30.653+05:30,63.923,local_costmap.local_costmap,/rosout,costmap_clear,INFO,,,,,,Received request to clear entirely the local_costmap,3
23july2.bag,2026-07-23T21:21:30.654+05:30,63.924,controller_server,/rosout,goal_started,INFO,,,,,,"Received a goal, begin computing control effort.",3
23july2.bag,2026-07-23T21:21:31.174+05:30,64.445,/plan,/plan,path_update,RECORDED,8.511002749317022,14.938942109669146,,19,0.4689,Recorded path update on /plan,3
23july2.bag,2026-07-23T21:21:31.206+05:30,64.476,controller_server,/rosout,planning,INFO,,,,,,Passing new path to controller.,3
23july2.bag,2026-07-23T21:21:32.205+05:30,65.475,/plan,/plan,path_update,RECORDED,8.511002749317022,14.938942109669146,,19,0.4689,Recorded path update on /plan,3
23july2.bag,2026-07-23T21:21:32.254+05:30,65.524,controller_server,/rosout,planning,INFO,,,,,,Passing new path to controller.,3
23july2.bag,2026-07-23T21:21:33.234+05:30,66.505,/plan,/plan,path_update,RECORDED,8.511002749317022,14.938942109669146,,19,0.4689,Recorded path update on /plan,3
23july2.bag,2026-07-23T21:21:33.254+05:30,66.524,controller_server,/rosout,planning,INFO,,,,,,Passing new path to controller.,3
23july2.bag,2026-07-23T21:21:34.266+05:30,67.536,/plan,/plan,path_update,RECORDED,8.511002749317022,14.938942109669146,,19,0.4689,Recorded path update on /plan,3
23july2.bag,2026-07-23T21:21:34.304+05:30,67.574,controller_server,/rosout,planning,INFO,,,,,,Passing new path to controller.,3
23july2.bag,2026-07-23T21:21:35.295+05:30,68.565,/plan,/plan,path_update,RECORDED,8.511002749317022,14.938942109669146,,19,0.4689,Recorded path update on /plan,3
23july2.bag,2026-07-23T21:21:35.354+05:30,68.624,controller_server,/rosout,planning,INFO,,,,,,Passing new path to controller.,3
23july2.bag,2026-07-23T21:21:36.325+05:30,69.595,/plan,/plan,path_update,RECORDED,8.511002749317022,14.938942109669146,,19,0.4689,Recorded path update on /plan,3
23july2.bag,2026-07-23T21:21:36.354+05:30,69.624,controller_server,/rosout,planning,INFO,,,,,,Passing new path to controller.,3
23july2.bag,2026-07-23T21:21:37.355+05:30,70.625,/plan,/plan,path_update,RECORDED,8.511002749317022,14.938942109669146,,19,0.4689,Recorded path update on /plan,3
23july2.bag,2026-07-23T21:21:37.404+05:30,70.674,controller_server,/rosout,planning,INFO,,,,,,Passing new path to controller.,3
23july2.bag,2026-07-23T21:21:38.384+05:30,71.655,/plan,/plan,path_update,RECORDED,8.511002749317022,14.938942109669146,,19,0.4689,Recorded path update on /plan,3
23july2.bag,2026-07-23T21:21:38.404+05:30,71.674,controller_server,/rosout,planning,INFO,,,,,,Passing new path to controller.,3
23july2.bag,2026-07-23T21:21:39.415+05:30,72.685,/plan,/plan,path_update,RECORDED,8.511002749317022,14.938942109669146,,19,0.4689,Recorded path update on /plan,3
23july2.bag,2026-07-23T21:21:39.454+05:30,72.724,controller_server,/rosout,planning,INFO,,,,,,Passing new path to controller.,3
23july2.bag,2026-07-23T21:21:40.444+05:30,73.714,/plan,/plan,path_update,RECORDED,8.511002749317022,14.938942109669146,,19,0.4689,Recorded path update on /plan,3
23july2.bag,2026-07-23T21:21:40.504+05:30,73.774,controller_server,/rosout,planning,INFO,,,,,,Passing new path to controller.,3
23july2.bag,2026-07-23T21:21:40.704+05:30,73.974,controller_server,/rosout,progress_checker,ERROR,,,,,,Failed to make progress,3
23july2.bag,2026-07-23T21:21:40.704+05:30,73.974,controller_server,/rosout,aborted,WARN,,,,,,[follow_path] [ActionServer] Aborting handle.,3
23july2.bag,2026-07-23T21:21:40.723+05:30,73.993,bt_navigator,/behavior_tree_log,recovery,RECORDED,,,,,,Behavior-tree recovery entered RUNNING: Spin (IDLE -> RUNNING),3
23july2.bag,2026-07-23T21:21:40.723+05:30,73.993,behavior_server,/rosout,recovery,INFO,,,,,,Running spin,3
23july2.bag,2026-07-23T21:21:40.723+05:30,73.993,behavior_server,/rosout,recovery,INFO,,,,,,Turning 1.57 for spin behavior.,3
23july2.bag,2026-07-23T21:21:50.724+05:30,83.994,behavior_server,/rosout,recovery,WARN,,,,,,Exceeded time allowance before reaching the Spin goal - Exiting Spin,3
23july2.bag,2026-07-23T21:21:50.724+05:30,83.994,behavior_server,/rosout,recovery,WARN,,,,,,spin failed,3
23july2.bag,2026-07-23T21:21:50.724+05:30,83.994,behavior_server,/rosout,recovery,WARN,,,,,,[spin] [ActionServer] Aborting handle.,3
23july2.bag,2026-07-23T21:21:50.743+05:30,84.013,bt_navigator,/behavior_tree_log,recovery,RECORDED,,,,,,Behavior-tree recovery entered RUNNING: Wait (IDLE -> RUNNING),3
23july2.bag,2026-07-23T21:21:50.743+05:30,84.013,behavior_server,/rosout,recovery,INFO,,,,,,Running wait,3
23july2.bag,2026-07-23T21:21:52.173+05:30,85.443,global_costmap.global_costmap,/rosout,costmap_resize,INFO,,,,,,StaticLayer: Resizing costmap to 699 X 561 at 0.050000 m/pix,3
23july2.bag,2026-07-23T21:21:55.743+05:30,89.014,behavior_server,/rosout,recovery,INFO,,,,,,wait completed successfully,3
23july2.bag,2026-07-23T21:21:55.777+05:30,89.047,/plan,/plan,path_update,RECORDED,8.511002749317022,14.938942109669146,,22,0.5524,Recorded path update on /plan,3
23july2.bag,2026-07-23T21:21:55.793+05:30,89.063,controller_server,/rosout,goal_started,INFO,,,,,,"Received a goal, begin computing control effort.",3
23july2.bag,2026-07-23T21:21:56.205+05:30,89.475,controller_server,/rosout,controller,WARN,,,,,,Control loop missed its desired rate of 20.0000Hz,3
23july2.bag,2026-07-23T21:21:56.806+05:30,90.076,/plan,/plan,path_update,RECORDED,8.511002749317022,14.938942109669146,,22,0.5524,Recorded path update on /plan,3
23july2.bag,2026-07-23T21:21:56.843+05:30,90.114,controller_server,/rosout,planning,INFO,,,,,,Passing new path to controller.,3
23july2.bag,2026-07-23T21:21:57.836+05:30,91.107,/plan,/plan,path_update,RECORDED,8.511002749317022,14.938942109669146,,22,0.5524,Recorded path update on /plan,3
23july2.bag,2026-07-23T21:21:57.893+05:30,91.163,controller_server,/rosout,planning,INFO,,,,,,Passing new path to controller.,3
23july2.bag,2026-07-23T21:21:58.865+05:30,92.135,/plan,/plan,path_update,RECORDED,8.511002749317022,14.938942109669146,,22,0.5524,Recorded path update on /plan,3
23july2.bag,2026-07-23T21:21:58.893+05:30,92.163,controller_server,/rosout,planning,INFO,,,,,,Passing new path to controller.,3
23july2.bag,2026-07-23T21:21:59.896+05:30,93.166,/plan,/plan,path_update,RECORDED,8.511002749317022,14.938942109669146,,22,0.5524,Recorded path update on /plan,3
23july2.bag,2026-07-23T21:21:59.944+05:30,93.214,controller_server,/rosout,planning,INFO,,,,,,Passing new path to controller.,3
23july2.bag,2026-07-23T21:22:00.924+05:30,94.195,/plan,/plan,path_update,RECORDED,8.511002749317022,14.938942109669146,,22,0.5524,Recorded path update on /plan,3
23july2.bag,2026-07-23T21:22:00.943+05:30,94.214,controller_server,/rosout,planning,INFO,,,,,,Passing new path to controller.,3
23july2.bag,2026-07-23T21:22:01.954+05:30,95.225,/plan,/plan,path_update,RECORDED,8.511002749317022,14.938942109669146,,22,0.5524,Recorded path update on /plan,3
23july2.bag,2026-07-23T21:22:01.993+05:30,95.263,controller_server,/rosout,planning,INFO,,,,,,Passing new path to controller.,3
23july2.bag,2026-07-23T21:22:02.985+05:30,96.255,/plan,/plan,path_update,RECORDED,8.511002749317022,14.938942109669146,,24,0.6009,Recorded path update on /plan,3
23july2.bag,2026-07-23T21:22:03.043+05:30,96.314,controller_server,/rosout,planning,INFO,,,,,,Passing new path to controller.,3
23july2.bag,2026-07-23T21:22:04.015+05:30,97.285,/plan,/plan,path_update,RECORDED,8.511002749317022,14.938942109669146,,22,0.5524,Recorded path update on /plan,3
23july2.bag,2026-07-23T21:22:04.043+05:30,97.314,controller_server,/rosout,planning,INFO,,,,,,Passing new path to controller.,3
23july2.bag,2026-07-23T21:22:05.045+05:30,98.315,/plan,/plan,path_update,RECORDED,8.511002749317022,14.938942109669146,,22,0.5524,Recorded path update on /plan,3
23july2.bag,2026-07-23T21:22:05.093+05:30,98.363,controller_server,/rosout,planning,INFO,,,,,,Passing new path to controller.,3
23july2.bag,2026-07-23T21:22:05.793+05:30,99.064,controller_server,/rosout,progress_checker,ERROR,,,,,,Failed to make progress,3
23july2.bag,2026-07-23T21:22:05.793+05:30,99.064,controller_server,/rosout,aborted,WARN,,,,,,[follow_path] [ActionServer] Aborting handle.,3
23july2.bag,2026-07-23T21:22:05.813+05:30,99.083,local_costmap.local_costmap,/rosout,costmap_clear,INFO,,,,,,Received request to clear entirely the local_costmap,3
23july2.bag,2026-07-23T21:22:05.814+05:30,99.084,controller_server,/rosout,goal_started,INFO,,,,,,"Received a goal, begin computing control effort.",3
23july2.bag,2026-07-23T21:22:05.864+05:30,99.135,controller_server,/rosout,controller,WARN,,,,,,Control loop missed its desired rate of 20.0000Hz,3
23july2.bag,2026-07-23T21:22:06.074+05:30,99.345,/plan,/plan,path_update,RECORDED,8.511002749317022,14.938942109669146,,22,0.5524,Recorded path update on /plan,3
23july2.bag,2026-07-23T21:22:06.114+05:30,99.384,controller_server,/rosout,planning,INFO,,,,,,Passing new path to controller.,3
23july2.bag,2026-07-23T21:22:07.105+05:30,100.375,/plan,/plan,path_update,RECORDED,8.511002749317022,14.938942109669146,,23,0.5668,Recorded path update on /plan,3
23july2.bag,2026-07-23T21:22:07.164+05:30,100.434,controller_server,/rosout,planning,INFO,,,,,,Passing new path to controller.,3
23july2.bag,2026-07-23T21:22:08.135+05:30,101.405,/plan,/plan,path_update,RECORDED,8.511002749317022,14.938942109669146,,24,0.6009,Recorded path update on /plan,3
23july2.bag,2026-07-23T21:22:08.164+05:30,101.434,controller_server,/rosout,planning,INFO,,,,,,Passing new path to controller.,3
23july2.bag,2026-07-23T21:22:09.156+05:30,102.426,/plan,/plan,path_update,RECORDED,8.511002749317022,14.938942109669146,,24,0.6009,Recorded path update on /plan,3
23july2.bag,2026-07-23T21:22:09.214+05:30,102.484,controller_server,/rosout,planning,INFO,,,,,,Passing new path to controller.,3
23july2.bag,2026-07-23T21:22:10.185+05:30,103.455,/plan,/plan,path_update,RECORDED,8.511002749317022,14.938942109669146,,22,0.5524,Recorded path update on /plan,3
23july2.bag,2026-07-23T21:22:10.214+05:30,103.484,controller_server,/rosout,planning,INFO,,,,,,Passing new path to controller.,3
23july2.bag,2026-07-23T21:22:11.207+05:30,104.477,/plan,/plan,path_update,RECORDED,8.511002749317022,14.938942109669146,,22,0.5524,Recorded path update on /plan,3
23july2.bag,2026-07-23T21:22:11.264+05:30,104.534,controller_server,/rosout,planning,INFO,,,,,,Passing new path to controller.,3
23july2.bag,2026-07-23T21:22:12.235+05:30,105.505,/plan,/plan,path_update,RECORDED,8.511002749317022,14.938942109669146,,22,0.5524,Recorded path update on /plan,3
23july2.bag,2026-07-23T21:22:12.264+05:30,105.534,controller_server,/rosout,planning,INFO,,,,,,Passing new path to controller.,3
23july2.bag,2026-07-23T21:22:13.255+05:30,106.526,/plan,/plan,path_update,RECORDED,8.511002749317022,14.938942109669146,,22,0.5524,Recorded path update on /plan,3
23july2.bag,2026-07-23T21:22:13.314+05:30,106.584,controller_server,/rosout,planning,INFO,,,,,,Passing new path to controller.,3
23july2.bag,2026-07-23T21:22:14.284+05:30,107.554,/plan,/plan,path_update,RECORDED,8.511002749317022,14.938942109669146,,22,0.5524,Recorded path update on /plan,3
23july2.bag,2026-07-23T21:22:14.314+05:30,107.584,controller_server,/rosout,planning,INFO,,,,,,Passing new path to controller.,3
23july2.bag,2026-07-23T21:22:15.315+05:30,108.585,/plan,/plan,path_update,RECORDED,8.511002749317022,14.938942109669146,,22,0.5524,Recorded path update on /plan,3
23july2.bag,2026-07-23T21:22:15.364+05:30,108.634,controller_server,/rosout,planning,INFO,,,,,,Passing new path to controller.,3
23july2.bag,2026-07-23T21:22:15.864+05:30,109.134,controller_server,/rosout,progress_checker,ERROR,,,,,,Failed to make progress,3
23july2.bag,2026-07-23T21:22:15.864+05:30,109.135,controller_server,/rosout,aborted,WARN,,,,,,[follow_path] [ActionServer] Aborting handle.,3
23july2.bag,2026-07-23T21:22:15.883+05:30,109.153,bt_navigator,/behavior_tree_log,recovery,RECORDED,,,,,,Behavior-tree recovery entered RUNNING: BackUp (IDLE -> RUNNING),3
23july2.bag,2026-07-23T21:22:15.883+05:30,109.153,behavior_server,/rosout,recovery,INFO,,,,,,Running backup,3
23july2.bag,2026-07-23T21:22:25.883+05:30,119.154,behavior_server,/rosout,nav2_state,WARN,,,,,,Exceeded time allowance before reaching the DriveOnHeading goal - Exiting DriveOnHeading,3
23july2.bag,2026-07-23T21:22:25.884+05:30,119.154,behavior_server,/rosout,recovery,WARN,,,,,,backup failed,3
23july2.bag,2026-07-23T21:22:25.884+05:30,119.154,behavior_server,/rosout,recovery,WARN,,,,,,[backup] [ActionServer] Aborting handle.,3
23july2.bag,2026-07-23T21:22:25.893+05:30,119.163,local_costmap.local_costmap,/rosout,costmap_clear,INFO,,,,,,Received request to clear entirely the local_costmap,3
23july2.bag,2026-07-23T21:22:25.893+05:30,119.163,global_costmap.global_costmap,/rosout,costmap_clear,INFO,,,,,,Received request to clear entirely the global_costmap,3
23july2.bag,2026-07-23T21:22:25.894+05:30,119.164,bt_navigator,/behavior_tree_log,recovery,RECORDED,,,,,,Behavior-tree recovery entered RUNNING: ClearingActions (IDLE -> RUNNING),3
23july2.bag,2026-07-23T21:22:26.098+05:30,119.368,/plan,/plan,path_update,RECORDED,8.511002749317022,14.938942109669146,,22,0.5524,Recorded path update on /plan,3
23july2.bag,2026-07-23T21:22:26.098+05:30,119.368,planner_server,/rosout,planning,WARN,,,,,,Planner loop missed its desired rate of 5.0000 Hz. Current loop rate is 4.8929 Hz,3
23july2.bag,2026-07-23T21:22:26.113+05:30,119.383,controller_server,/rosout,goal_started,INFO,,,,,,"Received a goal, begin computing control effort.",3
23july2.bag,2026-07-23T21:22:27.125+05:30,120.395,/plan,/plan,path_update,RECORDED,8.511002749317022,14.938942109669146,,22,0.5524,Recorded path update on /plan,3
23july2.bag,2026-07-23T21:22:27.163+05:30,120.433,controller_server,/rosout,planning,INFO,,,,,,Passing new path to controller.,3
23july2.bag,2026-07-23T21:22:28.154+05:30,121.424,/plan,/plan,path_update,RECORDED,8.511002749317022,14.938942109669146,,22,0.5524,Recorded path update on /plan,3
23july2.bag,2026-07-23T21:22:28.215+05:30,121.485,controller_server,/rosout,planning,INFO,,,,,,Passing new path to controller.,3
23july2.bag,2026-07-23T21:22:29.185+05:30,122.455,/plan,/plan,path_update,RECORDED,8.511002749317022,14.938942109669146,,22,0.5524,Recorded path update on /plan,3
23july2.bag,2026-07-23T21:22:29.213+05:30,122.483,controller_server,/rosout,planning,INFO,,,,,,Passing new path to controller.,3
23july2.bag,2026-07-23T21:22:30.215+05:30,123.485,/plan,/plan,path_update,RECORDED,8.511002749317022,14.938942109669146,,22,0.5524,Recorded path update on /plan,3
23july2.bag,2026-07-23T21:22:30.263+05:30,123.533,controller_server,/rosout,planning,INFO,,,,,,Passing new path to controller.,3
23july2.bag,2026-07-23T21:22:31.245+05:30,124.515,/plan,/plan,path_update,RECORDED,8.511002749317022,14.938942109669146,,22,0.5524,Recorded path update on /plan,3
23july2.bag,2026-07-23T21:22:31.263+05:30,124.533,controller_server,/rosout,planning,INFO,,,,,,Passing new path to controller.,3
23july2.bag,2026-07-23T21:22:32.275+05:30,125.545,/plan,/plan,path_update,RECORDED,8.511002749317022,14.938942109669146,,22,0.5524,Recorded path update on /plan,3
23july2.bag,2026-07-23T21:22:32.313+05:30,125.583,controller_server,/rosout,planning,INFO,,,,,,Passing new path to controller.,3
23july2.bag,2026-07-23T21:22:33.304+05:30,126.575,/plan,/plan,path_update,RECORDED,8.511002749317022,14.938942109669146,,22,0.5524,Recorded path update on /plan,3
23july2.bag,2026-07-23T21:22:33.363+05:30,126.633,controller_server,/rosout,planning,INFO,,,,,,Passing new path to controller.,3
23july2.bag,2026-07-23T21:22:34.327+05:30,127.597,/plan,/plan,path_update,RECORDED,8.511002749317022,14.938942109669146,,22,0.5413,Recorded path update on /plan,3
23july2.bag,2026-07-23T21:22:34.363+05:30,127.633,controller_server,/rosout,planning,INFO,,,,,,Passing new path to controller.,3
23july2.bag,2026-07-23T21:22:35.354+05:30,128.625,/plan,/plan,path_update,RECORDED,8.511002749317022,14.938942109669146,,22,0.5524,Recorded path update on /plan,3
23july2.bag,2026-07-23T21:22:35.413+05:30,128.683,controller_server,/rosout,planning,INFO,,,,,,Passing new path to controller.,3
23july2.bag,2026-07-23T21:22:36.113+05:30,129.383,controller_server,/rosout,progress_checker,ERROR,,,,,,Failed to make progress,3
23july2.bag,2026-07-23T21:22:36.113+05:30,129.384,controller_server,/rosout,aborted,WARN,,,,,,[follow_path] [ActionServer] Aborting handle.,3
23july2.bag,2026-07-23T21:22:36.133+05:30,129.403,local_costmap.local_costmap,/rosout,costmap_clear,INFO,,,,,,Received request to clear entirely the local_costmap,3
23july2.bag,2026-07-23T21:22:36.134+05:30,129.404,controller_server,/rosout,goal_started,INFO,,,,,,"Received a goal, begin computing control effort.",3
23july2.bag,2026-07-23T21:22:36.385+05:30,129.655,/plan,/plan,path_update,RECORDED,8.511002749317022,14.938942109669146,,22,0.5524,Recorded path update on /plan,3
23july2.bag,2026-07-23T21:22:36.434+05:30,129.704,controller_server,/rosout,planning,INFO,,,,,,Passing new path to controller.,3
23july2.bag,2026-07-23T21:22:37.414+05:30,130.685,/plan,/plan,path_update,RECORDED,8.511002749317022,14.938942109669146,,22,0.5524,Recorded path update on /plan,3
23july2.bag,2026-07-23T21:22:37.434+05:30,130.704,controller_server,/rosout,planning,INFO,,,,,,Passing new path to controller.,3
23july2.bag,2026-07-23T21:22:38.445+05:30,131.715,/plan,/plan,path_update,RECORDED,8.511002749317022,14.938942109669146,,22,0.5524,Recorded path update on /plan,3
23july2.bag,2026-07-23T21:22:38.484+05:30,131.754,controller_server,/rosout,planning,INFO,,,,,,Passing new path to controller.,3
23july2.bag,2026-07-23T21:22:39.287+05:30,132.557,controller_server,/rosout,tf,ERROR,,,,,,"Exception in transformPose: Lookup would require extrapolation into the future.  Requested time 1784821958.966787 but the latest data is at time 1784821958.914871, when looking up transform from frame [odom] to frame [map]",3
23july2.bag,2026-07-23T21:22:39.287+05:30,132.557,controller_server,/rosout,tf,WARN,,,,,,Unable to transform robot pose into global plan's frame,3
23july2.bag,2026-07-23T21:22:39.287+05:30,132.557,controller_server,/rosout,controller_patience,ERROR,,,,,,Controller patience exceeded,3
23july2.bag,2026-07-23T21:22:39.287+05:30,132.557,controller_server,/rosout,aborted,WARN,,,,,,[follow_path] [ActionServer] Aborting handle.,3
23july2.bag,2026-07-23T21:22:39.303+05:30,132.573,bt_navigator,/behavior_tree_log,recovery,RECORDED,,,,,,Behavior-tree recovery entered RUNNING: Spin (IDLE -> RUNNING),3
23july2.bag,2026-07-23T21:22:39.303+05:30,132.573,behavior_server,/rosout,recovery,INFO,,,,,,Running spin,3
23july2.bag,2026-07-23T21:22:39.303+05:30,132.573,behavior_server,/rosout,recovery,INFO,,,,,,Turning 1.57 for spin behavior.,3
23july2.bag,2026-07-23T21:22:42.765+05:30,136.035,bt_navigator,/rosout,nav2_state,WARN,,,,,,[navigate_to_pose] [ActionServer] Requested to deactivate server but goal is still executing. Should check if action server is running before deactivating.,3
23july2.bag,2026-07-23T21:22:42.793+05:30,136.063,bt_navigator_navigate_to_pose_rclcpp_node,/rosout,recovery,ERROR,,,,,,Failed to get result for spin in node halt!,3
23july2.bag,2026-07-23T21:22:42.793+05:30,136.064,bt_navigator,/rosout,aborted,WARN,,,,,,[navigate_to_pose] [ActionServer] Aborting handle.,3
23july2.bag,2026-07-23T21:22:42.794+05:30,136.064,bt_navigator,/rosout,cancellation,INFO,,,,,,Goal canceled,3
23july2.bag,2026-07-23T21:22:42.804+05:30,136.074,behavior_server,/rosout,cancellation,INFO,,,,,,Canceling spin,
23july2.bag,2026-07-23T21:22:42.804+05:30,136.074,behavior_server,/rosout,cancellation,INFO,,,,,,[spin] [ActionServer] Client requested to cancel the goal. Cancelling.,
23july2.bag,2026-07-23T21:22:42.892+05:30,136.162,target_explorer_node,/rosout,nav2_state,WARN,-3.24,7.59,,,,"Rejected frontier (-3.24, 7.59): endpoint clearance 0.04 m is below required 0.10 m.",
23july2.bag,2026-07-23T21:22:42.894+05:30,136.164,target_explorer_node,/rosout,nav2_state,WARN,1.81,3.19,,,,"Rejected frontier (1.81, 3.19): endpoint clearance 0.03 m is below required 0.10 m.",
23july2.bag,2026-07-23T21:22:42.896+05:30,136.166,target_explorer_node,/rosout,nav2_state,WARN,0.91,2.94,,,,"Rejected frontier (0.91, 2.94): endpoint clearance 0.04 m is below required 0.10 m.",
23july2.bag,2026-07-23T21:22:42.898+05:30,136.168,target_explorer_node,/rosout,nav2_state,WARN,0.31,8.79,,,,"Rejected frontier (0.31, 8.79): endpoint clearance 0.04 m is below required 0.10 m.",
23july2.bag,2026-07-23T21:22:42.899+05:30,136.169,target_explorer_node,/rosout,nav2_state,WARN,0.51,7.34,,,,"Rejected frontier (0.51, 7.34): endpoint clearance 0.04 m is below required 0.10 m.",
23july2.bag,2026-07-23T21:22:42.900+05:30,136.17,target_explorer_node,/rosout,nav2_state,WARN,0.46,7.49,,,,"Rejected frontier (0.46, 7.49): endpoint clearance 0.08 m is below required 0.10 m.",
23july2.bag,2026-07-23T21:22:42.901+05:30,136.171,target_explorer_node,/rosout,nav2_state,WARN,0.26,8.74,,,,"Rejected frontier (0.26, 8.74): endpoint clearance 0.08 m is below required 0.10 m.",
23july2.bag,2026-07-23T21:22:42.902+05:30,136.172,target_explorer_node,/rosout,nav2_state,WARN,0.61,9.14,,,,"Rejected frontier (0.61, 9.14): endpoint clearance 0.08 m is below required 0.10 m.",
23july2.bag,2026-07-23T21:22:42.904+05:30,136.174,target_explorer_node,/rosout,nav2_state,WARN,0.46,8.89,,,,"Rejected frontier (0.46, 8.89): endpoint clearance 0.08 m is below required 0.10 m.",
23july2.bag,2026-07-23T21:22:42.905+05:30,136.175,target_explorer_node,/rosout,nav2_state,WARN,2.01,8.14,,,,"Rejected frontier (2.01, 8.14): endpoint clearance 0.08 m is below required 0.10 m.",
23july2.bag,2026-07-23T21:22:42.906+05:30,136.176,target_explorer_node,/rosout,nav2_state,WARN,2.36,8.94,,,,"Rejected frontier (2.36, 8.94): endpoint clearance 0.03 m is below required 0.10 m.",
23july2.bag,2026-07-23T21:22:42.907+05:30,136.177,target_explorer_node,/rosout,nav2_state,WARN,2.06,8.29,,,,"Rejected frontier (2.06, 8.29): endpoint clearance 0.04 m is below required 0.10 m.",
23july2.bag,2026-07-23T21:22:42.908+05:30,136.178,target_explorer_node,/rosout,nav2_state,WARN,2.31,8.79,,,,"Rejected frontier (2.31, 8.79): endpoint clearance 0.04 m is below required 0.10 m.",
23july2.bag,2026-07-23T21:22:42.909+05:30,136.179,target_explorer_node,/rosout,nav2_state,WARN,2.31,8.49,,,,"Rejected frontier (2.31, 8.49): endpoint clearance 0.04 m is below required 0.10 m.",
23july2.bag,2026-07-23T21:22:42.910+05:30,136.18,target_explorer_node,/rosout,nav2_state,WARN,2.41,8.49,,,,"Rejected frontier (2.41, 8.49): endpoint clearance 0.04 m is below required 0.10 m.",
23july2.bag,2026-07-23T21:22:42.911+05:30,136.181,target_explorer_node,/rosout,nav2_state,WARN,2.51,8.59,,,,"Rejected frontier (2.51, 8.59): endpoint clearance 0.08 m is below required 0.10 m.",
23july2.bag,2026-07-23T21:22:42.912+05:30,136.182,target_explorer_node,/rosout,nav2_state,WARN,2.41,8.69,,,,"Rejected frontier (2.41, 8.69): endpoint clearance 0.08 m is below required 0.10 m.",
23july2.bag,2026-07-23T21:22:42.913+05:30,136.183,target_explorer_node,/rosout,nav2_state,WARN,2.56,8.69,,,,"Rejected frontier (2.56, 8.69): endpoint clearance 0.03 m is below required 0.10 m.",
23july2.bag,2026-07-23T21:22:42.914+05:30,136.184,target_explorer_node,/rosout,nav2_state,WARN,2.96,8.84,,,,"Rejected frontier (2.96, 8.84): endpoint clearance 0.03 m is below required 0.10 m.",
23july2.bag,2026-07-23T21:22:42.915+05:30,136.185,target_explorer_node,/rosout,nav2_state,WARN,9.61,10.64,,,,"Rejected frontier (9.61, 10.64): endpoint clearance 0.03 m is below required 0.10 m.",
23july2.bag,2026-07-23T21:22:42.916+05:30,136.186,target_explorer_node,/rosout,nav2_state,WARN,9.16,9.14,,,,"Rejected frontier (9.16, 9.14): endpoint clearance 0.03 m is below required 0.10 m.",
23july2.bag,2026-07-23T21:22:42.918+05:30,136.188,target_explorer_node,/rosout,nav2_state,WARN,9.91,12.59,,,,"Rejected frontier (9.91, 12.59): endpoint clearance 0.04 m is below required 0.10 m.",
23july2.bag,2026-07-23T21:22:42.919+05:30,136.189,target_explorer_node,/rosout,nav2_state,WARN,9.81,12.19,,,,"Rejected frontier (9.81, 12.19): endpoint clearance 0.08 m is below required 0.10 m.",
23july2.bag,2026-07-23T21:22:42.920+05:30,136.19,target_explorer_node,/rosout,nav2_state,WARN,9.76,12.29,,,,"Rejected frontier (9.76, 12.29): endpoint clearance 0.03 m is below required 0.10 m.",
23july2.bag,2026-07-23T21:22:42.921+05:30,136.191,target_explorer_node,/rosout,nav2_state,WARN,9.81,12.39,,,,"Rejected frontier (9.81, 12.39): endpoint clearance 0.08 m is below required 0.10 m.",
23july2.bag,2026-07-23T21:22:42.922+05:30,136.192,target_explorer_node,/rosout,nav2_state,WARN,9.71,13.14,,,,"Rejected frontier (9.71, 13.14): endpoint clearance 0.03 m is below required 0.10 m.",
23july2.bag,2026-07-23T21:22:42.923+05:30,136.193,target_explorer_node,/rosout,nav2_state,WARN,9.76,12.64,,,,"Rejected frontier (9.76, 12.64): endpoint clearance 0.04 m is below required 0.10 m.",
23july2.bag,2026-07-23T21:22:42.924+05:30,136.194,target_explorer_node,/rosout,nav2_state,WARN,9.81,12.69,,,,"Rejected frontier (9.81, 12.69): endpoint clearance 0.08 m is below required 0.10 m.",
23july2.bag,2026-07-23T21:22:42.926+05:30,136.196,target_explorer_node,/rosout,nav2_state,WARN,9.56,13.14,,,,"Rejected frontier (9.56, 13.14): endpoint clearance 0.04 m is below required 0.10 m.",
23july2.bag,2026-07-23T21:22:42.927+05:30,136.197,target_explorer_node,/rosout,nav2_state,WARN,9.46,13.24,,,,"Rejected frontier (9.46, 13.24): endpoint clearance 0.03 m is below required 0.10 m.",
23july2.bag,2026-07-23T21:22:42.927+05:30,136.198,target_explorer_node,/rosout,nav2_state,WARN,9.51,13.29,,,,"Rejected frontier (9.51, 13.29): endpoint clearance 0.08 m is below required 0.10 m.",
23july2.bag,2026-07-23T21:22:42.928+05:30,136.199,target_explorer_node,/rosout,nav2_state,WARN,9.56,13.44,,,,"Rejected frontier (9.56, 13.44): endpoint clearance 0.08 m is below required 0.10 m.",
23july2.bag,2026-07-23T21:22:42.929+05:30,136.199,target_explorer_node,/rosout,nav2_state,WARN,9.61,13.49,,,,"Rejected frontier (9.61, 13.49): endpoint clearance 0.08 m is below required 0.10 m.",
23july2.bag,2026-07-23T21:22:42.930+05:30,136.2,target_explorer_node,/rosout,nav2_state,WARN,9.51,13.64,,,,"Rejected frontier (9.51, 13.64): endpoint clearance 0.03 m is below required 0.10 m.",
23july2.bag,2026-07-23T21:22:42.932+05:30,136.202,target_explorer_node,/rosout,nav2_state,WARN,9.36,14.64,,,,"Rejected frontier (9.36, 14.64): endpoint clearance 0.03 m is below required 0.10 m.",
23july2.bag,2026-07-23T21:22:42.933+05:30,136.203,target_explorer_node,/rosout,nav2_state,WARN,9.61,14.84,,,,"Rejected frontier (9.61, 14.84): endpoint clearance 0.03 m is below required 0.10 m.",
23july2.bag,2026-07-23T21:22:42.934+05:30,136.204,target_explorer_node,/rosout,nav2_state,WARN,9.56,14.89,,,,"Rejected frontier (9.56, 14.89): endpoint clearance 0.03 m is below required 0.10 m.",
23july2.bag,2026-07-23T21:22:42.935+05:30,136.205,target_explorer_node,/rosout,nav2_state,WARN,9.86,15.24,,,,"Rejected frontier (9.86, 15.24): endpoint clearance 0.04 m is below required 0.10 m.",
23july2.bag,2026-07-23T21:22:42.936+05:30,136.206,target_explorer_node,/rosout,nav2_state,WARN,10.11,15.34,,,,"Rejected frontier (10.11, 15.34): endpoint clearance 0.03 m is below required 0.10 m.",
23july2.bag,2026-07-23T21:22:42.938+05:30,136.208,target_explorer_node,/rosout,nav2_state,WARN,9.71,15.59,,,,"Rejected frontier (9.71, 15.59): endpoint clearance 0.04 m is below required 0.10 m.",
23july2.bag,2026-07-23T21:22:42.939+05:30,136.21,target_explorer_node,/rosout,nav2_state,WARN,9.66,15.69,,,,"Rejected frontier (9.66, 15.69): endpoint clearance 0.03 m is below required 0.10 m.",
23july2.bag,2026-07-23T21:22:42.940+05:30,136.21,target_explorer_node,/rosout,nav2_state,WARN,8.36,16.34,,,,"Rejected frontier (8.36, 16.34): endpoint clearance 0.03 m is below required 0.10 m.",
23july2.bag,2026-07-23T21:22:42.941+05:30,136.211,target_explorer_node,/rosout,nav2_state,WARN,8.46,16.99,,,,"Rejected frontier (8.46, 16.99): endpoint clearance 0.04 m is below required 0.10 m.",
23july2.bag,2026-07-23T21:22:42.942+05:30,136.212,target_explorer_node,/rosout,nav2_state,WARN,8.41,17.09,,,,"Rejected frontier (8.41, 17.09): endpoint clearance 0.03 m is below required 0.10 m.",
23july2.bag,2026-07-23T21:22:42.943+05:30,136.213,target_explorer_node,/rosout,nav2_state,WARN,8.41,17.19,,,,"Rejected frontier (8.41, 17.19): endpoint clearance 0.04 m is below required 0.10 m.",
23july3.bag,2026-07-23T21:24:49.914+05:30,2.887,target_explorer_node,/rosout,tf,WARN,,,,,,"Cannot look up robot pose map -> base_footprint: Lookup would require extrapolation at time 1784822089.582011, but only time 1784822089.668450 is in the buffer, when looking up transform from frame [base_footprint] to frame [map].",
23july3.bag,2026-07-23T21:24:50.270+05:30,3.243,target_explorer_node,/rosout,obstacle_or_costmap,INFO,,,,,,Received /global_costmap/costmap: 400x357 cells at 0.050 m/cell,
23july3.bag,2026-07-23T21:24:51.013+05:30,3.986,planner_server,/rosout,planning,WARN,,,,,,No planners specified in action call. Server will use only plugin GridBased  in server. This warning will appear once.,
23july3.bag,2026-07-23T21:24:51.014+05:30,3.987,/plan,/plan,path_update,RECORDED,-0.020384783089761882,0.870227845678216,,31,0.8354,Recorded path update on /plan,
23july3.bag,2026-07-23T21:24:51.017+05:30,3.99,target_explorer_node,/rosout,planning,INFO,0.03,0.92,,,,"Sending NavigateToPose goal (0.03, 0.92): progress=0.86 m alignment=1.000 path=0.84 m score=1.779.",1
23july3.bag,2026-07-23T21:24:51.018+05:30,3.991,target_explorer_node,/rosout,nav2_state,INFO,0.03,0.92,,,,"Nav2 accepted goal (0.03, 0.92).",1
23july3.bag,2026-07-23T21:24:51.019+05:30,3.992,/plan,/plan,path_update,RECORDED,-0.020384783089761882,0.870227845678216,,31,0.8354,Recorded path update on /plan,1
23july3.bag,2026-07-23T21:24:51.038+05:30,4.011,controller_server,/rosout,goal_started,INFO,,,,,,"Received a goal, begin computing control effort.",1
23july3.bag,2026-07-23T21:24:51.038+05:30,4.011,controller_server,/rosout,nav2_state,WARN,,,,,,No goal checker was specified in parameter 'current_goal_checker'. Server will use only plugin loaded general_goal_checker . This warning will appear once.,1
23july3.bag,2026-07-23T21:24:52.050+05:30,5.023,/plan,/plan,path_update,RECORDED,-0.020384783089761882,0.870227845678216,,31,0.8354,Recorded path update on /plan,1
23july3.bag,2026-07-23T21:24:52.088+05:30,5.061,controller_server,/rosout,planning,INFO,,,,,,Passing new path to controller.,1
23july3.bag,2026-07-23T21:24:53.079+05:30,6.052,/plan,/plan,path_update,RECORDED,-0.020384783089761882,0.870227845678216,,31,0.8582,Recorded path update on /plan,1
23july3.bag,2026-07-23T21:24:53.138+05:30,6.111,controller_server,/rosout,planning,INFO,,,,,,Passing new path to controller.,1
23july3.bag,2026-07-23T21:24:54.109+05:30,7.082,/plan,/plan,path_update,RECORDED,-0.020384783089761882,0.870227845678216,,21,0.5854,Recorded path update on /plan,1
23july3.bag,2026-07-23T21:24:54.139+05:30,7.112,controller_server,/rosout,planning,INFO,,,,,,Passing new path to controller.,1
23july3.bag,2026-07-23T21:24:54.181+05:30,7.154,global_costmap.global_costmap,/rosout,costmap_resize,INFO,,,,,,StaticLayer: Resizing costmap to 403 X 357 at 0.050000 m/pix,1
23july3.bag,2026-07-23T21:24:54.538+05:30,7.512,controller_server,/rosout,nav2_state,INFO,,,,,,Reached the goal!,1
23july3.bag,2026-07-23T21:24:54.578+05:30,7.551,bt_navigator,/rosout,goal_succeeded,INFO,,,,,,Goal succeeded,1
23july3.bag,2026-07-23T21:24:54.579+05:30,7.552,target_explorer_node,/rosout,goal_succeeded,INFO,0.03,0.92,,,,"NavigateToPose succeeded for (0.03, 0.92).",
23july3.bag,2026-07-23T21:24:54.613+05:30,7.586,global_costmap.global_costmap,/rosout,costmap_resize,INFO,,,,,,StaticLayer: Resizing costmap to 412 X 416 at 0.050000 m/pix,
23july3.bag,2026-07-23T21:24:54.620+05:30,7.593,/plan,/plan,path_update,RECORDED,0.029615217655296178,4.770227903792745,,132,4.1268,Recorded path update on /plan,
23july3.bag,2026-07-23T21:24:54.628+05:30,7.602,/plan,/plan,path_update,RECORDED,0.02961521020471558,4.1202278866564095,,119,3.4768,Recorded path update on /plan,
23july3.bag,2026-07-23T21:24:54.636+05:30,7.609,target_explorer_node,/rosout,planning,INFO,0.08,4.77,,,,"Sending NavigateToPose goal (0.08, 4.77): progress=4.10 m alignment=1.000 path=4.13 m score=4.684.",2
23july3.bag,2026-07-23T21:24:54.637+05:30,7.611,target_explorer_node,/rosout,nav2_state,INFO,0.08,4.77,,,,"Nav2 accepted goal (0.08, 4.77).",2
23july3.bag,2026-07-23T21:24:54.638+05:30,7.611,/plan,/plan,path_update,RECORDED,0.029615217655296178,4.770227903792745,,132,4.1268,Recorded path update on /plan,2
23july3.bag,2026-07-23T21:24:54.657+05:30,7.63,controller_server,/rosout,goal_started,INFO,,,,,,"Received a goal, begin computing control effort.",2
23july3.bag,2026-07-23T21:24:55.409+05:30,8.382,controller_server,/rosout,controller,WARN,,,,,,Control loop missed its desired rate of 20.0000Hz,2
23july3.bag,2026-07-23T21:24:55.482+05:30,8.455,global_costmap.global_costmap,/rosout,costmap_resize,INFO,,,,,,StaticLayer: Resizing costmap to 475 X 580 at 0.050000 m/pix,2
23july3.bag,2026-07-23T21:24:55.670+05:30,8.643,/plan,/plan,path_update,RECORDED,0.07961521094977364,4.770227896342164,,136,3.3882,Recorded path update on /plan,2
23july3.bag,2026-07-23T21:24:55.707+05:30,8.68,controller_server,/rosout,planning,INFO,,,,,,Passing new path to controller.,2
23july3.bag,2026-07-23T21:24:56.698+05:30,9.671,/plan,/plan,path_update,RECORDED,0.07961521094977364,4.770227896342164,,108,2.6886,Recorded path update on /plan,2
23july3.bag,2026-07-23T21:24:56.757+05:30,9.73,controller_server,/rosout,planning,INFO,,,,,,Passing new path to controller.,2
23july3.bag,2026-07-23T21:24:57.657+05:30,10.63,global_costmap.global_costmap,/rosout,costmap_resize,INFO,,,,,,StaticLayer: Resizing costmap to 478 X 580 at 0.050000 m/pix,2
23july3.bag,2026-07-23T21:24:57.728+05:30,10.701,/plan,/plan,path_update,RECORDED,0.07961521094977364,4.770227896342164,,80,1.9924,Recorded path update on /plan,2
23july3.bag,2026-07-23T21:24:57.757+05:30,10.731,controller_server,/rosout,planning,INFO,,,,,,Passing new path to controller.,2
23july3.bag,2026-07-23T21:24:58.759+05:30,11.733,/plan,/plan,path_update,RECORDED,0.07961521094977364,4.770227896342164,,52,1.2932,Recorded path update on /plan,2
23july3.bag,2026-07-23T21:24:58.807+05:30,11.78,controller_server,/rosout,planning,INFO,,,,,,Passing new path to controller.,2
23july3.bag,2026-07-23T21:24:59.619+05:30,12.592,controller_server,/rosout,controller,WARN,,,,,,Control loop missed its desired rate of 20.0000Hz,2
23july3.bag,2026-07-23T21:24:59.789+05:30,12.762,/plan,/plan,path_update,RECORDED,0.07961521094977364,4.770227896342164,,24,0.5964,Recorded path update on /plan,2
23july3.bag,2026-07-23T21:24:59.807+05:30,12.78,controller_server,/rosout,planning,INFO,,,,,,Passing new path to controller.,2
23july3.bag,2026-07-23T21:25:00.308+05:30,13.281,controller_server,/rosout,nav2_state,INFO,,,,,,Reached the goal!,2
23july3.bag,2026-07-23T21:25:00.347+05:30,13.32,bt_navigator,/rosout,goal_succeeded,INFO,,,,,,Goal succeeded,2
23july3.bag,2026-07-23T21:25:00.348+05:30,13.321,target_explorer_node,/rosout,goal_succeeded,INFO,0.08,4.77,,,,"NavigateToPose succeeded for (0.08, 4.77).",
23july3.bag,2026-07-23T21:25:00.439+05:30,13.412,target_explorer_node,/rosout,nav2_state,WARN,3.82,11.72,,,,"Rejected frontier (3.82, 11.72): endpoint clearance 0.03 m is below required 0.10 m.",
23july3.bag,2026-07-23T21:25:00.440+05:30,13.413,target_explorer_node,/rosout,nav2_state,WARN,3.87,11.77,,,,"Rejected frontier (3.87, 11.77): endpoint clearance 0.08 m is below required 0.10 m.",
23july3.bag,2026-07-23T21:25:00.440+05:30,13.414,target_explorer_node,/rosout,nav2_state,WARN,4.12,11.22,,,,"Rejected frontier (4.12, 11.22): endpoint clearance 0.04 m is below required 0.10 m.",
23july3.bag,2026-07-23T21:25:00.441+05:30,13.414,target_explorer_node,/rosout,nav2_state,WARN,4.12,12.17,,,,"Rejected frontier (4.12, 12.17): endpoint clearance 0.03 m is below required 0.10 m.",
23july3.bag,2026-07-23T21:25:00.442+05:30,13.415,target_explorer_node,/rosout,nav2_state,WARN,3.97,11.87,,,,"Rejected frontier (3.97, 11.87): endpoint clearance 0.04 m is below required 0.10 m.",
23july3.bag,2026-07-23T21:25:00.442+05:30,13.416,target_explorer_node,/rosout,nav2_state,WARN,4.02,11.97,,,,"Rejected frontier (4.02, 11.97): endpoint clearance 0.08 m is below required 0.10 m.",
23july3.bag,2026-07-23T21:25:00.443+05:30,13.416,target_explorer_node,/rosout,nav2_state,WARN,4.17,12.12,,,,"Rejected frontier (4.17, 12.12): endpoint clearance 0.08 m is below required 0.10 m.",
23july3.bag,2026-07-23T21:25:00.445+05:30,13.418,target_explorer_node,/rosout,nav2_state,WARN,9.22,16.67,,,,"Rejected frontier (9.22, 16.67): endpoint clearance 0.08 m is below required 0.10 m.",
23july3.bag,2026-07-23T21:25:00.446+05:30,13.419,target_explorer_node,/rosout,nav2_state,WARN,9.42,17.57,,,,"Rejected frontier (9.42, 17.57): endpoint clearance 0.04 m is below required 0.10 m.",
23july3.bag,2026-07-23T21:25:00.452+05:30,13.425,planner_server,/rosout,planning_failure,WARN,,,,,,GridBased: failed to create plan with tolerance 0.50.,
23july3.bag,2026-07-23T21:25:00.452+05:30,13.425,planner_server,/rosout,planning_failure,WARN,0.0,27.0,,,,"Planning algorithm  failed to generate a valid path to (0.00, 27.00)",
23july3.bag,2026-07-23T21:25:00.452+05:30,13.425,planner_server,/rosout,aborted,WARN,,,,,,[compute_path_to_pose] [ActionServer] Aborting handle.,
23july3.bag,2026-07-23T21:25:00.455+05:30,13.428,planner_server,/rosout,planning_failure,WARN,,,,,,GridBased: failed to create plan with tolerance 0.50.,
23july3.bag,2026-07-23T21:25:00.455+05:30,13.428,planner_server,/rosout,planning_failure,WARN,8.82,18.12,,,,"Planning algorithm  failed to generate a valid path to (8.82, 18.12)",
23july3.bag,2026-07-23T21:25:00.455+05:30,13.428,planner_server,/rosout,aborted,WARN,,,,,,[compute_path_to_pose] [ActionServer] Aborting handle.,
23july3.bag,2026-07-23T21:25:00.457+05:30,13.43,/plan,/plan,path_update,RECORDED,8.372397548847534,17.47022809303749,,499,15.7997,Recorded path update on /plan,
23july3.bag,2026-07-23T21:25:00.489+05:30,13.463,planner_server,/rosout,planning_failure,WARN,,,,,,GridBased: failed to create plan with tolerance 0.50.,
23july3.bag,2026-07-23T21:25:00.490+05:30,13.463,planner_server,/rosout,planning_failure,WARN,9.07,18.07,,,,"Planning algorithm  failed to generate a valid path to (9.07, 18.07)",
23july3.bag,2026-07-23T21:25:00.490+05:30,13.463,planner_server,/rosout,aborted,WARN,,,,,,[compute_path_to_pose] [ActionServer] Aborting handle.,
23july3.bag,2026-07-23T21:25:00.492+05:30,13.465,/plan,/plan,path_update,RECORDED,8.172397545867302,17.070228087077027,,491,15.3169,Recorded path update on /plan,
23july3.bag,2026-07-23T21:25:00.511+05:30,13.484,planner_server,/rosout,planning_failure,WARN,,,,,,GridBased: failed to create plan with tolerance 0.50.,
23july3.bag,2026-07-23T21:25:00.511+05:30,13.484,planner_server,/rosout,planning_failure,WARN,9.22,17.52,,,,"Planning algorithm  failed to generate a valid path to (9.22, 17.52)",
23july3.bag,2026-07-23T21:25:00.511+05:30,13.484,planner_server,/rosout,aborted,WARN,,,,,,[compute_path_to_pose] [ActionServer] Aborting handle.,
23july3.bag,2026-07-23T21:25:00.513+05:30,13.486,planner_server,/rosout,planning_failure,WARN,,,,,,GridBased: failed to create plan with tolerance 0.50.,
23july3.bag,2026-07-23T21:25:00.513+05:30,13.486,planner_server,/rosout,planning_failure,WARN,9.12,17.17,,,,"Planning algorithm  failed to generate a valid path to (9.12, 17.17)",
23july3.bag,2026-07-23T21:25:00.513+05:30,13.487,planner_server,/rosout,aborted,WARN,,,,,,[compute_path_to_pose] [ActionServer] Aborting handle.,
23july3.bag,2026-07-23T21:25:00.517+05:30,13.49,/plan,/plan,path_update,RECORDED,8.272397547357418,16.670228081116562,,530,14.8069,Recorded path update on /plan,
23july3.bag,2026-07-23T21:25:00.539+05:30,13.512,/plan,/plan,path_update,RECORDED,8.422397549592592,15.920228069940691,,507,14.3503,Recorded path update on /plan,
23july3.bag,2026-07-23T21:25:00.558+05:30,13.531,/plan,/plan,path_update,RECORDED,8.022397536181547,15.42022805503953,,500,13.5719,Recorded path update on /plan,
23july3.bag,2026-07-23T21:25:00.576+05:30,13.549,/plan,/plan,path_update,RECORDED,8.672397553317882,15.820228068450575,,502,14.1995,Recorded path update on /plan,
23july3.bag,2026-07-23T21:25:00.595+05:30,13.568,/plan,/plan,path_update,RECORDED,8.022397543632128,14.570228049824124,,469,12.7574,Recorded path update on /plan,
23july3.bag,2026-07-23T21:25:00.615+05:30,13.588,planner_server,/rosout,planning_failure,WARN,,,,,,GridBased: failed to create plan with tolerance 0.50.,
23july3.bag,2026-07-23T21:25:00.615+05:30,13.588,planner_server,/rosout,planning_failure,WARN,4.17,12.07,,,,"Planning algorithm  failed to generate a valid path to (4.17, 12.07)",
23july3.bag,2026-07-23T21:25:00.615+05:30,13.588,planner_server,/rosout,aborted,WARN,,,,,,[compute_path_to_pose] [ActionServer] Aborting handle.,
23july3.bag,2026-07-23T21:25:00.618+05:30,13.591,planner_server,/rosout,planning_failure,WARN,,,,,,GridBased: failed to create plan with tolerance 0.50.,
23july3.bag,2026-07-23T21:25:00.618+05:30,13.591,planner_server,/rosout,planning_failure,WARN,3.97,11.62,,,,"Planning algorithm  failed to generate a valid path to (3.97, 11.62)",
23july3.bag,2026-07-23T21:25:00.618+05:30,13.591,planner_server,/rosout,aborted,WARN,,,,,,[compute_path_to_pose] [ActionServer] Aborting handle.,
23july3.bag,2026-07-23T21:25:00.621+05:30,13.594,planner_server,/rosout,planning_failure,WARN,,,,,,GridBased: failed to create plan with tolerance 0.50.,
23july3.bag,2026-07-23T21:25:00.621+05:30,13.594,planner_server,/rosout,planning_failure,WARN,-5.48,11.62,,,,"Planning algorithm  failed to generate a valid path to (-5.48, 11.62)",
23july3.bag,2026-07-23T21:25:00.621+05:30,13.594,planner_server,/rosout,aborted,WARN,,,,,,[compute_path_to_pose] [ActionServer] Aborting handle.,
23july3.bag,2026-07-23T21:25:00.624+05:30,13.597,planner_server,/rosout,planning_failure,WARN,,,,,,GridBased: failed to create plan with tolerance 0.50.,
23july3.bag,2026-07-23T21:25:00.624+05:30,13.598,planner_server,/rosout,planning_failure,WARN,-4.58,10.82,,,,"Planning algorithm  failed to generate a valid path to (-4.58, 10.82)",
23july3.bag,2026-07-23T21:25:00.624+05:30,13.598,planner_server,/rosout,aborted,WARN,,,,,,[compute_path_to_pose] [ActionServer] Aborting handle.,
23july3.bag,2026-07-23T21:25:00.626+05:30,13.599,target_explorer_node,/rosout,planning,INFO,8.47,17.62,,,,"Sending NavigateToPose goal (8.47, 17.62): progress=9.75 m alignment=0.838 path=15.80 m score=9.008.",3
23july3.bag,2026-07-23T21:25:00.629+05:30,13.602,target_explorer_node,/rosout,nav2_state,INFO,8.47,17.62,,,,"Nav2 accepted goal (8.47, 17.62).",3
23july3.bag,2026-07-23T21:25:00.630+05:30,13.603,/plan,/plan,path_update,RECORDED,8.372397548847534,17.47022809303749,,496,15.7211,Recorded path update on /plan,3
23july3.bag,2026-07-23T21:25:00.648+05:30,13.621,controller_server,/rosout,goal_started,INFO,,,,,,"Received a goal, begin computing control effort.",3
23july3.bag,2026-07-23T21:25:00.700+05:30,13.673,global_costmap.global_costmap,/rosout,costmap_resize,INFO,,,,,,StaticLayer: Resizing costmap to 561 X 693 at 0.050000 m/pix,3
23july3.bag,2026-07-23T21:25:01.661+05:30,14.635,/plan,/plan,path_update,RECORDED,8.272397547357418,17.620228095272665,,531,15.3853,Recorded path update on /plan,3
23july3.bag,2026-07-23T21:25:01.699+05:30,14.672,controller_server,/rosout,planning,INFO,,,,,,Passing new path to controller.,3
23july3.bag,2026-07-23T21:25:02.692+05:30,15.665,/plan,/plan,path_update,RECORDED,8.272397547357418,17.620228095272665,,506,14.7505,Recorded path update on /plan,3
23july3.bag,2026-07-23T21:25:02.748+05:30,15.721,controller_server,/rosout,planning,INFO,,,,,,Passing new path to controller.,3
23july3.bag,2026-07-23T21:25:02.873+05:30,15.847,global_costmap.global_costmap,/rosout,costmap_resize,INFO,,,,,,StaticLayer: Resizing costmap to 626 X 693 at 0.050000 m/pix,3
23july3.bag,2026-07-23T21:25:03.722+05:30,16.695,/plan,/plan,path_update,RECORDED,8.272397547357418,17.620228095272665,,477,14.0338,Recorded path update on /plan,3
23july3.bag,2026-07-23T21:25:03.748+05:30,16.721,controller_server,/rosout,planning,INFO,,,,,,Passing new path to controller.,3
23july3.bag,2026-07-23T21:25:04.178+05:30,17.151,global_costmap.global_costmap,/rosout,costmap_resize,INFO,,,,,,StaticLayer: Resizing costmap to 632 X 693 at 0.050000 m/pix,3
23july3.bag,2026-07-23T21:25:04.613+05:30,17.586,global_costmap.global_costmap,/rosout,costmap_resize,INFO,,,,,,StaticLayer: Resizing costmap to 633 X 693 at 0.050000 m/pix,3
23july3.bag,2026-07-23T21:25:04.752+05:30,17.725,/plan,/plan,path_update,RECORDED,8.272397547357418,17.620228095272665,,461,13.189,Recorded path update on /plan,3
23july3.bag,2026-07-23T21:25:04.798+05:30,17.771,controller_server,/rosout,planning,INFO,,,,,,Passing new path to controller.,3
23july3.bag,2026-07-23T21:25:05.782+05:30,18.755,/plan,/plan,path_update,RECORDED,8.272397547357418,17.620228095272665,,441,12.4193,Recorded path update on /plan,3
23july3.bag,2026-07-23T21:25:05.798+05:30,18.771,controller_server,/rosout,planning,INFO,,,,,,Passing new path to controller.,3
23july3.bag,2026-07-23T21:25:06.812+05:30,19.785,/plan,/plan,path_update,RECORDED,8.322397548102476,17.620228095272665,,430,11.6632,Recorded path update on /plan,3
23july3.bag,2026-07-23T21:25:06.848+05:30,19.821,controller_server,/rosout,planning,INFO,,,,,,Passing new path to controller.,3
23july3.bag,2026-07-23T21:25:07.843+05:30,20.816,/plan,/plan,path_update,RECORDED,8.322397548102476,17.620228095272665,,401,10.967,Recorded path update on /plan,3
23july3.bag,2026-07-23T21:25:07.898+05:30,20.871,controller_server,/rosout,planning,INFO,,,,,,Passing new path to controller.,3
23july3.bag,2026-07-23T21:25:08.864+05:30,21.837,/plan,/plan,path_update,RECORDED,8.322397548102476,17.620228095272665,,379,10.2358,Recorded path update on /plan,3
23july3.bag,2026-07-23T21:25:08.898+05:30,21.871,controller_server,/rosout,planning,INFO,,,,,,Passing new path to controller.,3
23july3.bag,2026-07-23T21:25:09.399+05:30,22.372,global_costmap.global_costmap,/rosout,costmap_resize,INFO,,,,,,StaticLayer: Resizing costmap to 643 X 693 at 0.050000 m/pix,3
23july3.bag,2026-07-23T21:25:09.893+05:30,22.866,/plan,/plan,path_update,RECORDED,8.272397547357418,17.620228095272665,,376,9.4105,Recorded path update on /plan,3
23july3.bag,2026-07-23T21:25:09.948+05:30,22.921,controller_server,/rosout,planning,INFO,,,,,,Passing new path to controller.,3
23july3.bag,2026-07-23T21:25:10.924+05:30,23.897,/plan,/plan,path_update,RECORDED,8.372397548847534,17.52022809378255,,349,8.736,Recorded path update on /plan,3
23july3.bag,2026-07-23T21:25:10.948+05:30,23.921,controller_server,/rosout,planning,INFO,,,,,,Passing new path to controller.,3
23july3.bag,2026-07-23T21:25:11.953+05:30,24.926,/plan,/plan,path_update,RECORDED,8.272397547357418,17.620228095272665,,322,8.0564,Recorded path update on /plan,3
23july3.bag,2026-07-23T21:25:11.999+05:30,24.972,controller_server,/rosout,planning,INFO,,,,,,Passing new path to controller.,3
23july3.bag,2026-07-23T21:25:12.983+05:30,25.956,/plan,/plan,path_update,RECORDED,8.322397548102476,17.620228095272665,,297,7.4285,Recorded path update on /plan,3
23july3.bag,2026-07-23T21:25:12.998+05:30,25.971,controller_server,/rosout,planning,INFO,,,,,,Passing new path to controller.,3
23july3.bag,2026-07-23T21:25:14.013+05:30,26.986,/plan,/plan,path_update,RECORDED,8.322397548102476,17.620228095272665,,268,6.6914,Recorded path update on /plan,3
23july3.bag,2026-07-23T21:25:14.048+05:30,27.021,controller_server,/rosout,planning,INFO,,,,,,Passing new path to controller.,3
23july3.bag,2026-07-23T21:25:15.042+05:30,28.015,/plan,/plan,path_update,RECORDED,8.322397548102476,17.620228095272665,,241,6.0204,Recorded path update on /plan,3
23july3.bag,2026-07-23T21:25:15.098+05:30,28.071,controller_server,/rosout,planning,INFO,,,,,,Passing new path to controller.,3
23july3.bag,2026-07-23T21:25:16.074+05:30,29.047,/plan,/plan,path_update,RECORDED,8.322397548102476,17.620228095272665,,214,5.3525,Recorded path update on /plan,3
23july3.bag,2026-07-23T21:25:16.098+05:30,29.071,controller_server,/rosout,planning,INFO,,,,,,Passing new path to controller.,3
23july3.bag,2026-07-23T21:25:17.103+05:30,30.076,/plan,/plan,path_update,RECORDED,8.322397548102476,17.620228095272665,,186,4.6593,Recorded path update on /plan,3
23july3.bag,2026-07-23T21:25:17.148+05:30,30.121,controller_server,/rosout,planning,INFO,,,,,,Passing new path to controller.,3
23july3.bag,2026-07-23T21:25:18.133+05:30,31.106,/plan,/plan,path_update,RECORDED,8.272397547357418,17.620228095272665,,160,3.9868,Recorded path update on /plan,3
23july3.bag,2026-07-23T21:25:18.148+05:30,31.121,controller_server,/rosout,planning,INFO,,,,,,Passing new path to controller.,3
23july3.bag,2026-07-23T21:25:19.163+05:30,32.136,/plan,/plan,path_update,RECORDED,8.272397547357418,17.620228095272665,,132,3.2934,Recorded path update on /plan,3
23july3.bag,2026-07-23T21:25:19.198+05:30,32.171,controller_server,/rosout,planning,INFO,,,,,,Passing new path to controller.,3
23july3.bag,2026-07-23T21:25:20.193+05:30,33.166,/plan,/plan,path_update,RECORDED,8.272397547357418,17.620228095272665,,105,2.6216,Recorded path update on /plan,3
23july3.bag,2026-07-23T21:25:20.248+05:30,33.221,controller_server,/rosout,planning,INFO,,,,,,Passing new path to controller.,3
23july3.bag,2026-07-23T21:25:20.265+05:30,33.238,global_costmap.global_costmap,/rosout,costmap_resize,INFO,,,,,,StaticLayer: Resizing costmap to 666 X 693 at 0.050000 m/pix,3
23july3.bag,2026-07-23T21:25:21.223+05:30,34.196,/plan,/plan,path_update,RECORDED,8.272397547357418,17.620228095272665,,78,1.9519,Recorded path update on /plan,3
23july3.bag,2026-07-23T21:25:21.249+05:30,34.222,controller_server,/rosout,planning,INFO,,,,,,Passing new path to controller.,3
23july3.bag,2026-07-23T21:25:22.254+05:30,35.227,/plan,/plan,path_update,RECORDED,8.322397548102476,17.52022809378255,,47,1.1736,Recorded path update on /plan,3
23july3.bag,2026-07-23T21:25:22.298+05:30,35.271,controller_server,/rosout,planning,INFO,,,,,,Passing new path to controller.,3
23july3.bag,2026-07-23T21:25:23.283+05:30,36.256,/plan,/plan,path_update,RECORDED,8.322397548102476,17.52022809378255,,18,0.462,Recorded path update on /plan,3
23july3.bag,2026-07-23T21:25:23.298+05:30,36.271,controller_server,/rosout,planning,INFO,,,,,,Passing new path to controller.,3
23july3.bag,2026-07-23T21:25:23.849+05:30,36.822,controller_server,/rosout,nav2_state,INFO,,,,,,Reached the goal!,3
23july3.bag,2026-07-23T21:25:23.887+05:30,36.861,bt_navigator,/rosout,goal_succeeded,INFO,,,,,,Goal succeeded,3
23july3.bag,2026-07-23T21:25:23.888+05:30,36.861,target_explorer_node,/rosout,goal_succeeded,INFO,8.47,17.62,,,,"NavigateToPose succeeded for (8.47, 17.62).",
23july3.bag,2026-07-23T21:25:23.932+05:30,36.905,target_explorer_node,/rosout,nav2_state,WARN,-4.03,11.27,,,,"Rejected frontier (-4.03, 11.27): endpoint clearance 0.08 m is below required 0.10 m.",
23july3.bag,2026-07-23T21:25:23.933+05:30,36.906,target_explorer_node,/rosout,nav2_state,WARN,7.07,7.77,,,,"Rejected frontier (7.07, 7.77): endpoint clearance 0.03 m is below required 0.10 m.",
23july3.bag,2026-07-23T21:25:23.934+05:30,36.907,target_explorer_node,/rosout,nav2_state,WARN,8.27,9.02,,,,"Rejected frontier (8.27, 9.02): endpoint clearance 0.03 m is below required 0.10 m.",
23july3.bag,2026-07-23T21:25:23.934+05:30,36.907,target_explorer_node,/rosout,nav2_state,WARN,7.62,8.77,,,,"Rejected frontier (7.62, 8.77): endpoint clearance 0.03 m is below required 0.10 m.",
23july3.bag,2026-07-23T21:25:23.935+05:30,36.908,target_explorer_node,/rosout,nav2_state,WARN,7.67,8.82,,,,"Rejected frontier (7.67, 8.82): endpoint clearance 0.08 m is below required 0.10 m.",
23july3.bag,2026-07-23T21:25:23.935+05:30,36.909,target_explorer_node,/rosout,nav2_state,WARN,7.77,9.82,,,,"Rejected frontier (7.77, 9.82): endpoint clearance 0.03 m is below required 0.10 m.",
23july3.bag,2026-07-23T21:25:23.936+05:30,36.909,target_explorer_node,/rosout,nav2_state,WARN,7.42,9.42,,,,"Rejected frontier (7.42, 9.42): endpoint clearance 0.08 m is below required 0.10 m.",
23july3.bag,2026-07-23T21:25:23.936+05:30,36.91,target_explorer_node,/rosout,nav2_state,WARN,7.37,9.47,,,,"Rejected frontier (7.37, 9.47): endpoint clearance 0.03 m is below required 0.10 m.",
23july3.bag,2026-07-23T21:25:23.937+05:30,36.91,target_explorer_node,/rosout,nav2_state,WARN,7.47,9.47,,,,"Rejected frontier (7.47, 9.47): endpoint clearance 0.04 m is below required 0.10 m.",
23july3.bag,2026-07-23T21:25:23.938+05:30,36.911,target_explorer_node,/rosout,nav2_state,WARN,7.72,9.57,,,,"Rejected frontier (7.72, 9.57): endpoint clearance 0.08 m is below required 0.10 m.",
23july3.bag,2026-07-23T21:25:23.938+05:30,36.912,target_explorer_node,/rosout,nav2_state,WARN,7.42,9.62,,,,"Rejected frontier (7.42, 9.62): endpoint clearance 0.04 m is below required 0.10 m.",
23july3.bag,2026-07-23T21:25:23.939+05:30,36.912,target_explorer_node,/rosout,nav2_state,WARN,7.77,9.62,,,,"Rejected frontier (7.77, 9.62): endpoint clearance 0.04 m is below required 0.10 m.",
23july3.bag,2026-07-23T21:25:23.940+05:30,36.913,target_explorer_node,/rosout,nav2_state,WARN,-3.18,10.57,,,,"Rejected frontier (-3.18, 10.57): endpoint clearance 0.08 m is below required 0.10 m.",
23july3.bag,2026-07-23T21:25:23.940+05:30,36.913,target_explorer_node,/rosout,nav2_state,WARN,-3.28,9.87,,,,"Rejected frontier (-3.28, 9.87): endpoint clearance 0.03 m is below required 0.10 m.",
23july3.bag,2026-07-23T21:25:23.941+05:30,36.914,target_explorer_node,/rosout,nav2_state,WARN,-3.03,9.97,,,,"Rejected frontier (-3.03, 9.97): endpoint clearance 0.04 m is below required 0.10 m.",
23july3.bag,2026-07-23T21:25:23.942+05:30,36.915,target_explorer_node,/rosout,nav2_state,WARN,8.42,10.97,,,,"Rejected frontier (8.42, 10.97): endpoint clearance 0.03 m is below required 0.10 m.",
23july3.bag,2026-07-23T21:25:23.942+05:30,36.915,target_explorer_node,/rosout,nav2_state,WARN,8.47,11.02,,,,"Rejected frontier (8.47, 11.02): endpoint clearance 0.08 m is below required 0.10 m.",
23july3.bag,2026-07-23T21:25:23.943+05:30,36.916,target_explorer_node,/rosout,nav2_state,WARN,8.87,11.17,,,,"Rejected frontier (8.87, 11.17): endpoint clearance 0.08 m is below required 0.10 m.",
23july3.bag,2026-07-23T21:25:23.944+05:30,36.917,target_explorer_node,/rosout,nav2_state,WARN,4.22,12.37,,,,"Rejected frontier (4.22, 12.37): endpoint clearance 0.03 m is below required 0.10 m.",
23july3.bag,2026-07-23T21:25:23.944+05:30,36.918,target_explorer_node,/rosout,nav2_state,WARN,10.07,12.62,,,,"Rejected frontier (10.07, 12.62): endpoint clearance 0.03 m is below required 0.10 m.",
23july3.bag,2026-07-23T21:25:23.945+05:30,36.918,target_explorer_node,/rosout,nav2_state,WARN,9.97,13.37,,,,"Rejected frontier (9.97, 13.37): endpoint clearance 0.03 m is below required 0.10 m.",
23july3.bag,2026-07-23T21:25:23.946+05:30,36.92,target_explorer_node,/rosout,nav2_state,WARN,9.87,13.62,,,,"Rejected frontier (9.87, 13.62): endpoint clearance 0.03 m is below required 0.10 m.",
23july3.bag,2026-07-23T21:25:23.947+05:30,36.92,target_explorer_node,/rosout,nav2_state,WARN,10.87,14.27,,,,"Rejected frontier (10.87, 14.27): endpoint clearance 0.04 m is below required 0.10 m.",
23july3.bag,2026-07-23T21:25:23.948+05:30,36.921,target_explorer_node,/rosout,nav2_state,WARN,10.37,14.42,,,,"Rejected frontier (10.37, 14.42): endpoint clearance 0.03 m is below required 0.10 m.",
23july3.bag,2026-07-23T21:25:23.948+05:30,36.921,target_explorer_node,/rosout,nav2_state,WARN,10.02,13.82,,,,"Rejected frontier (10.02, 13.82): endpoint clearance 0.08 m is below required 0.10 m.",
23july3.bag,2026-07-23T21:25:23.949+05:30,36.922,target_explorer_node,/rosout,nav2_state,WARN,9.97,13.97,,,,"Rejected frontier (9.97, 13.97): endpoint clearance 0.03 m is below required 0.10 m.",
23july3.bag,2026-07-23T21:25:23.949+05:30,36.923,target_explorer_node,/rosout,nav2_state,WARN,10.37,14.22,,,,"Rejected frontier (10.37, 14.22): endpoint clearance 0.08 m is below required 0.10 m.",
23july3.bag,2026-07-23T21:25:23.950+05:30,36.923,target_explorer_node,/rosout,nav2_state,WARN,4.87,14.02,,,,"Rejected frontier (4.87, 14.02): endpoint clearance 0.03 m is below required 0.10 m.",
23july3.bag,2026-07-23T21:25:23.951+05:30,36.924,target_explorer_node,/rosout,nav2_state,WARN,9.62,17.57,,,,"Rejected frontier (9.62, 17.57): endpoint clearance 0.03 m is below required 0.10 m.",
23july3.bag,2026-07-23T21:25:23.952+05:30,36.925,target_explorer_node,/rosout,nav2_state,WARN,9.67,17.77,,,,"Rejected frontier (9.67, 17.77): endpoint clearance 0.03 m is below required 0.10 m.",
23july3.bag,2026-07-23T21:25:23.953+05:30,36.926,target_explorer_node,/rosout,nav2_state,WARN,9.72,18.37,,,,"Rejected frontier (9.72, 18.37): endpoint clearance 0.00 m is below required 0.10 m.",
23july3.bag,2026-07-23T21:25:23.953+05:30,36.926,target_explorer_node,/rosout,nav2_state,WARN,9.82,18.42,,,,"Rejected frontier (9.82, 18.42): endpoint clearance 0.08 m is below required 0.10 m.",
23july3.bag,2026-07-23T21:25:23.954+05:30,36.927,target_explorer_node,/rosout,nav2_state,WARN,8.87,19.57,,,,"Rejected frontier (8.87, 19.57): endpoint clearance 0.03 m is below required 0.10 m.",
23july3.bag,2026-07-23T21:25:23.955+05:30,36.928,target_explorer_node,/rosout,nav2_state,WARN,8.52,20.62,,,,"Rejected frontier (8.52, 20.62): endpoint clearance 0.04 m is below required 0.10 m.",
23july3.bag,2026-07-23T21:25:23.956+05:30,36.929,target_explorer_node,/rosout,nav2_state,WARN,5.12,22.92,,,,"Rejected frontier (5.12, 22.92): endpoint clearance 0.04 m is below required 0.10 m.",
23july3.bag,2026-07-23T21:25:23.957+05:30,36.93,target_explorer_node,/rosout,nav2_state,WARN,4.97,23.02,,,,"Rejected frontier (4.97, 23.02): endpoint clearance 0.08 m is below required 0.10 m.",
23july3.bag,2026-07-23T21:25:23.964+05:30,36.937,planner_server,/rosout,planning_failure,WARN,,,,,,GridBased: failed to create plan with tolerance 0.50.,
23july3.bag,2026-07-23T21:25:23.964+05:30,36.937,planner_server,/rosout,planning_failure,WARN,0.0,27.0,,,,"Planning algorithm  failed to generate a valid path to (0.00, 27.00)",
23july3.bag,2026-07-23T21:25:23.964+05:30,36.937,planner_server,/rosout,aborted,WARN,,,,,,[compute_path_to_pose] [ActionServer] Aborting handle.,
23july3.bag,2026-07-23T21:25:23.968+05:30,36.941,planner_server,/rosout,planning_failure,WARN,,,,,,GridBased: failed to create plan with tolerance 0.50.,
23july3.bag,2026-07-23T21:25:23.968+05:30,36.941,planner_server,/rosout,planning_failure,WARN,4.92,22.82,,,,"Planning algorithm  failed to generate a valid path to (4.92, 22.82)",
23july3.bag,2026-07-23T21:25:23.968+05:30,36.941,planner_server,/rosout,aborted,WARN,,,,,,[compute_path_to_pose] [ActionServer] Aborting handle.,
23july3.bag,2026-07-23T21:25:23.973+05:30,36.946,/plan,/plan,path_update,RECORDED,4.772397495203354,22.020228160837775,,208,5.5852,Recorded path update on /plan,
23july3.bag,2026-07-23T21:25:23.982+05:30,36.955,/plan,/plan,path_update,RECORDED,4.922397489987947,21.87022815115202,,208,5.3763,Recorded path update on /plan,
23july3.bag,2026-07-23T21:25:23.994+05:30,36.967,/plan,/plan,path_update,RECORDED,4.822397488497831,21.420228144446497,,194,5.2745,Recorded path update on /plan,
23july3.bag,2026-07-23T21:25:24.005+05:30,36.978,planner_server,/rosout,planning_failure,WARN,,,,,,GridBased: failed to create plan with tolerance 0.50.,
23july3.bag,2026-07-23T21:25:24.005+05:30,36.978,planner_server,/rosout,planning_failure,WARN,8.67,20.67,,,,"Planning algorithm  failed to generate a valid path to (8.67, 20.67)",
23july3.bag,2026-07-23T21:25:24.005+05:30,36.978,planner_server,/rosout,aborted,WARN,,,,,,[compute_path_to_pose] [ActionServer] Aborting handle.,
23july3.bag,2026-07-23T21:25:24.007+05:30,36.98,/plan,/plan,path_update,RECORDED,5.022397491478063,16.1702280662154,,134,3.4035,Recorded path update on /plan,
23july3.bag,2026-07-23T21:25:24.017+05:30,36.99,/plan,/plan,path_update,RECORDED,5.022397491478063,15.070228049824124,,157,3.9802,Recorded path update on /plan,
23july3.bag,2026-07-23T21:25:24.026+05:30,36.999,planner_server,/rosout,planning_failure,WARN,,,,,,GridBased: failed to create plan with tolerance 0.50.,
23july3.bag,2026-07-23T21:25:24.026+05:30,36.999,planner_server,/rosout,planning_failure,WARN,10.02,18.57,,,,"Planning algorithm  failed to generate a valid path to (10.02, 18.57)",
23july3.bag,2026-07-23T21:25:24.026+05:30,36.999,planner_server,/rosout,aborted,WARN,,,,,,[compute_path_to_pose] [ActionServer] Aborting handle.,
23july3.bag,2026-07-23T21:25:24.030+05:30,37.003,planner_server,/rosout,planning_failure,WARN,,,,,,GridBased: failed to create plan with tolerance 0.50.,
23july3.bag,2026-07-23T21:25:24.030+05:30,37.003,planner_server,/rosout,planning_failure,WARN,9.72,17.87,,,,"Planning algorithm  failed to generate a valid path to (9.72, 17.87)",
23july3.bag,2026-07-23T21:25:24.030+05:30,37.003,planner_server,/rosout,aborted,WARN,,,,,,[compute_path_to_pose] [ActionServer] Aborting handle.,
23july3.bag,2026-07-23T21:25:24.033+05:30,37.006,planner_server,/rosout,planning_failure,WARN,,,,,,GridBased: failed to create plan with tolerance 0.50.,
23july3.bag,2026-07-23T21:25:24.033+05:30,37.006,planner_server,/rosout,planning_failure,WARN,-5.23,11.67,,,,"Planning algorithm  failed to generate a valid path to (-5.23, 11.67)",
23july3.bag,2026-07-23T21:25:24.033+05:30,37.006,planner_server,/rosout,aborted,WARN,,,,,,[compute_path_to_pose] [ActionServer] Aborting handle.,
23july3.bag,2026-07-23T21:25:24.038+05:30,37.011,planner_server,/rosout,planning_failure,WARN,,,,,,GridBased: failed to create plan with tolerance 0.50.,
23july3.bag,2026-07-23T21:25:24.038+05:30,37.011,planner_server,/rosout,planning_failure,WARN,-3.98,11.12,,,,"Planning algorithm  failed to generate a valid path to (-3.98, 11.12)",
23july3.bag,2026-07-23T21:25:24.038+05:30,37.011,planner_server,/rosout,aborted,WARN,,,,,,[compute_path_to_pose] [ActionServer] Aborting handle.,
23july3.bag,2026-07-23T21:25:24.042+05:30,37.015,planner_server,/rosout,planning_failure,WARN,,,,,,GridBased: failed to create plan with tolerance 0.50.,
23july3.bag,2026-07-23T21:25:24.042+05:30,37.015,planner_server,/rosout,planning_failure,WARN,-4.58,10.82,,,,"Planning algorithm  failed to generate a valid path to (-4.58, 10.82)",
23july3.bag,2026-07-23T21:25:24.042+05:30,37.016,planner_server,/rosout,aborted,WARN,,,,,,[compute_path_to_pose] [ActionServer] Aborting handle.,
23july3.bag,2026-07-23T21:25:24.045+05:30,37.018,planner_server,/rosout,planning_failure,WARN,,,,,,GridBased: failed to create plan with tolerance 0.50.,
23july3.bag,2026-07-23T21:25:24.045+05:30,37.018,planner_server,/rosout,planning_failure,WARN,10.17,14.12,,,,"Planning algorithm  failed to generate a valid path to (10.17, 14.12)",
23july3.bag,2026-07-23T21:25:24.045+05:30,37.018,planner_server,/rosout,aborted,WARN,,,,,,[compute_path_to_pose] [ActionServer] Aborting handle.,
23july3.bag,2026-07-23T21:25:24.050+05:30,37.023,planner_server,/rosout,planning_failure,WARN,,,,,,GridBased: failed to create plan with tolerance 0.50.,
23july3.bag,2026-07-23T21:25:24.050+05:30,37.023,planner_server,/rosout,planning_failure,WARN,10.02,13.77,,,,"Planning algorithm  failed to generate a valid path to (10.02, 13.77)",
23july3.bag,2026-07-23T21:25:24.050+05:30,37.023,planner_server,/rosout,aborted,WARN,,,,,,[compute_path_to_pose] [ActionServer] Aborting handle.,
23july3.bag,2026-07-23T21:25:24.053+05:30,37.026,planner_server,/rosout,planning_failure,WARN,,,,,,GridBased: failed to create plan with tolerance 0.50.,
23july3.bag,2026-07-23T21:25:24.053+05:30,37.026,planner_server,/rosout,planning_failure,WARN,10.02,13.27,,,,"Planning algorithm  failed to generate a valid path to (10.02, 13.27)",
23july3.bag,2026-07-23T21:25:24.053+05:30,37.026,planner_server,/rosout,aborted,WARN,,,,,,[compute_path_to_pose] [ActionServer] Aborting handle.,
23july3.bag,2026-07-23T21:25:24.057+05:30,37.03,planner_server,/rosout,planning_failure,WARN,,,,,,GridBased: failed to create plan with tolerance 0.50.,
23july3.bag,2026-07-23T21:25:24.057+05:30,37.03,planner_server,/rosout,planning_failure,WARN,10.47,12.97,,,,"Planning algorithm  failed to generate a valid path to (10.47, 12.97)",
23july3.bag,2026-07-23T21:25:24.057+05:30,37.03,planner_server,/rosout,aborted,WARN,,,,,,[compute_path_to_pose] [ActionServer] Aborting handle.,
23july3.bag,2026-07-23T21:25:24.060+05:30,37.033,planner_server,/rosout,planning_failure,WARN,,,,,,GridBased: failed to create plan with tolerance 0.50.,
23july3.bag,2026-07-23T21:25:24.060+05:30,37.033,planner_server,/rosout,planning_failure,WARN,8.52,11.07,,,,"Planning algorithm  failed to generate a valid path to (8.52, 11.07)",
23july3.bag,2026-07-23T21:25:24.060+05:30,37.034,planner_server,/rosout,aborted,WARN,,,,,,[compute_path_to_pose] [ActionServer] Aborting handle.,
23july3.bag,2026-07-23T21:25:24.066+05:30,37.039,planner_server,/rosout,planning_failure,WARN,,,,,,GridBased: failed to create plan with tolerance 0.50.,
23july3.bag,2026-07-23T21:25:24.066+05:30,37.039,planner_server,/rosout,planning_failure,WARN,7.57,9.52,,,,"Planning algorithm  failed to generate a valid path to (7.57, 9.52)",
23july3.bag,2026-07-23T21:25:24.066+05:30,37.039,planner_server,/rosout,aborted,WARN,,,,,,[compute_path_to_pose] [ActionServer] Aborting handle.,
23july3.bag,2026-07-23T21:25:24.069+05:30,37.042,planner_server,/rosout,planning_failure,WARN,,,,,,GridBased: failed to create plan with tolerance 0.50.,
23july3.bag,2026-07-23T21:25:24.069+05:30,37.042,planner_server,/rosout,planning_failure,WARN,7.72,8.82,,,,"Planning algorithm  failed to generate a valid path to (7.72, 8.82)",
23july3.bag,2026-07-23T21:25:24.069+05:30,37.042,planner_server,/rosout,aborted,WARN,,,,,,[compute_path_to_pose] [ActionServer] Aborting handle.,
23july3.bag,2026-07-23T21:25:24.072+05:30,37.045,/plan,/plan,path_update,RECORDED,5.62239750041876,7.320227934340125,,424,10.6538,Recorded path update on /plan,
23july3.bag,2026-07-23T21:25:24.090+05:30,37.063,target_explorer_node,/rosout,planning,INFO,4.82,22.02,,,,"Sending NavigateToPose goal (4.82, 22.02): progress=5.53 m alignment=0.997 path=5.59 m score=5.969.",4
23july3.bag,2026-07-23T21:25:24.093+05:30,37.066,target_explorer_node,/rosout,nav2_state,INFO,4.82,22.02,,,,"Nav2 accepted goal (4.82, 22.02).",4
23july3.bag,2026-07-23T21:25:24.095+05:30,37.068,/plan,/plan,path_update,RECORDED,4.772397495203354,22.020228160837775,,208,5.5777,Recorded path update on /plan,4
23july3.bag,2026-07-23T21:25:24.111+05:30,37.084,controller_server,/rosout,goal_started,INFO,,,,,,"Received a goal, begin computing control effort.",4
23july3.bag,2026-07-23T21:25:25.127+05:30,38.1,/plan,/plan,path_update,RECORDED,4.772397495203354,22.020228160837775,,208,5.602,Recorded path update on /plan,4
23july3.bag,2026-07-23T21:25:25.161+05:30,38.134,controller_server,/rosout,planning,INFO,,,,,,Passing new path to controller.,4
23july3.bag,2026-07-23T21:25:26.159+05:30,39.132,/plan,/plan,path_update,RECORDED,4.772397495203354,22.020228160837775,,206,5.5697,Recorded path update on /plan,4
23july3.bag,2026-07-23T21:25:26.211+05:30,39.184,controller_server,/rosout,planning,INFO,,,,,,Passing new path to controller.,4
23july3.bag,2026-07-23T21:25:27.187+05:30,40.16,/plan,/plan,path_update,RECORDED,4.772397495203354,22.020228160837775,,206,5.5697,Recorded path update on /plan,4
23july3.bag,2026-07-23T21:25:27.211+05:30,40.184,controller_server,/rosout,planning,INFO,,,,,,Passing new path to controller.,4
23july3.bag,2026-07-23T21:25:28.218+05:30,41.191,/plan,/plan,path_update,RECORDED,4.772397495203354,22.020228160837775,,206,5.5697,Recorded path update on /plan,4
23july3.bag,2026-07-23T21:25:28.261+05:30,41.234,controller_server,/rosout,planning,INFO,,,,,,Passing new path to controller.,4
23july3.bag,2026-07-23T21:25:29.248+05:30,42.221,/plan,/plan,path_update,RECORDED,4.772397495203354,22.020228160837775,,209,5.64,Recorded path update on /plan,4
23july3.bag,2026-07-23T21:25:29.261+05:30,42.234,controller_server,/rosout,planning,INFO,,,,,,Passing new path to controller.,4
23july3.bag,2026-07-23T21:25:30.277+05:30,43.25,/plan,/plan,path_update,RECORDED,4.772397495203354,22.020228160837775,,206,5.5697,Recorded path update on /plan,4
23july3.bag,2026-07-23T21:25:30.311+05:30,43.284,controller_server,/rosout,planning,INFO,,,,,,Passing new path to controller.,4
23july3.bag,2026-07-23T21:25:31.308+05:30,44.281,/plan,/plan,path_update,RECORDED,4.772397495203354,22.020228160837775,,208,5.6082,Recorded path update on /plan,4
23july3.bag,2026-07-23T21:25:31.361+05:30,44.334,controller_server,/rosout,planning,INFO,,,,,,Passing new path to controller.,4
23july3.bag,2026-07-23T21:25:32.336+05:30,45.31,/plan,/plan,path_update,RECORDED,4.772397495203354,22.020228160837775,,206,5.5697,Recorded path update on /plan,4
23july3.bag,2026-07-23T21:25:32.361+05:30,45.334,controller_server,/rosout,planning,INFO,,,,,,Passing new path to controller.,4
23july3.bag,2026-07-23T21:25:33.368+05:30,46.341,/plan,/plan,path_update,RECORDED,4.772397495203354,22.020228160837775,,208,5.602,Recorded path update on /plan,4
23july3.bag,2026-07-23T21:25:33.411+05:30,46.384,controller_server,/rosout,planning,INFO,,,,,,Passing new path to controller.,4
23july3.bag,2026-07-23T21:25:34.111+05:30,47.085,controller_server,/rosout,progress_checker,ERROR,,,,,,Failed to make progress,4
23july3.bag,2026-07-23T21:25:34.112+05:30,47.085,controller_server,/rosout,aborted,WARN,,,,,,[follow_path] [ActionServer] Aborting handle.,4
23july3.bag,2026-07-23T21:25:34.131+05:30,47.104,local_costmap.local_costmap,/rosout,costmap_clear,INFO,,,,,,Received request to clear entirely the local_costmap,4
23july3.bag,2026-07-23T21:25:34.135+05:30,47.108,controller_server,/rosout,goal_started,INFO,,,,,,"Received a goal, begin computing control effort.",4
23july3.bag,2026-07-23T21:25:34.398+05:30,47.371,/plan,/plan,path_update,RECORDED,4.772397495203354,22.020228160837775,,206,5.5697,Recorded path update on /plan,4
23july3.bag,2026-07-23T21:25:34.435+05:30,47.409,controller_server,/rosout,planning,INFO,,,,,,Passing new path to controller.,4
23july3.bag,2026-07-23T21:25:35.428+05:30,48.401,/plan,/plan,path_update,RECORDED,4.772397495203354,22.020228160837775,,209,5.64,Recorded path update on /plan,4
23july3.bag,2026-07-23T21:25:35.485+05:30,48.459,controller_server,/rosout,planning,INFO,,,,,,Passing new path to controller.,4
23july3.bag,2026-07-23T21:25:36.458+05:30,49.431,/plan,/plan,path_update,RECORDED,4.772397495203354,22.020228160837775,,208,5.602,Recorded path update on /plan,4
23july3.bag,2026-07-23T21:25:36.485+05:30,49.459,controller_server,/rosout,planning,INFO,,,,,,Passing new path to controller.,4
23july3.bag,2026-07-23T21:25:37.487+05:30,50.46,/plan,/plan,path_update,RECORDED,4.772397495203354,22.020228160837775,,206,5.5697,Recorded path update on /plan,4
23july3.bag,2026-07-23T21:25:37.535+05:30,50.508,controller_server,/rosout,planning,INFO,,,,,,Passing new path to controller.,4
23july3.bag,2026-07-23T21:25:38.517+05:30,51.49,/plan,/plan,path_update,RECORDED,4.772397495203354,22.020228160837775,,206,5.5697,Recorded path update on /plan,4
23july3.bag,2026-07-23T21:25:38.535+05:30,51.508,controller_server,/rosout,planning,INFO,,,,,,Passing new path to controller.,4
23july3.bag,2026-07-23T21:25:39.547+05:30,52.52,/plan,/plan,path_update,RECORDED,4.772397495203354,22.020228160837775,,206,5.5697,Recorded path update on /plan,4
23july3.bag,2026-07-23T21:25:39.586+05:30,52.559,controller_server,/rosout,planning,INFO,,,,,,Passing new path to controller.,4
23july3.bag,2026-07-23T21:25:40.581+05:30,53.554,/plan,/plan,path_update,RECORDED,4.772397495203354,22.020228160837775,,206,5.5697,Recorded path update on /plan,4
23july3.bag,2026-07-23T21:25:40.635+05:30,53.609,controller_server,/rosout,planning,INFO,,,,,,Passing new path to controller.,4
23july3.bag,2026-07-23T21:25:41.618+05:30,54.591,/plan,/plan,path_update,RECORDED,4.772397495203354,22.020228160837775,,209,5.64,Recorded path update on /plan,4
23july3.bag,2026-07-23T21:25:41.635+05:30,54.608,controller_server,/rosout,planning,INFO,,,,,,Passing new path to controller.,4
23july3.bag,2026-07-23T21:25:42.648+05:30,55.621,/plan,/plan,path_update,RECORDED,4.772397495203354,22.020228160837775,,206,5.5697,Recorded path update on /plan,4
23july3.bag,2026-07-23T21:25:42.685+05:30,55.658,controller_server,/rosout,planning,INFO,,,,,,Passing new path to controller.,4
23july3.bag,2026-07-23T21:25:43.677+05:30,56.65,/plan,/plan,path_update,RECORDED,4.772397495203354,22.020228160837775,,206,5.5697,Recorded path update on /plan,4
23july3.bag,2026-07-23T21:25:43.735+05:30,56.709,controller_server,/rosout,planning,INFO,,,,,,Passing new path to controller.,4
23july3.bag,2026-07-23T21:25:44.185+05:30,57.158,controller_server,/rosout,progress_checker,ERROR,,,,,,Failed to make progress,4
23july3.bag,2026-07-23T21:25:44.185+05:30,57.159,controller_server,/rosout,aborted,WARN,,,,,,[follow_path] [ActionServer] Aborting handle.,4
23july3.bag,2026-07-23T21:25:44.201+05:30,57.174,local_costmap.local_costmap,/rosout,costmap_clear,INFO,,,,,,Received request to clear entirely the local_costmap,4
23july3.bag,2026-07-23T21:25:44.202+05:30,57.175,global_costmap.global_costmap,/rosout,costmap_clear,INFO,,,,,,Received request to clear entirely the global_costmap,4
23july3.bag,2026-07-23T21:25:44.202+05:30,57.175,bt_navigator,/behavior_tree_log,recovery,RECORDED,,,,,,Behavior-tree recovery entered RUNNING: ClearingActions (IDLE -> RUNNING),4
23july3.bag,2026-07-23T21:25:44.628+05:30,57.601,/plan,/plan,path_update,RECORDED,4.772397495203354,22.020228160837775,,206,5.5697,Recorded path update on /plan,4
23july3.bag,2026-07-23T21:25:44.628+05:30,57.602,planner_server,/rosout,planning,WARN,,,,,,Planner loop missed its desired rate of 5.0000 Hz. Current loop rate is 2.3480 Hz,4
23july3.bag,2026-07-23T21:25:44.641+05:30,57.614,controller_server,/rosout,goal_started,INFO,,,,,,"Received a goal, begin computing control effort.",4
23july3.bag,2026-07-23T21:25:45.657+05:30,58.63,/plan,/plan,path_update,RECORDED,4.772397495203354,22.020228160837775,,209,5.64,Recorded path update on /plan,4
23july3.bag,2026-07-23T21:25:45.691+05:30,58.664,controller_server,/rosout,planning,INFO,,,,,,Passing new path to controller.,4
23july3.bag,2026-07-23T21:25:46.688+05:30,59.661,/plan,/plan,path_update,RECORDED,4.772397495203354,22.020228160837775,,206,5.5697,Recorded path update on /plan,4
23july3.bag,2026-07-23T21:25:46.741+05:30,59.714,controller_server,/rosout,planning,INFO,,,,,,Passing new path to controller.,4
23july3.bag,2026-07-23T21:25:47.718+05:30,60.691,/plan,/plan,path_update,RECORDED,4.772397495203354,22.020228160837775,,208,5.6069,Recorded path update on /plan,4
23july3.bag,2026-07-23T21:25:47.741+05:30,60.714,controller_server,/rosout,planning,INFO,,,,,,Passing new path to controller.,4
23july3.bag,2026-07-23T21:25:48.747+05:30,61.721,/plan,/plan,path_update,RECORDED,4.772397495203354,22.020228160837775,,211,5.6915,Recorded path update on /plan,4
23july3.bag,2026-07-23T21:25:48.791+05:30,61.764,controller_server,/rosout,planning,INFO,,,,,,Passing new path to controller.,4
23july3.bag,2026-07-23T21:25:49.777+05:30,62.75,/plan,/plan,path_update,RECORDED,4.772397495203354,22.020228160837775,,211,5.6915,Recorded path update on /plan,4
23july3.bag,2026-07-23T21:25:49.791+05:30,62.764,controller_server,/rosout,planning,INFO,,,,,,Passing new path to controller.,4
23july3.bag,2026-07-23T21:25:50.806+05:30,63.78,/plan,/plan,path_update,RECORDED,4.772397495203354,22.020228160837775,,211,5.6915,Recorded path update on /plan,4
23july3.bag,2026-07-23T21:25:50.841+05:30,63.814,controller_server,/rosout,planning,INFO,,,,,,Passing new path to controller.,4
23july3.bag,2026-07-23T21:25:51.837+05:30,64.81,/plan,/plan,path_update,RECORDED,4.772397495203354,22.020228160837775,,211,5.6915,Recorded path update on /plan,4
23july3.bag,2026-07-23T21:25:51.891+05:30,64.864,controller_server,/rosout,planning,INFO,,,,,,Passing new path to controller.,4
23july3.bag,2026-07-23T21:25:52.867+05:30,65.84,/plan,/plan,path_update,RECORDED,4.772397495203354,22.020228160837775,,211,5.6915,Recorded path update on /plan,4
23july3.bag,2026-07-23T21:25:52.891+05:30,65.864,controller_server,/rosout,planning,INFO,,,,,,Passing new path to controller.,4
23july3.bag,2026-07-23T21:25:53.898+05:30,66.871,/plan,/plan,path_update,RECORDED,4.772397495203354,22.020228160837775,,211,5.6915,Recorded path update on /plan,4
23july3.bag,2026-07-23T21:25:53.941+05:30,66.914,controller_server,/rosout,planning,INFO,,,,,,Passing new path to controller.,4
23july3.bag,2026-07-23T21:25:54.928+05:30,67.901,/plan,/plan,path_update,RECORDED,4.772397495203354,22.020228160837775,,211,5.6915,Recorded path update on /plan,4
23july3.bag,2026-07-23T21:25:54.941+05:30,67.914,controller_server,/rosout,planning,INFO,,,,,,Passing new path to controller.,4
23july3.bag,2026-07-23T21:25:55.958+05:30,68.931,/plan,/plan,path_update,RECORDED,4.772397495203354,22.020228160837775,,211,5.6915,Recorded path update on /plan,4
23july3.bag,2026-07-23T21:25:55.991+05:30,68.964,controller_server,/rosout,planning,INFO,,,,,,Passing new path to controller.,4
23july3.bag,2026-07-23T21:25:56.987+05:30,69.96,/plan,/plan,path_update,RECORDED,4.772397495203354,22.020228160837775,,211,5.6915,Recorded path update on /plan,4
23july3.bag,2026-07-23T21:25:57.041+05:30,70.014,controller_server,/rosout,planning,INFO,,,,,,Passing new path to controller.,4
23july3.bag,2026-07-23T21:25:58.017+05:30,70.99,/plan,/plan,path_update,RECORDED,4.772397495203354,22.020228160837775,,211,5.6915,Recorded path update on /plan,4
23july3.bag,2026-07-23T21:25:58.041+05:30,71.014,controller_server,/rosout,planning,INFO,,,,,,Passing new path to controller.,4
23july3.bag,2026-07-23T21:25:58.091+05:30,71.064,controller_server,/rosout,progress_checker,ERROR,,,,,,Failed to make progress,4
23july3.bag,2026-07-23T21:25:58.091+05:30,71.064,controller_server,/rosout,aborted,WARN,,,,,,[follow_path] [ActionServer] Aborting handle.,4
23july3.bag,2026-07-23T21:25:58.111+05:30,71.084,local_costmap.local_costmap,/rosout,costmap_clear,INFO,,,,,,Received request to clear entirely the local_costmap,4
23july3.bag,2026-07-23T21:25:58.112+05:30,71.085,controller_server,/rosout,goal_started,INFO,,,,,,"Received a goal, begin computing control effort.",4
23july3.bag,2026-07-23T21:25:59.047+05:30,72.02,/plan,/plan,path_update,RECORDED,4.772397495203354,22.020228160837775,,211,5.6915,Recorded path update on /plan,4
23july3.bag,2026-07-23T21:25:59.062+05:30,72.035,controller_server,/rosout,planning,INFO,,,,,,Passing new path to controller.,4
23july3.bag,2026-07-23T21:26:00.078+05:30,73.051,/plan,/plan,path_update,RECORDED,4.772397495203354,22.020228160837775,,207,5.579,Recorded path update on /plan,4
23july3.bag,2026-07-23T21:26:00.112+05:30,73.085,controller_server,/rosout,planning,INFO,,,,,,Passing new path to controller.,4
23july3.bag,2026-07-23T21:26:01.107+05:30,74.08,/plan,/plan,path_update,RECORDED,4.772397495203354,22.020228160837775,,202,5.4241,Recorded path update on /plan,4
23july3.bag,2026-07-23T21:26:01.162+05:30,74.135,controller_server,/rosout,planning,INFO,,,,,,Passing new path to controller.,4
23july3.bag,2026-07-23T21:26:02.137+05:30,75.11,/plan,/plan,path_update,RECORDED,4.772397495203354,22.020228160837775,,202,5.3988,Recorded path update on /plan,4
23july3.bag,2026-07-23T21:26:02.162+05:30,75.135,controller_server,/rosout,planning,INFO,,,,,,Passing new path to controller.,4
23july3.bag,2026-07-23T21:26:03.167+05:30,76.141,/plan,/plan,path_update,RECORDED,4.772397495203354,22.020228160837775,,202,5.3988,Recorded path update on /plan,4
23july3.bag,2026-07-23T21:26:03.213+05:30,76.186,controller_server,/rosout,controller,WARN,,,,,,Control loop missed its desired rate of 20.0000Hz,4
23july3.bag,2026-07-23T21:26:03.213+05:30,76.186,controller_server,/rosout,planning,INFO,,,,,,Passing new path to controller.,4
23july3.bag,2026-07-23T21:26:04.197+05:30,77.17,/plan,/plan,path_update,RECORDED,4.772397495203354,22.020228160837775,,202,5.3988,Recorded path update on /plan,4
23july3.bag,2026-07-23T21:26:04.212+05:30,77.185,controller_server,/rosout,planning,INFO,,,,,,Passing new path to controller.,4
23july3.bag,2026-07-23T21:26:05.013+05:30,77.986,controller_server,/rosout,controller,WARN,,,,,,Control loop missed its desired rate of 20.0000Hz,4
23july3.bag,2026-07-23T21:26:05.227+05:30,78.2,/plan,/plan,path_update,RECORDED,4.772397495203354,22.020228160837775,,202,5.3988,Recorded path update on /plan,4
23july3.bag,2026-07-23T21:26:05.262+05:30,78.235,controller_server,/rosout,planning,INFO,,,,,,Passing new path to controller.,4
23july4.bag,2026-07-23T21:47:14.908+05:30,1.834,planner_server,/rosout,planning,WARN,,,,,,No planners specified in action call. Server will use only plugin GridBased  in server. This warning will appear once.,
23july4.bag,2026-07-23T21:47:14.909+05:30,1.835,planner_server,/rosout,planning_failure,WARN,,,,,,GridBased: failed to create plan with tolerance 0.50.,
23july4.bag,2026-07-23T21:47:14.909+05:30,1.835,planner_server,/rosout,planning_failure,WARN,0.0,15.0,,,,"Planning algorithm  failed to generate a valid path to (0.00, 15.00)",
23july4.bag,2026-07-23T21:47:14.909+05:30,1.835,planner_server,/rosout,aborted,WARN,,,,,,[compute_path_to_pose] [ActionServer] Aborting handle.,
23july4.bag,2026-07-23T21:47:14.910+05:30,1.837,/plan,/plan,path_update,RECORDED,0.19976732465118197,0.7889673078492345,,29,0.7748,Recorded path update on /plan,
23july4.bag,2026-07-23T21:47:14.913+05:30,1.839,target_explorer_node,/rosout,planning,INFO,0.25,0.84,,,,"Sending NavigateToPose goal (0.25, 0.84): progress=0.75 m alignment=0.950 path=0.77 m score=1.625.",1
23july4.bag,2026-07-23T21:47:14.914+05:30,1.841,target_explorer_node,/rosout,nav2_state,INFO,0.25,0.84,,,,"Nav2 accepted goal (0.25, 0.84).",1
23july4.bag,2026-07-23T21:47:14.915+05:30,1.841,/plan,/plan,path_update,RECORDED,0.19976732465118197,0.7889673078492345,,29,0.7748,Recorded path update on /plan,1
23july4.bag,2026-07-23T21:47:14.934+05:30,1.86,controller_server,/rosout,goal_started,INFO,,,,,,"Received a goal, begin computing control effort.",1
23july4.bag,2026-07-23T21:47:14.934+05:30,1.861,controller_server,/rosout,nav2_state,WARN,,,,,,No goal checker was specified in parameter 'current_goal_checker'. Server will use only plugin loaded general_goal_checker . This warning will appear once.,1
23july4.bag,2026-07-23T21:47:15.220+05:30,2.146,target_explorer_node,/rosout,obstacle_or_costmap,INFO,,,,,,Received /global_costmap/costmap: 254x376 cells at 0.050 m/cell,1
23july4.bag,2026-07-23T21:47:15.945+05:30,2.871,/plan,/plan,path_update,RECORDED,0.19976732465118197,0.7889673078492345,,26,0.6905,Recorded path update on /plan,1
23july4.bag,2026-07-23T21:47:15.984+05:30,2.911,controller_server,/rosout,planning,INFO,,,,,,Passing new path to controller.,1
23july4.bag,2026-07-23T21:47:16.084+05:30,3.01,global_costmap.global_costmap,/rosout,costmap_resize,INFO,,,,,,StaticLayer: Resizing costmap to 305 X 376 at 0.050000 m/pix,1
23july4.bag,2026-07-23T21:47:16.518+05:30,3.445,global_costmap.global_costmap,/rosout,costmap_resize,INFO,,,,,,StaticLayer: Resizing costmap to 568 X 384 at 0.050000 m/pix,1
23july4.bag,2026-07-23T21:47:16.635+05:30,3.561,controller_server,/rosout,nav2_state,INFO,,,,,,Reached the goal!,1
23july4.bag,2026-07-23T21:47:16.675+05:30,3.601,bt_navigator,/rosout,goal_succeeded,INFO,,,,,,Goal succeeded,1
23july4.bag,2026-07-23T21:47:16.675+05:30,3.602,target_explorer_node,/rosout,goal_succeeded,INFO,0.25,0.84,,,,"NavigateToPose succeeded for (0.25, 0.84).",
23july4.bag,2026-07-23T21:47:16.711+05:30,3.638,target_explorer_node,/rosout,nav2_state,WARN,0.58,3.89,,,,"Rejected frontier (0.58, 3.89): endpoint clearance 0.08 m is below required 0.10 m.",
23july4.bag,2026-07-23T21:47:16.712+05:30,3.639,target_explorer_node,/rosout,nav2_state,WARN,-0.07,3.89,,,,"Rejected frontier (-0.07, 3.89): endpoint clearance 0.08 m is below required 0.10 m.",
23july4.bag,2026-07-23T21:47:16.713+05:30,3.639,target_explorer_node,/rosout,nav2_state,WARN,-0.92,3.99,,,,"Rejected frontier (-0.92, 3.99): endpoint clearance 0.03 m is below required 0.10 m.",
23july4.bag,2026-07-23T21:47:16.714+05:30,3.64,target_explorer_node,/rosout,nav2_state,WARN,0.08,3.99,,,,"Rejected frontier (0.08, 3.99): endpoint clearance 0.08 m is below required 0.10 m.",
23july4.bag,2026-07-23T21:47:16.716+05:30,3.643,planner_server,/rosout,planning_failure,WARN,,,,,,GridBased: failed to create plan with tolerance 0.50.,
23july4.bag,2026-07-23T21:47:16.716+05:30,3.643,planner_server,/rosout,planning_failure,WARN,0.0,15.0,,,,"Planning algorithm  failed to generate a valid path to (0.00, 15.00)",
23july4.bag,2026-07-23T21:47:16.716+05:30,3.643,planner_server,/rosout,aborted,WARN,,,,,,[compute_path_to_pose] [ActionServer] Aborting handle.,
23july4.bag,2026-07-23T21:47:16.718+05:30,3.644,planner_server,/rosout,planning_failure,WARN,,,,,,GridBased: failed to create plan with tolerance 0.50.,
23july4.bag,2026-07-23T21:47:16.718+05:30,3.644,planner_server,/rosout,planning_failure,WARN,-0.27,4.04,,,,"Planning algorithm  failed to generate a valid path to (-0.27, 4.04)",
23july4.bag,2026-07-23T21:47:16.718+05:30,3.644,planner_server,/rosout,aborted,WARN,,,,,,[compute_path_to_pose] [ActionServer] Aborting handle.,
23july4.bag,2026-07-23T21:47:16.719+05:30,3.645,planner_server,/rosout,planning_failure,WARN,,,,,,GridBased: failed to create plan with tolerance 0.50.,
23july4.bag,2026-07-23T21:47:16.719+05:30,3.645,planner_server,/rosout,planning_failure,WARN,1.08,3.79,,,,"Planning algorithm  failed to generate a valid path to (1.08, 3.79)",
23july4.bag,2026-07-23T21:47:16.719+05:30,3.645,planner_server,/rosout,aborted,WARN,,,,,,[compute_path_to_pose] [ActionServer] Aborting handle.,
23july4.bag,2026-07-23T21:47:16.720+05:30,3.646,planner_server,/rosout,planning_failure,WARN,,,,,,GridBased: failed to create plan with tolerance 0.50.,
23july4.bag,2026-07-23T21:47:16.720+05:30,3.646,planner_server,/rosout,planning_failure,WARN,0.08,3.64,,,,"Planning algorithm  failed to generate a valid path to (0.08, 3.64)",
23july4.bag,2026-07-23T21:47:16.720+05:30,3.646,planner_server,/rosout,aborted,WARN,,,,,,[compute_path_to_pose] [ActionServer] Aborting handle.,
23july4.bag,2026-07-23T21:47:16.721+05:30,3.647,planner_server,/rosout,planning_failure,WARN,,,,,,GridBased: failed to create plan with tolerance 0.50.,
23july4.bag,2026-07-23T21:47:16.721+05:30,3.647,planner_server,/rosout,planning_failure,WARN,-1.12,3.74,,,,"Planning algorithm  failed to generate a valid path to (-1.12, 3.74)",
23july4.bag,2026-07-23T21:47:16.721+05:30,3.647,planner_server,/rosout,aborted,WARN,,,,,,[compute_path_to_pose] [ActionServer] Aborting handle.,
23july4.bag,2026-07-23T21:47:16.722+05:30,3.648,target_explorer_node,/rosout,nav2_state,INFO,,,,,,Nav2 found no reachable safe frontier candidate.,
23july4.bag,2026-07-23T21:47:16.953+05:30,3.88,global_costmap.global_costmap,/rosout,costmap_resize,INFO,,,,,,StaticLayer: Resizing costmap to 659 X 384 at 0.050000 m/pix,
23july4.bag,2026-07-23T21:47:17.812+05:30,4.738,target_explorer_node,/rosout,nav2_state,WARN,3.13,4.09,,,,"Rejected frontier (3.13, 4.09): endpoint clearance 0.08 m is below required 0.10 m.",
23july4.bag,2026-07-23T21:47:17.813+05:30,4.739,target_explorer_node,/rosout,nav2_state,WARN,3.13,4.39,,,,"Rejected frontier (3.13, 4.39): endpoint clearance 0.08 m is below required 0.10 m.",
23july4.bag,2026-07-23T21:47:17.814+05:30,4.74,target_explorer_node,/rosout,nav2_state,WARN,3.13,4.54,,,,"Rejected frontier (3.13, 4.54): endpoint clearance 0.08 m is below required 0.10 m.",
23july4.bag,2026-07-23T21:47:17.817+05:30,4.744,planner_server,/rosout,planning_failure,WARN,,,,,,GridBased: failed to create plan with tolerance 0.50.,
23july4.bag,2026-07-23T21:47:17.818+05:30,4.744,planner_server,/rosout,planning_failure,WARN,0.0,15.0,,,,"Planning algorithm  failed to generate a valid path to (0.00, 15.00)",
23july4.bag,2026-07-23T21:47:17.818+05:30,4.744,planner_server,/rosout,aborted,WARN,,,,,,[compute_path_to_pose] [ActionServer] Aborting handle.,
23july4.bag,2026-07-23T21:47:17.820+05:30,4.746,planner_server,/rosout,planning_failure,WARN,,,,,,GridBased: failed to create plan with tolerance 0.50.,
23july4.bag,2026-07-23T21:47:17.820+05:30,4.746,planner_server,/rosout,planning_failure,WARN,1.03,5.59,,,,"Planning algorithm  failed to generate a valid path to (1.03, 5.59)",
23july4.bag,2026-07-23T21:47:17.820+05:30,4.746,planner_server,/rosout,aborted,WARN,,,,,,[compute_path_to_pose] [ActionServer] Aborting handle.,
23july4.bag,2026-07-23T21:47:17.823+05:30,4.749,/plan,/plan,path_update,RECORDED,0.03481782237188469,4.738967359258241,,153,3.9654,Recorded path update on /plan,
23july4.bag,2026-07-23T21:47:17.830+05:30,4.757,planner_server,/rosout,planning_failure,WARN,,,,,,GridBased: failed to create plan with tolerance 0.50.,
23july4.bag,2026-07-23T21:47:17.830+05:30,4.757,planner_server,/rosout,planning_failure,WARN,2.98,4.69,,,,"Planning algorithm  failed to generate a valid path to (2.98, 4.69)",
23july4.bag,2026-07-23T21:47:17.830+05:30,4.757,planner_server,/rosout,aborted,WARN,,,,,,[compute_path_to_pose] [ActionServer] Aborting handle.,
23july4.bag,2026-07-23T21:47:17.832+05:30,4.758,planner_server,/rosout,planning_failure,WARN,,,,,,GridBased: failed to create plan with tolerance 0.50.,
23july4.bag,2026-07-23T21:47:17.832+05:30,4.758,planner_server,/rosout,planning_failure,WARN,-1.12,3.74,,,,"Planning algorithm  failed to generate a valid path to (-1.12, 3.74)",
23july4.bag,2026-07-23T21:47:17.832+05:30,4.758,planner_server,/rosout,aborted,WARN,,,,,,[compute_path_to_pose] [ActionServer] Aborting handle.,
23july4.bag,2026-07-23T21:47:17.834+05:30,4.76,planner_server,/rosout,planning_failure,WARN,,,,,,GridBased: failed to create plan with tolerance 0.50.,
23july4.bag,2026-07-23T21:47:17.834+05:30,4.76,planner_server,/rosout,planning_failure,WARN,2.88,3.69,,,,"Planning algorithm  failed to generate a valid path to (2.88, 3.69)",
23july4.bag,2026-07-23T21:47:17.834+05:30,4.76,planner_server,/rosout,aborted,WARN,,,,,,[compute_path_to_pose] [ActionServer] Aborting handle.,
23july4.bag,2026-07-23T21:47:17.835+05:30,4.761,target_explorer_node,/rosout,planning,INFO,0.03,4.74,,,,"Sending NavigateToPose goal (0.03, 4.74): progress=3.86 m alignment=1.000 path=3.97 m score=4.467.",2
23july4.bag,2026-07-23T21:47:17.836+05:30,4.762,target_explorer_node,/rosout,nav2_state,INFO,0.03,4.74,,,,"Nav2 accepted goal (0.03, 4.74).",2
23july4.bag,2026-07-23T21:47:17.837+05:30,4.764,/plan,/plan,path_update,RECORDED,0.03481782237188469,4.738967359258241,,151,3.9154,Recorded path update on /plan,2
23july4.bag,2026-07-23T21:47:17.856+05:30,4.782,controller_server,/rosout,goal_started,INFO,,,,,,"Received a goal, begin computing control effort.",2
23july4.bag,2026-07-23T21:47:18.868+05:30,5.794,/plan,/plan,path_update,RECORDED,0.03481782237188469,4.738967359258241,,143,3.6166,Recorded path update on /plan,2
23july4.bag,2026-07-23T21:47:18.906+05:30,5.832,controller_server,/rosout,planning,INFO,,,,,,Passing new path to controller.,2
23july4.bag,2026-07-23T21:47:19.127+05:30,6.054,global_costmap.global_costmap,/rosout,costmap_resize,INFO,,,,,,StaticLayer: Resizing costmap to 659 X 575 at 0.050000 m/pix,2
23july4.bag,2026-07-23T21:47:19.900+05:30,6.826,/plan,/plan,path_update,RECORDED,0.03481782237188469,4.738967359258241,,118,2.9957,Recorded path update on /plan,2
23july4.bag,2026-07-23T21:47:19.956+05:30,6.882,controller_server,/rosout,planning,INFO,,,,,,Passing new path to controller.,2
23july4.bag,2026-07-23T21:47:20.930+05:30,7.857,/plan,/plan,path_update,RECORDED,0.03481782237188469,4.738967359258241,,93,2.3691,Recorded path update on /plan,2
23july4.bag,2026-07-23T21:47:20.956+05:30,7.882,controller_server,/rosout,planning,INFO,,,,,,Passing new path to controller.,2
23july4.bag,2026-07-23T21:47:21.959+05:30,8.886,/plan,/plan,path_update,RECORDED,0.03481782237188469,4.738967359258241,,67,1.7139,Recorded path update on /plan,2
23july4.bag,2026-07-23T21:47:22.006+05:30,8.932,controller_server,/rosout,planning,INFO,,,,,,Passing new path to controller.,2
23july4.bag,2026-07-23T21:47:22.989+05:30,9.916,/plan,/plan,path_update,RECORDED,0.03481782237188469,4.738967359258241,,41,1.0612,Recorded path update on /plan,2
23july4.bag,2026-07-23T21:47:23.006+05:30,9.932,controller_server,/rosout,planning,INFO,,,,,,Passing new path to controller.,2
23july4.bag,2026-07-23T21:47:23.475+05:30,10.401,global_costmap.global_costmap,/rosout,costmap_resize,INFO,,,,,,StaticLayer: Resizing costmap to 659 X 718 at 0.050000 m/pix,2
23july4.bag,2026-07-23T21:47:23.910+05:30,10.836,global_costmap.global_costmap,/rosout,costmap_resize,INFO,,,,,,StaticLayer: Resizing costmap to 659 X 719 at 0.050000 m/pix,2
23july4.bag,2026-07-23T21:47:24.020+05:30,10.947,/plan,/plan,path_update,RECORDED,0.03481782237188469,4.738967359258241,,15,0.4265,Recorded path update on /plan,2
23july4.bag,2026-07-23T21:47:24.057+05:30,10.983,controller_server,/rosout,planning,INFO,,,,,,Passing new path to controller.,2
23july4.bag,2026-07-23T21:47:24.306+05:30,11.233,controller_server,/rosout,nav2_state,INFO,,,,,,Reached the goal!,2
23july4.bag,2026-07-23T21:47:24.347+05:30,11.273,bt_navigator,/rosout,goal_succeeded,INFO,,,,,,Goal succeeded,2
23july4.bag,2026-07-23T21:47:24.347+05:30,11.273,target_explorer_node,/rosout,goal_succeeded,INFO,0.03,4.74,,,,"NavigateToPose succeeded for (0.03, 4.74).",
23july4.bag,2026-07-23T21:47:24.439+05:30,11.365,target_explorer_node,/rosout,nav2_state,WARN,-0.92,3.99,,,,"Rejected frontier (-0.92, 3.99): endpoint clearance 0.03 m is below required 0.10 m.",
23july4.bag,2026-07-23T21:47:24.440+05:30,11.366,target_explorer_node,/rosout,nav2_state,WARN,3.18,3.39,,,,"Rejected frontier (3.18, 3.39): endpoint clearance 0.03 m is below required 0.10 m.",
23july4.bag,2026-07-23T21:47:24.441+05:30,11.367,target_explorer_node,/rosout,nav2_state,WARN,3.23,3.59,,,,"Rejected frontier (3.23, 3.59): endpoint clearance 0.04 m is below required 0.10 m.",
23july4.bag,2026-07-23T21:47:24.441+05:30,11.368,target_explorer_node,/rosout,nav2_state,WARN,3.28,3.59,,,,"Rejected frontier (3.28, 3.59): endpoint clearance 0.03 m is below required 0.10 m.",
23july4.bag,2026-07-23T21:47:24.442+05:30,11.368,target_explorer_node,/rosout,nav2_state,WARN,3.38,3.59,,,,"Rejected frontier (3.38, 3.59): endpoint clearance 0.08 m is below required 0.10 m.",
23july4.bag,2026-07-23T21:47:24.443+05:30,11.369,target_explorer_node,/rosout,nav2_state,WARN,3.38,3.69,,,,"Rejected frontier (3.38, 3.69): endpoint clearance 0.08 m is below required 0.10 m.",
23july4.bag,2026-07-23T21:47:24.443+05:30,11.37,target_explorer_node,/rosout,nav2_state,WARN,-0.82,3.99,,,,"Rejected frontier (-0.82, 3.99): endpoint clearance 0.08 m is below required 0.10 m.",
23july4.bag,2026-07-23T21:47:24.444+05:30,11.37,target_explorer_node,/rosout,nav2_state,WARN,-2.32,6.49,,,,"Rejected frontier (-2.32, 6.49): endpoint clearance 0.03 m is below required 0.10 m.",
23july4.bag,2026-07-23T21:47:24.445+05:30,11.371,target_explorer_node,/rosout,nav2_state,WARN,-2.42,6.74,,,,"Rejected frontier (-2.42, 6.74): endpoint clearance 0.08 m is below required 0.10 m.",
23july4.bag,2026-07-23T21:47:24.445+05:30,11.372,target_explorer_node,/rosout,nav2_state,WARN,3.68,9.74,,,,"Rejected frontier (3.68, 9.74): endpoint clearance 0.04 m is below required 0.10 m.",
23july4.bag,2026-07-23T21:47:24.446+05:30,11.372,target_explorer_node,/rosout,nav2_state,WARN,3.58,9.84,,,,"Rejected frontier (3.58, 9.84): endpoint clearance 0.04 m is below required 0.10 m.",
23july4.bag,2026-07-23T21:47:24.446+05:30,11.373,target_explorer_node,/rosout,nav2_state,WARN,3.63,9.89,,,,"Rejected frontier (3.63, 9.89): endpoint clearance 0.08 m is below required 0.10 m.",
23july4.bag,2026-07-23T21:47:24.447+05:30,11.374,target_explorer_node,/rosout,nav2_state,WARN,3.68,10.19,,,,"Rejected frontier (3.68, 10.19): endpoint clearance 0.08 m is below required 0.10 m.",
23july4.bag,2026-07-23T21:47:24.448+05:30,11.374,target_explorer_node,/rosout,nav2_state,WARN,3.68,11.14,,,,"Rejected frontier (3.68, 11.14): endpoint clearance 0.03 m is below required 0.10 m.",
23july4.bag,2026-07-23T21:47:24.449+05:30,11.375,target_explorer_node,/rosout,nav2_state,WARN,4.98,18.39,,,,"Rejected frontier (4.98, 18.39): endpoint clearance 0.04 m is below required 0.10 m.",
23july4.bag,2026-07-23T21:47:24.449+05:30,11.376,target_explorer_node,/rosout,nav2_state,WARN,0.38,17.49,,,,"Rejected frontier (0.38, 17.49): endpoint clearance 0.08 m is below required 0.10 m.",
23july4.bag,2026-07-23T21:47:24.453+05:30,11.38,target_explorer_node,/rosout,nav2_state,WARN,2.33,17.24,,,,"Rejected frontier (2.33, 17.24): endpoint clearance 0.08 m is below required 0.10 m.",
23july4.bag,2026-07-23T21:47:24.457+05:30,11.384,target_explorer_node,/rosout,nav2_state,WARN,2.48,17.24,,,,"Rejected frontier (2.48, 17.24): endpoint clearance 0.08 m is below required 0.10 m.",
23july4.bag,2026-07-23T21:47:24.458+05:30,11.384,target_explorer_node,/rosout,nav2_state,WARN,1.28,17.24,,,,"Rejected frontier (1.28, 17.24): endpoint clearance 0.08 m is below required 0.10 m.",
23july4.bag,2026-07-23T21:47:24.458+05:30,11.384,target_explorer_node,/rosout,nav2_state,WARN,1.48,17.29,,,,"Rejected frontier (1.48, 17.29): endpoint clearance 0.03 m is below required 0.10 m.",
23july4.bag,2026-07-23T21:47:24.458+05:30,11.385,target_explorer_node,/rosout,nav2_state,WARN,0.13,17.44,,,,"Rejected frontier (0.13, 17.44): endpoint clearance 0.08 m is below required 0.10 m.",
23july4.bag,2026-07-23T21:47:24.459+05:30,11.385,target_explorer_node,/rosout,nav2_state,WARN,0.03,17.54,,,,"Rejected frontier (0.03, 17.54): endpoint clearance 0.04 m is below required 0.10 m.",
23july4.bag,2026-07-23T21:47:24.467+05:30,11.394,/plan,/plan,path_update,RECORDED,0.0,15.0,,410,10.2736,Recorded path update on /plan,
23july4.bag,2026-07-23T21:47:24.499+05:30,11.425,target_explorer_node,/rosout,nav2_state,INFO,,,,,,Final target is reachable and safe; sending it directly.,
23july4.bag,2026-07-23T21:47:24.500+05:30,11.426,target_explorer_node,/rosout,planning,INFO,0.0,15.0,,,,"Sending NavigateToPose goal (0.00, 15.00): progress=10.25 m alignment=1.000 path=10.27 m score=10.221.",3
23july4.bag,2026-07-23T21:47:24.502+05:30,11.428,target_explorer_node,/rosout,nav2_state,INFO,0.0,15.0,,,,"Nav2 accepted goal (0.00, 15.00).",3
23july4.bag,2026-07-23T21:47:24.507+05:30,11.433,/plan,/plan,path_update,RECORDED,0.0,15.0,,408,10.2224,Recorded path update on /plan,3
23july4.bag,2026-07-23T21:47:24.522+05:30,11.448,controller_server,/rosout,goal_started,INFO,,,,,,"Received a goal, begin computing control effort.",3
23july4.bag,2026-07-23T21:47:24.779+05:30,11.706,global_costmap.global_costmap,/rosout,costmap_resize,INFO,,,,,,StaticLayer: Resizing costmap to 664 X 719 at 0.050000 m/pix,3
23july4.bag,2026-07-23T21:47:25.214+05:30,12.14,global_costmap.global_costmap,/rosout,costmap_resize,INFO,,,,,,StaticLayer: Resizing costmap to 667 X 719 at 0.050000 m/pix,3
23july4.bag,2026-07-23T21:47:25.538+05:30,12.464,/plan,/plan,path_update,RECORDED,0.0,15.0,,392,9.8646,Recorded path update on /plan,3
23july4.bag,2026-07-23T21:47:25.572+05:30,12.498,controller_server,/rosout,planning,INFO,,,,,,Passing new path to controller.,3
23july4.bag,2026-07-23T21:47:25.649+05:30,12.575,global_costmap.global_costmap,/rosout,costmap_resize,INFO,,,,,,StaticLayer: Resizing costmap to 709 X 719 at 0.050000 m/pix,3
23july4.bag,2026-07-23T21:47:26.084+05:30,13.01,global_costmap.global_costmap,/rosout,costmap_resize,INFO,,,,,,StaticLayer: Resizing costmap to 721 X 719 at 0.050000 m/pix,3
23july4.bag,2026-07-23T21:47:26.569+05:30,13.496,/plan,/plan,path_update,RECORDED,0.0,15.0,,368,9.2299,Recorded path update on /plan,3
23july4.bag,2026-07-23T21:47:26.622+05:30,13.548,controller_server,/rosout,planning,INFO,,,,,,Passing new path to controller.,3
23july4.bag,2026-07-23T21:47:27.388+05:30,14.314,global_costmap.global_costmap,/rosout,costmap_resize,INFO,,,,,,StaticLayer: Resizing costmap to 721 X 722 at 0.050000 m/pix,3
23july4.bag,2026-07-23T21:47:27.597+05:30,14.524,/plan,/plan,path_update,RECORDED,0.0,15.0,,342,8.5802,Recorded path update on /plan,3
23july4.bag,2026-07-23T21:47:27.622+05:30,14.548,controller_server,/rosout,planning,INFO,,,,,,Passing new path to controller.,3
23july4.bag,2026-07-23T21:47:28.627+05:30,15.554,/plan,/plan,path_update,RECORDED,0.0,15.0,,314,7.8787,Recorded path update on /plan,3
23july4.bag,2026-07-23T21:47:28.672+05:30,15.598,controller_server,/rosout,planning,INFO,,,,,,Passing new path to controller.,3
23july4.bag,2026-07-23T21:47:29.656+05:30,16.583,/plan,/plan,path_update,RECORDED,0.0,15.0,,288,7.2272,Recorded path update on /plan,3
23july4.bag,2026-07-23T21:47:29.722+05:30,16.648,controller_server,/rosout,planning,INFO,,,,,,Passing new path to controller.,3
23july4.bag,2026-07-23T21:47:30.687+05:30,17.613,/plan,/plan,path_update,RECORDED,0.0,15.0,,260,6.5276,Recorded path update on /plan,3
23july4.bag,2026-07-23T21:47:30.722+05:30,17.648,controller_server,/rosout,planning,INFO,,,,,,Passing new path to controller.,3
23july4.bag,2026-07-23T21:47:31.716+05:30,18.643,/plan,/plan,path_update,RECORDED,0.0,15.0,,234,5.876,Recorded path update on /plan,3
23july4.bag,2026-07-23T21:47:31.772+05:30,18.698,controller_server,/rosout,planning,INFO,,,,,,Passing new path to controller.,3
23july4.bag,2026-07-23T21:47:32.747+05:30,19.673,/plan,/plan,path_update,RECORDED,0.0,15.0,,206,5.1745,Recorded path update on /plan,3
23july4.bag,2026-07-23T21:47:32.772+05:30,19.698,controller_server,/rosout,planning,INFO,,,,,,Passing new path to controller.,3
23july4.bag,2026-07-23T21:47:33.777+05:30,20.703,/plan,/plan,path_update,RECORDED,0.0,15.0,,178,4.475,Recorded path update on /plan,3
23july4.bag,2026-07-23T21:47:33.822+05:30,20.748,controller_server,/rosout,planning,INFO,,,,,,Passing new path to controller.,3
23july4.bag,2026-07-23T21:47:34.807+05:30,21.733,/plan,/plan,path_update,RECORDED,0.0,15.0,,152,3.8233,Recorded path update on /plan,3
23july4.bag,2026-07-23T21:47:34.822+05:30,21.748,controller_server,/rosout,planning,INFO,,,,,,Passing new path to controller.,3
23july4.bag,2026-07-23T21:47:35.838+05:30,22.764,/plan,/plan,path_update,RECORDED,0.0,15.0,,124,3.1241,Recorded path update on /plan,3
23july4.bag,2026-07-23T21:47:35.872+05:30,22.798,controller_server,/rosout,planning,INFO,,,,,,Passing new path to controller.,3
23july4.bag,2026-07-23T21:47:36.866+05:30,23.792,/plan,/plan,path_update,RECORDED,0.0,15.0,,98,2.4723,Recorded path update on /plan,3
23july4.bag,2026-07-23T21:47:36.922+05:30,23.848,controller_server,/rosout,planning,INFO,,,,,,Passing new path to controller.,3
23july4.bag,2026-07-23T21:47:37.897+05:30,24.823,/plan,/plan,path_update,RECORDED,0.0,15.0,,69,1.7687,Recorded path update on /plan,3
23july4.bag,2026-07-23T21:47:37.922+05:30,24.848,controller_server,/rosout,planning,INFO,,,,,,Passing new path to controller.,3
23july4.bag,2026-07-23T21:47:38.926+05:30,25.852,/plan,/plan,path_update,RECORDED,0.0,15.0,,42,1.0718,Recorded path update on /plan,3
23july4.bag,2026-07-23T21:47:38.972+05:30,25.898,controller_server,/rosout,planning,INFO,,,,,,Passing new path to controller.,3
23july4.bag,2026-07-23T21:47:39.956+05:30,26.883,/plan,/plan,path_update,RECORDED,0.0,15.0,,14,0.387,Recorded path update on /plan,3
23july4.bag,2026-07-23T21:47:39.972+05:30,26.898,controller_server,/rosout,planning,INFO,,,,,,Passing new path to controller.,3
23july4.bag,2026-07-23T21:47:40.172+05:30,27.098,controller_server,/rosout,nav2_state,INFO,,,,,,Reached the goal!,3
23july4.bag,2026-07-23T21:47:40.211+05:30,27.138,bt_navigator,/rosout,goal_succeeded,INFO,,,,,,Goal succeeded,3
23july4.bag,2026-07-23T21:47:40.212+05:30,27.139,target_explorer_node,/rosout,goal_succeeded,INFO,0.0,15.0,,,,"NavigateToPose succeeded for (0.00, 15.00).",
23july4.bag,2026-07-23T21:47:40.305+05:30,27.231,target_explorer_node,/rosout,nav2_state,INFO,0.0,15.0,,,,"Final target reached: robot is 0.15 m from (0.00, 15.00).",
23july4.bag,2026-07-23T21:48:03.774+05:30,50.7,target_explorer_node,/rosout,tf,WARN,,,,,,"Cannot look up robot pose map -> base_footprint: Lookup would require extrapolation at time 1784823483.461829, but only time 1784823483.547074 is in the buffer, when looking up transform from frame [base_footprint] to frame [map].",
23july4.bag,2026-07-23T21:48:03.920+05:30,50.847,target_explorer_node,/rosout,obstacle_or_costmap,INFO,,,,,,Received /global_costmap/costmap: 721x722 cells at 0.050 m/cell,
23july4.bag,2026-07-23T21:48:04.898+05:30,51.825,target_explorer_node,/rosout,nav2_state,WARN,3.17,2.99,,,,"Rejected frontier (3.17, 2.99): endpoint clearance 0.03 m is below required 0.10 m.",
23july4.bag,2026-07-23T21:48:04.899+05:30,51.825,target_explorer_node,/rosout,nav2_state,WARN,-2.78,7.29,,,,"Rejected frontier (-2.78, 7.29): endpoint clearance 0.03 m is below required 0.10 m.",
23july4.bag,2026-07-23T21:48:04.899+05:30,51.826,target_explorer_node,/rosout,nav2_state,WARN,-0.83,3.99,,,,"Rejected frontier (-0.83, 3.99): endpoint clearance 0.08 m is below required 0.10 m.",
23july4.bag,2026-07-23T21:48:04.900+05:30,51.826,target_explorer_node,/rosout,nav2_state,WARN,-1.98,9.69,,,,"Rejected frontier (-1.98, 9.69): endpoint clearance 0.03 m is below required 0.10 m.",
23july4.bag,2026-07-23T21:48:04.901+05:30,51.827,target_explorer_node,/rosout,nav2_state,WARN,-2.03,9.99,,,,"Rejected frontier (-2.03, 9.99): endpoint clearance 0.08 m is below required 0.10 m.",
23july4.bag,2026-07-23T21:48:04.901+05:30,51.827,target_explorer_node,/rosout,nav2_state,WARN,-2.08,10.09,,,,"Rejected frontier (-2.08, 10.09): endpoint clearance 0.03 m is below required 0.10 m.",
23july4.bag,2026-07-23T21:48:04.902+05:30,51.828,target_explorer_node,/rosout,nav2_state,WARN,-2.13,10.19,,,,"Rejected frontier (-2.13, 10.19): endpoint clearance 0.04 m is below required 0.10 m.",
23july4.bag,2026-07-23T21:48:04.902+05:30,51.828,target_explorer_node,/rosout,nav2_state,WARN,-2.08,11.04,,,,"Rejected frontier (-2.08, 11.04): endpoint clearance 0.03 m is below required 0.10 m.",
23july4.bag,2026-07-23T21:48:04.903+05:30,51.829,target_explorer_node,/rosout,nav2_state,WARN,3.67,11.14,,,,"Rejected frontier (3.67, 11.14): endpoint clearance 0.04 m is below required 0.10 m.",
23july4.bag,2026-07-23T21:48:04.904+05:30,51.83,target_explorer_node,/rosout,nav2_state,WARN,-2.43,19.09,,,,"Rejected frontier (-2.43, 19.09): endpoint clearance 0.04 m is below required 0.10 m.",
23july4.bag,2026-07-23T21:48:04.904+05:30,51.831,target_explorer_node,/rosout,nav2_state,WARN,-2.73,19.54,,,,"Rejected frontier (-2.73, 19.54): endpoint clearance 0.08 m is below required 0.10 m.",
23july4.bag,2026-07-23T21:48:04.905+05:30,51.831,target_explorer_node,/rosout,nav2_state,WARN,5.47,19.04,,,,"Rejected frontier (5.47, 19.04): endpoint clearance 0.03 m is below required 0.10 m.",
23july4.bag,2026-07-23T21:48:04.905+05:30,51.832,target_explorer_node,/rosout,nav2_state,WARN,5.52,19.09,,,,"Rejected frontier (5.52, 19.09): endpoint clearance 0.08 m is below required 0.10 m.",
23july4.bag,2026-07-23T21:48:04.906+05:30,51.833,target_explorer_node,/rosout,nav2_state,WARN,5.77,19.34,,,,"Rejected frontier (5.77, 19.34): endpoint clearance 0.08 m is below required 0.10 m.",
23july4.bag,2026-07-23T21:48:04.907+05:30,51.833,target_explorer_node,/rosout,nav2_state,WARN,5.72,19.39,,,,"Rejected frontier (5.72, 19.39): endpoint clearance 0.08 m is below required 0.10 m.",
23july4.bag,2026-07-23T21:48:04.907+05:30,51.833,target_explorer_node,/rosout,nav2_state,WARN,5.82,19.39,,,,"Rejected frontier (5.82, 19.39): endpoint clearance 0.03 m is below required 0.10 m.",
23july4.bag,2026-07-23T21:48:04.908+05:30,51.834,target_explorer_node,/rosout,nav2_state,WARN,-2.78,19.54,,,,"Rejected frontier (-2.78, 19.54): endpoint clearance 0.08 m is below required 0.10 m.",
23july4.bag,2026-07-23T21:48:04.908+05:30,51.835,target_explorer_node,/rosout,nav2_state,WARN,-2.73,19.59,,,,"Rejected frontier (-2.73, 19.59): endpoint clearance 0.03 m is below required 0.10 m.",
23july4.bag,2026-07-23T21:48:04.909+05:30,51.836,target_explorer_node,/rosout,nav2_state,WARN,-3.18,20.24,,,,"Rejected frontier (-3.18, 20.24): endpoint clearance 0.04 m is below required 0.10 m.",
23july4.bag,2026-07-23T21:48:04.910+05:30,51.836,target_explorer_node,/rosout,nav2_state,WARN,6.07,19.54,,,,"Rejected frontier (6.07, 19.54): endpoint clearance 0.04 m is below required 0.10 m.",
23july4.bag,2026-07-23T21:48:04.918+05:30,51.844,/plan,/plan,path_update,RECORDED,0.016472489388734246,0.03896728922278299,,596,15.0569,Recorded path update on /plan,
23july4.bag,2026-07-23T21:48:04.958+05:30,51.885,/plan,/plan,path_update,RECORDED,0.016472489388734246,0.03896728922278299,,596,15.0569,Recorded path update on /plan,
23july4.bag,2026-07-23T21:48:04.984+05:30,51.91,/plan,/plan,path_update,RECORDED,-1.3335275232772528,4.888967368943995,,409,10.3075,Recorded path update on /plan,
23july4.bag,2026-07-23T21:48:04.999+05:30,51.925,planner_server,/rosout,planning_failure,WARN,,,,,,GridBased: failed to create plan with tolerance 0.50.,
23july4.bag,2026-07-23T21:48:04.999+05:30,51.925,planner_server,/rosout,planning_failure,WARN,-1.93,9.79,,,,"Planning algorithm  failed to generate a valid path to (-1.93, 9.79)",
23july4.bag,2026-07-23T21:48:04.999+05:30,51.925,planner_server,/rosout,aborted,WARN,,,,,,[compute_path_to_pose] [ActionServer] Aborting handle.,
23july4.bag,2026-07-23T21:48:05.002+05:30,51.928,/plan,/plan,path_update,RECORDED,4.466472555698902,13.23896748591811,,190,4.8786,Recorded path update on /plan,
23july4.bag,2026-07-23T21:48:05.010+05:30,51.936,/plan,/plan,path_update,RECORDED,-3.1835275582949816,13.4889674896434,,142,3.6016,Recorded path update on /plan,
23july4.bag,2026-07-23T21:48:05.017+05:30,51.944,/plan,/plan,path_update,RECORDED,-4.283527567235678,17.08896755073816,,180,4.8562,Recorded path update on /plan,
23july4.bag,2026-07-23T21:48:05.026+05:30,51.952,/plan,/plan,path_update,RECORDED,6.9664725929518045,18.68896756712944,,302,8.1179,Recorded path update on /plan,
23july4.bag,2026-07-23T21:48:05.037+05:30,51.964,planner_server,/rosout,planning_failure,WARN,,,,,,GridBased: failed to create plan with tolerance 0.50.,
23july4.bag,2026-07-23T21:48:05.037+05:30,51.964,planner_server,/rosout,planning_failure,WARN,-2.48,19.19,,,,"Planning algorithm  failed to generate a valid path to (-2.48, 19.19)",
23july4.bag,2026-07-23T21:48:05.038+05:30,51.964,planner_server,/rosout,aborted,WARN,,,,,,[compute_path_to_pose] [ActionServer] Aborting handle.,
23july4.bag,2026-07-23T21:48:05.042+05:30,51.968,planner_server,/rosout,planning_failure,WARN,,,,,,GridBased: failed to create plan with tolerance 0.50.,
23july4.bag,2026-07-23T21:48:05.042+05:30,51.968,planner_server,/rosout,planning_failure,WARN,5.57,19.14,,,,"Planning algorithm  failed to generate a valid path to (5.57, 19.14)",
23july4.bag,2026-07-23T21:48:05.042+05:30,51.968,planner_server,/rosout,aborted,WARN,,,,,,[compute_path_to_pose] [ActionServer] Aborting handle.,
23july4.bag,2026-07-23T21:48:05.045+05:30,51.971,planner_server,/rosout,planning_failure,WARN,,,,,,GridBased: failed to create plan with tolerance 0.50.,
23july4.bag,2026-07-23T21:48:05.045+05:30,51.971,planner_server,/rosout,planning_failure,WARN,-2.88,19.69,,,,"Planning algorithm  failed to generate a valid path to (-2.88, 19.69)",
23july4.bag,2026-07-23T21:48:05.045+05:30,51.971,planner_server,/rosout,aborted,WARN,,,,,,[compute_path_to_pose] [ActionServer] Aborting handle.,
23july4.bag,2026-07-23T21:48:05.048+05:30,51.974,/plan,/plan,path_update,RECORDED,6.866472598912269,19.98896759395153,,307,9.4831,Recorded path update on /plan,
23july4.bag,2026-07-23T21:48:05.064+05:30,51.99,/plan,/plan,path_update,RECORDED,8.066472609343082,21.538967609597748,,353,11.3774,Recorded path update on /plan,
23july4.bag,2026-07-23T21:48:05.077+05:30,52.003,target_explorer_node,/rosout,planning,INFO,0.02,0.04,,,,"Sending NavigateToPose goal (0.02, 0.04): progress=15.02 m alignment=1.000 path=15.06 m score=14.518.",4
23july4.bag,2026-07-23T21:48:05.079+05:30,52.005,target_explorer_node,/rosout,nav2_state,INFO,0.02,0.04,,,,"Nav2 accepted goal (0.02, 0.04).",4
23july4.bag,2026-07-23T21:48:05.084+05:30,52.01,/plan,/plan,path_update,RECORDED,0.016472489388734246,0.03896728922278299,,596,15.0569,Recorded path update on /plan,4
23july4.bag,2026-07-23T21:48:05.098+05:30,52.025,controller_server,/rosout,goal_started,INFO,,,,,,"Received a goal, begin computing control effort.",4
23july4.bag,2026-07-23T21:48:06.114+05:30,53.04,/plan,/plan,path_update,RECORDED,0.016472489388734246,0.03896728922278299,,615,15.5061,Recorded path update on /plan,4
23july4.bag,2026-07-23T21:48:06.148+05:30,53.075,controller_server,/rosout,planning,INFO,,,,,,Passing new path to controller.,4
23july4.bag,2026-07-23T21:48:07.143+05:30,54.07,/plan,/plan,path_update,RECORDED,0.016472489388734246,0.03896728922278299,,643,16.2987,Recorded path update on /plan,4
23july4.bag,2026-07-23T21:48:07.198+05:30,54.125,controller_server,/rosout,planning,INFO,,,,,,Passing new path to controller.,4
23july4.bag,2026-07-23T21:48:08.175+05:30,55.101,/plan,/plan,path_update,RECORDED,0.016472489388734246,0.03896728922278299,,647,16.3061,Recorded path update on /plan,4
23july4.bag,2026-07-23T21:48:08.198+05:30,55.125,controller_server,/rosout,planning,INFO,,,,,,Passing new path to controller.,4
23july4.bag,2026-07-23T21:48:09.205+05:30,56.131,/plan,/plan,path_update,RECORDED,0.016472489388734246,0.03896728922278299,,643,16.2768,Recorded path update on /plan,4
23july4.bag,2026-07-23T21:48:09.248+05:30,56.175,controller_server,/rosout,planning,INFO,,,,,,Passing new path to controller.,4
23july4.bag,2026-07-23T21:48:10.236+05:30,57.162,/plan,/plan,path_update,RECORDED,0.016472489388734246,0.03896728922278299,,645,16.2561,Recorded path update on /plan,4
23july4.bag,2026-07-23T21:48:10.298+05:30,57.225,controller_server,/rosout,planning,INFO,,,,,,Passing new path to controller.,4
23july4.bag,2026-07-23T21:48:11.266+05:30,58.192,/plan,/plan,path_update,RECORDED,0.016472489388734246,0.03896728922278299,,645,16.3268,Recorded path update on /plan,4
23july4.bag,2026-07-23T21:48:11.298+05:30,58.225,controller_server,/rosout,planning,INFO,,,,,,Passing new path to controller.,4
23july4.bag,2026-07-23T21:48:12.295+05:30,59.221,/plan,/plan,path_update,RECORDED,0.016472489388734246,0.03896728922278299,,646,16.328,Recorded path update on /plan,4
23july4.bag,2026-07-23T21:48:12.348+05:30,59.275,controller_server,/rosout,planning,INFO,,,,,,Passing new path to controller.,4
23july4.bag,2026-07-23T21:48:13.321+05:30,60.247,/plan,/plan,path_update,RECORDED,0.016472489388734246,0.03896728922278299,,646,16.328,Recorded path update on /plan,4
23july4.bag,2026-07-23T21:48:13.348+05:30,60.275,controller_server,/rosout,planning,INFO,,,,,,Passing new path to controller.,4
23july4.bag,2026-07-23T21:48:14.354+05:30,61.28,/plan,/plan,path_update,RECORDED,0.016472489388734246,0.03896728922278299,,647,16.3061,Recorded path update on /plan,4
23july4.bag,2026-07-23T21:48:14.398+05:30,61.325,controller_server,/rosout,planning,INFO,,,,,,Passing new path to controller.,4
23july4.bag,2026-07-23T21:48:15.381+05:30,62.307,/plan,/plan,path_update,RECORDED,0.016472489388734246,0.03896728922278299,,647,16.3061,Recorded path update on /plan,4
23july4.bag,2026-07-23T21:48:15.398+05:30,62.325,controller_server,/rosout,planning,INFO,,,,,,Passing new path to controller.,4
23july4.bag,2026-07-23T21:48:16.411+05:30,63.338,/plan,/plan,path_update,RECORDED,0.016472489388734246,0.03896728922278299,,647,16.3061,Recorded path update on /plan,4
23july4.bag,2026-07-23T21:48:16.448+05:30,63.375,controller_server,/rosout,planning,INFO,,,,,,Passing new path to controller.,4
23july4.bag,2026-07-23T21:48:16.898+05:30,63.825,controller_server,/rosout,progress_checker,ERROR,,,,,,Failed to make progress,4
23july4.bag,2026-07-23T21:48:16.899+05:30,63.825,controller_server,/rosout,aborted,WARN,,,,,,[follow_path] [ActionServer] Aborting handle.,4
23july4.bag,2026-07-23T21:48:16.918+05:30,63.844,local_costmap.local_costmap,/rosout,costmap_clear,INFO,,,,,,Received request to clear entirely the local_costmap,4
23july4.bag,2026-07-23T21:48:16.923+05:30,63.849,bt_navigator,/behavior_tree_log,recovery,RECORDED,,,,,,Behavior-tree recovery entered RUNNING: ClearLocalCostmap-Context (IDLE -> RUNNING),4
23july4.bag,2026-07-23T21:48:16.929+05:30,63.855,controller_server,/rosout,goal_started,INFO,,,,,,"Received a goal, begin computing control effort.",4
23july4.bag,2026-07-23T21:48:16.980+05:30,63.907,controller_server,/rosout,controller,WARN,,,,,,Control loop missed its desired rate of 20.0000Hz,4
23july4.bag,2026-07-23T21:48:17.441+05:30,64.368,/plan,/plan,path_update,RECORDED,0.016472489388734246,0.03896728922278299,,647,16.3061,Recorded path update on /plan,4
23july4.bag,2026-07-23T21:48:17.479+05:30,64.406,controller_server,/rosout,planning,INFO,,,,,,Passing new path to controller.,4
23july4.bag,2026-07-23T21:48:18.471+05:30,65.397,/plan,/plan,path_update,RECORDED,0.016472489388734246,0.03896728922278299,,645,16.3268,Recorded path update on /plan,4
23july4.bag,2026-07-23T21:48:18.530+05:30,65.456,controller_server,/rosout,planning,INFO,,,,,,Passing new path to controller.,4
23july4.bag,2026-07-23T21:48:19.501+05:30,66.428,/plan,/plan,path_update,RECORDED,0.016472489388734246,0.03896728922278299,,645,16.3268,Recorded path update on /plan,4
23july4.bag,2026-07-23T21:48:19.529+05:30,66.455,controller_server,/rosout,planning,INFO,,,,,,Passing new path to controller.,4
23july4.bag,2026-07-23T21:48:20.531+05:30,67.457,/plan,/plan,path_update,RECORDED,0.016472489388734246,0.03896728922278299,,647,16.3061,Recorded path update on /plan,4
23july4.bag,2026-07-23T21:48:20.579+05:30,67.506,controller_server,/rosout,planning,INFO,,,,,,Passing new path to controller.,4
23july4.bag,2026-07-23T21:48:21.561+05:30,68.487,/plan,/plan,path_update,RECORDED,0.016472489388734246,0.03896728922278299,,647,16.3061,Recorded path update on /plan,4
23july4.bag,2026-07-23T21:48:21.579+05:30,68.506,controller_server,/rosout,planning,INFO,,,,,,Passing new path to controller.,4
23july4.bag,2026-07-23T21:48:22.583+05:30,69.509,/plan,/plan,path_update,RECORDED,0.016472489388734246,0.03896728922278299,,647,16.3061,Recorded path update on /plan,4
23july4.bag,2026-07-23T21:48:22.629+05:30,69.556,controller_server,/rosout,planning,INFO,,,,,,Passing new path to controller.,4
23july4.bag,2026-07-23T21:48:23.611+05:30,70.537,/plan,/plan,path_update,RECORDED,0.016472489388734246,0.03896728922278299,,647,16.3061,Recorded path update on /plan,4
23july4.bag,2026-07-23T21:48:23.629+05:30,70.555,controller_server,/rosout,planning,INFO,,,,,,Passing new path to controller.,4
23july4.bag,2026-07-23T21:48:24.641+05:30,71.568,/plan,/plan,path_update,RECORDED,0.016472489388734246,0.03896728922278299,,647,16.3061,Recorded path update on /plan,4
23july4.bag,2026-07-23T21:48:24.679+05:30,71.606,controller_server,/rosout,planning,INFO,,,,,,Passing new path to controller.,4
23july4.bag,2026-07-23T21:48:25.671+05:30,72.597,/plan,/plan,path_update,RECORDED,0.016472489388734246,0.03896728922278299,,647,16.3061,Recorded path update on /plan,4
23july4.bag,2026-07-23T21:48:25.729+05:30,72.656,controller_server,/rosout,planning,INFO,,,,,,Passing new path to controller.,4
23july4.bag,2026-07-23T21:48:26.701+05:30,73.628,/plan,/plan,path_update,RECORDED,0.016472489388734246,0.03896728922278299,,647,16.3061,Recorded path update on /plan,4
23july4.bag,2026-07-23T21:48:26.729+05:30,73.656,controller_server,/rosout,planning,INFO,,,,,,Passing new path to controller.,4
23july4.bag,2026-07-23T21:48:26.979+05:30,73.906,controller_server,/rosout,progress_checker,ERROR,,,,,,Failed to make progress,4
23july4.bag,2026-07-23T21:48:26.979+05:30,73.906,controller_server,/rosout,aborted,WARN,,,,,,[follow_path] [ActionServer] Aborting handle.,4
23july4.bag,2026-07-23T21:48:26.998+05:30,73.924,local_costmap.local_costmap,/rosout,costmap_clear,INFO,,,,,,Received request to clear entirely the local_costmap,4
23july4.bag,2026-07-23T21:48:26.999+05:30,73.925,global_costmap.global_costmap,/rosout,costmap_clear,INFO,,,,,,Received request to clear entirely the global_costmap,4
23july4.bag,2026-07-23T21:48:26.999+05:30,73.926,bt_navigator,/behavior_tree_log,recovery,RECORDED,,,,,,Behavior-tree recovery entered RUNNING: ClearingActions (IDLE -> RUNNING),4
23july4.bag,2026-07-23T21:48:27.406+05:30,74.332,/plan,/plan,path_update,RECORDED,0.016472489388734246,0.03896728922278299,,643,16.2768,Recorded path update on /plan,4
23july4.bag,2026-07-23T21:48:27.406+05:30,74.332,planner_server,/rosout,planning,WARN,,,,,,Planner loop missed its desired rate of 5.0000 Hz. Current loop rate is 2.4612 Hz,4
23july4.bag,2026-07-23T21:48:27.419+05:30,74.345,controller_server,/rosout,goal_started,INFO,,,,,,"Received a goal, begin computing control effort.",4
23july4.bag,2026-07-23T21:48:28.432+05:30,75.358,/plan,/plan,path_update,RECORDED,0.016472489388734246,0.03896728922278299,,647,16.3061,Recorded path update on /plan,4
23july4.bag,2026-07-23T21:48:28.469+05:30,75.395,controller_server,/rosout,planning,INFO,,,,,,Passing new path to controller.,4
23july4.bag,2026-07-23T21:48:29.461+05:30,76.387,/plan,/plan,path_update,RECORDED,0.016472489388734246,0.03896728922278299,,645,16.3268,Recorded path update on /plan,4
23july4.bag,2026-07-23T21:48:29.519+05:30,76.445,controller_server,/rosout,planning,INFO,,,,,,Passing new path to controller.,4
23july4.bag,2026-07-23T21:48:30.493+05:30,77.42,/plan,/plan,path_update,RECORDED,0.016472489388734246,0.03896728922278299,,647,16.3061,Recorded path update on /plan,4
23july4.bag,2026-07-23T21:48:30.519+05:30,77.445,controller_server,/rosout,planning,INFO,,,,,,Passing new path to controller.,4
23july4.bag,2026-07-23T21:48:31.522+05:30,78.448,/plan,/plan,path_update,RECORDED,0.016472489388734246,0.03896728922278299,,645,16.3268,Recorded path update on /plan,4
23july4.bag,2026-07-23T21:48:31.569+05:30,78.496,controller_server,/rosout,planning,INFO,,,,,,Passing new path to controller.,4
23july4.bag,2026-07-23T21:48:32.551+05:30,79.477,/plan,/plan,path_update,RECORDED,0.016472489388734246,0.03896728922278299,,647,16.3061,Recorded path update on /plan,4
23july4.bag,2026-07-23T21:48:32.569+05:30,79.495,controller_server,/rosout,planning,INFO,,,,,,Passing new path to controller.,4
23july4.bag,2026-07-23T21:48:33.581+05:30,80.507,/plan,/plan,path_update,RECORDED,0.016472489388734246,0.03896728922278299,,645,16.3268,Recorded path update on /plan,4
23july4.bag,2026-07-23T21:48:33.619+05:30,80.545,controller_server,/rosout,planning,INFO,,,,,,Passing new path to controller.,4
23july4.bag,2026-07-23T21:48:34.612+05:30,81.538,/plan,/plan,path_update,RECORDED,0.016472489388734246,0.03896728922278299,,647,16.3061,Recorded path update on /plan,4
23july4.bag,2026-07-23T21:48:34.669+05:30,81.595,controller_server,/rosout,planning,INFO,,,,,,Passing new path to controller.,4
23july4.bag,2026-07-23T21:48:35.641+05:30,82.567,/plan,/plan,path_update,RECORDED,0.016472489388734246,0.03896728922278299,,647,16.3061,Recorded path update on /plan,4
23july4.bag,2026-07-23T21:48:35.669+05:30,82.595,controller_server,/rosout,planning,INFO,,,,,,Passing new path to controller.,4
23july4.bag,2026-07-23T21:48:36.671+05:30,83.598,/plan,/plan,path_update,RECORDED,0.016472489388734246,0.03896728922278299,,647,16.3061,Recorded path update on /plan,4
23july4.bag,2026-07-23T21:48:36.719+05:30,83.645,controller_server,/rosout,planning,INFO,,,,,,Passing new path to controller.,4
23july4.bag,2026-07-23T21:48:37.419+05:30,84.345,controller_server,/rosout,progress_checker,ERROR,,,,,,Failed to make progress,4
23july4.bag,2026-07-23T21:48:37.419+05:30,84.345,controller_server,/rosout,aborted,WARN,,,,,,[follow_path] [ActionServer] Aborting handle.,4
23july4.bag,2026-07-23T21:48:37.438+05:30,84.364,local_costmap.local_costmap,/rosout,costmap_clear,INFO,,,,,,Received request to clear entirely the local_costmap,4
23july4.bag,2026-07-23T21:48:37.439+05:30,84.365,controller_server,/rosout,goal_started,INFO,,,,,,"Received a goal, begin computing control effort.",4
23july4.bag,2026-07-23T21:48:37.701+05:30,84.627,/plan,/plan,path_update,RECORDED,0.016472489388734246,0.03896728922278299,,645,16.3268,Recorded path update on /plan,4
23july4.bag,2026-07-23T21:48:37.739+05:30,84.665,controller_server,/rosout,planning,INFO,,,,,,Passing new path to controller.,4
23july4.bag,2026-07-23T21:48:38.731+05:30,85.657,/plan,/plan,path_update,RECORDED,0.016472489388734246,0.03896728922278299,,647,16.3061,Recorded path update on /plan,4
23july4.bag,2026-07-23T21:48:38.789+05:30,85.715,controller_server,/rosout,planning,INFO,,,,,,Passing new path to controller.,4
23july4.bag,2026-07-23T21:48:39.761+05:30,86.687,/plan,/plan,path_update,RECORDED,0.016472489388734246,0.03896728922278299,,645,16.3268,Recorded path update on /plan,4
23july4.bag,2026-07-23T21:48:39.789+05:30,86.715,controller_server,/rosout,planning,INFO,,,,,,Passing new path to controller.,4
23july4.bag,2026-07-23T21:48:40.792+05:30,87.718,/plan,/plan,path_update,RECORDED,0.016472489388734246,0.03896728922278299,,647,16.3061,Recorded path update on /plan,4
23july4.bag,2026-07-23T21:48:40.839+05:30,87.765,controller_server,/rosout,planning,INFO,,,,,,Passing new path to controller.,4
23july4.bag,2026-07-23T21:48:41.822+05:30,88.748,/plan,/plan,path_update,RECORDED,0.016472489388734246,0.03896728922278299,,647,16.3061,Recorded path update on /plan,4
23july4.bag,2026-07-23T21:48:41.839+05:30,88.765,controller_server,/rosout,planning,INFO,,,,,,Passing new path to controller.,4
23july4.bag,2026-07-23T21:48:42.851+05:30,89.777,/plan,/plan,path_update,RECORDED,0.016472489388734246,0.03896728922278299,,647,16.3061,Recorded path update on /plan,4
23july4.bag,2026-07-23T21:48:42.889+05:30,89.815,controller_server,/rosout,planning,INFO,,,,,,Passing new path to controller.,4
23july4.bag,2026-07-23T21:48:43.881+05:30,90.807,/plan,/plan,path_update,RECORDED,0.016472489388734246,0.03896728922278299,,645,16.3268,Recorded path update on /plan,4
23july4.bag,2026-07-23T21:48:43.939+05:30,90.865,controller_server,/rosout,planning,INFO,,,,,,Passing new path to controller.,4
23july4.bag,2026-07-23T21:48:44.911+05:30,91.837,/plan,/plan,path_update,RECORDED,0.016472489388734246,0.03896728922278299,,647,16.3061,Recorded path update on /plan,4
23july4.bag,2026-07-23T21:48:44.939+05:30,91.866,controller_server,/rosout,planning,INFO,,,,,,Passing new path to controller.,4
23july4.bag,2026-07-23T21:48:45.941+05:30,92.867,/plan,/plan,path_update,RECORDED,0.016472489388734246,0.03896728922278299,,647,16.3061,Recorded path update on /plan,4
23july4.bag,2026-07-23T21:48:45.989+05:30,92.915,controller_server,/rosout,planning,INFO,,,,,,Passing new path to controller.,4
23july4.bag,2026-07-23T21:48:46.971+05:30,93.897,/plan,/plan,path_update,RECORDED,0.016472489388734246,0.03896728922278299,,645,16.3268,Recorded path update on /plan,4
23july4.bag,2026-07-23T21:48:46.989+05:30,93.915,controller_server,/rosout,planning,INFO,,,,,,Passing new path to controller.,4
23july4.bag,2026-07-23T21:48:47.489+05:30,94.416,controller_server,/rosout,progress_checker,ERROR,,,,,,Failed to make progress,4
23july4.bag,2026-07-23T21:48:47.489+05:30,94.416,controller_server,/rosout,aborted,WARN,,,,,,[follow_path] [ActionServer] Aborting handle.,4
23july4.bag,2026-07-23T21:48:47.508+05:30,94.434,bt_navigator,/behavior_tree_log,recovery,RECORDED,,,,,,Behavior-tree recovery entered RUNNING: Spin (IDLE -> RUNNING),4
23july4.bag,2026-07-23T21:48:47.508+05:30,94.434,behavior_server,/rosout,recovery,INFO,,,,,,Running spin,4
23july4.bag,2026-07-23T21:48:47.508+05:30,94.434,behavior_server,/rosout,recovery,INFO,,,,,,Turning 1.57 for spin behavior.,4
23july4.bag,2026-07-23T21:48:57.508+05:30,104.435,behavior_server,/rosout,recovery,WARN,,,,,,Exceeded time allowance before reaching the Spin goal - Exiting Spin,4
23july4.bag,2026-07-23T21:48:57.508+05:30,104.435,behavior_server,/rosout,recovery,WARN,,,,,,spin failed,4
23july4.bag,2026-07-23T21:48:57.508+05:30,104.435,behavior_server,/rosout,recovery,WARN,,,,,,[spin] [ActionServer] Aborting handle.,4
23july4.bag,2026-07-23T21:48:57.528+05:30,104.454,bt_navigator,/behavior_tree_log,recovery,RECORDED,,,,,,Behavior-tree recovery entered RUNNING: Wait (IDLE -> RUNNING),4
23july4.bag,2026-07-23T21:48:57.528+05:30,104.454,behavior_server,/rosout,recovery,INFO,,,,,,Running wait,4
23july4.bag,2026-07-23T21:49:02.528+05:30,109.454,behavior_server,/rosout,recovery,INFO,,,,,,wait completed successfully,4
23july4.bag,2026-07-23T21:49:02.565+05:30,109.492,/plan,/plan,path_update,RECORDED,0.016472489388734246,0.03896728922278299,,647,16.3061,Recorded path update on /plan,4
23july4.bag,2026-07-23T21:49:02.579+05:30,109.505,controller_server,/rosout,goal_started,INFO,,,,,,"Received a goal, begin computing control effort.",4
23july4.bag,2026-07-23T21:49:03.591+05:30,110.518,/plan,/plan,path_update,RECORDED,0.016472489388734246,0.03896728922278299,,647,16.3061,Recorded path update on /plan,4
23july4.bag,2026-07-23T21:49:03.629+05:30,110.555,controller_server,/rosout,planning,INFO,,,,,,Passing new path to controller.,4
23july4.bag,2026-07-23T21:49:04.621+05:30,111.547,/plan,/plan,path_update,RECORDED,0.016472489388734246,0.03896728922278299,,647,16.3061,Recorded path update on /plan,4
23july4.bag,2026-07-23T21:49:04.679+05:30,111.605,controller_server,/rosout,planning,INFO,,,,,,Passing new path to controller.,4
23july4.bag,2026-07-23T21:49:05.651+05:30,112.577,/plan,/plan,path_update,RECORDED,0.016472489388734246,0.03896728922278299,,647,16.3061,Recorded path update on /plan,4
23july4.bag,2026-07-23T21:49:05.679+05:30,112.605,controller_server,/rosout,planning,INFO,,,,,,Passing new path to controller.,4
